Instance,Terminal,Layer,X location,Y location,Voltage
FILLER_63_365,VGND,li1,176.1800,184.9600,0.000000
FILLER_63_361,VGND,li1,172.2700,184.9600,0.000000
FILLER_63_349,VGND,li1,168.8200,184.9600,0.000000
FILLER_63_337,VGND,li1,163.3000,184.9600,0.000000
FILLER_63_333,VGND,li1,159.3900,184.9600,0.000000
FILLER_63_321,VGND,li1,155.9400,184.9600,0.000000
FILLER_63_309,VGND,li1,150.4200,184.9600,0.000000
FILLER_63_305,VGND,li1,146.5100,184.9600,0.000000
FILLER_63_293,VGND,li1,143.0600,184.9600,0.000000
FILLER_63_281,VGND,li1,137.5400,184.9600,0.000000
FILLER_63_277,VGND,li1,133.6300,184.9600,0.000000
FILLER_63_265,VGND,li1,130.1800,184.9600,0.000000
FILLER_63_253,VGND,li1,124.6600,184.9600,0.000000
FILLER_63_251,VGND,li1,121.2100,184.9600,0.000000
FILLER_63_245,VGND,li1,119.6000,184.9600,0.000000
FILLER_63_233,VGND,li1,115.4600,184.9600,0.000000
FILLER_63_222,VGND,li1,108.1000,184.9600,0.000000
FILLER_63_214,VGND,li1,105.8000,184.9600,0.000000
FILLER_63_205,VGND,li1,100.0500,184.9600,0.000000
FILLER_63_197,VGND,li1,97.9800,184.9600,0.000000
FILLER_63_194,VGND,li1,95.2200,184.9600,0.000000
FILLER_63_169,VGND,li1,85.1000,184.9600,0.000000
FILLER_63_167,VGND,li1,82.5700,184.9600,0.000000
FILLER_63_161,VGND,li1,80.9600,184.9600,0.000000
FILLER_63_149,VGND,li1,76.8200,184.9600,0.000000
FILLER_63_134,VGND,li1,68.5400,184.9600,0.000000
FILLER_63_121,VGND,li1,61.4100,184.9600,0.000000
FILLER_63_113,VGND,li1,59.3400,184.9600,0.000000
FILLER_63_111,VGND,li1,56.8100,184.9600,0.000000
FILLER_63_91,VGND,li1,50.1400,184.9600,0.000000
FILLER_63_85,VGND,li1,45.0800,184.9600,0.000000
FILLER_63_81,VGND,li1,43.4700,184.9600,0.000000
FILLER_63_69,VGND,li1,40.0200,184.9600,0.000000
FILLER_63_57,VGND,li1,34.5000,184.9600,0.000000
FILLER_63_53,VGND,li1,30.5900,184.9600,0.000000
FILLER_63_41,VGND,li1,27.1400,184.9600,0.000000
FILLER_63_29,VGND,li1,21.6200,184.9600,0.000000
FILLER_63_27,VGND,li1,18.1700,184.9600,0.000000
FILLER_63_15,VGND,li1,15.1800,184.9600,0.000000
FILLER_63_3,VGND,li1,9.6600,184.9600,0.000000
FILLER_62_365,VGND,li1,176.1800,179.5200,0.000004
FILLER_62_363,VGND,li1,172.7300,179.5200,0.000005
FILLER_62_357,VGND,li1,171.1200,179.5200,0.000005
FILLER_62_345,VGND,li1,166.9800,179.5200,0.000006
FILLER_62_333,VGND,li1,161.4600,179.5200,0.000008
FILLER_62_321,VGND,li1,155.9400,179.5200,0.000010
FILLER_62_309,VGND,li1,150.4200,179.5200,0.000011
FILLER_62_306,VGND,li1,146.7400,179.5200,0.000012
FILLER_62_294,VGND,li1,143.5200,179.5200,0.000013
FILLER_62_282,VGND,li1,138.0000,179.5200,0.000016
FILLER_62_270,VGND,li1,132.4800,179.5200,0.000017
FILLER_62_248,VGND,li1,120.5200,179.5200,0.000020
FILLER_62_197,VGND,li1,96.6000,179.5200,0.000023
FILLER_62_195,VGND,li1,95.4500,179.5200,0.000023
FILLER_62_187,VGND,li1,93.3800,179.5200,0.000023
FILLER_62_150,VGND,li1,77.2800,179.5200,0.000022
FILLER_62_134,VGND,li1,68.5400,179.5200,0.000020
FILLER_62_93,VGND,li1,48.7600,179.5200,0.000014
FILLER_62_53,VGND,li1,31.7400,179.5200,0.000007
FILLER_62_41,VGND,li1,27.1400,179.5200,0.000005
FILLER_62_29,VGND,li1,21.6200,179.5200,0.000005
FILLER_62_27,VGND,li1,18.1700,179.5200,0.000005
FILLER_62_15,VGND,li1,15.1800,179.5200,0.000005
FILLER_62_3,VGND,li1,9.6600,179.5200,0.000005
FILLER_61_373,VGND,li1,178.0200,179.5200,0.000003
FILLER_61_361,VGND,li1,174.3400,179.5200,0.000004
FILLER_61_349,VGND,li1,168.8200,179.5200,0.000006
FILLER_61_337,VGND,li1,163.3000,179.5200,0.000007
FILLER_61_333,VGND,li1,159.3900,179.5200,0.000009
FILLER_61_325,VGND,li1,156.8600,179.5200,0.000010
FILLER_61_313,VGND,li1,152.2600,179.5200,0.000011
FILLER_61_301,VGND,li1,146.7400,179.5200,0.000012
FILLER_61_289,VGND,li1,141.2200,179.5200,0.000014
FILLER_61_258,VGND,li1,125.5800,179.5200,0.000019
FILLER_61_239,VGND,li1,116.1500,179.5200,0.000021
FILLER_61_229,VGND,li1,111.0900,179.5200,0.000022
FILLER_61_225,VGND,li1,109.9400,179.5200,0.000022
FILLER_61_222,VGND,li1,108.1000,179.5200,0.000022
FILLER_61_209,VGND,li1,102.5800,179.5200,0.000022
FILLER_61_149,VGND,li1,74.7500,179.5200,0.000021
FILLER_61_111,VGND,li1,56.8100,179.5200,0.000017
FILLER_61_107,VGND,li1,55.6600,179.5200,0.000017
FILLER_61_85,VGND,li1,45.0800,179.5200,0.000013
FILLER_61_73,VGND,li1,41.8600,179.5200,0.000012
FILLER_61_65,VGND,li1,35.8800,179.5200,0.000009
FILLER_61_57,VGND,li1,33.5800,179.5200,0.000008
FILLER_61_55,VGND,li1,31.0500,179.5200,0.000007
FILLER_61_51,VGND,li1,29.9000,179.5200,0.000007
FILLER_61_39,VGND,li1,26.2200,179.5200,0.000005
FILLER_61_27,VGND,li1,20.7000,179.5200,0.000005
FILLER_61_15,VGND,li1,15.1800,179.5200,0.000005
FILLER_61_3,VGND,li1,9.6600,179.5200,0.000005
FILLER_60_365,VGND,li1,176.1800,174.0800,0.000005
FILLER_60_363,VGND,li1,172.7300,174.0800,0.000007
FILLER_60_357,VGND,li1,171.1200,174.0800,0.000007
FILLER_60_345,VGND,li1,166.9800,174.0800,0.000009
FILLER_60_333,VGND,li1,161.4600,174.0800,0.000012
FILLER_60_321,VGND,li1,155.9400,174.0800,0.000014
FILLER_60_309,VGND,li1,150.4200,174.0800,0.000016
FILLER_60_307,VGND,li1,146.9700,174.0800,0.000018
FILLER_60_303,VGND,li1,145.8200,174.0800,0.000018
FILLER_60_250,VGND,li1,120.9800,174.0800,0.000028
FILLER_60_212,VGND,li1,103.7300,174.0800,0.000032
FILLER_60_192,VGND,li1,94.7600,174.0800,0.000031
FILLER_60_181,VGND,li1,89.2400,174.0800,0.000031
FILLER_60_147,VGND,li1,73.3700,174.0800,0.000029
FILLER_60_141,VGND,li1,71.7600,174.0800,0.000029
FILLER_60_110,VGND,li1,57.5000,174.0800,0.000025
FILLER_60_97,VGND,li1,51.0600,174.0800,0.000022
FILLER_60_85,VGND,li1,47.3800,174.0800,0.000020
FILLER_60_81,VGND,li1,43.4700,174.0800,0.000018
FILLER_60_73,VGND,li1,40.9400,174.0800,0.000016
FILLER_60_61,VGND,li1,36.3400,174.0800,0.000014
FILLER_60_49,VGND,li1,30.8200,174.0800,0.000010
FILLER_60_29,VGND,li1,21.6200,174.0800,0.000007
FILLER_60_26,VGND,li1,17.9400,174.0800,0.000007
FILLER_60_18,VGND,li1,15.6400,174.0800,0.000007
FILLER_60_6,VGND,li1,11.0400,174.0800,0.000007
FILLER_59_373,VGND,li1,178.0200,174.0800,0.000004
FILLER_59_361,VGND,li1,174.3400,174.0800,0.000006
FILLER_59_349,VGND,li1,168.8200,174.0800,0.000008
FILLER_59_337,VGND,li1,163.3000,174.0800,0.000011
FILLER_59_335,VGND,li1,159.8500,174.0800,0.000012
FILLER_59_323,VGND,li1,156.8600,174.0800,0.000014
FILLER_59_311,VGND,li1,151.3400,174.0800,0.000016
FILLER_59_297,VGND,li1,143.5200,174.0800,0.000019
FILLER_59_278,VGND,li1,133.8600,174.0800,0.000023
FILLER_59_266,VGND,li1,130.6400,174.0800,0.000024
FILLER_59_240,VGND,li1,116.6100,174.0800,0.000029
FILLER_59_219,VGND,li1,106.4900,174.0800,0.000032
FILLER_59_195,VGND,li1,95.4500,174.0800,0.000031
FILLER_59_189,VGND,li1,93.8400,174.0800,0.000031
FILLER_59_177,VGND,li1,89.7000,174.0800,0.000031
FILLER_59_156,VGND,li1,80.0400,174.0800,0.000030
FILLER_59_144,VGND,li1,74.5200,174.0800,0.000029
FILLER_59_133,VGND,li1,67.1600,174.0800,0.000028
FILLER_59_113,VGND,li1,57.7300,174.0800,0.000025
FILLER_59_109,VGND,li1,56.3500,174.0800,0.000025
FILLER_59_104,VGND,li1,53.8200,174.0800,0.000023
FILLER_59_92,VGND,li1,50.6000,174.0800,0.000022
FILLER_59_69,VGND,li1,37.7200,174.0800,0.000014
FILLER_59_51,VGND,li1,29.2100,174.0800,0.000008
FILLER_59_45,VGND,li1,27.6000,174.0800,0.000008
FILLER_59_20,VGND,li1,14.9500,174.0800,0.000007
FILLER_59_9,VGND,li1,9.8900,174.0800,0.000007
FILLER_59_3,VGND,li1,8.2800,174.0800,0.000007
FILLER_58_365,VGND,li1,176.1800,168.6400,0.000005
FILLER_58_363,VGND,li1,172.7300,168.6400,0.000007
FILLER_58_357,VGND,li1,171.1200,168.6400,0.000007
FILLER_58_345,VGND,li1,166.9800,168.6400,0.000009
FILLER_58_333,VGND,li1,161.4600,168.6400,0.000011
FILLER_58_306,VGND,li1,146.7400,168.6400,0.000017
FILLER_58_289,VGND,li1,138.6900,168.6400,0.000019
FILLER_58_285,VGND,li1,137.5400,168.6400,0.000020
FILLER_58_253,VGND,li1,123.7400,168.6400,0.000023
FILLER_58_250,VGND,li1,120.9800,168.6400,0.000024
FILLER_58_242,VGND,li1,118.6800,168.6400,0.000025
FILLER_58_233,VGND,li1,113.1600,168.6400,0.000026
FILLER_58_206,VGND,li1,100.9700,168.6400,0.000029
FILLER_58_190,VGND,li1,94.3000,168.6400,0.000030
FILLER_58_166,VGND,li1,82.1100,168.6400,0.000031
FILLER_58_160,VGND,li1,80.5000,168.6400,0.000031
FILLER_58_141,VGND,li1,71.3000,168.6400,0.000031
FILLER_58_138,VGND,li1,69.4600,168.6400,0.000031
FILLER_58_105,VGND,li1,54.0500,168.6400,0.000027
FILLER_58_82,VGND,li1,43.7000,168.6400,0.000021
FILLER_58_73,VGND,li1,39.3300,168.6400,0.000018
FILLER_58_69,VGND,li1,38.1800,168.6400,0.000018
FILLER_58_29,VGND,li1,19.0900,168.6400,0.000012
FILLER_58_27,VGND,li1,18.1700,168.6400,0.000012
FILLER_57_373,VGND,li1,178.0200,168.6400,0.000004
FILLER_57_361,VGND,li1,174.3400,168.6400,0.000006
FILLER_57_349,VGND,li1,168.8200,168.6400,0.000008
FILLER_57_337,VGND,li1,163.3000,168.6400,0.000010
FILLER_57_332,VGND,li1,159.1600,168.6400,0.000012
FILLER_57_320,VGND,li1,155.4800,168.6400,0.000013
FILLER_57_310,VGND,li1,148.3500,168.6400,0.000017
FILLER_57_304,VGND,li1,146.7400,168.6400,0.000017
FILLER_57_289,VGND,li1,139.8400,168.6400,0.000019
FILLER_57_279,VGND,li1,134.0900,168.6400,0.000021
FILLER_57_275,VGND,li1,132.9400,168.6400,0.000021
FILLER_57_260,VGND,li1,126.5000,168.6400,0.000023
FILLER_57_251,VGND,li1,121.4400,168.6400,0.000024
FILLER_57_232,VGND,li1,113.1600,168.6400,0.000026
FILLER_57_223,VGND,li1,108.3300,168.6400,0.000027
FILLER_57_206,VGND,li1,102.1200,168.6400,0.000029
FILLER_57_189,VGND,li1,92.6900,168.6400,0.000030
FILLER_57_185,VGND,li1,91.5400,168.6400,0.000030
FILLER_57_135,VGND,li1,67.8500,168.6400,0.000031
FILLER_57_131,VGND,li1,66.7000,168.6400,0.000031
FILLER_57_113,VGND,li1,57.9600,168.6400,0.000029
FILLER_57_89,VGND,li1,47.8400,168.6400,0.000024
FILLER_57_73,VGND,li1,39.7900,168.6400,0.000018
FILLER_57_61,VGND,li1,36.3400,168.6400,0.000017
FILLER_57_50,VGND,li1,28.7500,168.6400,0.000012
FILLER_57_45,VGND,li1,26.4500,168.6400,0.000010
FILLER_57_29,VGND,li1,19.0900,168.6400,0.000012
FILLER_57_11,VGND,li1,11.0400,168.6400,0.000013
FILLER_57_3,VGND,li1,8.7400,168.6400,0.000013
FILLER_56_365,VGND,li1,176.1800,163.2000,0.000008
FILLER_56_361,VGND,li1,172.2700,163.2000,0.000011
FILLER_56_353,VGND,li1,169.7400,163.2000,0.000013
FILLER_56_341,VGND,li1,165.1400,163.2000,0.000015
FILLER_56_306,VGND,li1,146.7400,163.2000,0.000027
FILLER_56_269,VGND,li1,130.6400,163.2000,0.000035
FILLER_56_246,VGND,li1,120.0600,163.2000,0.000036
FILLER_56_218,VGND,li1,108.5600,163.2000,0.000037
FILLER_56_206,VGND,li1,103.0400,163.2000,0.000037
FILLER_56_184,VGND,li1,91.0800,163.2000,0.000037
FILLER_56_174,VGND,li1,85.7900,163.2000,0.000036
FILLER_56_170,VGND,li1,84.6400,163.2000,0.000036
FILLER_56_157,VGND,li1,78.6600,163.2000,0.000035
FILLER_56_147,VGND,li1,73.3700,163.2000,0.000032
FILLER_56_141,VGND,li1,71.7600,163.2000,0.000032
FILLER_56_123,VGND,li1,62.3300,163.2000,0.000028
FILLER_56_101,VGND,li1,52.4400,163.2000,0.000023
FILLER_56_97,VGND,li1,50.3700,163.2000,0.000022
FILLER_56_85,VGND,li1,47.3800,163.2000,0.000019
FILLER_56_82,VGND,li1,43.7000,163.2000,0.000018
FILLER_56_74,VGND,li1,41.4000,163.2000,0.000017
FILLER_56_70,VGND,li1,37.9500,163.2000,0.000014
FILLER_56_62,VGND,li1,35.8800,163.2000,0.000013
FILLER_56_41,VGND,li1,24.6100,163.2000,0.000007
FILLER_56_33,VGND,li1,22.5400,163.2000,0.000007
FILLER_56_27,VGND,li1,18.1700,163.2000,0.000007
FILLER_56_21,VGND,li1,15.4100,163.2000,0.000007
FILLER_56_15,VGND,li1,13.8000,163.2000,0.000007
FILLER_56_3,VGND,li1,9.6600,163.2000,0.000008
FILLER_55_373,VGND,li1,178.0200,163.2000,0.000007
FILLER_55_361,VGND,li1,174.3400,163.2000,0.000009
FILLER_55_349,VGND,li1,168.8200,163.2000,0.000013
FILLER_55_337,VGND,li1,163.3000,163.2000,0.000017
FILLER_55_333,VGND,li1,159.3900,163.2000,0.000019
FILLER_55_321,VGND,li1,155.9400,163.2000,0.000021
FILLER_55_310,VGND,li1,148.5800,163.2000,0.000026
FILLER_55_298,VGND,li1,145.3600,163.2000,0.000029
FILLER_55_279,VGND,li1,134.0900,163.2000,0.000034
FILLER_55_271,VGND,li1,132.0200,163.2000,0.000035
FILLER_55_262,VGND,li1,126.2700,163.2000,0.000036
FILLER_55_252,VGND,li1,121.6700,163.2000,0.000036
FILLER_55_244,VGND,li1,119.6000,163.2000,0.000036
FILLER_55_233,VGND,li1,113.1600,163.2000,0.000037
FILLER_55_207,VGND,li1,100.9700,163.2000,0.000037
FILLER_55_181,VGND,li1,89.4700,163.2000,0.000036
FILLER_55_169,VGND,li1,86.0200,163.2000,0.000036
FILLER_55_166,VGND,li1,82.3400,163.2000,0.000036
FILLER_55_143,VGND,li1,74.0600,163.2000,0.000033
FILLER_55_131,VGND,li1,66.4700,163.2000,0.000030
FILLER_55_113,VGND,li1,57.7300,163.2000,0.000026
FILLER_55_106,VGND,li1,55.6600,163.2000,0.000025
FILLER_55_93,VGND,li1,48.5300,163.2000,0.000021
FILLER_55_71,VGND,li1,38.4100,163.2000,0.000014
FILLER_55_65,VGND,li1,36.8000,163.2000,0.000014
FILLER_55_57,VGND,li1,32.6600,163.2000,0.000011
FILLER_55_54,VGND,li1,30.8200,163.2000,0.000010
FILLER_55_42,VGND,li1,27.6000,163.2000,0.000009
FILLER_55_27,VGND,li1,20.7000,163.2000,0.000007
FILLER_54_365,VGND,li1,176.1800,157.7600,0.000003
FILLER_54_361,VGND,li1,172.2700,157.7600,0.000003
FILLER_54_353,VGND,li1,169.7400,157.7600,0.000004
FILLER_54_341,VGND,li1,165.1400,157.7600,0.000005
FILLER_54_329,VGND,li1,159.6200,157.7600,0.000006
FILLER_54_317,VGND,li1,154.1000,157.7600,0.000008
FILLER_54_291,VGND,li1,139.6100,157.7600,0.000010
FILLER_54_287,VGND,li1,138.4600,157.7600,0.000010
FILLER_54_269,VGND,li1,129.7200,157.7600,0.000011
FILLER_54_261,VGND,li1,127.4200,157.7600,0.000011
FILLER_54_244,VGND,li1,119.6000,157.7600,0.000011
FILLER_54_232,VGND,li1,115.0000,157.7600,0.000011
FILLER_54_224,VGND,li1,108.7900,157.7600,0.000012
FILLER_54_213,VGND,li1,103.9600,157.7600,0.000012
FILLER_54_194,VGND,li1,95.2200,157.7600,0.000012
FILLER_54_153,VGND,li1,77.7400,157.7600,0.000012
FILLER_54_141,VGND,li1,73.1400,157.7600,0.000011
FILLER_54_106,VGND,li1,55.6600,157.7600,0.000009
FILLER_54_91,VGND,li1,47.6100,157.7600,0.000007
FILLER_54_85,VGND,li1,46.0000,157.7600,0.000006
FILLER_54_78,VGND,li1,42.7800,157.7600,0.000006
FILLER_54_59,VGND,li1,34.0400,157.7600,0.000004
FILLER_54_47,VGND,li1,29.9000,157.7600,0.000004
FILLER_54_35,VGND,li1,24.3800,157.7600,0.000003
FILLER_54_27,VGND,li1,18.1700,157.7600,0.000003
FILLER_54_15,VGND,li1,15.1800,157.7600,0.000003
FILLER_54_3,VGND,li1,9.6600,157.7600,0.000003
FILLER_53_373,VGND,li1,178.0200,157.7600,0.000002
FILLER_53_361,VGND,li1,174.3400,157.7600,0.000003
FILLER_53_349,VGND,li1,168.8200,157.7600,0.000004
FILLER_53_337,VGND,li1,163.3000,157.7600,0.000005
FILLER_53_293,VGND,li1,140.9900,157.7600,0.000010
FILLER_53_281,VGND,li1,137.5400,157.7600,0.000010
FILLER_53_278,VGND,li1,133.8600,157.7600,0.000010
FILLER_53_251,VGND,li1,121.6700,157.7600,0.000011
FILLER_53_225,VGND,li1,109.4800,157.7600,0.000012
FILLER_53_207,VGND,li1,100.9700,157.7600,0.000012
FILLER_53_195,VGND,li1,95.9100,157.7600,0.000012
FILLER_53_184,VGND,li1,90.8500,157.7600,0.000012
FILLER_53_164,VGND,li1,81.8800,157.7600,0.000012
FILLER_53_140,VGND,li1,70.8400,157.7600,0.000011
FILLER_53_128,VGND,li1,67.1600,157.7600,0.000010
FILLER_53_113,VGND,li1,58.8800,157.7600,0.000009
FILLER_53_90,VGND,li1,47.1500,157.7600,0.000007
FILLER_53_82,VGND,li1,45.0800,157.7600,0.000006
FILLER_53_67,VGND,li1,37.2600,157.7600,0.000005
FILLER_53_57,VGND,li1,32.6600,157.7600,0.000004
FILLER_53_53,VGND,li1,30.5900,157.7600,0.000004
FILLER_53_3,VGND,li1,7.5900,157.7600,0.000003
FILLER_52_365,VGND,li1,176.1800,152.3200,0.000006
FILLER_52_362,VGND,li1,172.5000,152.3200,0.000008
FILLER_52_350,VGND,li1,169.2800,152.3200,0.000009
FILLER_52_323,VGND,li1,154.7900,152.3200,0.000016
FILLER_52_313,VGND,li1,149.7300,152.3200,0.000018
FILLER_52_309,VGND,li1,148.5800,152.3200,0.000019
FILLER_52_304,VGND,li1,146.2800,152.3200,0.000020
FILLER_52_277,VGND,li1,133.6300,152.3200,0.000025
FILLER_52_265,VGND,li1,130.1800,152.3200,0.000027
FILLER_52_253,VGND,li1,122.5900,152.3200,0.000029
FILLER_52_246,VGND,li1,120.0600,152.3200,0.000030
FILLER_52_218,VGND,li1,106.4900,152.3200,0.000031
FILLER_52_207,VGND,li1,101.2000,152.3200,0.000030
FILLER_52_197,VGND,li1,97.0600,152.3200,0.000029
FILLER_52_194,VGND,li1,95.2200,152.3200,0.000029
FILLER_52_166,VGND,li1,82.5700,152.3200,0.000026
FILLER_52_134,VGND,li1,68.5400,152.3200,0.000023
FILLER_52_123,VGND,li1,62.7900,152.3200,0.000021
FILLER_52_113,VGND,li1,57.7300,152.3200,0.000019
FILLER_52_105,VGND,li1,55.6600,152.3200,0.000018
FILLER_52_72,VGND,li1,41.4000,152.3200,0.000012
FILLER_52_34,VGND,li1,21.6200,152.3200,0.000006
FILLER_52_23,VGND,li1,16.5600,152.3200,0.000006
FILLER_52_15,VGND,li1,14.2600,152.3200,0.000006
FILLER_52_3,VGND,li1,9.6600,152.3200,0.000006
FILLER_51_376,VGND,li1,178.7100,152.3200,0.000005
FILLER_51_370,VGND,li1,177.1000,152.3200,0.000006
FILLER_51_358,VGND,li1,172.9600,152.3200,0.000008
FILLER_51_346,VGND,li1,167.4400,152.3200,0.000010
FILLER_51_335,VGND,li1,159.8500,152.3200,0.000014
FILLER_51_331,VGND,li1,158.7000,152.3200,0.000014
FILLER_51_313,VGND,li1,149.7300,152.3200,0.000018
FILLER_51_303,VGND,li1,145.3600,152.3200,0.000020
FILLER_51_285,VGND,li1,136.8500,152.3200,0.000024
FILLER_51_281,VGND,li1,135.7000,152.3200,0.000025
FILLER_51_220,VGND,li1,107.6400,152.3200,0.000031
FILLER_51_201,VGND,li1,98.6700,152.3200,0.000029
FILLER_51_189,VGND,li1,95.2200,152.3200,0.000029
FILLER_51_169,VGND,li1,86.0200,152.3200,0.000027
FILLER_51_166,VGND,li1,82.3400,152.3200,0.000026
FILLER_51_150,VGND,li1,74.7500,152.3200,0.000024
FILLER_51_140,VGND,li1,70.1500,152.3200,0.000023
FILLER_51_136,VGND,li1,69.0000,152.3200,0.000023
FILLER_51_119,VGND,li1,60.4900,152.3200,0.000020
FILLER_51_113,VGND,li1,58.8800,152.3200,0.000019
FILLER_51_103,VGND,li1,53.1300,152.3200,0.000017
FILLER_51_91,VGND,li1,50.1400,152.3200,0.000016
FILLER_51_79,VGND,li1,44.6200,152.3200,0.000014
FILLER_51_70,VGND,li1,37.9500,152.3200,0.000011
FILLER_51_66,VGND,li1,36.8000,152.3200,0.000011
FILLER_51_57,VGND,li1,32.2000,152.3200,0.000008
FILLER_51_48,VGND,li1,29.4400,152.3200,0.000007
FILLER_51_27,VGND,li1,18.1700,152.3200,0.000006
FILLER_51_15,VGND,li1,15.1800,152.3200,0.000006
FILLER_51_3,VGND,li1,9.6600,152.3200,0.000006
FILLER_50_365,VGND,li1,176.1800,146.8800,0.000007
FILLER_50_362,VGND,li1,172.5000,146.8800,0.000010
FILLER_50_350,VGND,li1,169.2800,146.8800,0.000012
FILLER_50_341,VGND,li1,162.6100,146.8800,0.000015
FILLER_50_333,VGND,li1,160.5400,146.8800,0.000017
FILLER_50_290,VGND,li1,139.3800,146.8800,0.000027
FILLER_50_280,VGND,li1,134.7800,146.8800,0.000029
FILLER_50_262,VGND,li1,126.5000,146.8800,0.000032
FILLER_50_251,VGND,li1,121.2100,146.8800,0.000033
FILLER_50_213,VGND,li1,104.1900,146.8800,0.000037
FILLER_50_195,VGND,li1,95.4500,146.8800,0.000036
FILLER_50_187,VGND,li1,93.3800,146.8800,0.000036
FILLER_50_175,VGND,li1,88.7800,146.8800,0.000035
FILLER_50_157,VGND,li1,77.9700,146.8800,0.000033
FILLER_50_153,VGND,li1,76.8200,146.8800,0.000033
FILLER_50_141,VGND,li1,73.1400,146.8800,0.000032
FILLER_50_136,VGND,li1,69.0000,146.8800,0.000031
FILLER_50_123,VGND,li1,63.0200,146.8800,0.000029
FILLER_50_100,VGND,li1,52.2100,146.8800,0.000026
FILLER_50_91,VGND,li1,47.6100,146.8800,0.000024
FILLER_50_85,VGND,li1,46.0000,146.8800,0.000023
FILLER_50_81,VGND,li1,43.4700,146.8800,0.000022
FILLER_50_59,VGND,li1,32.8900,146.8800,0.000015
FILLER_50_53,VGND,li1,31.2800,146.8800,0.000015
FILLER_50_37,VGND,li1,23.2300,146.8800,0.000010
FILLER_50_15,VGND,li1,14.2600,146.8800,0.000010
FILLER_50_3,VGND,li1,9.6600,146.8800,0.000010
FILLER_49_365,VGND,li1,176.1800,146.8800,0.000007
FILLER_49_353,VGND,li1,170.6600,146.8800,0.000012
FILLER_49_325,VGND,li1,155.4800,146.8800,0.000019
FILLER_49_314,VGND,li1,150.4200,146.8800,0.000022
FILLER_49_306,VGND,li1,148.1200,146.8800,0.000023
FILLER_49_278,VGND,li1,133.8600,146.8800,0.000029
FILLER_49_263,VGND,li1,127.8800,146.8800,0.000032
FILLER_49_251,VGND,li1,121.6700,146.8800,0.000033
FILLER_49_242,VGND,li1,117.0700,146.8800,0.000034
FILLER_49_225,VGND,li1,110.8600,146.8800,0.000036
FILLER_49_221,VGND,li1,107.8700,146.8800,0.000037
FILLER_49_204,VGND,li1,99.8200,146.8800,0.000036
FILLER_49_169,VGND,li1,83.7200,146.8800,0.000034
FILLER_49_167,VGND,li1,82.5700,146.8800,0.000034
FILLER_49_140,VGND,li1,70.3800,146.8800,0.000031
FILLER_49_121,VGND,li1,61.8700,146.8800,0.000029
FILLER_49_110,VGND,li1,56.5800,146.8800,0.000027
FILLER_49_68,VGND,li1,37.2600,146.8800,0.000019
FILLER_49_15,VGND,li1,12.6500,146.8800,0.000010
FILLER_49_3,VGND,li1,9.6600,146.8800,0.000010
FILLER_48_365,VGND,li1,176.1800,141.4400,0.000007
FILLER_48_360,VGND,li1,172.0400,141.4400,0.000009
FILLER_48_348,VGND,li1,168.3600,141.4400,0.000010
FILLER_48_336,VGND,li1,162.8400,141.4400,0.000014
FILLER_48_325,VGND,li1,155.7100,141.4400,0.000017
FILLER_48_315,VGND,li1,150.6500,141.4400,0.000019
FILLER_48_309,VGND,li1,149.0400,141.4400,0.000020
FILLER_48_299,VGND,li1,143.2900,141.4400,0.000020
FILLER_48_291,VGND,li1,139.6100,141.4400,0.000021
FILLER_48_287,VGND,li1,138.4600,141.4400,0.000021
FILLER_48_277,VGND,li1,133.1700,141.4400,0.000022
FILLER_48_248,VGND,li1,120.5200,141.4400,0.000024
FILLER_48_215,VGND,li1,104.6500,141.4400,0.000024
FILLER_48_197,VGND,li1,96.8300,141.4400,0.000024
FILLER_48_194,VGND,li1,95.2200,141.4400,0.000024
FILLER_48_186,VGND,li1,92.9200,141.4400,0.000023
FILLER_48_175,VGND,li1,86.4800,141.4400,0.000023
FILLER_48_141,VGND,li1,71.0700,141.4400,0.000021
FILLER_48_138,VGND,li1,69.4600,141.4400,0.000021
FILLER_48_112,VGND,li1,57.7300,141.4400,0.000019
FILLER_48_99,VGND,li1,51.9800,141.4400,0.000017
FILLER_48_89,VGND,li1,46.6900,141.4400,0.000016
FILLER_48_85,VGND,li1,45.5400,141.4400,0.000016
FILLER_48_82,VGND,li1,43.7000,141.4400,0.000015
FILLER_48_52,VGND,li1,29.6700,141.4400,0.000009
FILLER_48_42,VGND,li1,25.7600,141.4400,0.000007
FILLER_48_26,VGND,li1,17.9400,141.4400,0.000008
FILLER_48_3,VGND,li1,7.5900,141.4400,0.000008
FILLER_47_374,VGND,li1,178.2500,141.4400,0.000005
FILLER_47_366,VGND,li1,175.7200,141.4400,0.000007
FILLER_47_354,VGND,li1,171.1200,141.4400,0.000009
FILLER_47_311,VGND,li1,149.9600,141.4400,0.000019
FILLER_47_289,VGND,li1,139.3800,141.4400,0.000021
FILLER_47_278,VGND,li1,133.8600,141.4400,0.000022
FILLER_47_249,VGND,li1,121.4400,141.4400,0.000024
FILLER_47_222,VGND,li1,108.1000,141.4400,0.000024
FILLER_47_214,VGND,li1,105.8000,141.4400,0.000024
FILLER_47_188,VGND,li1,92.2300,141.4400,0.000023
FILLER_47_169,VGND,li1,83.7200,141.4400,0.000022
FILLER_47_165,VGND,li1,82.1100,141.4400,0.000022
FILLER_47_157,VGND,li1,77.9700,141.4400,0.000022
FILLER_47_149,VGND,li1,75.9000,141.4400,0.000022
FILLER_47_137,VGND,li1,69.4600,141.4400,0.000021
FILLER_47_111,VGND,li1,56.8100,141.4400,0.000019
FILLER_47_107,VGND,li1,55.6600,141.4400,0.000018
FILLER_47_98,VGND,li1,50.8300,141.4400,0.000017
FILLER_47_86,VGND,li1,45.7700,141.4400,0.000016
FILLER_47_57,VGND,li1,31.9700,141.4400,0.000011
FILLER_47_54,VGND,li1,30.8200,141.4400,0.000011
FILLER_47_35,VGND,li1,23.0000,141.4400,0.000007
FILLER_47_27,VGND,li1,18.4000,141.4400,0.000008
FILLER_47_15,VGND,li1,15.1800,141.4400,0.000008
FILLER_47_3,VGND,li1,9.6600,141.4400,0.000008
FILLER_46_365,VGND,li1,176.1800,136.0000,0.000006
FILLER_46_361,VGND,li1,172.2700,136.0000,0.000008
FILLER_46_349,VGND,li1,168.8200,136.0000,0.000010
FILLER_46_332,VGND,li1,158.4700,136.0000,0.000015
FILLER_46_328,VGND,li1,157.3200,136.0000,0.000015
FILLER_46_309,VGND,li1,148.3500,136.0000,0.000018
FILLER_46_304,VGND,li1,146.2800,136.0000,0.000019
FILLER_46_287,VGND,li1,137.7700,136.0000,0.000021
FILLER_46_275,VGND,li1,134.7800,136.0000,0.000022
FILLER_46_262,VGND,li1,126.9600,136.0000,0.000024
FILLER_46_246,VGND,li1,120.0600,136.0000,0.000026
FILLER_46_237,VGND,li1,114.7700,136.0000,0.000027
FILLER_46_229,VGND,li1,112.7000,136.0000,0.000028
FILLER_46_197,VGND,li1,97.9800,136.0000,0.000030
FILLER_46_190,VGND,li1,94.3000,136.0000,0.000030
FILLER_46_141,VGND,li1,70.6100,136.0000,0.000030
FILLER_46_139,VGND,li1,69.6900,136.0000,0.000030
FILLER_46_121,VGND,li1,61.6400,136.0000,0.000028
FILLER_46_111,VGND,li1,56.8100,136.0000,0.000025
FILLER_46_105,VGND,li1,55.2000,136.0000,0.000025
FILLER_46_76,VGND,li1,42.3200,136.0000,0.000018
FILLER_46_64,VGND,li1,37.7200,136.0000,0.000016
FILLER_46_42,VGND,li1,25.3000,136.0000,0.000007
FILLER_46_25,VGND,li1,17.7100,136.0000,0.000008
FILLER_46_15,VGND,li1,13.8000,136.0000,0.000008
FILLER_46_3,VGND,li1,9.6600,136.0000,0.000008
FILLER_45_373,VGND,li1,178.0200,136.0000,0.000005
FILLER_45_361,VGND,li1,174.3400,136.0000,0.000007
FILLER_45_334,VGND,li1,159.6200,136.0000,0.000014
FILLER_45_326,VGND,li1,157.3200,136.0000,0.000015
FILLER_45_313,VGND,li1,150.4200,136.0000,0.000017
FILLER_45_304,VGND,li1,145.5900,136.0000,0.000019
FILLER_45_287,VGND,li1,137.7700,136.0000,0.000021
FILLER_45_281,VGND,li1,136.1600,136.0000,0.000022
FILLER_45_268,VGND,li1,131.5600,136.0000,0.000023
FILLER_45_241,VGND,li1,117.0700,136.0000,0.000027
FILLER_45_220,VGND,li1,107.6400,136.0000,0.000028
FILLER_45_210,VGND,li1,102.3500,136.0000,0.000029
FILLER_45_206,VGND,li1,101.2000,136.0000,0.000029
FILLER_45_194,VGND,li1,97.5200,136.0000,0.000030
FILLER_45_185,VGND,li1,91.0800,136.0000,0.000030
FILLER_45_157,VGND,li1,78.4300,136.0000,0.000030
FILLER_45_147,VGND,li1,73.3700,136.0000,0.000030
FILLER_45_117,VGND,li1,59.5700,136.0000,0.000027
FILLER_45_113,VGND,li1,58.4200,136.0000,0.000026
FILLER_45_109,VGND,li1,56.3500,136.0000,0.000025
FILLER_45_91,VGND,li1,47.8400,136.0000,0.000022
FILLER_45_79,VGND,li1,44.6200,136.0000,0.000020
FILLER_45_67,VGND,li1,39.1000,136.0000,0.000016
FILLER_45_61,VGND,li1,33.8100,136.0000,0.000013
FILLER_45_57,VGND,li1,32.6600,136.0000,0.000013
FILLER_45_54,VGND,li1,30.8200,136.0000,0.000012
FILLER_45_46,VGND,li1,28.5200,136.0000,0.000011
FILLER_45_3,VGND,li1,7.5900,136.0000,0.000008
FILLER_44_365,VGND,li1,176.1800,130.5600,0.000004
FILLER_44_356,VGND,li1,171.1200,130.5600,0.000005
FILLER_44_344,VGND,li1,166.5200,130.5600,0.000007
FILLER_44_323,VGND,li1,156.8600,130.5600,0.000010
FILLER_44_309,VGND,li1,149.0400,130.5600,0.000012
FILLER_44_300,VGND,li1,143.7500,130.5600,0.000014
FILLER_44_294,VGND,li1,142.1400,130.5600,0.000014
FILLER_44_262,VGND,li1,126.2700,130.5600,0.000018
FILLER_44_251,VGND,li1,121.2100,130.5600,0.000019
FILLER_44_247,VGND,li1,120.0600,130.5600,0.000019
FILLER_44_228,VGND,li1,110.8600,130.5600,0.000021
FILLER_44_195,VGND,li1,95.4500,130.5600,0.000022
FILLER_44_184,VGND,li1,90.6200,130.5600,0.000021
FILLER_44_176,VGND,li1,88.3200,130.5600,0.000020
FILLER_44_165,VGND,li1,81.8800,130.5600,0.000019
FILLER_44_153,VGND,li1,78.6600,130.5600,0.000019
FILLER_44_141,VGND,li1,73.1400,130.5600,0.000017
FILLER_44_134,VGND,li1,68.5400,130.5600,0.000017
FILLER_44_126,VGND,li1,63.7100,130.5600,0.000015
FILLER_44_122,VGND,li1,62.5600,130.5600,0.000015
FILLER_44_85,VGND,li1,46.4600,130.5600,0.000012
FILLER_44_82,VGND,li1,43.7000,130.5600,0.000011
FILLER_44_74,VGND,li1,39.7900,130.5600,0.000010
FILLER_44_49,VGND,li1,28.9800,130.5600,0.000006
FILLER_44_37,VGND,li1,25.3000,130.5600,0.000004
FILLER_44_27,VGND,li1,18.1700,130.5600,0.000005
FILLER_44_21,VGND,li1,15.4100,130.5600,0.000005
FILLER_44_15,VGND,li1,13.8000,130.5600,0.000005
FILLER_44_3,VGND,li1,9.6600,130.5600,0.000005
FILLER_43_373,VGND,li1,178.0200,130.5600,0.000003
FILLER_43_361,VGND,li1,174.3400,130.5600,0.000005
FILLER_43_349,VGND,li1,168.8200,130.5600,0.000006
FILLER_43_337,VGND,li1,163.3000,130.5600,0.000008
FILLER_43_335,VGND,li1,159.8500,130.5600,0.000009
FILLER_43_310,VGND,li1,148.3500,130.5600,0.000013
FILLER_43_306,VGND,li1,147.2000,130.5600,0.000013
FILLER_43_276,VGND,li1,133.4000,130.5600,0.000016
FILLER_43_266,VGND,li1,128.1100,130.5600,0.000018
FILLER_43_262,VGND,li1,126.9600,130.5600,0.000018
FILLER_43_250,VGND,li1,123.2800,130.5600,0.000019
FILLER_43_233,VGND,li1,112.9300,130.5600,0.000021
FILLER_43_225,VGND,li1,110.8600,130.5600,0.000021
FILLER_43_222,VGND,li1,108.1000,130.5600,0.000022
FILLER_43_196,VGND,li1,96.1400,130.5600,0.000022
FILLER_43_186,VGND,li1,91.3100,130.5600,0.000021
FILLER_43_178,VGND,li1,89.2400,130.5600,0.000020
FILLER_43_156,VGND,li1,80.0400,130.5600,0.000019
FILLER_43_139,VGND,li1,69.6900,130.5600,0.000017
FILLER_43_127,VGND,li1,66.7000,130.5600,0.000016
FILLER_43_113,VGND,li1,58.4200,130.5600,0.000015
FILLER_43_70,VGND,li1,37.9500,130.5600,0.000009
FILLER_43_64,VGND,li1,36.3400,130.5600,0.000009
FILLER_43_55,VGND,li1,31.0500,130.5600,0.000007
FILLER_43_44,VGND,li1,26.6800,130.5600,0.000004
FILLER_43_23,VGND,li1,16.3300,130.5600,0.000005
FILLER_43_15,VGND,li1,14.2600,130.5600,0.000005
FILLER_43_3,VGND,li1,9.6600,130.5600,0.000005
FILLER_42_365,VGND,li1,176.1800,125.1200,0.000009
FILLER_42_363,VGND,li1,172.7300,125.1200,0.000011
FILLER_42_355,VGND,li1,170.6600,125.1200,0.000013
FILLER_42_323,VGND,li1,155.9400,125.1200,0.000024
FILLER_42_313,VGND,li1,149.7300,125.1200,0.000028
FILLER_42_309,VGND,li1,148.5800,125.1200,0.000028
FILLER_42_306,VGND,li1,146.7400,125.1200,0.000029
FILLER_42_287,VGND,li1,138.2300,125.1200,0.000036
FILLER_42_262,VGND,li1,126.5000,125.1200,0.000041
FILLER_42_253,VGND,li1,122.1300,125.1200,0.000044
FILLER_42_251,VGND,li1,121.2100,125.1200,0.000044
FILLER_42_247,VGND,li1,120.0600,125.1200,0.000045
FILLER_42_204,VGND,li1,100.0500,125.1200,0.000050
FILLER_42_195,VGND,li1,95.4500,125.1200,0.000050
FILLER_42_191,VGND,li1,94.3000,125.1200,0.000050
FILLER_42_178,VGND,li1,87.8600,125.1200,0.000050
FILLER_42_141,VGND,li1,70.6100,125.1200,0.000049
FILLER_42_85,VGND,li1,45.5400,125.1200,0.000037
FILLER_42_74,VGND,li1,40.2500,125.1200,0.000032
FILLER_42_66,VGND,li1,37.7200,125.1200,0.000027
FILLER_42_54,VGND,li1,33.1200,125.1200,0.000024
FILLER_42_43,VGND,li1,25.5300,125.1200,0.000015
FILLER_42_29,VGND,li1,20.2400,125.1200,0.000013
FILLER_42_27,VGND,li1,18.1700,125.1200,0.000013
FILLER_42_19,VGND,li1,16.1000,125.1200,0.000013
FILLER_42_7,VGND,li1,11.5000,125.1200,0.000013
FILLER_41_376,VGND,li1,178.7100,125.1200,0.000007
FILLER_41_370,VGND,li1,177.1000,125.1200,0.000009
FILLER_41_358,VGND,li1,172.9600,125.1200,0.000011
FILLER_41_346,VGND,li1,167.4400,125.1200,0.000016
FILLER_41_335,VGND,li1,159.8500,125.1200,0.000022
FILLER_41_329,VGND,li1,158.2400,125.1200,0.000022
FILLER_41_319,VGND,li1,152.7200,125.1200,0.000025
FILLER_41_311,VGND,li1,150.4200,125.1200,0.000027
FILLER_41_293,VGND,li1,140.5300,125.1200,0.000034
FILLER_41_289,VGND,li1,139.3800,125.1200,0.000034
FILLER_41_277,VGND,li1,133.6300,125.1200,0.000037
FILLER_41_265,VGND,li1,128.3400,125.1200,0.000040
FILLER_41_220,VGND,li1,107.6400,125.1200,0.000050
FILLER_41_187,VGND,li1,93.3800,125.1200,0.000050
FILLER_41_175,VGND,li1,86.2500,125.1200,0.000050
FILLER_41_169,VGND,li1,84.6400,125.1200,0.000050
FILLER_41_162,VGND,li1,80.5000,125.1200,0.000050
FILLER_41_154,VGND,li1,78.2000,125.1200,0.000049
FILLER_41_133,VGND,li1,66.9300,125.1200,0.000048
FILLER_41_129,VGND,li1,65.7800,125.1200,0.000048
FILLER_41_113,VGND,li1,57.9600,125.1200,0.000046
FILLER_41_79,VGND,li1,42.0900,125.1200,0.000034
FILLER_41_71,VGND,li1,40.0200,125.1200,0.000032
FILLER_41_65,VGND,li1,36.1100,125.1200,0.000027
FILLER_41_57,VGND,li1,33.5800,125.1200,0.000024
FILLER_41_55,VGND,li1,31.0500,125.1200,0.000021
FILLER_41_47,VGND,li1,28.9800,125.1200,0.000019
FILLER_41_35,VGND,li1,24.3800,125.1200,0.000012
FILLER_41_3,VGND,li1,7.5900,125.1200,0.000013
FILLER_40_365,VGND,li1,176.1800,119.6800,0.000012
FILLER_40_352,VGND,li1,170.2000,119.6800,0.000018
FILLER_40_325,VGND,li1,155.7100,119.6800,0.000032
FILLER_40_306,VGND,li1,146.7400,119.6800,0.000040
FILLER_40_294,VGND,li1,143.5200,119.6800,0.000042
FILLER_40_257,VGND,li1,123.9700,119.6800,0.000055
FILLER_40_253,VGND,li1,122.8200,119.6800,0.000055
FILLER_40_235,VGND,li1,115.0000,119.6800,0.000054
FILLER_40_225,VGND,li1,109.2500,119.6800,0.000052
FILLER_40_219,VGND,li1,107.6400,119.6800,0.000051
FILLER_40_209,VGND,li1,101.8900,119.6800,0.000049
FILLER_40_197,VGND,li1,98.9000,119.6800,0.000048
FILLER_40_192,VGND,li1,94.7600,119.6800,0.000047
FILLER_40_179,VGND,li1,88.7800,119.6800,0.000044
FILLER_40_159,VGND,li1,78.8900,119.6800,0.000040
FILLER_40_147,VGND,li1,75.9000,119.6800,0.000038
FILLER_40_141,VGND,li1,71.0700,119.6800,0.000036
FILLER_40_136,VGND,li1,69.0000,119.6800,0.000035
FILLER_40_124,VGND,li1,65.3200,119.6800,0.000034
FILLER_40_120,VGND,li1,60.9500,119.6800,0.000032
FILLER_40_77,VGND,li1,41.4000,119.6800,0.000020
FILLER_40_56,VGND,li1,31.5100,119.6800,0.000014
FILLER_40_34,VGND,li1,22.5400,119.6800,0.000011
FILLER_40_27,VGND,li1,18.1700,119.6800,0.000013
FILLER_40_9,VGND,li1,9.8900,119.6800,0.000014
FILLER_40_3,VGND,li1,8.2800,119.6800,0.000014
FILLER_39_376,VGND,li1,178.7100,119.6800,0.000010
FILLER_39_370,VGND,li1,177.1000,119.6800,0.000012
FILLER_39_358,VGND,li1,172.9600,119.6800,0.000015
FILLER_39_346,VGND,li1,167.4400,119.6800,0.000020
FILLER_39_277,VGND,li1,133.6300,119.6800,0.000049
FILLER_39_199,VGND,li1,97.5200,119.6800,0.000048
FILLER_39_180,VGND,li1,88.5500,119.6800,0.000044
FILLER_39_167,VGND,li1,82.5700,119.6800,0.000041
FILLER_39_163,VGND,li1,81.4200,119.6800,0.000041
FILLER_39_148,VGND,li1,74.2900,119.6800,0.000038
FILLER_39_136,VGND,li1,70.8400,119.6800,0.000036
FILLER_39_124,VGND,li1,65.3200,119.6800,0.000034
FILLER_39_113,VGND,li1,58.1900,119.6800,0.000031
FILLER_39_100,VGND,li1,53.3600,119.6800,0.000028
FILLER_39_91,VGND,li1,47.6100,119.6800,0.000024
FILLER_39_87,VGND,li1,46.4600,119.6800,0.000024
FILLER_39_70,VGND,li1,37.9500,119.6800,0.000019
FILLER_39_60,VGND,li1,33.5800,119.6800,0.000015
FILLER_39_55,VGND,li1,31.0500,119.6800,0.000014
FILLER_39_7,VGND,li1,8.9700,119.6800,0.000014
FILLER_39_3,VGND,li1,7.8200,119.6800,0.000014
FILLER_38_365,VGND,li1,176.1800,114.2400,0.000002
FILLER_38_363,VGND,li1,172.7300,114.2400,0.000002
FILLER_38_359,VGND,li1,171.5800,114.2400,0.000002
FILLER_38_332,VGND,li1,158.9300,114.2400,0.000004
FILLER_38_324,VGND,li1,156.4000,114.2400,0.000004
FILLER_38_304,VGND,li1,146.2800,114.2400,0.000005
FILLER_38_287,VGND,li1,139.3800,114.2400,0.000005
FILLER_38_274,VGND,li1,132.4800,114.2400,0.000005
FILLER_38_261,VGND,li1,126.5000,114.2400,0.000006
FILLER_38_235,VGND,li1,113.8500,114.2400,0.000007
FILLER_38_224,VGND,li1,109.0200,114.2400,0.000007
FILLER_38_205,VGND,li1,100.2800,114.2400,0.000007
FILLER_38_197,VGND,li1,97.9800,114.2400,0.000007
FILLER_38_195,VGND,li1,95.4500,114.2400,0.000007
FILLER_38_176,VGND,li1,86.9400,114.2400,0.000006
FILLER_38_162,VGND,li1,80.7300,114.2400,0.000006
FILLER_38_154,VGND,li1,78.2000,114.2400,0.000006
FILLER_38_147,VGND,li1,73.3700,114.2400,0.000006
FILLER_38_141,VGND,li1,71.7600,114.2400,0.000005
FILLER_38_128,VGND,li1,67.1600,114.2400,0.000005
FILLER_38_122,VGND,li1,61.8700,114.2400,0.000005
FILLER_38_93,VGND,li1,48.7600,114.2400,0.000004
FILLER_38_85,VGND,li1,46.4600,114.2400,0.000004
FILLER_38_83,VGND,li1,43.9300,114.2400,0.000004
FILLER_38_79,VGND,li1,42.7800,114.2400,0.000004
FILLER_38_66,VGND,li1,37.2600,114.2400,0.000003
FILLER_38_54,VGND,li1,33.1200,114.2400,0.000003
FILLER_38_45,VGND,li1,26.4500,114.2400,0.000002
FILLER_38_37,VGND,li1,24.3800,114.2400,0.000002
FILLER_37_376,VGND,li1,178.7100,114.2400,0.000001
FILLER_37_370,VGND,li1,177.1000,114.2400,0.000002
FILLER_37_358,VGND,li1,172.9600,114.2400,0.000002
FILLER_37_346,VGND,li1,167.4400,114.2400,0.000003
FILLER_37_328,VGND,li1,158.2400,114.2400,0.000004
FILLER_37_316,VGND,li1,153.6400,114.2400,0.000004
FILLER_37_298,VGND,li1,145.3600,114.2400,0.000005
FILLER_37_276,VGND,li1,133.4000,114.2400,0.000005
FILLER_37_260,VGND,li1,125.5800,114.2400,0.000006
FILLER_37_252,VGND,li1,123.2800,114.2400,0.000006
FILLER_37_242,VGND,li1,117.0700,114.2400,0.000006
FILLER_37_225,VGND,li1,109.2500,114.2400,0.000007
FILLER_37_220,VGND,li1,107.6400,114.2400,0.000007
FILLER_37_193,VGND,li1,94.9900,114.2400,0.000007
FILLER_37_181,VGND,li1,89.0100,114.2400,0.000006
FILLER_37_164,VGND,li1,81.8800,114.2400,0.000006
FILLER_37_152,VGND,li1,78.2000,114.2400,0.000006
FILLER_37_120,VGND,li1,61.6400,114.2400,0.000005
FILLER_37_104,VGND,li1,55.2000,114.2400,0.000005
FILLER_37_92,VGND,li1,50.6000,114.2400,0.000004
FILLER_37_79,VGND,li1,42.5500,114.2400,0.000004
FILLER_37_71,VGND,li1,38.8700,114.2400,0.000003
FILLER_37_63,VGND,li1,36.3400,114.2400,0.000003
FILLER_37_53,VGND,li1,30.5900,114.2400,0.000002
FILLER_37_44,VGND,li1,26.2200,114.2400,0.000002
FILLER_37_36,VGND,li1,23.9200,114.2400,0.000002
FILLER_37_28,VGND,li1,18.6300,114.2400,0.000002
FILLER_37_22,VGND,li1,17.0200,114.2400,0.000002
FILLER_37_11,VGND,li1,11.2700,114.2400,0.000002
FILLER_37_3,VGND,li1,8.7400,114.2400,0.000002
FILLER_36_365,VGND,li1,176.1800,108.8000,0.000007
FILLER_36_362,VGND,li1,172.5000,108.8000,0.000010
FILLER_36_350,VGND,li1,169.2800,108.8000,0.000012
FILLER_36_340,VGND,li1,162.3800,108.8000,0.000015
FILLER_36_332,VGND,li1,160.0800,108.8000,0.000017
FILLER_36_292,VGND,li1,140.0700,108.8000,0.000023
FILLER_36_270,VGND,li1,131.1000,108.8000,0.000024
FILLER_36_235,VGND,li1,113.8500,108.8000,0.000023
FILLER_36_231,VGND,li1,112.7000,108.8000,0.000023
FILLER_36_211,VGND,li1,103.2700,108.8000,0.000022
FILLER_36_201,VGND,li1,98.2100,108.8000,0.000021
FILLER_36_197,VGND,li1,97.0600,108.8000,0.000021
FILLER_36_194,VGND,li1,95.2200,108.8000,0.000020
FILLER_36_156,VGND,li1,77.7400,108.8000,0.000017
FILLER_36_148,VGND,li1,75.4400,108.8000,0.000017
FILLER_36_139,VGND,li1,69.6900,108.8000,0.000015
FILLER_36_133,VGND,li1,68.0800,108.8000,0.000015
FILLER_36_129,VGND,li1,65.0900,108.8000,0.000015
FILLER_36_125,VGND,li1,63.9400,108.8000,0.000014
FILLER_36_115,VGND,li1,58.8800,108.8000,0.000013
FILLER_36_94,VGND,li1,48.9900,108.8000,0.000011
FILLER_36_85,VGND,li1,44.8500,108.8000,0.000010
FILLER_36_75,VGND,li1,40.2500,108.8000,0.000008
FILLER_36_68,VGND,li1,37.0300,108.8000,0.000008
FILLER_36_64,VGND,li1,35.8800,108.8000,0.000007
FILLER_36_52,VGND,li1,30.1300,108.8000,0.000006
FILLER_36_45,VGND,li1,26.6800,108.8000,0.000004
FILLER_36_25,VGND,li1,17.7100,108.8000,0.000004
FILLER_36_3,VGND,li1,7.3600,108.8000,0.000004
FILLER_35_365,VGND,li1,176.1800,108.8000,0.000007
FILLER_35_353,VGND,li1,170.6600,108.8000,0.000012
FILLER_35_321,VGND,li1,154.5600,108.8000,0.000020
FILLER_35_304,VGND,li1,146.7400,108.8000,0.000023
FILLER_35_287,VGND,li1,137.7700,108.8000,0.000024
FILLER_35_281,VGND,li1,136.1600,108.8000,0.000024
FILLER_35_278,VGND,li1,133.8600,108.8000,0.000024
FILLER_35_261,VGND,li1,125.8100,108.8000,0.000024
FILLER_35_221,VGND,li1,107.8700,108.8000,0.000022
FILLER_35_196,VGND,li1,95.9100,108.8000,0.000020
FILLER_35_192,VGND,li1,94.7600,108.8000,0.000020
FILLER_35_173,VGND,li1,85.3300,108.8000,0.000018
FILLER_35_169,VGND,li1,84.1800,108.8000,0.000018
FILLER_35_166,VGND,li1,82.3400,108.8000,0.000018
FILLER_35_158,VGND,li1,80.0400,108.8000,0.000017
FILLER_35_146,VGND,li1,75.4400,108.8000,0.000017
FILLER_35_134,VGND,li1,69.9200,108.8000,0.000015
FILLER_35_128,VGND,li1,64.6300,108.8000,0.000014
FILLER_35_122,VGND,li1,63.0200,108.8000,0.000014
FILLER_35_113,VGND,li1,57.9600,108.8000,0.000013
FILLER_35_108,VGND,li1,56.1200,108.8000,0.000013
FILLER_35_96,VGND,li1,52.4400,108.8000,0.000012
FILLER_35_75,VGND,li1,40.2500,108.8000,0.000008
FILLER_35_71,VGND,li1,39.1000,108.8000,0.000008
FILLER_35_55,VGND,li1,31.0500,108.8000,0.000006
FILLER_35_51,VGND,li1,29.9000,108.8000,0.000006
FILLER_35_39,VGND,li1,24.8400,108.8000,0.000004
FILLER_35_27,VGND,li1,20.7000,108.8000,0.000004
FILLER_35_15,VGND,li1,15.1800,108.8000,0.000004
FILLER_35_3,VGND,li1,9.6600,108.8000,0.000004
FILLER_34_365,VGND,li1,176.1800,103.3600,0.000004
FILLER_34_362,VGND,li1,172.5000,103.3600,0.000006
FILLER_34_350,VGND,li1,169.2800,103.3600,0.000007
FILLER_34_336,VGND,li1,161.4600,103.3600,0.000010
FILLER_34_309,VGND,li1,148.1200,103.3600,0.000013
FILLER_34_302,VGND,li1,145.8200,103.3600,0.000014
FILLER_34_292,VGND,li1,140.0700,103.3600,0.000015
FILLER_34_284,VGND,li1,138.0000,103.3600,0.000016
FILLER_34_266,VGND,li1,128.1100,103.3600,0.000018
FILLER_34_262,VGND,li1,126.9600,103.3600,0.000018
FILLER_34_248,VGND,li1,120.5200,103.3600,0.000019
FILLER_34_236,VGND,li1,116.8400,103.3600,0.000021
FILLER_34_224,VGND,li1,111.3200,103.3600,0.000022
FILLER_34_218,VGND,li1,106.0300,103.3600,0.000023
FILLER_34_212,VGND,li1,104.4200,103.3600,0.000024
FILLER_34_197,VGND,li1,97.5200,103.3600,0.000025
FILLER_34_195,VGND,li1,95.4500,103.3600,0.000025
FILLER_34_173,VGND,li1,85.5600,103.3600,0.000026
FILLER_34_161,VGND,li1,79.8100,103.3600,0.000024
FILLER_34_141,VGND,li1,71.7600,103.3600,0.000022
FILLER_34_139,VGND,li1,69.6900,103.3600,0.000021
FILLER_34_111,VGND,li1,56.8100,103.3600,0.000017
FILLER_34_105,VGND,li1,55.2000,103.3600,0.000017
FILLER_34_93,VGND,li1,51.0600,103.3600,0.000015
FILLER_34_65,VGND,li1,38.1800,103.3600,0.000010
FILLER_34_56,VGND,li1,31.9700,103.3600,0.000008
FILLER_34_48,VGND,li1,29.4400,103.3600,0.000007
FILLER_34_36,VGND,li1,24.8400,103.3600,0.000005
FILLER_34_29,VGND,li1,19.3200,103.3600,0.000005
FILLER_34_27,VGND,li1,18.1700,103.3600,0.000006
FILLER_34_23,VGND,li1,17.0200,103.3600,0.000006
FILLER_34_19,VGND,li1,14.4900,103.3600,0.000006
FILLER_34_15,VGND,li1,13.3400,103.3600,0.000006
FILLER_34_3,VGND,li1,9.6600,103.3600,0.000006
FILLER_33_365,VGND,li1,176.1800,103.3600,0.000004
FILLER_33_353,VGND,li1,170.6600,103.3600,0.000007
FILLER_33_323,VGND,li1,155.0200,103.3600,0.000011
FILLER_33_306,VGND,li1,146.5100,103.3600,0.000013
FILLER_33_294,VGND,li1,141.6800,103.3600,0.000015
FILLER_33_289,VGND,li1,138.6900,103.3600,0.000015
FILLER_33_256,VGND,li1,123.5100,103.3600,0.000019
FILLER_33_244,VGND,li1,120.5200,103.3600,0.000019
FILLER_33_225,VGND,li1,109.4800,103.3600,0.000022
FILLER_33_221,VGND,li1,107.8700,103.3600,0.000022
FILLER_33_213,VGND,li1,105.3400,103.3600,0.000023
FILLER_33_191,VGND,li1,93.8400,103.3600,0.000026
FILLER_33_169,VGND,li1,83.7200,103.3600,0.000025
FILLER_33_166,VGND,li1,82.3400,103.3600,0.000025
FILLER_33_152,VGND,li1,76.1300,103.3600,0.000023
FILLER_33_133,VGND,li1,68.0800,103.3600,0.000021
FILLER_33_121,VGND,li1,63.9400,103.3600,0.000020
FILLER_33_113,VGND,li1,57.9600,103.3600,0.000018
FILLER_33_108,VGND,li1,56.1200,103.3600,0.000017
FILLER_33_84,VGND,li1,44.8500,103.3600,0.000013
FILLER_33_76,VGND,li1,42.3200,103.3600,0.000012
FILLER_33_69,VGND,li1,37.9500,103.3600,0.000010
FILLER_33_57,VGND,li1,34.5000,103.3600,0.000009
FILLER_32_365,VGND,li1,176.1800,97.9200,0.000005
FILLER_32_361,VGND,li1,172.2700,97.9200,0.000007
FILLER_32_353,VGND,li1,169.7400,97.9200,0.000009
FILLER_32_341,VGND,li1,165.1400,97.9200,0.000010
FILLER_32_329,VGND,li1,159.6200,97.9200,0.000013
FILLER_32_309,VGND,li1,148.3500,97.9200,0.000019
FILLER_32_306,VGND,li1,146.7400,97.9200,0.000019
FILLER_32_293,VGND,li1,140.5300,97.9200,0.000021
FILLER_32_249,VGND,li1,120.7500,97.9200,0.000027
FILLER_32_197,VGND,li1,98.9000,97.9200,0.000027
FILLER_32_155,VGND,li1,78.6600,97.9200,0.000022
FILLER_32_116,VGND,li1,59.5700,97.9200,0.000017
FILLER_32_104,VGND,li1,56.1200,97.9200,0.000016
FILLER_32_92,VGND,li1,50.6000,97.9200,0.000014
FILLER_32_60,VGND,li1,33.5800,97.9200,0.000008
FILLER_32_52,VGND,li1,31.2800,97.9200,0.000007
FILLER_32_40,VGND,li1,26.6800,97.9200,0.000006
FILLER_32_29,VGND,li1,19.7800,97.9200,0.000005
FILLER_32_26,VGND,li1,17.9400,97.9200,0.000005
FILLER_32_11,VGND,li1,11.2700,97.9200,0.000005
FILLER_32_3,VGND,li1,8.7400,97.9200,0.000005
FILLER_31_373,VGND,li1,178.0200,97.9200,0.000005
FILLER_31_361,VGND,li1,174.3400,97.9200,0.000006
FILLER_31_349,VGND,li1,168.8200,97.9200,0.000009
FILLER_31_337,VGND,li1,163.3000,97.9200,0.000011
FILLER_31_335,VGND,li1,159.8500,97.9200,0.000013
FILLER_31_323,VGND,li1,156.8600,97.9200,0.000014
FILLER_31_313,VGND,li1,149.9600,97.9200,0.000017
FILLER_31_276,VGND,li1,133.4000,97.9200,0.000024
FILLER_31_261,VGND,li1,126.9600,97.9200,0.000026
FILLER_31_246,VGND,li1,120.0600,97.9200,0.000027
FILLER_31_225,VGND,li1,109.4800,97.9200,0.000029
FILLER_31_222,VGND,li1,108.1000,97.9200,0.000029
FILLER_31_210,VGND,li1,104.8800,97.9200,0.000028
FILLER_31_184,VGND,li1,90.8500,97.9200,0.000025
FILLER_31_169,VGND,li1,84.1800,97.9200,0.000023
FILLER_31_164,VGND,li1,81.8800,97.9200,0.000023
FILLER_31_150,VGND,li1,74.9800,97.9200,0.000021
FILLER_31_142,VGND,li1,72.6800,97.9200,0.000020
FILLER_31_130,VGND,li1,68.0800,97.9200,0.000019
FILLER_31_119,VGND,li1,61.1800,97.9200,0.000017
FILLER_31_110,VGND,li1,56.5800,97.9200,0.000016
FILLER_31_102,VGND,li1,54.2800,97.9200,0.000015
FILLER_31_95,VGND,li1,49.9100,97.9200,0.000014
FILLER_31_83,VGND,li1,46.4600,97.9200,0.000013
FILLER_31_57,VGND,li1,31.9700,97.9200,0.000007
FILLER_31_48,VGND,li1,29.4400,97.9200,0.000007
FILLER_30_365,VGND,li1,176.1800,92.4800,0.000003
FILLER_30_363,VGND,li1,172.7300,92.4800,0.000003
FILLER_30_351,VGND,li1,169.7400,92.4800,0.000004
FILLER_30_325,VGND,li1,155.2500,92.4800,0.000007
FILLER_30_304,VGND,li1,146.2800,92.4800,0.000008
FILLER_30_285,VGND,li1,137.0800,92.4800,0.000009
FILLER_30_273,VGND,li1,133.8600,92.4800,0.000009
FILLER_30_261,VGND,li1,128.3400,92.4800,0.000010
FILLER_30_251,VGND,li1,121.2100,92.4800,0.000010
FILLER_30_234,VGND,li1,113.3900,92.4800,0.000011
FILLER_30_221,VGND,li1,108.1000,92.4800,0.000011
FILLER_30_187,VGND,li1,91.7700,92.4800,0.000011
FILLER_30_183,VGND,li1,90.6200,92.4800,0.000011
FILLER_30_171,VGND,li1,84.4100,92.4800,0.000011
FILLER_30_141,VGND,li1,71.3000,92.4800,0.000010
FILLER_30_138,VGND,li1,69.4600,92.4800,0.000010
FILLER_30_128,VGND,li1,65.0900,92.4800,0.000009
FILLER_30_120,VGND,li1,62.5600,92.4800,0.000009
FILLER_30_94,VGND,li1,49.2200,92.4800,0.000007
FILLER_30_85,VGND,li1,45.0800,92.4800,0.000006
FILLER_30_81,VGND,li1,43.4700,92.4800,0.000006
FILLER_30_73,VGND,li1,40.9400,92.4800,0.000005
FILLER_30_61,VGND,li1,36.3400,92.4800,0.000004
FILLER_30_49,VGND,li1,30.8200,92.4800,0.000003
FILLER_30_44,VGND,li1,25.9900,92.4800,0.000002
FILLER_30_34,VGND,li1,22.0800,92.4800,0.000002
FILLER_30_26,VGND,li1,17.9400,92.4800,0.000002
FILLER_30_19,VGND,li1,14.4900,92.4800,0.000002
FILLER_30_3,VGND,li1,9.6600,92.4800,0.000002
FILLER_29_369,VGND,li1,177.1000,92.4800,0.000003
FILLER_29_357,VGND,li1,172.5000,92.4800,0.000003
FILLER_29_345,VGND,li1,166.9800,92.4800,0.000005
FILLER_29_335,VGND,li1,159.8500,92.4800,0.000006
FILLER_29_329,VGND,li1,158.2400,92.4800,0.000006
FILLER_29_304,VGND,li1,147.2000,92.4800,0.000008
FILLER_29_295,VGND,li1,141.4500,92.4800,0.000008
FILLER_29_289,VGND,li1,139.8400,92.4800,0.000009
FILLER_29_279,VGND,li1,134.0900,92.4800,0.000009
FILLER_29_267,VGND,li1,129.0300,92.4800,0.000010
FILLER_29_259,VGND,li1,126.5000,92.4800,0.000010
FILLER_29_221,VGND,li1,107.8700,92.4800,0.000011
FILLER_29_212,VGND,li1,103.2700,92.4800,0.000011
FILLER_29_206,VGND,li1,101.6600,92.4800,0.000011
FILLER_29_196,VGND,li1,95.9100,92.4800,0.000011
FILLER_29_190,VGND,li1,94.3000,92.4800,0.000011
FILLER_29_169,VGND,li1,86.0200,92.4800,0.000011
FILLER_29_167,VGND,li1,82.5700,92.4800,0.000011
FILLER_29_159,VGND,li1,80.5000,92.4800,0.000011
FILLER_29_151,VGND,li1,75.6700,92.4800,0.000011
FILLER_29_129,VGND,li1,65.3200,92.4800,0.000009
FILLER_29_121,VGND,li1,63.0200,92.4800,0.000009
FILLER_29_110,VGND,li1,56.5800,92.4800,0.000008
FILLER_29_93,VGND,li1,49.2200,92.4800,0.000007
FILLER_29_75,VGND,li1,41.4000,92.4800,0.000005
FILLER_29_60,VGND,li1,35.8800,92.4800,0.000004
FILLER_29_55,VGND,li1,31.0500,92.4800,0.000003
FILLER_29_38,VGND,li1,25.7600,92.4800,0.000002
FILLER_29_26,VGND,li1,20.2400,92.4800,0.000002
FILLER_29_15,VGND,li1,14.2600,92.4800,0.000002
FILLER_29_3,VGND,li1,9.6600,92.4800,0.000002
FILLER_28_365,VGND,li1,176.1800,87.0400,0.000006
FILLER_28_358,VGND,li1,171.5800,87.0400,0.000008
FILLER_28_346,VGND,li1,167.4400,87.0400,0.000010
FILLER_28_334,VGND,li1,161.9200,87.0400,0.000014
FILLER_28_325,VGND,li1,155.2500,87.0400,0.000017
FILLER_28_290,VGND,li1,140.3000,87.0400,0.000023
FILLER_28_257,VGND,li1,123.9700,87.0400,0.000028
FILLER_28_253,VGND,li1,122.8200,87.0400,0.000028
FILLER_28_242,VGND,li1,117.5300,87.0400,0.000029
FILLER_28_230,VGND,li1,114.0800,87.0400,0.000030
FILLER_28_213,VGND,li1,103.7300,87.0400,0.000031
FILLER_28_190,VGND,li1,94.3000,87.0400,0.000032
FILLER_28_153,VGND,li1,78.6600,87.0400,0.000032
FILLER_28_141,VGND,li1,73.1400,87.0400,0.000031
FILLER_28_136,VGND,li1,69.0000,87.0400,0.000031
FILLER_28_104,VGND,li1,53.5900,87.0400,0.000025
FILLER_28_96,VGND,li1,51.5200,87.0400,0.000024
FILLER_28_85,VGND,li1,46.0000,87.0400,0.000021
FILLER_28_82,VGND,li1,43.7000,87.0400,0.000019
FILLER_28_70,VGND,li1,40.4800,87.0400,0.000017
FILLER_28_46,VGND,li1,28.0600,87.0400,0.000009
FILLER_28_40,VGND,li1,24.6100,87.0400,0.000008
FILLER_27_373,VGND,li1,178.0200,87.0400,0.000005
FILLER_27_361,VGND,li1,174.3400,87.0400,0.000007
FILLER_27_349,VGND,li1,168.8200,87.0400,0.000010
FILLER_27_337,VGND,li1,163.3000,87.0400,0.000013
FILLER_27_319,VGND,li1,152.4900,87.0400,0.000018
FILLER_27_302,VGND,li1,144.6700,87.0400,0.000022
FILLER_27_285,VGND,li1,136.8500,87.0400,0.000024
FILLER_27_281,VGND,li1,135.7000,87.0400,0.000025
FILLER_27_262,VGND,li1,126.2700,87.0400,0.000027
FILLER_27_258,VGND,li1,125.1200,87.0400,0.000028
FILLER_27_233,VGND,li1,112.9300,87.0400,0.000030
FILLER_27_223,VGND,li1,108.3300,87.0400,0.000031
FILLER_27_219,VGND,li1,107.1800,87.0400,0.000031
FILLER_27_200,VGND,li1,97.9800,87.0400,0.000032
FILLER_27_165,VGND,li1,82.1100,87.0400,0.000032
FILLER_27_153,VGND,li1,78.6600,87.0400,0.000032
FILLER_27_147,VGND,li1,73.6000,87.0400,0.000031
FILLER_27_139,VGND,li1,71.3000,87.0400,0.000031
FILLER_27_113,VGND,li1,58.8800,87.0400,0.000027
FILLER_27_86,VGND,li1,45.3100,87.0400,0.000019
FILLER_27_61,VGND,li1,34.5000,87.0400,0.000014
FILLER_27_55,VGND,li1,31.0500,87.0400,0.000011
FILLER_27_7,VGND,li1,10.1200,87.0400,0.000009
FILLER_26_365,VGND,li1,176.1800,81.6000,0.000016
FILLER_26_363,VGND,li1,172.7300,81.6000,0.000021
FILLER_26_359,VGND,li1,171.5800,81.6000,0.000021
FILLER_26_347,VGND,li1,167.9000,81.6000,0.000026
FILLER_26_335,VGND,li1,162.3800,81.6000,0.000033
FILLER_26_305,VGND,li1,146.5100,81.6000,0.000048
FILLER_26_279,VGND,li1,135.2400,81.6000,0.000057
FILLER_26_270,VGND,li1,129.9500,81.6000,0.000059
FILLER_26_249,VGND,li1,120.7500,81.6000,0.000064
FILLER_26_213,VGND,li1,104.1900,81.6000,0.000064
FILLER_26_205,VGND,li1,101.6600,81.6000,0.000064
FILLER_26_187,VGND,li1,91.7700,81.6000,0.000063
FILLER_26_179,VGND,li1,89.7000,81.6000,0.000063
FILLER_26_161,VGND,li1,81.4200,81.6000,0.000061
FILLER_26_132,VGND,li1,68.0800,81.6000,0.000059
FILLER_26_120,VGND,li1,63.4800,81.6000,0.000058
FILLER_26_99,VGND,li1,51.2900,81.6000,0.000050
FILLER_26_81,VGND,li1,43.4700,81.6000,0.000042
FILLER_26_64,VGND,li1,35.1900,81.6000,0.000031
FILLER_26_57,VGND,li1,32.2000,81.6000,0.000026
FILLER_26_49,VGND,li1,28.5200,81.6000,0.000022
FILLER_26_27,VGND,li1,18.1700,81.6000,0.000021
FILLER_26_23,VGND,li1,17.0200,81.6000,0.000021
FILLER_25_376,VGND,li1,178.7100,81.6000,0.000012
FILLER_25_372,VGND,li1,177.5600,81.6000,0.000016
FILLER_25_360,VGND,li1,173.8800,81.6000,0.000018
FILLER_25_348,VGND,li1,168.3600,81.6000,0.000026
FILLER_25_295,VGND,li1,141.4500,81.6000,0.000052
FILLER_25_242,VGND,li1,117.3000,81.6000,0.000064
FILLER_25_234,VGND,li1,115.0000,81.6000,0.000064
FILLER_25_222,VGND,li1,108.1000,81.6000,0.000064
FILLER_25_214,VGND,li1,105.8000,81.6000,0.000064
FILLER_25_204,VGND,li1,99.8200,81.6000,0.000063
FILLER_25_193,VGND,li1,94.9900,81.6000,0.000063
FILLER_25_176,VGND,li1,86.7100,81.6000,0.000062
FILLER_25_164,VGND,li1,81.8800,81.6000,0.000061
FILLER_25_141,VGND,li1,70.8400,81.6000,0.000059
FILLER_25_120,VGND,li1,60.9500,81.6000,0.000057
FILLER_25_111,VGND,li1,56.8100,81.6000,0.000055
FILLER_25_96,VGND,li1,50.6000,81.6000,0.000050
FILLER_25_57,VGND,li1,33.1200,81.6000,0.000028
FILLER_25_55,VGND,li1,31.0500,81.6000,0.000026
FILLER_25_43,VGND,li1,28.0600,81.6000,0.000022
FILLER_25_31,VGND,li1,22.5400,81.6000,0.000019
FILLER_25_11,VGND,li1,11.0400,81.6000,0.000022
FILLER_25_3,VGND,li1,8.7400,81.6000,0.000022
FILLER_24_365,VGND,li1,176.1800,76.1600,0.000006
FILLER_24_361,VGND,li1,172.2700,76.1600,0.000008
FILLER_24_349,VGND,li1,168.8200,76.1600,0.000010
FILLER_24_307,VGND,li1,146.9700,76.1600,0.000022
FILLER_24_286,VGND,li1,137.3100,76.1600,0.000025
FILLER_24_269,VGND,li1,129.4900,76.1600,0.000028
FILLER_24_248,VGND,li1,120.5200,76.1600,0.000030
FILLER_24_230,VGND,li1,111.7800,76.1600,0.000032
FILLER_24_192,VGND,li1,94.7600,76.1600,0.000034
FILLER_24_181,VGND,li1,89.2400,76.1600,0.000034
FILLER_24_137,VGND,li1,69.2300,76.1600,0.000028
FILLER_24_127,VGND,li1,64.6300,76.1600,0.000026
FILLER_24_119,VGND,li1,62.1000,76.1600,0.000025
FILLER_24_98,VGND,li1,50.8300,76.1600,0.000021
FILLER_24_68,VGND,li1,38.6400,76.1600,0.000014
FILLER_24_62,VGND,li1,34.2700,76.1600,0.000012
FILLER_24_50,VGND,li1,31.2800,76.1600,0.000011
FILLER_24_45,VGND,li1,26.6800,76.1600,0.000008
FILLER_24_41,VGND,li1,24.6100,76.1600,0.000007
FILLER_24_29,VGND,li1,21.6200,76.1600,0.000007
FILLER_24_27,VGND,li1,18.1700,76.1600,0.000008
FILLER_24_15,VGND,li1,15.1800,76.1600,0.000008
FILLER_24_3,VGND,li1,9.6600,76.1600,0.000008
FILLER_23_373,VGND,li1,178.0200,76.1600,0.000005
FILLER_23_361,VGND,li1,174.3400,76.1600,0.000007
FILLER_23_349,VGND,li1,168.8200,76.1600,0.000010
FILLER_23_337,VGND,li1,163.3000,76.1600,0.000013
FILLER_23_324,VGND,li1,157.3200,76.1600,0.000016
FILLER_23_301,VGND,li1,145.3600,76.1600,0.000022
FILLER_23_290,VGND,li1,139.3800,76.1600,0.000024
FILLER_23_274,VGND,li1,132.9400,76.1600,0.000027
FILLER_23_255,VGND,li1,123.5100,76.1600,0.000029
FILLER_23_237,VGND,li1,114.7700,76.1600,0.000031
FILLER_23_225,VGND,li1,111.7800,76.1600,0.000032
FILLER_23_189,VGND,li1,92.6900,76.1600,0.000034
FILLER_23_185,VGND,li1,91.5400,76.1600,0.000034
FILLER_23_180,VGND,li1,88.5500,76.1600,0.000034
FILLER_23_167,VGND,li1,82.5700,76.1600,0.000033
FILLER_23_163,VGND,li1,80.7300,76.1600,0.000032
FILLER_23_155,VGND,li1,78.6600,76.1600,0.000032
FILLER_23_146,VGND,li1,73.1400,76.1600,0.000029
FILLER_23_141,VGND,li1,70.6100,76.1600,0.000028
FILLER_23_137,VGND,li1,69.4600,76.1600,0.000028
FILLER_23_125,VGND,li1,65.7800,76.1600,0.000026
FILLER_23_113,VGND,li1,60.2600,76.1600,0.000025
FILLER_23_108,VGND,li1,56.1200,76.1600,0.000023
FILLER_23_97,VGND,li1,51.5200,76.1600,0.000021
FILLER_23_85,VGND,li1,47.3800,76.1600,0.000019
FILLER_23_43,VGND,li1,26.2200,76.1600,0.000007
FILLER_22_365,VGND,li1,176.1800,70.7200,0.000006
FILLER_22_363,VGND,li1,172.7300,70.7200,0.000009
FILLER_22_357,VGND,li1,171.1200,70.7200,0.000009
FILLER_22_345,VGND,li1,166.9800,70.7200,0.000011
FILLER_22_333,VGND,li1,161.4600,70.7200,0.000015
FILLER_22_321,VGND,li1,155.9400,70.7200,0.000017
FILLER_22_309,VGND,li1,150.4200,70.7200,0.000020
FILLER_22_307,VGND,li1,146.9700,70.7200,0.000023
FILLER_22_301,VGND,li1,145.3600,70.7200,0.000023
FILLER_22_289,VGND,li1,141.2200,70.7200,0.000025
FILLER_22_277,VGND,li1,135.7000,70.7200,0.000028
FILLER_22_265,VGND,li1,130.1800,70.7200,0.000031
FILLER_22_253,VGND,li1,124.6600,70.7200,0.000034
FILLER_22_250,VGND,li1,120.9800,70.7200,0.000036
FILLER_22_239,VGND,li1,116.1500,70.7200,0.000038
FILLER_22_203,VGND,li1,99.1300,70.7200,0.000040
FILLER_22_197,VGND,li1,97.5200,70.7200,0.000039
FILLER_22_173,VGND,li1,85.7900,70.7200,0.000035
FILLER_22_161,VGND,li1,82.3400,70.7200,0.000034
FILLER_22_138,VGND,li1,69.4600,70.7200,0.000029
FILLER_22_85,VGND,li1,45.0800,70.7200,0.000017
FILLER_22_72,VGND,li1,41.4000,70.7200,0.000015
FILLER_22_59,VGND,li1,34.5000,70.7200,0.000012
FILLER_22_49,VGND,li1,29.4400,70.7200,0.000009
FILLER_22_37,VGND,li1,25.3000,70.7200,0.000007
FILLER_22_27,VGND,li1,18.1700,70.7200,0.000006
FILLER_22_19,VGND,li1,16.1000,70.7200,0.000006
FILLER_22_11,VGND,li1,11.0400,70.7200,0.000006
FILLER_22_3,VGND,li1,8.7400,70.7200,0.000006
FILLER_21_373,VGND,li1,178.0200,70.7200,0.000005
FILLER_21_361,VGND,li1,174.3400,70.7200,0.000008
FILLER_21_349,VGND,li1,168.8200,70.7200,0.000010
FILLER_21_337,VGND,li1,163.3000,70.7200,0.000013
FILLER_21_335,VGND,li1,159.8500,70.7200,0.000016
FILLER_21_329,VGND,li1,158.2400,70.7200,0.000016
FILLER_21_317,VGND,li1,154.1000,70.7200,0.000018
FILLER_21_305,VGND,li1,148.5800,70.7200,0.000022
FILLER_21_293,VGND,li1,143.0600,70.7200,0.000024
FILLER_21_281,VGND,li1,137.5400,70.7200,0.000027
FILLER_21_277,VGND,li1,133.6300,70.7200,0.000029
FILLER_21_265,VGND,li1,130.1800,70.7200,0.000031
FILLER_21_197,VGND,li1,96.8300,70.7200,0.000039
FILLER_21_185,VGND,li1,93.3800,70.7200,0.000038
FILLER_21_175,VGND,li1,86.2500,70.7200,0.000035
FILLER_21_169,VGND,li1,84.6400,70.7200,0.000035
FILLER_21_164,VGND,li1,81.8800,70.7200,0.000034
FILLER_21_154,VGND,li1,77.0500,70.7200,0.000032
FILLER_21_146,VGND,li1,74.5200,70.7200,0.000031
FILLER_21_136,VGND,li1,68.3100,70.7200,0.000028
FILLER_21_128,VGND,li1,65.0900,70.7200,0.000027
FILLER_21_119,VGND,li1,60.4900,70.7200,0.000025
FILLER_21_113,VGND,li1,58.8800,70.7200,0.000025
FILLER_21_101,VGND,li1,53.8200,70.7200,0.000022
FILLER_21_89,VGND,li1,49.2200,70.7200,0.000020
FILLER_21_77,VGND,li1,43.7000,70.7200,0.000017
FILLER_21_69,VGND,li1,38.1800,70.7200,0.000013
FILLER_21_57,VGND,li1,34.5000,70.7200,0.000012
FILLER_21_53,VGND,li1,30.5900,70.7200,0.000009
FILLER_21_45,VGND,li1,27.1400,70.7200,0.000008
FILLER_21_33,VGND,li1,23.4600,70.7200,0.000006
FILLER_21_27,VGND,li1,18.1700,70.7200,0.000006
FILLER_21_23,VGND,li1,17.0200,70.7200,0.000006
FILLER_21_11,VGND,li1,11.2700,70.7200,0.000006
FILLER_21_3,VGND,li1,8.7400,70.7200,0.000006
FILLER_20_365,VGND,li1,176.1800,65.2800,0.000002
FILLER_20_363,VGND,li1,172.7300,65.2800,0.000002
FILLER_20_357,VGND,li1,171.1200,65.2800,0.000002
FILLER_20_345,VGND,li1,166.9800,65.2800,0.000003
FILLER_20_333,VGND,li1,161.4600,65.2800,0.000004
FILLER_20_321,VGND,li1,155.9400,65.2800,0.000005
FILLER_20_309,VGND,li1,150.4200,65.2800,0.000006
FILLER_20_307,VGND,li1,146.9700,65.2800,0.000006
FILLER_20_299,VGND,li1,144.9000,65.2800,0.000006
FILLER_20_287,VGND,li1,140.3000,65.2800,0.000007
FILLER_20_275,VGND,li1,134.7800,65.2800,0.000008
FILLER_20_253,VGND,li1,122.3600,65.2800,0.000009
FILLER_20_225,VGND,li1,109.7100,65.2800,0.000011
FILLER_20_217,VGND,li1,107.1800,65.2800,0.000011
FILLER_20_191,VGND,li1,93.6100,65.2800,0.000011
FILLER_20_187,VGND,li1,92.4600,65.2800,0.000011
FILLER_20_165,VGND,li1,81.6500,65.2800,0.000012
FILLER_20_147,VGND,li1,74.0600,65.2800,0.000011
FILLER_20_139,VGND,li1,69.6900,65.2800,0.000011
FILLER_20_105,VGND,li1,54.5100,65.2800,0.000009
FILLER_20_97,VGND,li1,51.9800,65.2800,0.000009
FILLER_20_85,VGND,li1,47.3800,65.2800,0.000008
FILLER_20_82,VGND,li1,43.7000,65.2800,0.000008
FILLER_20_65,VGND,li1,36.1100,65.2800,0.000006
FILLER_20_37,VGND,li1,23.0000,65.2800,0.000004
FILLER_20_24,VGND,li1,16.7900,65.2800,0.000005
FILLER_19_373,VGND,li1,178.0200,65.2800,0.000001
FILLER_19_361,VGND,li1,174.3400,65.2800,0.000002
FILLER_19_349,VGND,li1,168.8200,65.2800,0.000003
FILLER_19_337,VGND,li1,163.3000,65.2800,0.000004
FILLER_19_335,VGND,li1,159.8500,65.2800,0.000004
FILLER_19_329,VGND,li1,158.2400,65.2800,0.000004
FILLER_19_317,VGND,li1,154.1000,65.2800,0.000005
FILLER_19_305,VGND,li1,148.5800,65.2800,0.000006
FILLER_19_293,VGND,li1,143.0600,65.2800,0.000007
FILLER_19_281,VGND,li1,137.5400,65.2800,0.000007
FILLER_19_268,VGND,li1,131.5600,65.2800,0.000008
FILLER_19_249,VGND,li1,120.2900,65.2800,0.000010
FILLER_19_243,VGND,li1,118.6800,65.2800,0.000010
FILLER_19_231,VGND,li1,112.7000,65.2800,0.000010
FILLER_19_225,VGND,li1,109.2500,65.2800,0.000011
FILLER_19_223,VGND,li1,108.3300,65.2800,0.000011
FILLER_19_215,VGND,li1,106.2600,65.2800,0.000011
FILLER_19_203,VGND,li1,101.6600,65.2800,0.000011
FILLER_19_193,VGND,li1,94.5300,65.2800,0.000011
FILLER_19_187,VGND,li1,92.9200,65.2800,0.000011
FILLER_19_175,VGND,li1,88.7800,65.2800,0.000012
FILLER_19_164,VGND,li1,81.8800,65.2800,0.000012
FILLER_19_129,VGND,li1,65.5500,65.2800,0.000011
FILLER_19_117,VGND,li1,62.1000,65.2800,0.000010
FILLER_19_106,VGND,li1,55.6600,65.2800,0.000009
FILLER_19_94,VGND,li1,51.5200,65.2800,0.000009
FILLER_19_73,VGND,li1,39.3300,65.2800,0.000007
FILLER_19_62,VGND,li1,34.2700,65.2800,0.000006
FILLER_19_52,VGND,li1,29.6700,65.2800,0.000005
FILLER_19_43,VGND,li1,25.5300,65.2800,0.000004
FILLER_19_18,VGND,li1,14.7200,65.2800,0.000005
FILLER_19_6,VGND,li1,11.0400,65.2800,0.000005
FILLER_18_365,VGND,li1,176.1800,59.8400,0.000002
FILLER_18_361,VGND,li1,172.2700,59.8400,0.000003
FILLER_18_353,VGND,li1,169.7400,59.8400,0.000004
FILLER_18_341,VGND,li1,165.1400,59.8400,0.000005
FILLER_18_329,VGND,li1,159.6200,59.8400,0.000006
FILLER_18_293,VGND,li1,142.1400,59.8400,0.000009
FILLER_18_281,VGND,li1,137.5400,59.8400,0.000009
FILLER_18_269,VGND,li1,132.0200,59.8400,0.000010
FILLER_18_246,VGND,li1,118.9100,59.8400,0.000012
FILLER_18_240,VGND,li1,117.3000,59.8400,0.000012
FILLER_18_217,VGND,li1,106.0300,59.8400,0.000012
FILLER_18_209,VGND,li1,103.5000,59.8400,0.000012
FILLER_18_197,VGND,li1,98.9000,59.8400,0.000012
FILLER_18_188,VGND,li1,93.8400,59.8400,0.000011
FILLER_18_163,VGND,li1,83.2600,59.8400,0.000010
FILLER_18_155,VGND,li1,77.0500,59.8400,0.000009
FILLER_18_139,VGND,li1,69.6900,59.8400,0.000009
FILLER_18_133,VGND,li1,68.0800,59.8400,0.000009
FILLER_18_121,VGND,li1,63.9400,59.8400,0.000008
FILLER_18_109,VGND,li1,58.4200,59.8400,0.000007
FILLER_18_89,VGND,li1,46.6900,59.8400,0.000006
FILLER_18_85,VGND,li1,45.5400,59.8400,0.000006
FILLER_18_82,VGND,li1,43.7000,59.8400,0.000005
FILLER_18_70,VGND,li1,40.4800,59.8400,0.000005
FILLER_18_63,VGND,li1,35.4200,59.8400,0.000004
FILLER_18_51,VGND,li1,31.7400,59.8400,0.000004
FILLER_18_45,VGND,li1,26.4500,59.8400,0.000003
FILLER_18_41,VGND,li1,25.3000,59.8400,0.000003
FILLER_18_29,VGND,li1,21.6200,59.8400,0.000003
FILLER_18_27,VGND,li1,18.1700,59.8400,0.000003
FILLER_18_15,VGND,li1,15.1800,59.8400,0.000003
FILLER_18_3,VGND,li1,9.6600,59.8400,0.000003
FILLER_17_373,VGND,li1,178.0200,59.8400,0.000002
FILLER_17_361,VGND,li1,174.3400,59.8400,0.000003
FILLER_17_349,VGND,li1,168.8200,59.8400,0.000004
FILLER_17_337,VGND,li1,163.3000,59.8400,0.000005
FILLER_17_332,VGND,li1,159.1600,59.8400,0.000006
FILLER_17_310,VGND,li1,148.8100,59.8400,0.000008
FILLER_17_293,VGND,li1,141.6800,59.8400,0.000009
FILLER_17_281,VGND,li1,137.5400,59.8400,0.000009
FILLER_17_272,VGND,li1,132.4800,59.8400,0.000010
FILLER_17_225,VGND,li1,109.2500,59.8400,0.000012
FILLER_17_223,VGND,li1,108.3300,59.8400,0.000012
FILLER_17_191,VGND,li1,95.2200,59.8400,0.000011
FILLER_17_176,VGND,li1,86.7100,59.8400,0.000010
FILLER_17_165,VGND,li1,82.1100,59.8400,0.000010
FILLER_17_152,VGND,li1,76.1300,59.8400,0.000009
FILLER_17_140,VGND,li1,70.8400,59.8400,0.000009
FILLER_17_119,VGND,li1,60.4900,59.8400,0.000008
FILLER_17_113,VGND,li1,58.8800,59.8400,0.000008
FILLER_17_111,VGND,li1,56.8100,59.8400,0.000007
FILLER_17_105,VGND,li1,55.2000,59.8400,0.000007
FILLER_17_93,VGND,li1,51.0600,59.8400,0.000007
FILLER_17_80,VGND,li1,43.0100,59.8400,0.000005
FILLER_17_72,VGND,li1,40.4800,59.8400,0.000005
FILLER_17_57,VGND,li1,33.5800,59.8400,0.000004
FILLER_17_55,VGND,li1,31.0500,59.8400,0.000003
FILLER_17_51,VGND,li1,29.9000,59.8400,0.000003
FILLER_17_42,VGND,li1,25.5300,59.8400,0.000003
FILLER_16_365,VGND,li1,176.1800,54.4000,0.000005
FILLER_16_361,VGND,li1,172.2700,54.4000,0.000007
FILLER_16_349,VGND,li1,168.8200,54.4000,0.000008
FILLER_16_337,VGND,li1,163.3000,54.4000,0.000011
FILLER_16_309,VGND,li1,148.5800,54.4000,0.000015
FILLER_16_282,VGND,li1,135.9300,54.4000,0.000016
FILLER_16_274,VGND,li1,133.4000,54.4000,0.000016
FILLER_16_253,VGND,li1,122.1300,54.4000,0.000015
FILLER_16_248,VGND,li1,120.5200,54.4000,0.000015
FILLER_16_236,VGND,li1,115.0000,54.4000,0.000015
FILLER_16_230,VGND,li1,111.5500,54.4000,0.000014
FILLER_16_226,VGND,li1,110.4000,54.4000,0.000014
FILLER_16_212,VGND,li1,103.7300,54.4000,0.000014
FILLER_16_203,VGND,li1,99.1300,54.4000,0.000013
FILLER_16_197,VGND,li1,97.5200,54.4000,0.000013
FILLER_16_195,VGND,li1,95.4500,54.4000,0.000013
FILLER_16_187,VGND,li1,93.3800,54.4000,0.000013
FILLER_16_167,VGND,li1,85.1000,54.4000,0.000012
FILLER_16_145,VGND,li1,72.4500,54.4000,0.000011
FILLER_16_141,VGND,li1,71.3000,54.4000,0.000011
FILLER_16_139,VGND,li1,69.6900,54.4000,0.000011
FILLER_16_133,VGND,li1,68.0800,54.4000,0.000011
FILLER_16_129,VGND,li1,65.0900,54.4000,0.000011
FILLER_16_123,VGND,li1,63.4800,54.4000,0.000010
FILLER_16_97,VGND,li1,50.6000,54.4000,0.000009
FILLER_16_85,VGND,li1,47.3800,54.4000,0.000008
FILLER_16_72,VGND,li1,41.4000,54.4000,0.000007
FILLER_16_67,VGND,li1,36.8000,54.4000,0.000007
FILLER_16_55,VGND,li1,33.5800,54.4000,0.000006
FILLER_16_37,VGND,li1,23.2300,54.4000,0.000006
FILLER_16_27,VGND,li1,18.1700,54.4000,0.000008
FILLER_16_9,VGND,li1,9.8900,54.4000,0.000009
FILLER_16_3,VGND,li1,8.2800,54.4000,0.000009
FILLER_15_374,VGND,li1,178.2500,54.4000,0.000004
FILLER_15_366,VGND,li1,175.7200,54.4000,0.000005
FILLER_15_354,VGND,li1,171.1200,54.4000,0.000007
FILLER_15_342,VGND,li1,165.6000,54.4000,0.000009
FILLER_15_335,VGND,li1,159.8500,54.4000,0.000011
FILLER_15_323,VGND,li1,155.0200,54.4000,0.000013
FILLER_15_293,VGND,li1,141.6800,54.4000,0.000016
FILLER_15_281,VGND,li1,137.5400,54.4000,0.000016
FILLER_15_279,VGND,li1,134.0900,54.4000,0.000016
FILLER_15_267,VGND,li1,131.1000,54.4000,0.000016
FILLER_15_255,VGND,li1,125.5800,54.4000,0.000015
FILLER_15_243,VGND,li1,120.0600,54.4000,0.000015
FILLER_15_230,VGND,li1,111.7800,54.4000,0.000014
FILLER_15_222,VGND,li1,108.1000,54.4000,0.000014
FILLER_15_210,VGND,li1,102.5800,54.4000,0.000014
FILLER_15_205,VGND,li1,100.0500,54.4000,0.000013
FILLER_15_193,VGND,li1,97.0600,54.4000,0.000013
FILLER_15_177,VGND,li1,87.8600,54.4000,0.000012
FILLER_15_169,VGND,li1,83.4900,54.4000,0.000012
FILLER_15_166,VGND,li1,82.3400,54.4000,0.000012
FILLER_15_155,VGND,li1,77.0500,54.4000,0.000012
FILLER_15_123,VGND,li1,63.0200,54.4000,0.000010
FILLER_15_113,VGND,li1,57.9600,54.4000,0.000010
FILLER_15_106,VGND,li1,55.6600,54.4000,0.000009
FILLER_15_86,VGND,li1,45.3100,54.4000,0.000008
FILLER_15_80,VGND,li1,43.7000,54.4000,0.000008
FILLER_15_38,VGND,li1,23.6900,54.4000,0.000006
FILLER_14_365,VGND,li1,176.1800,48.9600,0.000003
FILLER_14_352,VGND,li1,170.2000,48.9600,0.000004
FILLER_14_340,VGND,li1,164.6800,48.9600,0.000005
FILLER_14_309,VGND,li1,148.5800,48.9600,0.000008
FILLER_14_305,VGND,li1,146.5100,48.9600,0.000008
FILLER_14_297,VGND,li1,142.8300,48.9600,0.000009
FILLER_14_269,VGND,li1,129.4900,48.9600,0.000010
FILLER_14_257,VGND,li1,126.5000,48.9600,0.000010
FILLER_14_250,VGND,li1,120.9800,48.9600,0.000010
FILLER_14_236,VGND,li1,115.4600,48.9600,0.000010
FILLER_14_226,VGND,li1,110.1700,48.9600,0.000010
FILLER_14_194,VGND,li1,95.2200,48.9600,0.000010
FILLER_14_182,VGND,li1,92.0000,48.9600,0.000010
FILLER_14_163,VGND,li1,82.3400,48.9600,0.000009
FILLER_14_159,VGND,li1,78.8900,48.9600,0.000008
FILLER_14_153,VGND,li1,77.2800,48.9600,0.000008
FILLER_14_141,VGND,li1,73.1400,48.9600,0.000008
FILLER_14_136,VGND,li1,69.0000,48.9600,0.000007
FILLER_14_127,VGND,li1,65.3200,48.9600,0.000007
FILLER_14_120,VGND,li1,60.9500,48.9600,0.000006
FILLER_14_108,VGND,li1,57.9600,48.9600,0.000006
FILLER_14_92,VGND,li1,49.6800,48.9600,0.000005
FILLER_14_82,VGND,li1,43.7000,48.9600,0.000004
FILLER_14_74,VGND,li1,41.4000,48.9600,0.000004
FILLER_14_64,VGND,li1,35.6500,48.9600,0.000003
FILLER_14_56,VGND,li1,33.1200,48.9600,0.000003
FILLER_14_43,VGND,li1,25.5300,48.9600,0.000001
FILLER_14_29,VGND,li1,19.3200,48.9600,0.000002
FILLER_14_19,VGND,li1,14.7200,48.9600,0.000002
FILLER_14_11,VGND,li1,11.0400,48.9600,0.000002
FILLER_14_3,VGND,li1,8.7400,48.9600,0.000002
FILLER_13_373,VGND,li1,178.0200,48.9600,0.000002
FILLER_13_361,VGND,li1,174.3400,48.9600,0.000003
FILLER_13_349,VGND,li1,168.8200,48.9600,0.000004
FILLER_13_337,VGND,li1,163.3000,48.9600,0.000005
FILLER_13_335,VGND,li1,159.8500,48.9600,0.000006
FILLER_13_319,VGND,li1,154.1000,48.9600,0.000007
FILLER_13_298,VGND,li1,142.8300,48.9600,0.000009
FILLER_13_292,VGND,li1,141.2200,48.9600,0.000009
FILLER_13_281,VGND,li1,135.4700,48.9600,0.000009
FILLER_13_277,VGND,li1,133.6300,48.9600,0.000009
FILLER_13_273,VGND,li1,131.3300,48.9600,0.000010
FILLER_13_265,VGND,li1,129.2600,48.9600,0.000010
FILLER_13_221,VGND,li1,107.8700,48.9600,0.000010
FILLER_13_206,VGND,li1,100.5100,48.9600,0.000010
FILLER_13_202,VGND,li1,99.3600,48.9600,0.000010
FILLER_13_190,VGND,li1,95.6800,48.9600,0.000010
FILLER_13_178,VGND,li1,90.1600,48.9600,0.000009
FILLER_13_160,VGND,li1,80.9600,48.9600,0.000009
FILLER_13_138,VGND,li1,69.2300,48.9600,0.000008
FILLER_13_134,VGND,li1,68.0800,48.9600,0.000007
FILLER_13_122,VGND,li1,64.4000,48.9600,0.000007
FILLER_13_104,VGND,li1,55.2000,48.9600,0.000006
FILLER_13_92,VGND,li1,50.6000,48.9600,0.000005
FILLER_13_80,VGND,li1,45.0800,48.9600,0.000004
FILLER_13_69,VGND,li1,37.9500,48.9600,0.000003
FILLER_13_57,VGND,li1,34.5000,48.9600,0.000003
FILLER_13_55,VGND,li1,31.0500,48.9600,0.000002
FILLER_13_50,VGND,li1,28.7500,48.9600,0.000002
FILLER_13_46,VGND,li1,27.6000,48.9600,0.000002
FILLER_13_34,VGND,li1,23.9200,48.9600,0.000001
FILLER_13_29,VGND,li1,19.3200,48.9600,0.000002
FILLER_13_19,VGND,li1,14.4900,48.9600,0.000002
FILLER_13_15,VGND,li1,13.3400,48.9600,0.000002
FILLER_13_3,VGND,li1,9.6600,48.9600,0.000002
FILLER_12_365,VGND,li1,176.1800,43.5200,0.000005
FILLER_12_358,VGND,li1,171.5800,43.5200,0.000006
FILLER_12_346,VGND,li1,167.4400,43.5200,0.000007
FILLER_12_332,VGND,li1,160.0800,43.5200,0.000010
FILLER_12_320,VGND,li1,155.4800,43.5200,0.000011
FILLER_12_279,VGND,li1,134.0900,43.5200,0.000018
FILLER_12_253,VGND,li1,123.2800,43.5200,0.000020
FILLER_12_248,VGND,li1,120.5200,43.5200,0.000020
FILLER_12_238,VGND,li1,115.4600,43.5200,0.000020
FILLER_12_226,VGND,li1,110.1700,43.5200,0.000020
FILLER_12_218,VGND,li1,107.6400,43.5200,0.000019
FILLER_12_211,VGND,li1,103.2700,43.5200,0.000019
FILLER_12_197,VGND,li1,96.8300,43.5200,0.000019
FILLER_12_153,VGND,li1,76.5900,43.5200,0.000016
FILLER_12_141,VGND,li1,73.1400,43.5200,0.000015
FILLER_12_136,VGND,li1,69.0000,43.5200,0.000015
FILLER_12_124,VGND,li1,65.3200,43.5200,0.000013
FILLER_12_112,VGND,li1,59.8000,43.5200,0.000012
FILLER_12_105,VGND,li1,54.0500,43.5200,0.000011
FILLER_12_97,VGND,li1,51.9800,43.5200,0.000010
FILLER_12_85,VGND,li1,47.3800,43.5200,0.000009
FILLER_12_76,VGND,li1,42.3200,43.5200,0.000008
FILLER_12_70,VGND,li1,37.9500,43.5200,0.000007
FILLER_12_66,VGND,li1,36.8000,43.5200,0.000007
FILLER_12_46,VGND,li1,26.9100,43.5200,0.000004
FILLER_12_42,VGND,li1,25.7600,43.5200,0.000004
FILLER_12_26,VGND,li1,17.9400,43.5200,0.000004
FILLER_11_375,VGND,li1,178.4800,43.5200,0.000003
FILLER_11_363,VGND,li1,175.2600,43.5200,0.000005
FILLER_11_341,VGND,li1,162.6100,43.5200,0.000009
FILLER_11_337,VGND,li1,161.4600,43.5200,0.000010
FILLER_11_313,VGND,li1,149.9600,43.5200,0.000013
FILLER_11_306,VGND,li1,146.7400,43.5200,0.000014
FILLER_11_292,VGND,li1,140.5300,43.5200,0.000016
FILLER_11_277,VGND,li1,133.6300,43.5200,0.000018
FILLER_11_271,VGND,li1,130.4100,43.5200,0.000019
FILLER_11_263,VGND,li1,128.3400,43.5200,0.000019
FILLER_11_250,VGND,li1,120.9800,43.5200,0.000020
FILLER_11_242,VGND,li1,118.6800,43.5200,0.000020
FILLER_11_230,VGND,li1,114.0800,43.5200,0.000020
FILLER_11_212,VGND,li1,105.8000,43.5200,0.000019
FILLER_11_193,VGND,li1,95.2200,43.5200,0.000019
FILLER_11_181,VGND,li1,91.5400,43.5200,0.000018
FILLER_11_169,VGND,li1,86.0200,43.5200,0.000018
FILLER_11_164,VGND,li1,81.8800,43.5200,0.000017
FILLER_11_135,VGND,li1,67.8500,43.5200,0.000014
FILLER_11_129,VGND,li1,66.2400,43.5200,0.000014
FILLER_11_113,VGND,li1,57.9600,43.5200,0.000012
FILLER_11_111,VGND,li1,56.8100,43.5200,0.000011
FILLER_11_104,VGND,li1,53.8200,43.5200,0.000011
FILLER_11_82,VGND,li1,43.7000,43.5200,0.000008
FILLER_11_69,VGND,li1,39.1000,43.5200,0.000007
FILLER_11_57,VGND,li1,34.5000,43.5200,0.000006
FILLER_11_54,VGND,li1,30.8200,43.5200,0.000005
FILLER_11_45,VGND,li1,27.6000,43.5200,0.000005
FILLER_11_11,VGND,li1,11.0400,43.5200,0.000004
FILLER_11_3,VGND,li1,8.7400,43.5200,0.000004
FILLER_10_365,VGND,li1,176.1800,38.0800,0.000009
FILLER_10_362,VGND,li1,172.5000,38.0800,0.000011
FILLER_10_350,VGND,li1,169.2800,38.0800,0.000014
FILLER_10_338,VGND,li1,163.7600,38.0800,0.000018
FILLER_10_329,VGND,li1,157.0900,38.0800,0.000023
FILLER_10_321,VGND,li1,153.4100,38.0800,0.000026
FILLER_10_309,VGND,li1,150.4200,38.0800,0.000028
FILLER_10_305,VGND,li1,146.5100,38.0800,0.000031
FILLER_10_249,VGND,li1,120.7500,38.0800,0.000046
FILLER_10_237,VGND,li1,115.4600,38.0800,0.000047
FILLER_10_203,VGND,li1,99.1300,38.0800,0.000048
FILLER_10_197,VGND,li1,96.3700,38.0800,0.000047
FILLER_10_187,VGND,li1,92.4600,38.0800,0.000047
FILLER_10_175,VGND,li1,88.7800,38.0800,0.000045
FILLER_10_154,VGND,li1,77.2800,38.0800,0.000042
FILLER_10_141,VGND,li1,70.8400,38.0800,0.000039
FILLER_10_113,VGND,li1,57.9600,38.0800,0.000030
FILLER_10_85,VGND,li1,47.3800,38.0800,0.000023
FILLER_10_80,VGND,li1,43.2400,38.0800,0.000019
FILLER_10_65,VGND,li1,38.1800,38.0800,0.000017
FILLER_10_53,VGND,li1,32.6600,38.0800,0.000012
FILLER_10_41,VGND,li1,27.1400,38.0800,0.000009
FILLER_10_29,VGND,li1,21.6200,38.0800,0.000007
FILLER_10_27,VGND,li1,18.1700,38.0800,0.000007
FILLER_10_15,VGND,li1,15.1800,38.0800,0.000007
FILLER_10_3,VGND,li1,9.6600,38.0800,0.000007
FILLER_9_373,VGND,li1,178.0200,38.0800,0.000007
FILLER_9_361,VGND,li1,174.3400,38.0800,0.000010
FILLER_9_349,VGND,li1,168.8200,38.0800,0.000014
FILLER_9_337,VGND,li1,163.3000,38.0800,0.000018
FILLER_9_333,VGND,li1,159.3900,38.0800,0.000021
FILLER_9_321,VGND,li1,155.9400,38.0800,0.000024
FILLER_9_309,VGND,li1,150.4200,38.0800,0.000028
FILLER_9_297,VGND,li1,144.9000,38.0800,0.000033
FILLER_9_285,VGND,li1,139.3800,38.0800,0.000036
FILLER_9_278,VGND,li1,133.8600,38.0800,0.000040
FILLER_9_237,VGND,li1,114.7700,38.0800,0.000047
FILLER_9_233,VGND,li1,113.6200,38.0800,0.000047
FILLER_9_223,VGND,li1,108.3300,38.0800,0.000048
FILLER_9_217,VGND,li1,106.7200,38.0800,0.000048
FILLER_9_185,VGND,li1,90.8500,38.0800,0.000046
FILLER_9_137,VGND,li1,69.4600,38.0800,0.000038
FILLER_9_125,VGND,li1,65.7800,38.0800,0.000035
FILLER_9_113,VGND,li1,60.2600,38.0800,0.000031
FILLER_9_111,VGND,li1,56.8100,38.0800,0.000030
FILLER_9_105,VGND,li1,55.2000,38.0800,0.000028
FILLER_9_90,VGND,li1,49.6800,38.0800,0.000025
FILLER_9_48,VGND,li1,29.4400,38.0800,0.000011
FILLER_9_39,VGND,li1,24.8400,38.0800,0.000007
FILLER_9_27,VGND,li1,20.7000,38.0800,0.000007
FILLER_9_15,VGND,li1,15.1800,38.0800,0.000007
FILLER_9_3,VGND,li1,9.6600,38.0800,0.000007
FILLER_8_365,VGND,li1,176.1800,32.6400,0.000002
FILLER_8_362,VGND,li1,172.5000,32.6400,0.000003
FILLER_8_354,VGND,li1,170.2000,32.6400,0.000003
FILLER_8_342,VGND,li1,165.6000,32.6400,0.000004
FILLER_8_321,VGND,li1,153.4100,32.6400,0.000006
FILLER_8_315,VGND,li1,151.8000,32.6400,0.000006
FILLER_8_304,VGND,li1,145.5900,32.6400,0.000007
FILLER_8_299,VGND,li1,143.5200,32.6400,0.000007
FILLER_8_291,VGND,li1,141.2200,32.6400,0.000008
FILLER_8_279,VGND,li1,136.6200,32.6400,0.000008
FILLER_8_268,VGND,li1,129.4900,32.6400,0.000008
FILLER_8_250,VGND,li1,120.9800,32.6400,0.000009
FILLER_8_231,VGND,li1,112.7000,32.6400,0.000010
FILLER_8_219,VGND,li1,109.0200,32.6400,0.000010
FILLER_8_195,VGND,li1,95.4500,32.6400,0.000011
FILLER_8_183,VGND,li1,92.4600,32.6400,0.000011
FILLER_8_161,VGND,li1,80.0400,32.6400,0.000011
FILLER_8_153,VGND,li1,77.7400,32.6400,0.000011
FILLER_8_141,VGND,li1,73.1400,32.6400,0.000011
FILLER_8_132,VGND,li1,68.0800,32.6400,0.000011
FILLER_8_120,VGND,li1,63.4800,32.6400,0.000011
FILLER_8_108,VGND,li1,57.9600,32.6400,0.000011
FILLER_8_83,VGND,li1,43.9300,32.6400,0.000010
FILLER_8_73,VGND,li1,39.3300,32.6400,0.000009
FILLER_8_60,VGND,li1,34.0400,32.6400,0.000009
FILLER_8_27,VGND,li1,18.1700,32.6400,0.000005
FILLER_8_15,VGND,li1,15.1800,32.6400,0.000005
FILLER_8_3,VGND,li1,9.6600,32.6400,0.000005
FILLER_7_374,VGND,li1,178.2500,32.6400,0.000002
FILLER_7_362,VGND,li1,174.8000,32.6400,0.000002
FILLER_7_350,VGND,li1,169.2800,32.6400,0.000003
FILLER_7_332,VGND,li1,159.1600,32.6400,0.000005
FILLER_7_292,VGND,li1,140.0700,32.6400,0.000008
FILLER_7_288,VGND,li1,138.9200,32.6400,0.000008
FILLER_7_281,VGND,li1,135.0100,32.6400,0.000008
FILLER_7_278,VGND,li1,133.8600,32.6400,0.000008
FILLER_7_266,VGND,li1,130.6400,32.6400,0.000008
FILLER_7_250,VGND,li1,121.2100,32.6400,0.000009
FILLER_7_240,VGND,li1,116.1500,32.6400,0.000009
FILLER_7_236,VGND,li1,115.0000,32.6400,0.000009
FILLER_7_225,VGND,li1,110.4000,32.6400,0.000010
FILLER_7_222,VGND,li1,108.1000,32.6400,0.000010
FILLER_7_214,VGND,li1,105.8000,32.6400,0.000010
FILLER_7_206,VGND,li1,100.5100,32.6400,0.000010
FILLER_7_194,VGND,li1,97.5200,32.6400,0.000011
FILLER_7_182,VGND,li1,92.0000,32.6400,0.000011
FILLER_7_166,VGND,li1,82.3400,32.6400,0.000011
FILLER_7_158,VGND,li1,80.0400,32.6400,0.000011
FILLER_7_129,VGND,li1,65.0900,32.6400,0.000011
FILLER_7_121,VGND,li1,63.0200,32.6400,0.000011
FILLER_7_103,VGND,li1,53.8200,32.6400,0.000011
FILLER_7_93,VGND,li1,48.7600,32.6400,0.000010
FILLER_7_85,VGND,li1,46.4600,32.6400,0.000010
FILLER_7_68,VGND,li1,37.0300,32.6400,0.000009
FILLER_7_53,VGND,li1,30.5900,32.6400,0.000007
FILLER_7_35,VGND,li1,22.0800,32.6400,0.000005
FILLER_7_27,VGND,li1,19.7800,32.6400,0.000005
FILLER_7_15,VGND,li1,15.1800,32.6400,0.000005
FILLER_7_3,VGND,li1,9.6600,32.6400,0.000005
FILLER_6_365,VGND,li1,176.1800,27.2000,0.000006
FILLER_6_356,VGND,li1,171.1200,27.2000,0.000008
FILLER_6_344,VGND,li1,166.5200,27.2000,0.000010
FILLER_6_323,VGND,li1,154.3300,27.2000,0.000016
FILLER_6_288,VGND,li1,139.8400,27.2000,0.000019
FILLER_6_251,VGND,li1,121.2100,27.2000,0.000021
FILLER_6_234,VGND,li1,113.8500,27.2000,0.000021
FILLER_6_197,VGND,li1,96.8300,27.2000,0.000020
FILLER_6_190,VGND,li1,93.1500,27.2000,0.000019
FILLER_6_186,VGND,li1,92.0000,27.2000,0.000019
FILLER_6_171,VGND,li1,84.4100,27.2000,0.000017
FILLER_6_167,VGND,li1,83.2600,27.2000,0.000017
FILLER_6_153,VGND,li1,77.2800,27.2000,0.000016
FILLER_6_141,VGND,li1,73.1400,27.2000,0.000015
FILLER_6_138,VGND,li1,69.4600,27.2000,0.000014
FILLER_6_115,VGND,li1,58.6500,27.2000,0.000012
FILLER_6_107,VGND,li1,56.5800,27.2000,0.000011
FILLER_6_98,VGND,li1,50.8300,27.2000,0.000010
FILLER_6_85,VGND,li1,46.0000,27.2000,0.000009
FILLER_6_82,VGND,li1,43.7000,27.2000,0.000008
FILLER_6_74,VGND,li1,41.4000,27.2000,0.000008
FILLER_6_63,VGND,li1,36.3400,27.2000,0.000007
FILLER_6_52,VGND,li1,30.3600,27.2000,0.000005
FILLER_6_27,VGND,li1,18.1700,27.2000,0.000003
FILLER_6_15,VGND,li1,15.1800,27.2000,0.000003
FILLER_6_3,VGND,li1,9.6600,27.2000,0.000003
FILLER_5_373,VGND,li1,178.0200,27.2000,0.000005
FILLER_5_361,VGND,li1,174.3400,27.2000,0.000007
FILLER_5_349,VGND,li1,168.8200,27.2000,0.000009
FILLER_5_337,VGND,li1,163.3000,27.2000,0.000012
FILLER_5_328,VGND,li1,158.2400,27.2000,0.000014
FILLER_5_316,VGND,li1,153.6400,27.2000,0.000016
FILLER_5_305,VGND,li1,146.7400,27.2000,0.000019
FILLER_5_293,VGND,li1,143.0600,27.2000,0.000019
FILLER_5_271,VGND,li1,131.5600,27.2000,0.000020
FILLER_5_223,VGND,li1,108.3300,27.2000,0.000021
FILLER_5_219,VGND,li1,106.4900,27.2000,0.000020
FILLER_5_203,VGND,li1,99.1300,27.2000,0.000020
FILLER_5_146,VGND,li1,73.1400,27.2000,0.000015
FILLER_5_138,VGND,li1,70.8400,27.2000,0.000014
FILLER_5_126,VGND,li1,66.2400,27.2000,0.000014
FILLER_5_116,VGND,li1,59.8000,27.2000,0.000012
FILLER_5_111,VGND,li1,56.8100,27.2000,0.000011
FILLER_5_100,VGND,li1,52.4400,27.2000,0.000010
FILLER_5_91,VGND,li1,47.6100,27.2000,0.000009
FILLER_5_85,VGND,li1,46.0000,27.2000,0.000009
FILLER_5_69,VGND,li1,37.4900,27.2000,0.000007
FILLER_5_57,VGND,li1,34.5000,27.2000,0.000006
FILLER_5_54,VGND,li1,30.8200,27.2000,0.000005
FILLER_5_39,VGND,li1,23.9200,27.2000,0.000003
FILLER_5_27,VGND,li1,20.7000,27.2000,0.000003
FILLER_5_15,VGND,li1,15.1800,27.2000,0.000003
FILLER_5_3,VGND,li1,9.6600,27.2000,0.000003
FILLER_4_365,VGND,li1,176.1800,21.7600,0.000002
FILLER_4_362,VGND,li1,172.5000,21.7600,0.000002
FILLER_4_354,VGND,li1,170.2000,21.7600,0.000003
FILLER_4_342,VGND,li1,165.6000,21.7600,0.000004
FILLER_4_330,VGND,li1,160.0800,21.7600,0.000005
FILLER_4_303,VGND,li1,145.3600,21.7600,0.000006
FILLER_4_277,VGND,li1,133.1700,21.7600,0.000007
FILLER_4_265,VGND,li1,130.1800,21.7600,0.000007
FILLER_4_253,VGND,li1,124.6600,21.7600,0.000008
FILLER_4_251,VGND,li1,121.2100,21.7600,0.000008
FILLER_4_243,VGND,li1,119.1400,21.7600,0.000008
FILLER_4_235,VGND,li1,114.0800,21.7600,0.000008
FILLER_4_224,VGND,li1,109.2500,21.7600,0.000008
FILLER_4_220,VGND,li1,106.9500,21.7600,0.000008
FILLER_4_216,VGND,li1,105.8000,21.7600,0.000008
FILLER_4_205,VGND,li1,100.7400,21.7600,0.000009
FILLER_4_195,VGND,li1,95.4500,21.7600,0.000009
FILLER_4_186,VGND,li1,91.3100,21.7600,0.000009
FILLER_4_178,VGND,li1,89.2400,21.7600,0.000009
FILLER_4_161,VGND,li1,80.0400,21.7600,0.000009
FILLER_4_117,VGND,li1,60.0300,21.7600,0.000009
FILLER_4_105,VGND,li1,56.5800,21.7600,0.000009
FILLER_4_82,VGND,li1,43.7000,21.7600,0.000007
FILLER_4_74,VGND,li1,41.4000,21.7600,0.000007
FILLER_4_62,VGND,li1,36.8000,21.7600,0.000006
FILLER_4_29,VGND,li1,19.7800,21.7600,0.000003
FILLER_4_27,VGND,li1,18.1700,21.7600,0.000003
FILLER_4_15,VGND,li1,15.1800,21.7600,0.000003
FILLER_4_3,VGND,li1,9.6600,21.7600,0.000003
FILLER_3_373,VGND,li1,178.0200,21.7600,0.000002
FILLER_3_361,VGND,li1,174.3400,21.7600,0.000002
FILLER_3_349,VGND,li1,168.8200,21.7600,0.000003
FILLER_3_337,VGND,li1,163.3000,21.7600,0.000004
FILLER_3_333,VGND,li1,159.3900,21.7600,0.000005
FILLER_3_325,VGND,li1,156.8600,21.7600,0.000005
FILLER_3_314,VGND,li1,150.6500,21.7600,0.000006
FILLER_3_302,VGND,li1,147.2000,21.7600,0.000006
FILLER_3_288,VGND,li1,139.8400,21.7600,0.000007
FILLER_3_279,VGND,li1,134.0900,21.7600,0.000007
FILLER_3_269,VGND,li1,129.7200,21.7600,0.000007
FILLER_3_261,VGND,li1,127.4200,21.7600,0.000007
FILLER_3_249,VGND,li1,122.8200,21.7600,0.000008
FILLER_3_237,VGND,li1,117.3000,21.7600,0.000008
FILLER_3_225,VGND,li1,111.7800,21.7600,0.000008
FILLER_3_223,VGND,li1,108.3300,21.7600,0.000008
FILLER_3_217,VGND,li1,106.7200,21.7600,0.000008
FILLER_3_205,VGND,li1,102.5800,21.7600,0.000008
FILLER_3_195,VGND,li1,95.9100,21.7600,0.000009
FILLER_3_187,VGND,li1,93.3800,21.7600,0.000009
FILLER_3_175,VGND,li1,88.7800,21.7600,0.000009
FILLER_3_165,VGND,li1,82.1100,21.7600,0.000009
FILLER_3_159,VGND,li1,79.1200,21.7600,0.000009
FILLER_3_147,VGND,li1,75.9000,21.7600,0.000010
FILLER_3_137,VGND,li1,69.0000,21.7600,0.000010
FILLER_3_125,VGND,li1,65.7800,21.7600,0.000009
FILLER_3_113,VGND,li1,60.2600,21.7600,0.000009
FILLER_3_100,VGND,li1,54.2800,21.7600,0.000009
FILLER_3_55,VGND,li1,31.0500,21.7600,0.000004
FILLER_3_51,VGND,li1,29.9000,21.7600,0.000004
FILLER_3_39,VGND,li1,26.2200,21.7600,0.000003
FILLER_3_27,VGND,li1,20.7000,21.7600,0.000003
FILLER_3_15,VGND,li1,15.1800,21.7600,0.000003
FILLER_3_3,VGND,li1,9.6600,21.7600,0.000003
FILLER_2_365,VGND,li1,176.1800,16.3200,0.000001
FILLER_2_363,VGND,li1,172.7300,16.3200,0.000001
FILLER_2_357,VGND,li1,171.1200,16.3200,0.000001
FILLER_2_345,VGND,li1,166.9800,16.3200,0.000001
FILLER_2_333,VGND,li1,161.4600,16.3200,0.000002
FILLER_2_321,VGND,li1,155.9400,16.3200,0.000002
FILLER_2_309,VGND,li1,150.4200,16.3200,0.000003
FILLER_2_307,VGND,li1,146.9700,16.3200,0.000003
FILLER_2_299,VGND,li1,144.9000,16.3200,0.000003
FILLER_2_287,VGND,li1,140.3000,16.3200,0.000003
FILLER_2_265,VGND,li1,127.8800,16.3200,0.000004
FILLER_2_253,VGND,li1,124.6600,16.3200,0.000004
FILLER_2_251,VGND,li1,121.2100,16.3200,0.000004
FILLER_2_243,VGND,li1,119.1400,16.3200,0.000004
FILLER_2_231,VGND,li1,114.5400,16.3200,0.000004
FILLER_2_209,VGND,li1,102.1200,16.3200,0.000004
FILLER_2_197,VGND,li1,98.9000,16.3200,0.000004
FILLER_2_190,VGND,li1,94.3000,16.3200,0.000004
FILLER_2_178,VGND,li1,90.1600,16.3200,0.000003
FILLER_2_149,VGND,li1,74.7500,16.3200,0.000003
FILLER_2_141,VGND,li1,72.2200,16.3200,0.000003
FILLER_2_139,VGND,li1,69.6900,16.3200,0.000002
FILLER_2_133,VGND,li1,68.0800,16.3200,0.000002
FILLER_2_121,VGND,li1,63.9400,16.3200,0.000002
FILLER_2_109,VGND,li1,58.4200,16.3200,0.000002
FILLER_2_97,VGND,li1,52.9000,16.3200,0.000002
FILLER_2_85,VGND,li1,47.3800,16.3200,0.000001
FILLER_2_83,VGND,li1,43.9300,16.3200,0.000001
FILLER_2_77,VGND,li1,42.3200,16.3200,0.000001
FILLER_2_65,VGND,li1,38.1800,16.3200,0.000001
FILLER_2_53,VGND,li1,32.6600,16.3200,0.000001
FILLER_2_41,VGND,li1,27.1400,16.3200,0.000001
FILLER_2_29,VGND,li1,21.6200,16.3200,0.000000
FILLER_2_27,VGND,li1,18.1700,16.3200,0.000000
FILLER_2_15,VGND,li1,15.1800,16.3200,0.000000
FILLER_2_3,VGND,li1,9.6600,16.3200,0.000000
FILLER_1_373,VGND,li1,178.0200,16.3200,0.000001
FILLER_1_361,VGND,li1,174.3400,16.3200,0.000001
FILLER_1_349,VGND,li1,168.8200,16.3200,0.000001
FILLER_1_337,VGND,li1,163.3000,16.3200,0.000002
FILLER_1_335,VGND,li1,159.8500,16.3200,0.000002
FILLER_1_329,VGND,li1,158.2400,16.3200,0.000002
FILLER_1_317,VGND,li1,154.1000,16.3200,0.000002
FILLER_1_305,VGND,li1,148.5800,16.3200,0.000003
FILLER_1_293,VGND,li1,143.0600,16.3200,0.000003
FILLER_1_281,VGND,li1,137.5400,16.3200,0.000004
FILLER_1_279,VGND,li1,134.0900,16.3200,0.000004
FILLER_1_273,VGND,li1,132.4800,16.3200,0.000004
FILLER_1_261,VGND,li1,128.3400,16.3200,0.000004
FILLER_1_249,VGND,li1,122.8200,16.3200,0.000004
FILLER_1_237,VGND,li1,117.3000,16.3200,0.000004
FILLER_1_225,VGND,li1,111.7800,16.3200,0.000004
FILLER_1_223,VGND,li1,108.3300,16.3200,0.000004
FILLER_1_217,VGND,li1,106.7200,16.3200,0.000004
FILLER_1_205,VGND,li1,102.5800,16.3200,0.000004
FILLER_1_193,VGND,li1,97.0600,16.3200,0.000004
FILLER_1_181,VGND,li1,91.5400,16.3200,0.000003
FILLER_1_169,VGND,li1,86.0200,16.3200,0.000003
FILLER_1_166,VGND,li1,82.3400,16.3200,0.000003
FILLER_1_131,VGND,li1,66.0100,16.3200,0.000002
FILLER_1_125,VGND,li1,64.4000,16.3200,0.000002
FILLER_1_113,VGND,li1,60.2600,16.3200,0.000002
FILLER_1_111,VGND,li1,56.8100,16.3200,0.000002
FILLER_1_105,VGND,li1,55.2000,16.3200,0.000002
FILLER_1_93,VGND,li1,51.0600,16.3200,0.000002
FILLER_1_81,VGND,li1,45.5400,16.3200,0.000001
FILLER_1_69,VGND,li1,40.0200,16.3200,0.000001
FILLER_1_57,VGND,li1,34.5000,16.3200,0.000001
FILLER_1_55,VGND,li1,31.0500,16.3200,0.000001
FILLER_1_51,VGND,li1,29.9000,16.3200,0.000001
FILLER_1_39,VGND,li1,26.2200,16.3200,0.000000
FILLER_1_27,VGND,li1,20.7000,16.3200,0.000000
FILLER_1_15,VGND,li1,15.1800,16.3200,0.000000
FILLER_1_3,VGND,li1,9.6600,16.3200,0.000000
FILLER_0_365,VGND,li1,176.1800,10.8800,0.000000
FILLER_0_361,VGND,li1,172.2700,10.8800,0.000000
FILLER_0_349,VGND,li1,168.8200,10.8800,0.000000
FILLER_0_337,VGND,li1,163.3000,10.8800,0.000000
FILLER_0_333,VGND,li1,159.3900,10.8800,0.000000
FILLER_0_321,VGND,li1,155.9400,10.8800,0.000000
FILLER_0_309,VGND,li1,150.4200,10.8800,0.000000
FILLER_0_305,VGND,li1,146.5100,10.8800,0.000000
FILLER_0_293,VGND,li1,143.0600,10.8800,0.000000
FILLER_0_281,VGND,li1,137.5400,10.8800,0.000000
FILLER_0_277,VGND,li1,133.6300,10.8800,0.000000
FILLER_0_265,VGND,li1,130.1800,10.8800,0.000000
FILLER_0_253,VGND,li1,124.6600,10.8800,0.000000
FILLER_0_249,VGND,li1,120.7500,10.8800,0.000000
FILLER_0_237,VGND,li1,117.3000,10.8800,0.000000
FILLER_0_225,VGND,li1,111.7800,10.8800,0.000000
FILLER_0_221,VGND,li1,107.8700,10.8800,0.000000
FILLER_0_209,VGND,li1,104.4200,10.8800,0.000000
FILLER_0_197,VGND,li1,98.9000,10.8800,0.000000
FILLER_0_193,VGND,li1,94.9900,10.8800,0.000000
FILLER_0_181,VGND,li1,91.5400,10.8800,0.000000
FILLER_0_169,VGND,li1,86.0200,10.8800,0.000000
FILLER_0_164,VGND,li1,81.8800,10.8800,0.000000
FILLER_0_155,VGND,li1,77.2800,10.8800,0.000000
FILLER_0_147,VGND,li1,74.9800,10.8800,0.000000
FILLER_0_141,VGND,li1,70.8400,10.8800,0.000000
FILLER_0_137,VGND,li1,69.2300,10.8800,0.000000
FILLER_0_125,VGND,li1,65.7800,10.8800,0.000000
FILLER_0_113,VGND,li1,60.2600,10.8800,0.000000
FILLER_0_109,VGND,li1,56.3500,10.8800,0.000000
FILLER_0_97,VGND,li1,52.9000,10.8800,0.000000
FILLER_0_85,VGND,li1,47.3800,10.8800,0.000000
FILLER_0_81,VGND,li1,43.4700,10.8800,0.000000
FILLER_0_69,VGND,li1,40.0200,10.8800,0.000000
FILLER_0_57,VGND,li1,34.5000,10.8800,0.000000
FILLER_0_53,VGND,li1,30.5900,10.8800,0.000000
FILLER_0_41,VGND,li1,27.1400,10.8800,0.000000
FILLER_0_29,VGND,li1,21.6200,10.8800,0.000000
FILLER_0_27,VGND,li1,18.1700,10.8800,0.000000
FILLER_0_15,VGND,li1,15.1800,10.8800,0.000000
FILLER_0_3,VGND,li1,9.6600,10.8800,0.000000
hold213,VGND,li1,145.3600,43.5200,0.000014
hold212,VGND,li1,156.4000,59.8400,0.000006
hold211,VGND,li1,19.7800,125.1200,0.000013
hold210,VGND,li1,82.3400,21.7600,0.000009
hold209,VGND,li1,106.2600,54.4000,0.000014
hold208,VGND,li1,49.6800,27.2000,0.000010
hold207,VGND,li1,49.6800,119.6800,0.000026
hold206,VGND,li1,20.7000,114.2400,0.000002
hold205,VGND,li1,26.2200,174.0800,0.000007
hold204,VGND,li1,42.7800,38.0800,0.000019
hold203,VGND,li1,25.3000,152.3200,0.000005
hold202,VGND,li1,46.9200,108.8000,0.000011
hold201,VGND,li1,72.2200,97.9200,0.000020
hold200,VGND,li1,123.7400,27.2000,0.000021
hold199,VGND,li1,102.5800,48.9600,0.000010
hold198,VGND,li1,123.7400,32.6400,0.000009
hold197,VGND,li1,97.9800,21.7600,0.000009
hold196,VGND,li1,40.9400,81.6000,0.000039
hold195,VGND,li1,101.6600,32.6400,0.000010
hold194,VGND,li1,24.8400,87.0400,0.000008
hold193,VGND,li1,146.2800,59.8400,0.000008
hold192,VGND,li1,108.5600,27.2000,0.000021
hold191,VGND,li1,59.3400,92.4800,0.000009
hold190,VGND,li1,137.5400,43.5200,0.000017
hold189,VGND,li1,40.0200,152.3200,0.000012
hold188,VGND,li1,76.3600,32.6400,0.000011
hold187,VGND,li1,99.3600,43.5200,0.000019
hold186,VGND,li1,162.3800,32.6400,0.000005
hold185,VGND,li1,17.0200,168.6400,0.000012
hold184,VGND,li1,159.1600,38.0800,0.000021
hold183,VGND,li1,132.0200,21.7600,0.000007
hold182,VGND,li1,138.0000,43.5200,0.000017
hold181,VGND,li1,143.9800,38.0800,0.000033
hold180,VGND,li1,152.7200,59.8400,0.000007
hold179,VGND,li1,132.0200,32.6400,0.000008
hold178,VGND,li1,138.0000,48.9600,0.000009
hold177,VGND,li1,86.4800,27.2000,0.000018
hold176,VGND,li1,149.5000,43.5200,0.000013
hold175,VGND,li1,157.7800,54.4000,0.000012
hold174,VGND,li1,118.6800,48.9600,0.000010
hold173,VGND,li1,74.9800,54.4000,0.000011
hold172,VGND,li1,60.7200,119.6800,0.000032
hold171,VGND,li1,49.6800,146.8800,0.000025
hold170,VGND,li1,61.1800,108.8000,0.000014
hold169,VGND,li1,79.1200,43.5200,0.000017
hold168,VGND,li1,66.2400,65.2800,0.000011
hold167,VGND,li1,17.4800,87.0400,0.000008
hold166,VGND,li1,33.5800,174.0800,0.000012
hold165,VGND,li1,72.2200,59.8400,0.000009
hold164,VGND,li1,43.2400,141.4400,0.000015
hold163,VGND,li1,54.7400,184.9600,0.000000
hold162,VGND,li1,20.7000,146.8800,0.000010
hold161,VGND,li1,67.1600,70.7200,0.000028
hold160,VGND,li1,56.1200,168.6400,0.000028
hold159,VGND,li1,25.7600,146.8800,0.000010
hold158,VGND,li1,20.7000,141.4400,0.000007
hold157,VGND,li1,59.8000,163.2000,0.000027
hold156,VGND,li1,60.7200,174.0800,0.000027
hold155,VGND,li1,20.7000,130.5600,0.000005
hold154,VGND,li1,52.9000,141.4400,0.000018
hold153,VGND,li1,118.6800,70.7200,0.000037
hold152,VGND,li1,55.2000,152.3200,0.000018
hold151,VGND,li1,127.4200,59.8400,0.000011
hold150,VGND,li1,28.5200,141.4400,0.000009
hold149,VGND,li1,20.7000,136.0000,0.000008
hold148,VGND,li1,46.4600,179.5200,0.000014
hold147,VGND,li1,169.7400,136.0000,0.000010
hold146,VGND,li1,67.1600,141.4400,0.000020
hold145,VGND,li1,80.9600,141.4400,0.000022
hold144,VGND,li1,124.6600,65.2800,0.000009
hold143,VGND,li1,55.6600,130.5600,0.000014
hold142,VGND,li1,123.7400,59.8400,0.000011
hold141,VGND,li1,116.8400,65.2800,0.000010
hold140,VGND,li1,136.6200,92.4800,0.000009
hold139,VGND,li1,63.4800,184.9600,0.000000
hold138,VGND,li1,115.4600,65.2800,0.000010
hold137,VGND,li1,117.7600,54.4000,0.000015
hold136,VGND,li1,64.8600,174.0800,0.000028
hold135,VGND,li1,147.6600,136.0000,0.000018
hold134,VGND,li1,104.8800,114.2400,0.000007
hold133,VGND,li1,59.3400,146.8800,0.000028
hold132,VGND,li1,166.9800,125.1200,0.000016
hold131,VGND,li1,86.9400,174.0800,0.000031
hold130,VGND,li1,116.8400,97.9200,0.000028
hold129,VGND,li1,123.7400,114.2400,0.000006
hold128,VGND,li1,93.3800,146.8800,0.000036
hold127,VGND,li1,137.0800,146.8800,0.000028
hold126,VGND,li1,117.7600,179.5200,0.000021
hold125,VGND,li1,147.6600,152.3200,0.000019
hold124,VGND,li1,131.1000,125.1200,0.000039
hold123,VGND,li1,131.5600,157.7600,0.000010
hold122,VGND,li1,92.9200,184.9600,0.000000
hold121,VGND,li1,164.6800,152.3200,0.000012
hold120,VGND,li1,99.3600,141.4400,0.000024
hold119,VGND,li1,68.0800,157.7600,0.000010
hold118,VGND,li1,120.9800,76.1600,0.000030
hold117,VGND,li1,102.1200,184.9600,0.000000
hold116,VGND,li1,92.4600,87.0400,0.000032
hold115,VGND,li1,136.6200,179.5200,0.000016
hold114,VGND,li1,134.7800,168.6400,0.000020
hold113,VGND,li1,127.8800,81.6000,0.000060
hold112,VGND,li1,105.3400,130.5600,0.000022
hold111,VGND,li1,131.1000,141.4400,0.000023
hold110,VGND,li1,60.2600,141.4400,0.000019
hold109,VGND,li1,153.1800,21.7600,0.000006
hold108,VGND,li1,119.1400,146.8800,0.000034
hold107,VGND,li1,103.0400,157.7600,0.000012
hold106,VGND,li1,165.6000,119.6800,0.000022
hold105,VGND,li1,129.2600,152.3200,0.000027
hold104,VGND,li1,80.9600,136.0000,0.000031
hold103,VGND,li1,84.1800,168.6400,0.000031
hold102,VGND,li1,65.3200,152.3200,0.000022
hold101,VGND,li1,132.4800,87.0400,0.000025
hold100,VGND,li1,140.7600,130.5600,0.000015
hold99,VGND,li1,127.8800,174.0800,0.000026
hold98,VGND,li1,145.3600,108.8000,0.000023
hold97,VGND,li1,115.9200,157.7600,0.000011
hold96,VGND,li1,140.7600,114.2400,0.000005
hold95,VGND,li1,164.6800,146.8800,0.000014
hold94,VGND,li1,72.2200,184.9600,0.000000
hold93,VGND,li1,149.5000,157.7600,0.000008
hold92,VGND,li1,104.4200,87.0400,0.000031
hold91,VGND,li1,122.3600,87.0400,0.000028
hold90,VGND,li1,85.1000,157.7600,0.000012
hold89,VGND,li1,72.2200,141.4400,0.000021
hold88,VGND,li1,115.0000,141.4400,0.000024
hold87,VGND,li1,111.3200,114.2400,0.000007
hold86,VGND,li1,164.6800,103.3600,0.000009
hold85,VGND,li1,158.2400,141.4400,0.000016
hold84,VGND,li1,85.1000,179.5200,0.000022
hold83,VGND,li1,157.7800,48.9600,0.000007
hold82,VGND,li1,128.3400,163.2000,0.000035
hold81,VGND,li1,156.8600,168.6400,0.000013
hold80,VGND,li1,135.7000,130.5600,0.000016
hold79,VGND,li1,168.8200,114.2400,0.000003
hold78,VGND,li1,158.2400,157.7600,0.000006
hold77,VGND,li1,166.5200,141.4400,0.000011
hold76,VGND,li1,102.1200,146.8800,0.000037
hold75,VGND,li1,136.6200,141.4400,0.000022
hold74,VGND,li1,140.7600,163.2000,0.000032
hold73,VGND,li1,143.0600,174.0800,0.000019
hold72,VGND,li1,157.7800,130.5600,0.000010
hold71,VGND,li1,97.9800,174.0800,0.000032
hold70,VGND,li1,119.1400,146.8800,0.000034
hold69,VGND,li1,164.6800,108.8000,0.000015
hold68,VGND,li1,91.0800,168.6400,0.000030
hold67,VGND,li1,77.2800,168.6400,0.000031
hold66,VGND,li1,118.6800,130.5600,0.000020
hold65,VGND,li1,154.5600,103.3600,0.000011
hold64,VGND,li1,127.8800,179.5200,0.000018
hold63,VGND,li1,143.5200,152.3200,0.000021
hold62,VGND,li1,125.5800,103.3600,0.000018
hold61,VGND,li1,105.3400,108.8000,0.000022
hold60,VGND,li1,155.0200,125.1200,0.000024
hold59,VGND,li1,145.3600,141.4400,0.000020
hold58,VGND,li1,129.2600,103.3600,0.000018
hold57,VGND,li1,93.3800,157.7600,0.000012
hold56,VGND,li1,110.8600,125.1200,0.000048
hold55,VGND,li1,162.3800,92.4800,0.000006
hold54,VGND,li1,92.9200,157.7600,0.000012
hold53,VGND,li1,135.2400,119.6800,0.000049
hold52,VGND,li1,149.5000,114.2400,0.000004
hold51,VGND,li1,84.1800,146.8800,0.000034
hold50,VGND,li1,76.8200,152.3200,0.000025
hold49,VGND,li1,93.8400,81.6000,0.000063
hold48,VGND,li1,143.5200,92.4800,0.000008
hold47,VGND,li1,146.7400,174.0800,0.000018
hold46,VGND,li1,86.0200,141.4400,0.000023
hold45,VGND,li1,100.2800,103.3600,0.000024
hold44,VGND,li1,93.8400,163.2000,0.000037
hold43,VGND,li1,136.6200,81.6000,0.000056
hold42,VGND,li1,155.0200,97.9200,0.000015
hold41,VGND,li1,115.0000,114.2400,0.000007
hold40,VGND,li1,106.7200,157.7600,0.000012
hold39,VGND,li1,110.8600,184.9600,0.000000
hold38,VGND,li1,134.3200,103.3600,0.000017
hold37,VGND,li1,115.0000,92.4800,0.000011
hold36,VGND,li1,132.0200,81.6000,0.000058
hold35,VGND,li1,146.7400,125.1200,0.000029
hold34,VGND,li1,155.9400,152.3200,0.000016
hold33,VGND,li1,138.4600,97.9200,0.000022
hold32,VGND,li1,93.8400,92.4800,0.000011
hold31,VGND,li1,157.3200,87.0400,0.000016
hold30,VGND,li1,149.5000,87.0400,0.000020
hold29,VGND,li1,105.3400,92.4800,0.000011
hold28,VGND,li1,143.0600,152.3200,0.000021
hold27,VGND,li1,119.1400,168.6400,0.000025
hold26,VGND,li1,156.8600,163.2000,0.000021
hold25,VGND,li1,97.9800,81.6000,0.000063
hold24,VGND,li1,109.4800,76.1600,0.000032
hold23,VGND,li1,115.9200,103.3600,0.000021
hold22,VGND,li1,126.9600,136.0000,0.000024
hold21,VGND,li1,138.9200,119.6800,0.000046
hold20,VGND,li1,114.0800,81.6000,0.000064
hold19,VGND,li1,116.8400,136.0000,0.000027
hold18,VGND,li1,101.2000,174.0800,0.000032
hold17,VGND,li1,118.6800,174.0800,0.000029
hold16,VGND,li1,109.0200,136.0000,0.000028
hold15,VGND,li1,106.7200,114.2400,0.000007
hold14,VGND,li1,153.6400,81.6000,0.000041
hold13,VGND,li1,127.8800,108.8000,0.000024
hold12,VGND,li1,147.2000,81.6000,0.000048
hold11,VGND,li1,110.8600,163.2000,0.000037
hold10,VGND,li1,155.0200,92.4800,0.000007
hold9,VGND,li1,80.0400,136.0000,0.000030
hold8,VGND,li1,123.7400,92.4800,0.000010
hold7,VGND,li1,110.8600,168.6400,0.000026
hold6,VGND,li1,161.0000,76.1600,0.000015
hold5,VGND,li1,152.7200,76.1600,0.000019
hold4,VGND,li1,144.4400,103.3600,0.000014
hold3,VGND,li1,71.3000,21.7600,0.000010
hold2,VGND,li1,20.7000,70.7200,0.000006
hold1,VGND,li1,78.6600,16.3200,0.000003
clkload27,VGND,li1,128.5700,125.1200,0.000040
clkload26,VGND,li1,149.5000,114.2400,0.000004
clkload25,VGND,li1,139.6100,163.2000,0.000032
clkload24,VGND,li1,110.4000,174.0800,0.000032
clkload23,VGND,li1,114.5400,152.3200,0.000032
clkload22,VGND,li1,106.2600,125.1200,0.000050
clkload21,VGND,li1,109.9400,70.7200,0.000041
clkload20,VGND,li1,100.9700,38.0800,0.000048
clkload19,VGND,li1,127.4200,38.0800,0.000044
clkload18,VGND,li1,145.5900,27.2000,0.000019
clkload17,VGND,li1,144.6700,54.4000,0.000016
clkload16,VGND,li1,164.4500,76.1600,0.000013
clkload15,VGND,li1,139.8400,81.6000,0.000054
clkload14,VGND,li1,65.5500,130.5600,0.000016
clkload13,VGND,li1,63.4800,168.6400,0.000031
clkload12,VGND,li1,21.3900,168.6400,0.000012
clkload11,VGND,li1,35.4200,141.4400,0.000014
clkload10,VGND,li1,10.8100,119.6800,0.000014
clkload9,VGND,li1,45.7700,125.1200,0.000037
clkload8,VGND,li1,20.4700,59.8400,0.000003
clkload7,VGND,li1,32.8900,27.2000,0.000006
clkload6,VGND,li1,69.0000,38.0800,0.000038
clkload5,VGND,li1,84.8700,81.6000,0.000062
clkload4,VGND,li1,47.6100,76.1600,0.000019
clkload3,VGND,li1,13.5700,87.0400,0.000009
clkload2,VGND,li1,118.9100,119.6800,0.000055
clkload1,VGND,li1,56.8100,119.6800,0.000030
clkload0,VGND,li1,54.0500,81.6000,0.000054
clkbuf_2_3__f_clk_10mhz,VGND,li1,120.9800,119.6800,0.000056
clkbuf_2_2__f_clk_10mhz,VGND,li1,122.3600,81.6000,0.000064
clkbuf_2_1__f_clk_10mhz,VGND,li1,52.4400,125.1200,0.000045
clkbuf_2_0__f_clk_10mhz,VGND,li1,56.1200,81.6000,0.000055
clkbuf_0_clk_10mhz,VGND,li1,88.7800,103.3600,0.000027
clkbuf_leaf_28_clk_10mhz,VGND,li1,15.4100,54.4000,0.000009
clkbuf_leaf_27_clk_10mhz,VGND,li1,34.2700,32.6400,0.000009
clkbuf_leaf_26_clk_10mhz,VGND,li1,73.8300,38.0800,0.000041
clkbuf_leaf_25_clk_10mhz,VGND,li1,85.7900,76.1600,0.000034
clkbuf_leaf_24_clk_10mhz,VGND,li1,101.8900,70.7200,0.000041
clkbuf_leaf_23_clk_10mhz,VGND,li1,102.8100,38.0800,0.000049
clkbuf_leaf_22_clk_10mhz,VGND,li1,123.9700,43.5200,0.000020
clkbuf_leaf_21_clk_10mhz,VGND,li1,150.1900,27.2000,0.000018
clkbuf_leaf_20_clk_10mhz,VGND,li1,148.8100,54.4000,0.000015
clkbuf_leaf_19_clk_10mhz,VGND,li1,163.0700,81.6000,0.000033
clkbuf_leaf_18_clk_10mhz,VGND,li1,139.1500,81.6000,0.000054
clkbuf_leaf_17_clk_10mhz,VGND,li1,112.4700,97.9200,0.000029
clkbuf_leaf_16_clk_10mhz,VGND,li1,126.7300,119.6800,0.000054
clkbuf_leaf_15_clk_10mhz,VGND,li1,150.6500,108.8000,0.000022
clkbuf_leaf_14_clk_10mhz,VGND,li1,153.8700,141.4400,0.000019
clkbuf_leaf_13_clk_10mhz,VGND,li1,134.5500,163.2000,0.000034
clkbuf_leaf_12_clk_10mhz,VGND,li1,106.9500,174.0800,0.000032
clkbuf_leaf_11_clk_10mhz,VGND,li1,107.4100,146.8800,0.000037
clkbuf_leaf_10_clk_10mhz,VGND,li1,103.2700,130.5600,0.000023
clkbuf_leaf_9_clk_10mhz,VGND,li1,66.4700,136.0000,0.000030
clkbuf_leaf_8_clk_10mhz,VGND,li1,79.3500,163.2000,0.000035
clkbuf_leaf_7_clk_10mhz,VGND,li1,60.4900,174.0800,0.000027
clkbuf_leaf_6_clk_10mhz,VGND,li1,21.8500,168.6400,0.000012
clkbuf_leaf_5_clk_10mhz,VGND,li1,34.2700,146.8800,0.000018
clkbuf_leaf_4_clk_10mhz,VGND,li1,14.9500,119.6800,0.000014
clkbuf_leaf_3_clk_10mhz,VGND,li1,48.9900,125.1200,0.000042
clkbuf_leaf_2_clk_10mhz,VGND,li1,65.5500,87.0400,0.000031
clkbuf_leaf_1_clk_10mhz,VGND,li1,47.1500,81.6000,0.000047
clkbuf_leaf_0_clk_10mhz,VGND,li1,14.0300,81.6000,0.000022
_1782__66,VGND,li1,81.1900,16.3200,0.000003
fanout65,VGND,li1,11.0400,174.0800,0.000007
fanout64,VGND,li1,13.3400,174.0800,0.000007
fanout63,VGND,li1,14.2600,168.6400,0.000012
fanout62,VGND,li1,18.8600,157.7600,0.000003
fanout61,VGND,li1,52.4400,130.5600,0.000013
fanout60,VGND,li1,56.1200,119.6800,0.000030
fanout59,VGND,li1,16.1000,136.0000,0.000008
fanout58,VGND,li1,11.5000,119.6800,0.000014
fanout57,VGND,li1,13.3400,92.4800,0.000002
fanout56,VGND,li1,58.8800,97.9200,0.000017
fanout55,VGND,li1,16.5600,97.9200,0.000005
fanout54,VGND,li1,12.8800,70.7200,0.000006
fanout53,VGND,li1,11.5000,54.4000,0.000009
fanout52,VGND,li1,12.8800,48.9600,0.000002
fanout51,VGND,li1,71.7600,76.1600,0.000029
fanout50,VGND,li1,72.6800,157.7600,0.000011
fanout49,VGND,li1,74.9800,87.0400,0.000031
fanout48,VGND,li1,139.8400,103.3600,0.000015
fanout47,VGND,li1,89.7000,76.1600,0.000034
fanout46,VGND,li1,145.8200,76.1600,0.000022
fanout45,VGND,li1,75.9000,81.6000,0.000060
fanout44,VGND,li1,146.2800,87.0400,0.000021
fanout43,VGND,li1,106.7200,130.5600,0.000022
fanout42,VGND,li1,94.7600,65.2800,0.000011
fanout41,VGND,li1,78.2000,81.6000,0.000061
fanout40,VGND,li1,80.0400,81.6000,0.000061
fanout39,VGND,li1,98.4400,70.7200,0.000040
fanout38,VGND,li1,124.6600,108.8000,0.000024
fanout37,VGND,li1,86.9400,81.6000,0.000062
fanout36,VGND,li1,107.6400,174.0800,0.000032
fanout35,VGND,li1,63.9400,125.1200,0.000048
fanout34,VGND,li1,81.8800,125.1200,0.000050
fanout33,VGND,li1,72.2200,125.1200,0.000049
fanout32,VGND,li1,76.3600,130.5600,0.000018
fanout31,VGND,li1,80.0400,119.6800,0.000040
fanout30,VGND,li1,80.0400,97.9200,0.000022
fanout29,VGND,li1,94.7600,97.9200,0.000026
fanout28,VGND,li1,29.9000,48.9600,0.000002
fanout27,VGND,li1,40.0200,70.7200,0.000015
fanout26,VGND,li1,86.4800,119.6800,0.000043
fanout25,VGND,li1,115.9200,27.2000,0.000021
fanout24,VGND,li1,143.0600,21.7600,0.000007
fanout23,VGND,li1,115.9200,21.7600,0.000008
fanout22,VGND,li1,89.7000,27.2000,0.000019
fanout21,VGND,li1,75.4400,59.8400,0.000009
fanout20,VGND,li1,84.6400,21.7600,0.000009
fanout19,VGND,li1,39.5600,103.3600,0.000010
fanout18,VGND,li1,83.2600,38.0800,0.000044
fanout17,VGND,li1,107.1800,59.8400,0.000012
fanout16,VGND,li1,85.1000,38.0800,0.000045
fanout15,VGND,li1,28.9800,70.7200,0.000009
fanout14,VGND,li1,49.6800,130.5600,0.000013
fanout13,VGND,li1,113.1600,54.4000,0.000014
fanout12,VGND,li1,117.3000,32.6400,0.000009
max_cap11,VGND,li1,102.8100,103.3600,0.000024
fanout10,VGND,li1,30.3600,119.6800,0.000014
fanout9,VGND,li1,34.9600,97.9200,0.000008
output8,VGND,li1,66.2400,184.9600,0.000000
output7,VGND,li1,7.8200,87.0400,0.000009
output6,VGND,li1,78.6600,10.8800,0.000000
output5,VGND,li1,72.2200,10.8800,0.000000
output4,VGND,li1,7.8200,125.1200,0.000013
output3,VGND,li1,46.4600,184.9600,0.000000
input2,VGND,li1,7.5900,65.2800,0.000005
input1,VGND,li1,7.5900,174.0800,0.000007
_1782__68,VGND,li1,80.2700,10.8800,0.000000
_1783__67,VGND,li1,163.9900,43.5200,0.000009
TAP_TAPCELL_ROW_63_556,VGND,li1,173.1900,184.6680,0.000000
TAP_TAPCELL_ROW_63_555,VGND,li1,160.3100,184.6680,0.000000
TAP_TAPCELL_ROW_63_554,VGND,li1,147.4300,184.6680,0.000000
TAP_TAPCELL_ROW_63_553,VGND,li1,134.5500,184.6680,0.000000
TAP_TAPCELL_ROW_63_552,VGND,li1,121.6700,184.6680,0.000000
TAP_TAPCELL_ROW_63_551,VGND,li1,108.7900,184.6680,0.000000
TAP_TAPCELL_ROW_63_550,VGND,li1,95.9100,184.6680,0.000000
TAP_TAPCELL_ROW_63_549,VGND,li1,83.0300,184.6680,0.000000
TAP_TAPCELL_ROW_63_548,VGND,li1,70.1500,184.6680,0.000000
TAP_TAPCELL_ROW_63_547,VGND,li1,57.2700,184.6680,0.000000
TAP_TAPCELL_ROW_63_546,VGND,li1,44.3900,184.6680,0.000000
TAP_TAPCELL_ROW_63_545,VGND,li1,31.5100,184.6680,0.000000
TAP_TAPCELL_ROW_63_544,VGND,li1,18.6300,184.6680,0.000000
TAP_TAPCELL_ROW_62_543,VGND,li1,173.1900,179.8110,0.000004
TAP_TAPCELL_ROW_62_542,VGND,li1,147.4300,179.8110,0.000012
TAP_TAPCELL_ROW_62_541,VGND,li1,121.6700,179.8110,0.000020
TAP_TAPCELL_ROW_62_540,VGND,li1,95.9100,179.8110,0.000023
TAP_TAPCELL_ROW_62_539,VGND,li1,70.1500,179.8110,0.000020
TAP_TAPCELL_ROW_62_538,VGND,li1,44.3900,179.8110,0.000013
TAP_TAPCELL_ROW_62_537,VGND,li1,18.6300,179.8110,0.000005
TAP_TAPCELL_ROW_61_536,VGND,li1,160.3100,179.2280,0.000009
TAP_TAPCELL_ROW_61_535,VGND,li1,134.5500,179.2280,0.000016
TAP_TAPCELL_ROW_61_534,VGND,li1,108.7900,179.2280,0.000022
TAP_TAPCELL_ROW_61_533,VGND,li1,83.0300,179.2280,0.000022
TAP_TAPCELL_ROW_61_532,VGND,li1,57.2700,179.2280,0.000017
TAP_TAPCELL_ROW_61_531,VGND,li1,31.5100,179.2280,0.000007
TAP_TAPCELL_ROW_60_530,VGND,li1,173.1900,174.3710,0.000006
TAP_TAPCELL_ROW_60_529,VGND,li1,147.4300,174.3710,0.000018
TAP_TAPCELL_ROW_60_528,VGND,li1,121.6700,174.3710,0.000028
TAP_TAPCELL_ROW_60_527,VGND,li1,95.9100,174.3710,0.000031
TAP_TAPCELL_ROW_60_526,VGND,li1,70.1500,174.3710,0.000029
TAP_TAPCELL_ROW_60_525,VGND,li1,44.3900,174.3710,0.000018
TAP_TAPCELL_ROW_60_524,VGND,li1,18.6300,174.3710,0.000007
TAP_TAPCELL_ROW_59_523,VGND,li1,160.3100,173.7880,0.000012
TAP_TAPCELL_ROW_59_522,VGND,li1,134.5500,173.7880,0.000023
TAP_TAPCELL_ROW_59_521,VGND,li1,108.7900,173.7880,0.000032
TAP_TAPCELL_ROW_59_520,VGND,li1,83.0300,173.7880,0.000030
TAP_TAPCELL_ROW_59_519,VGND,li1,57.2700,173.7880,0.000025
TAP_TAPCELL_ROW_59_518,VGND,li1,31.5100,173.7880,0.000010
TAP_TAPCELL_ROW_58_517,VGND,li1,173.1900,168.9310,0.000006
TAP_TAPCELL_ROW_58_516,VGND,li1,147.4300,168.9310,0.000017
TAP_TAPCELL_ROW_58_515,VGND,li1,121.6700,168.9310,0.000024
TAP_TAPCELL_ROW_58_514,VGND,li1,95.9100,168.9310,0.000029
TAP_TAPCELL_ROW_58_513,VGND,li1,70.1500,168.9310,0.000031
TAP_TAPCELL_ROW_58_512,VGND,li1,44.3900,168.9310,0.000021
TAP_TAPCELL_ROW_58_511,VGND,li1,18.6300,168.9310,0.000012
TAP_TAPCELL_ROW_57_510,VGND,li1,160.3100,168.3480,0.000012
TAP_TAPCELL_ROW_57_509,VGND,li1,134.5500,168.3480,0.000021
TAP_TAPCELL_ROW_57_508,VGND,li1,108.7900,168.3480,0.000027
TAP_TAPCELL_ROW_57_507,VGND,li1,83.0300,168.3480,0.000031
TAP_TAPCELL_ROW_57_506,VGND,li1,57.2700,168.3480,0.000028
TAP_TAPCELL_ROW_57_505,VGND,li1,31.5100,168.3480,0.000014
TAP_TAPCELL_ROW_56_504,VGND,li1,173.1900,163.4910,0.000011
TAP_TAPCELL_ROW_56_503,VGND,li1,147.4300,163.4910,0.000027
TAP_TAPCELL_ROW_56_502,VGND,li1,121.6700,163.4910,0.000036
TAP_TAPCELL_ROW_56_501,VGND,li1,95.9100,163.4910,0.000037
TAP_TAPCELL_ROW_56_500,VGND,li1,70.1500,163.4910,0.000031
TAP_TAPCELL_ROW_56_499,VGND,li1,44.3900,163.4910,0.000018
TAP_TAPCELL_ROW_56_498,VGND,li1,18.6300,163.4910,0.000007
TAP_TAPCELL_ROW_55_497,VGND,li1,160.3100,162.9080,0.000019
TAP_TAPCELL_ROW_55_496,VGND,li1,134.5500,162.9080,0.000034
TAP_TAPCELL_ROW_55_495,VGND,li1,108.7900,162.9080,0.000037
TAP_TAPCELL_ROW_55_494,VGND,li1,83.0300,162.9080,0.000036
TAP_TAPCELL_ROW_55_493,VGND,li1,57.2700,162.9080,0.000025
TAP_TAPCELL_ROW_55_492,VGND,li1,31.5100,162.9080,0.000011
TAP_TAPCELL_ROW_54_491,VGND,li1,173.1900,158.0510,0.000003
TAP_TAPCELL_ROW_54_490,VGND,li1,147.4300,158.0510,0.000009
TAP_TAPCELL_ROW_54_489,VGND,li1,121.6700,158.0510,0.000011
TAP_TAPCELL_ROW_54_488,VGND,li1,95.9100,158.0510,0.000012
TAP_TAPCELL_ROW_54_487,VGND,li1,70.1500,158.0510,0.000011
TAP_TAPCELL_ROW_54_486,VGND,li1,44.3900,158.0510,0.000006
TAP_TAPCELL_ROW_54_485,VGND,li1,18.6300,158.0510,0.000003
TAP_TAPCELL_ROW_53_484,VGND,li1,160.3100,157.4680,0.000006
TAP_TAPCELL_ROW_53_483,VGND,li1,134.5500,157.4680,0.000010
TAP_TAPCELL_ROW_53_482,VGND,li1,108.7900,157.4680,0.000012
TAP_TAPCELL_ROW_53_481,VGND,li1,83.0300,157.4680,0.000012
TAP_TAPCELL_ROW_53_480,VGND,li1,57.2700,157.4680,0.000009
TAP_TAPCELL_ROW_53_479,VGND,li1,31.5100,157.4680,0.000004
TAP_TAPCELL_ROW_52_478,VGND,li1,173.1900,152.6110,0.000008
TAP_TAPCELL_ROW_52_477,VGND,li1,147.4300,152.6110,0.000019
TAP_TAPCELL_ROW_52_476,VGND,li1,121.6700,152.6110,0.000030
TAP_TAPCELL_ROW_52_475,VGND,li1,95.9100,152.6110,0.000029
TAP_TAPCELL_ROW_52_474,VGND,li1,70.1500,152.6110,0.000023
TAP_TAPCELL_ROW_52_473,VGND,li1,44.3900,152.6110,0.000014
TAP_TAPCELL_ROW_52_472,VGND,li1,18.6300,152.6110,0.000006
TAP_TAPCELL_ROW_51_471,VGND,li1,160.3100,152.0280,0.000014
TAP_TAPCELL_ROW_51_470,VGND,li1,134.5500,152.0280,0.000025
TAP_TAPCELL_ROW_51_469,VGND,li1,108.7900,152.0280,0.000031
TAP_TAPCELL_ROW_51_468,VGND,li1,83.0300,152.0280,0.000026
TAP_TAPCELL_ROW_51_467,VGND,li1,57.2700,152.0280,0.000019
TAP_TAPCELL_ROW_51_466,VGND,li1,31.5100,152.0280,0.000008
TAP_TAPCELL_ROW_50_465,VGND,li1,173.1900,147.1710,0.000010
TAP_TAPCELL_ROW_50_464,VGND,li1,147.4300,147.1710,0.000023
TAP_TAPCELL_ROW_50_463,VGND,li1,121.6700,147.1710,0.000033
TAP_TAPCELL_ROW_50_462,VGND,li1,95.9100,147.1710,0.000036
TAP_TAPCELL_ROW_50_461,VGND,li1,70.1500,147.1710,0.000031
TAP_TAPCELL_ROW_50_460,VGND,li1,44.3900,147.1710,0.000023
TAP_TAPCELL_ROW_50_459,VGND,li1,18.6300,147.1710,0.000010
TAP_TAPCELL_ROW_49_458,VGND,li1,160.3100,146.5880,0.000017
TAP_TAPCELL_ROW_49_457,VGND,li1,134.5500,146.5880,0.000029
TAP_TAPCELL_ROW_49_456,VGND,li1,108.7900,146.5880,0.000037
TAP_TAPCELL_ROW_49_455,VGND,li1,83.0300,146.5880,0.000034
TAP_TAPCELL_ROW_49_454,VGND,li1,57.2700,146.5880,0.000027
TAP_TAPCELL_ROW_49_453,VGND,li1,31.5100,146.5880,0.000015
TAP_TAPCELL_ROW_48_452,VGND,li1,173.1900,141.7310,0.000008
TAP_TAPCELL_ROW_48_451,VGND,li1,147.4300,141.7310,0.000020
TAP_TAPCELL_ROW_48_450,VGND,li1,121.6700,141.7310,0.000024
TAP_TAPCELL_ROW_48_449,VGND,li1,95.9100,141.7310,0.000024
TAP_TAPCELL_ROW_48_448,VGND,li1,70.1500,141.7310,0.000021
TAP_TAPCELL_ROW_48_447,VGND,li1,44.3900,141.7310,0.000016
TAP_TAPCELL_ROW_48_446,VGND,li1,18.6300,141.7310,0.000008
TAP_TAPCELL_ROW_47_445,VGND,li1,160.3100,141.1480,0.000015
TAP_TAPCELL_ROW_47_444,VGND,li1,134.5500,141.1480,0.000022
TAP_TAPCELL_ROW_47_443,VGND,li1,108.7900,141.1480,0.000024
TAP_TAPCELL_ROW_47_442,VGND,li1,83.0300,141.1480,0.000022
TAP_TAPCELL_ROW_47_441,VGND,li1,57.2700,141.1480,0.000019
TAP_TAPCELL_ROW_47_440,VGND,li1,31.5100,141.1480,0.000011
TAP_TAPCELL_ROW_46_439,VGND,li1,173.1900,136.2910,0.000008
TAP_TAPCELL_ROW_46_438,VGND,li1,147.4300,136.2910,0.000018
TAP_TAPCELL_ROW_46_437,VGND,li1,121.6700,136.2910,0.000026
TAP_TAPCELL_ROW_46_436,VGND,li1,95.9100,136.2910,0.000030
TAP_TAPCELL_ROW_46_435,VGND,li1,70.1500,136.2910,0.000030
TAP_TAPCELL_ROW_46_434,VGND,li1,44.3900,136.2910,0.000020
TAP_TAPCELL_ROW_46_433,VGND,li1,18.6300,136.2910,0.000008
TAP_TAPCELL_ROW_45_432,VGND,li1,160.3100,135.7080,0.000014
TAP_TAPCELL_ROW_45_431,VGND,li1,134.5500,135.7080,0.000022
TAP_TAPCELL_ROW_45_430,VGND,li1,108.7900,135.7080,0.000028
TAP_TAPCELL_ROW_45_429,VGND,li1,83.0300,135.7080,0.000031
TAP_TAPCELL_ROW_45_428,VGND,li1,57.2700,135.7080,0.000026
TAP_TAPCELL_ROW_45_427,VGND,li1,31.5100,135.7080,0.000012
TAP_TAPCELL_ROW_44_426,VGND,li1,173.1900,130.8510,0.000005
TAP_TAPCELL_ROW_44_425,VGND,li1,147.4300,130.8510,0.000013
TAP_TAPCELL_ROW_44_424,VGND,li1,121.6700,130.8510,0.000019
TAP_TAPCELL_ROW_44_423,VGND,li1,95.9100,130.8510,0.000022
TAP_TAPCELL_ROW_44_422,VGND,li1,70.1500,130.8510,0.000017
TAP_TAPCELL_ROW_44_421,VGND,li1,44.3900,130.8510,0.000011
TAP_TAPCELL_ROW_44_420,VGND,li1,18.6300,130.8510,0.000005
TAP_TAPCELL_ROW_43_419,VGND,li1,160.3100,130.2680,0.000009
TAP_TAPCELL_ROW_43_418,VGND,li1,134.5500,130.2680,0.000016
TAP_TAPCELL_ROW_43_417,VGND,li1,108.7900,130.2680,0.000022
TAP_TAPCELL_ROW_43_416,VGND,li1,83.0300,130.2680,0.000019
TAP_TAPCELL_ROW_43_415,VGND,li1,57.2700,130.2680,0.000014
TAP_TAPCELL_ROW_43_414,VGND,li1,31.5100,130.2680,0.000007
TAP_TAPCELL_ROW_42_413,VGND,li1,173.1900,125.4110,0.000011
TAP_TAPCELL_ROW_42_412,VGND,li1,147.4300,125.4110,0.000029
TAP_TAPCELL_ROW_42_411,VGND,li1,121.6700,125.4110,0.000044
TAP_TAPCELL_ROW_42_410,VGND,li1,95.9100,125.4110,0.000050
TAP_TAPCELL_ROW_42_409,VGND,li1,70.1500,125.4110,0.000049
TAP_TAPCELL_ROW_42_408,VGND,li1,44.3900,125.4110,0.000037
TAP_TAPCELL_ROW_42_407,VGND,li1,18.6300,125.4110,0.000013
TAP_TAPCELL_ROW_41_406,VGND,li1,160.3100,124.8280,0.000020
TAP_TAPCELL_ROW_41_405,VGND,li1,134.5500,124.8280,0.000037
TAP_TAPCELL_ROW_41_404,VGND,li1,108.7900,124.8280,0.000049
TAP_TAPCELL_ROW_41_403,VGND,li1,83.0300,124.8280,0.000050
TAP_TAPCELL_ROW_41_402,VGND,li1,57.2700,124.8280,0.000046
TAP_TAPCELL_ROW_41_401,VGND,li1,31.5100,124.8280,0.000021
TAP_TAPCELL_ROW_40_400,VGND,li1,173.1900,119.9710,0.000015
TAP_TAPCELL_ROW_40_399,VGND,li1,147.4300,119.9710,0.000040
TAP_TAPCELL_ROW_40_398,VGND,li1,121.6700,119.9710,0.000056
TAP_TAPCELL_ROW_40_397,VGND,li1,95.9100,119.9710,0.000047
TAP_TAPCELL_ROW_40_396,VGND,li1,70.1500,119.9710,0.000035
TAP_TAPCELL_ROW_40_395,VGND,li1,44.3900,119.9710,0.000022
TAP_TAPCELL_ROW_40_394,VGND,li1,18.6300,119.9710,0.000013
TAP_TAPCELL_ROW_39_393,VGND,li1,160.3100,119.3880,0.000027
TAP_TAPCELL_ROW_39_392,VGND,li1,134.5500,119.3880,0.000049
TAP_TAPCELL_ROW_39_391,VGND,li1,108.7900,119.3880,0.000052
TAP_TAPCELL_ROW_39_390,VGND,li1,83.0300,119.3880,0.000041
TAP_TAPCELL_ROW_39_389,VGND,li1,57.2700,119.3880,0.000030
TAP_TAPCELL_ROW_39_388,VGND,li1,31.5100,119.3880,0.000014
TAP_TAPCELL_ROW_38_387,VGND,li1,173.1900,114.5310,0.000002
TAP_TAPCELL_ROW_38_386,VGND,li1,147.4300,114.5310,0.000004
TAP_TAPCELL_ROW_38_385,VGND,li1,121.6700,114.5310,0.000006
TAP_TAPCELL_ROW_38_384,VGND,li1,95.9100,114.5310,0.000007
TAP_TAPCELL_ROW_38_383,VGND,li1,70.1500,114.5310,0.000005
TAP_TAPCELL_ROW_38_382,VGND,li1,44.3900,114.5310,0.000004
TAP_TAPCELL_ROW_38_381,VGND,li1,18.6300,114.5310,0.000002
TAP_TAPCELL_ROW_37_380,VGND,li1,160.3100,113.9480,0.000003
TAP_TAPCELL_ROW_37_379,VGND,li1,134.5500,113.9480,0.000005
TAP_TAPCELL_ROW_37_378,VGND,li1,108.7900,113.9480,0.000007
TAP_TAPCELL_ROW_37_377,VGND,li1,83.0300,113.9480,0.000006
TAP_TAPCELL_ROW_37_376,VGND,li1,57.2700,113.9480,0.000005
TAP_TAPCELL_ROW_37_375,VGND,li1,31.5100,113.9480,0.000002
TAP_TAPCELL_ROW_36_374,VGND,li1,173.1900,109.0910,0.000010
TAP_TAPCELL_ROW_36_373,VGND,li1,147.4300,109.0910,0.000022
TAP_TAPCELL_ROW_36_372,VGND,li1,121.6700,109.0910,0.000024
TAP_TAPCELL_ROW_36_371,VGND,li1,95.9100,109.0910,0.000020
TAP_TAPCELL_ROW_36_370,VGND,li1,70.1500,109.0910,0.000015
TAP_TAPCELL_ROW_36_369,VGND,li1,44.3900,109.0910,0.000010
TAP_TAPCELL_ROW_36_368,VGND,li1,18.6300,109.0910,0.000004
TAP_TAPCELL_ROW_35_367,VGND,li1,160.3100,108.5080,0.000017
TAP_TAPCELL_ROW_35_366,VGND,li1,134.5500,108.5080,0.000024
TAP_TAPCELL_ROW_35_365,VGND,li1,108.7900,108.5080,0.000022
TAP_TAPCELL_ROW_35_364,VGND,li1,83.0300,108.5080,0.000018
TAP_TAPCELL_ROW_35_363,VGND,li1,57.2700,108.5080,0.000013
TAP_TAPCELL_ROW_35_362,VGND,li1,31.5100,108.5080,0.000006
TAP_TAPCELL_ROW_34_361,VGND,li1,173.1900,103.6510,0.000006
TAP_TAPCELL_ROW_34_360,VGND,li1,147.4300,103.6510,0.000013
TAP_TAPCELL_ROW_34_359,VGND,li1,121.6700,103.6510,0.000019
TAP_TAPCELL_ROW_34_358,VGND,li1,95.9100,103.6510,0.000025
TAP_TAPCELL_ROW_34_357,VGND,li1,70.1500,103.6510,0.000022
TAP_TAPCELL_ROW_34_356,VGND,li1,44.3900,103.6510,0.000013
TAP_TAPCELL_ROW_34_355,VGND,li1,18.6300,103.6510,0.000006
TAP_TAPCELL_ROW_33_354,VGND,li1,160.3100,103.0680,0.000010
TAP_TAPCELL_ROW_33_353,VGND,li1,134.5500,103.0680,0.000016
TAP_TAPCELL_ROW_33_352,VGND,li1,108.7900,103.0680,0.000022
TAP_TAPCELL_ROW_33_351,VGND,li1,83.0300,103.0680,0.000025
TAP_TAPCELL_ROW_33_350,VGND,li1,57.2700,103.0680,0.000018
TAP_TAPCELL_ROW_33_349,VGND,li1,31.5100,103.0680,0.000008
TAP_TAPCELL_ROW_32_348,VGND,li1,173.1900,98.2110,0.000007
TAP_TAPCELL_ROW_32_347,VGND,li1,147.4300,98.2110,0.000019
TAP_TAPCELL_ROW_32_346,VGND,li1,121.6700,98.2110,0.000027
TAP_TAPCELL_ROW_32_345,VGND,li1,95.9100,98.2110,0.000026
TAP_TAPCELL_ROW_32_344,VGND,li1,70.1500,98.2110,0.000020
TAP_TAPCELL_ROW_32_343,VGND,li1,44.3900,98.2110,0.000012
TAP_TAPCELL_ROW_32_342,VGND,li1,18.6300,98.2110,0.000005
TAP_TAPCELL_ROW_31_341,VGND,li1,160.3100,97.6280,0.000013
TAP_TAPCELL_ROW_31_340,VGND,li1,134.5500,97.6280,0.000024
TAP_TAPCELL_ROW_31_339,VGND,li1,108.7900,97.6280,0.000029
TAP_TAPCELL_ROW_31_338,VGND,li1,83.0300,97.6280,0.000023
TAP_TAPCELL_ROW_31_337,VGND,li1,57.2700,97.6280,0.000016
TAP_TAPCELL_ROW_31_336,VGND,li1,31.5100,97.6280,0.000007
TAP_TAPCELL_ROW_30_335,VGND,li1,173.1900,92.7710,0.000003
TAP_TAPCELL_ROW_30_334,VGND,li1,147.4300,92.7710,0.000008
TAP_TAPCELL_ROW_30_333,VGND,li1,121.6700,92.7710,0.000010
TAP_TAPCELL_ROW_30_332,VGND,li1,95.9100,92.7710,0.000011
TAP_TAPCELL_ROW_30_331,VGND,li1,70.1500,92.7710,0.000010
TAP_TAPCELL_ROW_30_330,VGND,li1,44.3900,92.7710,0.000006
TAP_TAPCELL_ROW_30_329,VGND,li1,18.6300,92.7710,0.000002
TAP_TAPCELL_ROW_29_328,VGND,li1,160.3100,92.1880,0.000006
TAP_TAPCELL_ROW_29_327,VGND,li1,134.5500,92.1880,0.000009
TAP_TAPCELL_ROW_29_326,VGND,li1,108.7900,92.1880,0.000011
TAP_TAPCELL_ROW_29_325,VGND,li1,83.0300,92.1880,0.000011
TAP_TAPCELL_ROW_29_324,VGND,li1,57.2700,92.1880,0.000008
TAP_TAPCELL_ROW_29_323,VGND,li1,31.5100,92.1880,0.000003
TAP_TAPCELL_ROW_28_322,VGND,li1,173.1900,87.3310,0.000008
TAP_TAPCELL_ROW_28_321,VGND,li1,147.4300,87.3310,0.000021
TAP_TAPCELL_ROW_28_320,VGND,li1,121.6700,87.3310,0.000028
TAP_TAPCELL_ROW_28_319,VGND,li1,95.9100,87.3310,0.000032
TAP_TAPCELL_ROW_28_318,VGND,li1,70.1500,87.3310,0.000031
TAP_TAPCELL_ROW_28_317,VGND,li1,44.3900,87.3310,0.000019
TAP_TAPCELL_ROW_28_316,VGND,li1,18.6300,87.3310,0.000008
TAP_TAPCELL_ROW_27_315,VGND,li1,160.3100,86.7480,0.000014
TAP_TAPCELL_ROW_27_314,VGND,li1,134.5500,86.7480,0.000025
TAP_TAPCELL_ROW_27_313,VGND,li1,108.7900,86.7480,0.000031
TAP_TAPCELL_ROW_27_312,VGND,li1,83.0300,86.7480,0.000032
TAP_TAPCELL_ROW_27_311,VGND,li1,57.2700,86.7480,0.000027
TAP_TAPCELL_ROW_27_310,VGND,li1,31.5100,86.7480,0.000011
TAP_TAPCELL_ROW_26_309,VGND,li1,173.1900,81.8910,0.000021
TAP_TAPCELL_ROW_26_308,VGND,li1,147.4300,81.8910,0.000048
TAP_TAPCELL_ROW_26_307,VGND,li1,121.6700,81.8910,0.000064
TAP_TAPCELL_ROW_26_306,VGND,li1,95.9100,81.8910,0.000063
TAP_TAPCELL_ROW_26_305,VGND,li1,70.1500,81.8910,0.000059
TAP_TAPCELL_ROW_26_304,VGND,li1,44.3900,81.8910,0.000042
TAP_TAPCELL_ROW_26_303,VGND,li1,18.6300,81.8910,0.000021
TAP_TAPCELL_ROW_25_302,VGND,li1,160.3100,81.3080,0.000035
TAP_TAPCELL_ROW_25_301,VGND,li1,134.5500,81.3080,0.000057
TAP_TAPCELL_ROW_25_300,VGND,li1,108.7900,81.3080,0.000064
TAP_TAPCELL_ROW_25_299,VGND,li1,83.0300,81.3080,0.000061
TAP_TAPCELL_ROW_25_298,VGND,li1,57.2700,81.3080,0.000055
TAP_TAPCELL_ROW_25_297,VGND,li1,31.5100,81.3080,0.000026
TAP_TAPCELL_ROW_24_296,VGND,li1,173.1900,76.4510,0.000008
TAP_TAPCELL_ROW_24_295,VGND,li1,147.4300,76.4510,0.000021
TAP_TAPCELL_ROW_24_294,VGND,li1,121.6700,76.4510,0.000030
TAP_TAPCELL_ROW_24_293,VGND,li1,95.9100,76.4510,0.000034
TAP_TAPCELL_ROW_24_292,VGND,li1,70.1500,76.4510,0.000028
TAP_TAPCELL_ROW_24_291,VGND,li1,44.3900,76.4510,0.000017
TAP_TAPCELL_ROW_24_290,VGND,li1,18.6300,76.4510,0.000008
TAP_TAPCELL_ROW_23_289,VGND,li1,160.3100,75.8680,0.000015
TAP_TAPCELL_ROW_23_288,VGND,li1,134.5500,75.8680,0.000027
TAP_TAPCELL_ROW_23_287,VGND,li1,108.7900,75.8680,0.000032
TAP_TAPCELL_ROW_23_286,VGND,li1,83.0300,75.8680,0.000033
TAP_TAPCELL_ROW_23_285,VGND,li1,57.2700,75.8680,0.000023
TAP_TAPCELL_ROW_23_284,VGND,li1,31.5100,75.8680,0.000011
TAP_TAPCELL_ROW_22_283,VGND,li1,173.1900,71.0110,0.000008
TAP_TAPCELL_ROW_22_282,VGND,li1,147.4300,71.0110,0.000022
TAP_TAPCELL_ROW_22_281,VGND,li1,121.6700,71.0110,0.000036
TAP_TAPCELL_ROW_22_280,VGND,li1,95.9100,71.0110,0.000039
TAP_TAPCELL_ROW_22_279,VGND,li1,70.1500,71.0110,0.000029
TAP_TAPCELL_ROW_22_278,VGND,li1,44.3900,71.0110,0.000017
TAP_TAPCELL_ROW_22_277,VGND,li1,18.6300,71.0110,0.000006
TAP_TAPCELL_ROW_21_276,VGND,li1,160.3100,70.4280,0.000015
TAP_TAPCELL_ROW_21_275,VGND,li1,134.5500,70.4280,0.000029
TAP_TAPCELL_ROW_21_274,VGND,li1,108.7900,70.4280,0.000041
TAP_TAPCELL_ROW_21_273,VGND,li1,83.0300,70.4280,0.000034
TAP_TAPCELL_ROW_21_272,VGND,li1,57.2700,70.4280,0.000023
TAP_TAPCELL_ROW_21_271,VGND,li1,31.5100,70.4280,0.000010
TAP_TAPCELL_ROW_20_270,VGND,li1,173.1900,65.5710,0.000002
TAP_TAPCELL_ROW_20_269,VGND,li1,147.4300,65.5710,0.000006
TAP_TAPCELL_ROW_20_268,VGND,li1,121.6700,65.5710,0.000009
TAP_TAPCELL_ROW_20_267,VGND,li1,95.9100,65.5710,0.000011
TAP_TAPCELL_ROW_20_266,VGND,li1,70.1500,65.5710,0.000011
TAP_TAPCELL_ROW_20_265,VGND,li1,44.3900,65.5710,0.000008
TAP_TAPCELL_ROW_20_264,VGND,li1,18.6300,65.5710,0.000004
TAP_TAPCELL_ROW_19_263,VGND,li1,160.3100,64.9880,0.000004
TAP_TAPCELL_ROW_19_262,VGND,li1,134.5500,64.9880,0.000008
TAP_TAPCELL_ROW_19_261,VGND,li1,108.7900,64.9880,0.000011
TAP_TAPCELL_ROW_19_260,VGND,li1,83.0300,64.9880,0.000012
TAP_TAPCELL_ROW_19_259,VGND,li1,57.2700,64.9880,0.000010
TAP_TAPCELL_ROW_19_258,VGND,li1,31.5100,64.9880,0.000005
TAP_TAPCELL_ROW_18_257,VGND,li1,173.1900,60.1310,0.000003
TAP_TAPCELL_ROW_18_256,VGND,li1,147.4300,60.1310,0.000008
TAP_TAPCELL_ROW_18_255,VGND,li1,121.6700,60.1310,0.000012
TAP_TAPCELL_ROW_18_254,VGND,li1,95.9100,60.1310,0.000011
TAP_TAPCELL_ROW_18_253,VGND,li1,70.1500,60.1310,0.000009
TAP_TAPCELL_ROW_18_252,VGND,li1,44.3900,60.1310,0.000005
TAP_TAPCELL_ROW_18_251,VGND,li1,18.6300,60.1310,0.000003
TAP_TAPCELL_ROW_17_250,VGND,li1,160.3100,59.5480,0.000006
TAP_TAPCELL_ROW_17_249,VGND,li1,134.5500,59.5480,0.000010
TAP_TAPCELL_ROW_17_248,VGND,li1,108.7900,59.5480,0.000012
TAP_TAPCELL_ROW_17_247,VGND,li1,83.0300,59.5480,0.000010
TAP_TAPCELL_ROW_17_246,VGND,li1,57.2700,59.5480,0.000007
TAP_TAPCELL_ROW_17_245,VGND,li1,31.5100,59.5480,0.000003
TAP_TAPCELL_ROW_16_244,VGND,li1,173.1900,54.6910,0.000006
TAP_TAPCELL_ROW_16_243,VGND,li1,147.4300,54.6910,0.000015
TAP_TAPCELL_ROW_16_242,VGND,li1,121.6700,54.6910,0.000015
TAP_TAPCELL_ROW_16_241,VGND,li1,95.9100,54.6910,0.000013
TAP_TAPCELL_ROW_16_240,VGND,li1,70.1500,54.6910,0.000011
TAP_TAPCELL_ROW_16_239,VGND,li1,44.3900,54.6910,0.000008
TAP_TAPCELL_ROW_16_238,VGND,li1,18.6300,54.6910,0.000008
TAP_TAPCELL_ROW_15_237,VGND,li1,160.3100,54.1080,0.000011
TAP_TAPCELL_ROW_15_236,VGND,li1,134.5500,54.1080,0.000016
TAP_TAPCELL_ROW_15_235,VGND,li1,108.7900,54.1080,0.000014
TAP_TAPCELL_ROW_15_234,VGND,li1,83.0300,54.1080,0.000012
TAP_TAPCELL_ROW_15_233,VGND,li1,57.2700,54.1080,0.000009
TAP_TAPCELL_ROW_15_232,VGND,li1,31.5100,54.1080,0.000006
TAP_TAPCELL_ROW_14_231,VGND,li1,173.1900,49.2510,0.000003
TAP_TAPCELL_ROW_14_230,VGND,li1,147.4300,49.2510,0.000008
TAP_TAPCELL_ROW_14_229,VGND,li1,121.6700,49.2510,0.000010
TAP_TAPCELL_ROW_14_228,VGND,li1,95.9100,49.2510,0.000010
TAP_TAPCELL_ROW_14_227,VGND,li1,70.1500,49.2510,0.000008
TAP_TAPCELL_ROW_14_226,VGND,li1,44.3900,49.2510,0.000004
TAP_TAPCELL_ROW_14_225,VGND,li1,18.6300,49.2510,0.000002
TAP_TAPCELL_ROW_13_224,VGND,li1,160.3100,48.6680,0.000006
TAP_TAPCELL_ROW_13_223,VGND,li1,134.5500,48.6680,0.000009
TAP_TAPCELL_ROW_13_222,VGND,li1,108.7900,48.6680,0.000010
TAP_TAPCELL_ROW_13_221,VGND,li1,83.0300,48.6680,0.000009
TAP_TAPCELL_ROW_13_220,VGND,li1,57.2700,48.6680,0.000006
TAP_TAPCELL_ROW_13_219,VGND,li1,31.5100,48.6680,0.000002
TAP_TAPCELL_ROW_12_218,VGND,li1,173.1900,43.8110,0.000006
TAP_TAPCELL_ROW_12_217,VGND,li1,147.4300,43.8110,0.000014
TAP_TAPCELL_ROW_12_216,VGND,li1,121.6700,43.8110,0.000020
TAP_TAPCELL_ROW_12_215,VGND,li1,95.9100,43.8110,0.000019
TAP_TAPCELL_ROW_12_214,VGND,li1,70.1500,43.8110,0.000015
TAP_TAPCELL_ROW_12_213,VGND,li1,44.3900,43.8110,0.000009
TAP_TAPCELL_ROW_12_212,VGND,li1,18.6300,43.8110,0.000004
TAP_TAPCELL_ROW_11_211,VGND,li1,160.3100,43.2280,0.000010
TAP_TAPCELL_ROW_11_210,VGND,li1,134.5500,43.2280,0.000018
TAP_TAPCELL_ROW_11_209,VGND,li1,108.7900,43.2280,0.000019
TAP_TAPCELL_ROW_11_208,VGND,li1,83.0300,43.2280,0.000017
TAP_TAPCELL_ROW_11_207,VGND,li1,57.2700,43.2280,0.000012
TAP_TAPCELL_ROW_11_206,VGND,li1,31.5100,43.2280,0.000005
TAP_TAPCELL_ROW_10_205,VGND,li1,173.1900,38.3710,0.000011
TAP_TAPCELL_ROW_10_204,VGND,li1,147.4300,38.3710,0.000031
TAP_TAPCELL_ROW_10_203,VGND,li1,121.6700,38.3710,0.000046
TAP_TAPCELL_ROW_10_202,VGND,li1,95.9100,38.3710,0.000047
TAP_TAPCELL_ROW_10_201,VGND,li1,70.1500,38.3710,0.000038
TAP_TAPCELL_ROW_10_200,VGND,li1,44.3900,38.3710,0.000021
TAP_TAPCELL_ROW_10_199,VGND,li1,18.6300,38.3710,0.000007
TAP_TAPCELL_ROW_9_198,VGND,li1,160.3100,37.7880,0.000021
TAP_TAPCELL_ROW_9_197,VGND,li1,134.5500,37.7880,0.000040
TAP_TAPCELL_ROW_9_196,VGND,li1,108.7900,37.7880,0.000048
TAP_TAPCELL_ROW_9_195,VGND,li1,83.0300,37.7880,0.000044
TAP_TAPCELL_ROW_9_194,VGND,li1,57.2700,37.7880,0.000030
TAP_TAPCELL_ROW_9_193,VGND,li1,31.5100,37.7880,0.000012
TAP_TAPCELL_ROW_8_192,VGND,li1,173.1900,32.9310,0.000003
TAP_TAPCELL_ROW_8_191,VGND,li1,147.4300,32.9310,0.000007
TAP_TAPCELL_ROW_8_190,VGND,li1,121.6700,32.9310,0.000009
TAP_TAPCELL_ROW_8_189,VGND,li1,95.9100,32.9310,0.000011
TAP_TAPCELL_ROW_8_188,VGND,li1,70.1500,32.9310,0.000011
TAP_TAPCELL_ROW_8_187,VGND,li1,44.3900,32.9310,0.000010
TAP_TAPCELL_ROW_8_186,VGND,li1,18.6300,32.9310,0.000005
TAP_TAPCELL_ROW_7_185,VGND,li1,160.3100,32.3480,0.000005
TAP_TAPCELL_ROW_7_184,VGND,li1,134.5500,32.3480,0.000008
TAP_TAPCELL_ROW_7_183,VGND,li1,108.7900,32.3480,0.000010
TAP_TAPCELL_ROW_7_182,VGND,li1,83.0300,32.3480,0.000011
TAP_TAPCELL_ROW_7_181,VGND,li1,57.2700,32.3480,0.000011
TAP_TAPCELL_ROW_7_180,VGND,li1,31.5100,32.3480,0.000007
TAP_TAPCELL_ROW_6_179,VGND,li1,173.1900,27.4910,0.000007
TAP_TAPCELL_ROW_6_178,VGND,li1,147.4300,27.4910,0.000018
TAP_TAPCELL_ROW_6_177,VGND,li1,121.6700,27.4910,0.000021
TAP_TAPCELL_ROW_6_176,VGND,li1,95.9100,27.4910,0.000019
TAP_TAPCELL_ROW_6_175,VGND,li1,70.1500,27.4910,0.000014
TAP_TAPCELL_ROW_6_174,VGND,li1,44.3900,27.4910,0.000008
TAP_TAPCELL_ROW_6_173,VGND,li1,18.6300,27.4910,0.000003
TAP_TAPCELL_ROW_5_172,VGND,li1,160.3100,26.9080,0.000013
TAP_TAPCELL_ROW_5_171,VGND,li1,134.5500,26.9080,0.000020
TAP_TAPCELL_ROW_5_170,VGND,li1,108.7900,26.9080,0.000021
TAP_TAPCELL_ROW_5_169,VGND,li1,83.0300,26.9080,0.000017
TAP_TAPCELL_ROW_5_168,VGND,li1,57.2700,26.9080,0.000011
TAP_TAPCELL_ROW_5_167,VGND,li1,31.5100,26.9080,0.000005
TAP_TAPCELL_ROW_4_166,VGND,li1,173.1900,22.0510,0.000002
TAP_TAPCELL_ROW_4_165,VGND,li1,147.4300,22.0510,0.000006
TAP_TAPCELL_ROW_4_164,VGND,li1,121.6700,22.0510,0.000008
TAP_TAPCELL_ROW_4_163,VGND,li1,95.9100,22.0510,0.000009
TAP_TAPCELL_ROW_4_162,VGND,li1,70.1500,22.0510,0.000010
TAP_TAPCELL_ROW_4_161,VGND,li1,44.3900,22.0510,0.000007
TAP_TAPCELL_ROW_4_160,VGND,li1,18.6300,22.0510,0.000003
TAP_TAPCELL_ROW_3_159,VGND,li1,160.3100,21.4680,0.000005
TAP_TAPCELL_ROW_3_158,VGND,li1,134.5500,21.4680,0.000007
TAP_TAPCELL_ROW_3_157,VGND,li1,108.7900,21.4680,0.000008
TAP_TAPCELL_ROW_3_156,VGND,li1,83.0300,21.4680,0.000009
TAP_TAPCELL_ROW_3_155,VGND,li1,57.2700,21.4680,0.000009
TAP_TAPCELL_ROW_3_154,VGND,li1,31.5100,21.4680,0.000004
TAP_TAPCELL_ROW_2_153,VGND,li1,173.1900,16.6110,0.000001
TAP_TAPCELL_ROW_2_152,VGND,li1,147.4300,16.6110,0.000003
TAP_TAPCELL_ROW_2_151,VGND,li1,121.6700,16.6110,0.000004
TAP_TAPCELL_ROW_2_150,VGND,li1,95.9100,16.6110,0.000004
TAP_TAPCELL_ROW_2_149,VGND,li1,70.1500,16.6110,0.000003
TAP_TAPCELL_ROW_2_148,VGND,li1,44.3900,16.6110,0.000001
TAP_TAPCELL_ROW_2_147,VGND,li1,18.6300,16.6110,0.000000
TAP_TAPCELL_ROW_1_146,VGND,li1,160.3100,16.0280,0.000002
TAP_TAPCELL_ROW_1_145,VGND,li1,134.5500,16.0280,0.000004
TAP_TAPCELL_ROW_1_144,VGND,li1,108.7900,16.0280,0.000004
TAP_TAPCELL_ROW_1_143,VGND,li1,83.0300,16.0280,0.000003
TAP_TAPCELL_ROW_1_142,VGND,li1,57.2700,16.0280,0.000002
TAP_TAPCELL_ROW_1_141,VGND,li1,31.5100,16.0280,0.000001
TAP_TAPCELL_ROW_0_140,VGND,li1,173.1900,11.1710,0.000000
TAP_TAPCELL_ROW_0_139,VGND,li1,160.3100,11.1710,0.000000
TAP_TAPCELL_ROW_0_138,VGND,li1,147.4300,11.1710,0.000000
TAP_TAPCELL_ROW_0_137,VGND,li1,134.5500,11.1710,0.000000
TAP_TAPCELL_ROW_0_136,VGND,li1,121.6700,11.1710,0.000000
TAP_TAPCELL_ROW_0_135,VGND,li1,108.7900,11.1710,0.000000
TAP_TAPCELL_ROW_0_134,VGND,li1,95.9100,11.1710,0.000000
TAP_TAPCELL_ROW_0_133,VGND,li1,83.0300,11.1710,0.000000
TAP_TAPCELL_ROW_0_132,VGND,li1,70.1500,11.1710,0.000000
TAP_TAPCELL_ROW_0_131,VGND,li1,57.2700,11.1710,0.000000
TAP_TAPCELL_ROW_0_130,VGND,li1,44.3900,11.1710,0.000000
TAP_TAPCELL_ROW_0_129,VGND,li1,31.5100,11.1710,0.000000
TAP_TAPCELL_ROW_0_128,VGND,li1,18.6300,11.1710,0.000000
PHY_EDGE_ROW_63_Left_127,VGND,li1,6.2100,184.9600,0.000000
PHY_EDGE_ROW_62_Left_126,VGND,li1,6.2100,179.5200,0.000005
PHY_EDGE_ROW_61_Left_125,VGND,li1,6.2100,179.5200,0.000005
PHY_EDGE_ROW_60_Left_124,VGND,li1,6.2100,174.0800,0.000007
PHY_EDGE_ROW_59_Left_123,VGND,li1,6.2100,174.0800,0.000007
PHY_EDGE_ROW_58_Left_122,VGND,li1,6.2100,168.6400,0.000013
PHY_EDGE_ROW_57_Left_121,VGND,li1,6.2100,168.6400,0.000013
PHY_EDGE_ROW_56_Left_120,VGND,li1,6.2100,163.2000,0.000008
PHY_EDGE_ROW_55_Left_119,VGND,li1,6.2100,163.2000,0.000008
PHY_EDGE_ROW_54_Left_118,VGND,li1,6.2100,157.7600,0.000003
PHY_EDGE_ROW_53_Left_117,VGND,li1,6.2100,157.7600,0.000003
PHY_EDGE_ROW_52_Left_116,VGND,li1,6.2100,152.3200,0.000006
PHY_EDGE_ROW_51_Left_115,VGND,li1,6.2100,152.3200,0.000006
PHY_EDGE_ROW_50_Left_114,VGND,li1,6.2100,146.8800,0.000010
PHY_EDGE_ROW_49_Left_113,VGND,li1,6.2100,146.8800,0.000010
PHY_EDGE_ROW_48_Left_112,VGND,li1,6.2100,141.4400,0.000008
PHY_EDGE_ROW_47_Left_111,VGND,li1,6.2100,141.4400,0.000008
PHY_EDGE_ROW_46_Left_110,VGND,li1,6.2100,136.0000,0.000008
PHY_EDGE_ROW_45_Left_109,VGND,li1,6.2100,136.0000,0.000008
PHY_EDGE_ROW_44_Left_108,VGND,li1,6.2100,130.5600,0.000005
PHY_EDGE_ROW_43_Left_107,VGND,li1,6.2100,130.5600,0.000005
PHY_EDGE_ROW_42_Left_106,VGND,li1,6.2100,125.1200,0.000013
PHY_EDGE_ROW_41_Left_105,VGND,li1,6.2100,125.1200,0.000013
PHY_EDGE_ROW_40_Left_104,VGND,li1,6.2100,119.6800,0.000014
PHY_EDGE_ROW_39_Left_103,VGND,li1,6.2100,119.6800,0.000014
PHY_EDGE_ROW_38_Left_102,VGND,li1,6.2100,114.2400,0.000002
PHY_EDGE_ROW_37_Left_101,VGND,li1,6.2100,114.2400,0.000002
PHY_EDGE_ROW_36_Left_100,VGND,li1,6.2100,108.8000,0.000004
PHY_EDGE_ROW_35_Left_99,VGND,li1,6.2100,108.8000,0.000004
PHY_EDGE_ROW_34_Left_98,VGND,li1,6.2100,103.3600,0.000006
PHY_EDGE_ROW_33_Left_97,VGND,li1,6.2100,103.3600,0.000006
PHY_EDGE_ROW_32_Left_96,VGND,li1,6.2100,97.9200,0.000005
PHY_EDGE_ROW_31_Left_95,VGND,li1,6.2100,97.9200,0.000005
PHY_EDGE_ROW_30_Left_94,VGND,li1,6.2100,92.4800,0.000002
PHY_EDGE_ROW_29_Left_93,VGND,li1,6.2100,92.4800,0.000002
PHY_EDGE_ROW_28_Left_92,VGND,li1,6.2100,87.0400,0.000009
PHY_EDGE_ROW_27_Left_91,VGND,li1,6.2100,87.0400,0.000009
PHY_EDGE_ROW_26_Left_90,VGND,li1,6.2100,81.6000,0.000022
PHY_EDGE_ROW_25_Left_89,VGND,li1,6.2100,81.6000,0.000022
PHY_EDGE_ROW_24_Left_88,VGND,li1,6.2100,76.1600,0.000008
PHY_EDGE_ROW_23_Left_87,VGND,li1,6.2100,76.1600,0.000008
PHY_EDGE_ROW_22_Left_86,VGND,li1,6.2100,70.7200,0.000006
PHY_EDGE_ROW_21_Left_85,VGND,li1,6.2100,70.7200,0.000006
PHY_EDGE_ROW_20_Left_84,VGND,li1,6.2100,65.2800,0.000005
PHY_EDGE_ROW_19_Left_83,VGND,li1,6.2100,65.2800,0.000005
PHY_EDGE_ROW_18_Left_82,VGND,li1,6.2100,59.8400,0.000003
PHY_EDGE_ROW_17_Left_81,VGND,li1,6.2100,59.8400,0.000003
PHY_EDGE_ROW_16_Left_80,VGND,li1,6.2100,54.4000,0.000009
PHY_EDGE_ROW_15_Left_79,VGND,li1,6.2100,54.4000,0.000009
PHY_EDGE_ROW_14_Left_78,VGND,li1,6.2100,48.9600,0.000002
PHY_EDGE_ROW_13_Left_77,VGND,li1,6.2100,48.9600,0.000002
PHY_EDGE_ROW_12_Left_76,VGND,li1,6.2100,43.5200,0.000004
PHY_EDGE_ROW_11_Left_75,VGND,li1,6.2100,43.5200,0.000004
PHY_EDGE_ROW_10_Left_74,VGND,li1,6.2100,38.0800,0.000007
PHY_EDGE_ROW_9_Left_73,VGND,li1,6.2100,38.0800,0.000007
PHY_EDGE_ROW_8_Left_72,VGND,li1,6.2100,32.6400,0.000005
PHY_EDGE_ROW_7_Left_71,VGND,li1,6.2100,32.6400,0.000005
PHY_EDGE_ROW_6_Left_70,VGND,li1,6.2100,27.2000,0.000003
PHY_EDGE_ROW_5_Left_69,VGND,li1,6.2100,27.2000,0.000003
PHY_EDGE_ROW_4_Left_68,VGND,li1,6.2100,21.7600,0.000003
PHY_EDGE_ROW_3_Left_67,VGND,li1,6.2100,21.7600,0.000003
PHY_EDGE_ROW_2_Left_66,VGND,li1,6.2100,16.3200,0.000000
PHY_EDGE_ROW_1_Left_65,VGND,li1,6.2100,16.3200,0.000000
PHY_EDGE_ROW_0_Left_64,VGND,li1,6.2100,10.8800,0.000000
PHY_EDGE_ROW_63_Right_63,VGND,li1,179.6300,184.9600,0.000000
PHY_EDGE_ROW_62_Right_62,VGND,li1,179.6300,179.5200,0.000003
PHY_EDGE_ROW_61_Right_61,VGND,li1,179.6300,179.5200,0.000003
PHY_EDGE_ROW_60_Right_60,VGND,li1,179.6300,174.0800,0.000004
PHY_EDGE_ROW_59_Right_59,VGND,li1,179.6300,174.0800,0.000004
PHY_EDGE_ROW_58_Right_58,VGND,li1,179.6300,168.6400,0.000004
PHY_EDGE_ROW_57_Right_57,VGND,li1,179.6300,168.6400,0.000004
PHY_EDGE_ROW_56_Right_56,VGND,li1,179.6300,163.2000,0.000007
PHY_EDGE_ROW_55_Right_55,VGND,li1,179.6300,163.2000,0.000007
PHY_EDGE_ROW_54_Right_54,VGND,li1,179.6300,157.7600,0.000002
PHY_EDGE_ROW_53_Right_53,VGND,li1,179.6300,157.7600,0.000002
PHY_EDGE_ROW_52_Right_52,VGND,li1,179.6300,152.3200,0.000005
PHY_EDGE_ROW_51_Right_51,VGND,li1,179.6300,152.3200,0.000005
PHY_EDGE_ROW_50_Right_50,VGND,li1,179.6300,146.8800,0.000006
PHY_EDGE_ROW_49_Right_49,VGND,li1,179.6300,146.8800,0.000006
PHY_EDGE_ROW_48_Right_48,VGND,li1,179.6300,141.4400,0.000005
PHY_EDGE_ROW_47_Right_47,VGND,li1,179.6300,141.4400,0.000005
PHY_EDGE_ROW_46_Right_46,VGND,li1,179.6300,136.0000,0.000005
PHY_EDGE_ROW_45_Right_45,VGND,li1,179.6300,136.0000,0.000005
PHY_EDGE_ROW_44_Right_44,VGND,li1,179.6300,130.5600,0.000003
PHY_EDGE_ROW_43_Right_43,VGND,li1,179.6300,130.5600,0.000003
PHY_EDGE_ROW_42_Right_42,VGND,li1,179.6300,125.1200,0.000007
PHY_EDGE_ROW_41_Right_41,VGND,li1,179.6300,125.1200,0.000007
PHY_EDGE_ROW_40_Right_40,VGND,li1,179.6300,119.6800,0.000010
PHY_EDGE_ROW_39_Right_39,VGND,li1,179.6300,119.6800,0.000010
PHY_EDGE_ROW_38_Right_38,VGND,li1,179.6300,114.2400,0.000001
PHY_EDGE_ROW_37_Right_37,VGND,li1,179.6300,114.2400,0.000001
PHY_EDGE_ROW_36_Right_36,VGND,li1,179.6300,108.8000,0.000006
PHY_EDGE_ROW_35_Right_35,VGND,li1,179.6300,108.8000,0.000006
PHY_EDGE_ROW_34_Right_34,VGND,li1,179.6300,103.3600,0.000003
PHY_EDGE_ROW_33_Right_33,VGND,li1,179.6300,103.3600,0.000003
PHY_EDGE_ROW_32_Right_32,VGND,li1,179.6300,97.9200,0.000005
PHY_EDGE_ROW_31_Right_31,VGND,li1,179.6300,97.9200,0.000005
PHY_EDGE_ROW_30_Right_30,VGND,li1,179.6300,92.4800,0.000002
PHY_EDGE_ROW_29_Right_29,VGND,li1,179.6300,92.4800,0.000002
PHY_EDGE_ROW_28_Right_28,VGND,li1,179.6300,87.0400,0.000005
PHY_EDGE_ROW_27_Right_27,VGND,li1,179.6300,87.0400,0.000005
PHY_EDGE_ROW_26_Right_26,VGND,li1,179.6300,81.6000,0.000012
PHY_EDGE_ROW_25_Right_25,VGND,li1,179.6300,81.6000,0.000012
PHY_EDGE_ROW_24_Right_24,VGND,li1,179.6300,76.1600,0.000005
PHY_EDGE_ROW_23_Right_23,VGND,li1,179.6300,76.1600,0.000005
PHY_EDGE_ROW_22_Right_22,VGND,li1,179.6300,70.7200,0.000005
PHY_EDGE_ROW_21_Right_21,VGND,li1,179.6300,70.7200,0.000005
PHY_EDGE_ROW_20_Right_20,VGND,li1,179.6300,65.2800,0.000001
PHY_EDGE_ROW_19_Right_19,VGND,li1,179.6300,65.2800,0.000001
PHY_EDGE_ROW_18_Right_18,VGND,li1,179.6300,59.8400,0.000002
PHY_EDGE_ROW_17_Right_17,VGND,li1,179.6300,59.8400,0.000002
PHY_EDGE_ROW_16_Right_16,VGND,li1,179.6300,54.4000,0.000004
PHY_EDGE_ROW_15_Right_15,VGND,li1,179.6300,54.4000,0.000004
PHY_EDGE_ROW_14_Right_14,VGND,li1,179.6300,48.9600,0.000002
PHY_EDGE_ROW_13_Right_13,VGND,li1,179.6300,48.9600,0.000002
PHY_EDGE_ROW_12_Right_12,VGND,li1,179.6300,43.5200,0.000003
PHY_EDGE_ROW_11_Right_11,VGND,li1,179.6300,43.5200,0.000003
PHY_EDGE_ROW_10_Right_10,VGND,li1,179.6300,38.0800,0.000007
PHY_EDGE_ROW_9_Right_9,VGND,li1,179.6300,38.0800,0.000007
PHY_EDGE_ROW_8_Right_8,VGND,li1,179.6300,32.6400,0.000002
PHY_EDGE_ROW_7_Right_7,VGND,li1,179.6300,32.6400,0.000002
PHY_EDGE_ROW_6_Right_6,VGND,li1,179.6300,27.2000,0.000005
PHY_EDGE_ROW_5_Right_5,VGND,li1,179.6300,27.2000,0.000005
PHY_EDGE_ROW_4_Right_4,VGND,li1,179.6300,21.7600,0.000002
PHY_EDGE_ROW_3_Right_3,VGND,li1,179.6300,21.7600,0.000002
PHY_EDGE_ROW_2_Right_2,VGND,li1,179.6300,16.3200,0.000001
PHY_EDGE_ROW_1_Right_1,VGND,li1,179.6300,16.3200,0.000001
PHY_EDGE_ROW_0_Right_0,VGND,li1,179.6300,10.8800,0.000000
_1783_,VGND,li1,167.6700,43.5200,0.000007
_1782_,VGND,li1,82.5700,16.3200,0.000003
_1781_,VGND,li1,66.9300,16.3200,0.000002
_1780_,VGND,li1,43.4700,179.5200,0.000012
_1776_,VGND,li1,31.7400,152.3200,0.000008
_1775_,VGND,li1,37.9500,146.8800,0.000019
_1774_,VGND,li1,49.2200,168.6400,0.000024
_1773_,VGND,li1,49.2200,152.3200,0.000016
_1772_,VGND,li1,43.0100,174.0800,0.000018
_1771_,VGND,li1,52.4400,130.5600,0.000013
_1770_,VGND,li1,46.9200,21.7600,0.000008
_1769_,VGND,li1,49.2200,21.7600,0.000008
_1768_,VGND,li1,49.2200,32.6400,0.000010
_1767_,VGND,li1,36.3400,38.0800,0.000016
_1766_,VGND,li1,37.0300,21.7600,0.000006
_1765_,VGND,li1,25.9900,21.7600,0.000003
_1764_,VGND,li1,24.1500,27.2000,0.000003
_1763_,VGND,li1,23.6900,32.6400,0.000005
_1762_,VGND,li1,44.1600,65.2800,0.000008
_1761_,VGND,li1,30.5900,65.2800,0.000005
_1760_,VGND,li1,12.1900,59.8400,0.000003
_1759_,VGND,li1,12.1900,43.5200,0.000004
_1758_,VGND,li1,21.6200,43.5200,0.000004
_1757_,VGND,li1,11.5000,54.4000,0.000009
_1756_,VGND,li1,20.4700,65.2800,0.000004
_1755_,VGND,li1,11.7300,65.2800,0.000005
_1754_,VGND,li1,58.1900,179.5200,0.000018
_1753_,VGND,li1,22.0800,136.0000,0.000008
_1752_,VGND,li1,17.4800,146.8800,0.000010
_1751_,VGND,li1,12.8800,141.4400,0.000008
_1750_,VGND,li1,12.8800,136.0000,0.000008
_1749_,VGND,li1,36.8000,141.4400,0.000014
_1748_,VGND,li1,26.6800,146.8800,0.000010
_1747_,VGND,li1,30.3600,136.0000,0.000012
_1746_,VGND,li1,23.0000,152.3200,0.000006
_1745_,VGND,li1,12.8800,157.7600,0.000003
_1744_,VGND,li1,11.5000,163.2000,0.000008
_1743_,VGND,li1,11.5000,168.6400,0.000013
_1742_,VGND,li1,19.7800,174.0800,0.000007
_1741_,VGND,li1,29.4400,163.2000,0.000010
_1740_,VGND,li1,32.6600,168.6400,0.000015
_1739_,VGND,li1,38.1800,179.5200,0.000010
_1738_,VGND,li1,69.9200,32.6400,0.000011
_1737_,VGND,li1,72.6800,43.5200,0.000015
_1736_,VGND,li1,60.7200,70.7200,0.000026
_1735_,VGND,li1,68.5400,54.4000,0.000011
_1734_,VGND,li1,65.3200,59.8400,0.000008
_1733_,VGND,li1,59.8000,65.2800,0.000010
_1732_,VGND,li1,112.2400,179.5200,0.000021
_1731_,VGND,li1,125.5800,141.4400,0.000024
_1730_,VGND,li1,97.9800,179.5200,0.000023
_1729_,VGND,li1,120.9800,174.0800,0.000028
_1728_,VGND,li1,130.1800,130.5600,0.000017
_1727_,VGND,li1,77.2800,174.0800,0.000030
_1726_,VGND,li1,75.4400,141.4400,0.000022
_1725_,VGND,li1,129.2600,168.6400,0.000022
_1724_,VGND,li1,62.1000,168.6400,0.000031
_1723_,VGND,li1,51.9800,136.0000,0.000024
_1722_,VGND,li1,70.3800,179.5200,0.000020
_1721_,VGND,li1,66.2400,174.0800,0.000028
_1720_,VGND,li1,66.2400,146.8800,0.000030
_1719_,VGND,li1,66.2400,163.2000,0.000030
_1718_,VGND,li1,61.1800,141.4400,0.000019
_1717_,VGND,li1,64.4000,152.3200,0.000021
_1716_,VGND,li1,53.8200,108.8000,0.000012
_1715_,VGND,li1,61.8700,103.3600,0.000019
_1714_,VGND,li1,65.0900,97.9200,0.000018
_1713_,VGND,li1,79.5800,92.4800,0.000011
_1712_,VGND,li1,70.3800,92.4800,0.000010
_1711_,VGND,li1,53.8200,114.2400,0.000005
_1710_,VGND,li1,82.1100,125.1200,0.000050
_1709_,VGND,li1,71.7600,125.1200,0.000049
_1708_,VGND,li1,65.3200,125.1200,0.000048
_1707_,VGND,li1,56.1200,125.1200,0.000046
_1706_,VGND,li1,105.3400,168.6400,0.000028
_1705_,VGND,li1,103.5000,136.0000,0.000029
_1704_,VGND,li1,104.8800,179.5200,0.000022
_1703_,VGND,li1,104.8800,163.2000,0.000037
_1702_,VGND,li1,65.7800,136.0000,0.000030
_1701_,VGND,li1,71.7600,168.6400,0.000031
_1700_,VGND,li1,74.5200,136.0000,0.000030
_1699_,VGND,li1,74.0600,152.3200,0.000024
_1698_,VGND,li1,138.4600,119.6800,0.000046
_1697_,VGND,li1,115.4600,125.1200,0.000047
_1696_,VGND,li1,107.6400,87.0400,0.000031
_1695_,VGND,li1,117.3000,92.4800,0.000011
_1694_,VGND,li1,161.4600,125.1200,0.000020
_1693_,VGND,li1,163.3000,114.2400,0.000003
_1692_,VGND,li1,164.2200,108.8000,0.000015
_1691_,VGND,li1,89.2400,87.0400,0.000032
_1690_,VGND,li1,142.6000,125.1200,0.000032
_1689_,VGND,li1,123.7400,125.1200,0.000043
_1688_,VGND,li1,108.5600,81.6000,0.000064
_1687_,VGND,li1,117.7600,114.2400,0.000006
_1686_,VGND,li1,140.7600,87.0400,0.000023
_1685_,VGND,li1,141.2200,76.1600,0.000024
_1684_,VGND,li1,138.4600,97.9200,0.000022
_1683_,VGND,li1,104.8800,76.1600,0.000033
_1682_,VGND,li1,113.1600,174.0800,0.000031
_1681_,VGND,li1,112.7000,136.0000,0.000028
_1680_,VGND,li1,90.6200,179.5200,0.000023
_1679_,VGND,li1,112.7000,119.6800,0.000053
_1678_,VGND,li1,103.0400,152.3200,0.000030
_1677_,VGND,li1,86.9400,168.6400,0.000031
_1676_,VGND,li1,89.2400,136.0000,0.000031
_1675_,VGND,li1,93.8400,163.2000,0.000037
_1674_,VGND,li1,151.3400,163.2000,0.000025
_1673_,VGND,li1,125.5800,97.9200,0.000026
_1672_,VGND,li1,105.3400,97.9200,0.000028
_1671_,VGND,li1,125.5800,163.2000,0.000036
_1670_,VGND,li1,99.8200,146.8800,0.000036
_1669_,VGND,li1,150.4200,103.3600,0.000013
_1668_,VGND,li1,151.3400,108.8000,0.000022
_1667_,VGND,li1,83.2600,157.7600,0.000012
_1666_,VGND,li1,152.7200,157.7600,0.000008
_1665_,VGND,li1,129.7200,108.8000,0.000024
_1664_,VGND,li1,95.2200,97.9200,0.000026
_1663_,VGND,li1,99.8200,130.5600,0.000022
_1662_,VGND,li1,164.2200,146.8800,0.000015
_1661_,VGND,li1,164.2200,103.3600,0.000009
_1660_,VGND,li1,162.3800,136.0000,0.000013
_1659_,VGND,li1,86.9400,152.3200,0.000027
_1658_,VGND,li1,151.3400,168.6400,0.000015
_1657_,VGND,li1,129.7200,141.4400,0.000023
_1656_,VGND,li1,87.8600,179.5200,0.000023
_1655_,VGND,li1,120.5200,179.5200,0.000020
_1654_,VGND,li1,152.2600,130.5600,0.000011
_1653_,VGND,li1,79.1200,179.5200,0.000022
_1652_,VGND,li1,145.8200,97.9200,0.000019
_1651_,VGND,li1,130.6400,179.5200,0.000017
_1650_,VGND,li1,133.4000,76.1600,0.000027
_1649_,VGND,li1,120.0600,108.8000,0.000024
_1648_,VGND,li1,99.8200,108.8000,0.000021
_1647_,VGND,li1,125.5800,76.1600,0.000029
_1646_,VGND,li1,156.4000,87.0400,0.000017
_1645_,VGND,li1,156.4000,81.6000,0.000039
_1644_,VGND,li1,159.1600,92.4800,0.000006
_1643_,VGND,li1,99.8200,76.1600,0.000033
_1642_,VGND,li1,129.2600,119.6800,0.000052
_1641_,VGND,li1,121.4400,136.0000,0.000026
_1640_,VGND,li1,101.6600,119.6800,0.000049
_1639_,VGND,li1,123.7400,152.3200,0.000029
_1638_,VGND,li1,138.0000,152.3200,0.000024
_1637_,VGND,li1,145.8200,119.6800,0.000040
_1636_,VGND,li1,141.6800,136.0000,0.000020
_1635_,VGND,li1,133.8600,157.7600,0.000010
_1634_,VGND,li1,127.8800,76.1600,0.000028
_1633_,VGND,li1,127.8800,87.0400,0.000027
_1632_,VGND,li1,99.8200,92.4800,0.000011
_1631_,VGND,li1,115.9200,76.1600,0.000031
_1630_,VGND,li1,148.5800,87.0400,0.000020
_1629_,VGND,li1,151.3400,76.1600,0.000019
_1628_,VGND,li1,151.3400,92.4800,0.000007
_1627_,VGND,li1,90.6200,81.6000,0.000063
_1626_,VGND,li1,142.6000,168.6400,0.000018
_1625_,VGND,li1,117.7600,108.8000,0.000024
_1624_,VGND,li1,96.6000,168.6400,0.000029
_1623_,VGND,li1,103.0400,125.1200,0.000050
_1622_,VGND,li1,151.3400,146.8800,0.000022
_1621_,VGND,li1,151.3400,119.6800,0.000035
_1620_,VGND,li1,152.7200,136.0000,0.000017
_1619_,VGND,li1,137.5400,174.0800,0.000022
_1618_,VGND,li1,143.5200,146.8800,0.000025
_1617_,VGND,li1,108.5600,141.4400,0.000024
_1616_,VGND,li1,99.3600,114.2400,0.000007
_1615_,VGND,li1,110.8600,152.3200,0.000031
_1614_,VGND,li1,159.1600,152.3200,0.000014
_1613_,VGND,li1,160.0800,119.6800,0.000029
_1612_,VGND,li1,164.2200,136.0000,0.000012
_1611_,VGND,li1,87.8600,146.8800,0.000035
_1610_,VGND,li1,115.0000,163.2000,0.000037
_1609_,VGND,li1,132.9400,97.9200,0.000024
_1608_,VGND,li1,112.7000,97.9200,0.000029
_1607_,VGND,li1,113.6200,146.8800,0.000035
_1606_,VGND,li1,130.6400,146.8800,0.000030
_1605_,VGND,li1,79.1200,168.6400,0.000031
_1604_,VGND,li1,78.6600,146.8800,0.000033
_1603_,VGND,li1,77.2800,157.7600,0.000012
_1602_,VGND,li1,138.4600,146.8800,0.000028
_1601_,VGND,li1,135.2400,87.0400,0.000025
_1600_,VGND,li1,99.8200,87.0400,0.000032
_1599_,VGND,li1,116.8400,87.0400,0.000029
_1598_,VGND,li1,96.1400,141.4400,0.000024
_1597_,VGND,li1,136.1600,108.8000,0.000024
_1596_,VGND,li1,86.9400,136.0000,0.000031
_1595_,VGND,li1,86.9400,87.0400,0.000032
_1594_,VGND,li1,86.7100,65.2800,0.000012
_1593_,VGND,li1,81.8800,43.5200,0.000017
_1592_,VGND,li1,74.2900,48.9600,0.000008
_1591_,VGND,li1,70.8400,65.2800,0.000011
_1590_,VGND,li1,64.8600,87.0400,0.000031
_1589_,VGND,li1,84.1800,76.1600,0.000033
_1588_,VGND,li1,103.9600,70.7200,0.000041
_1587_,VGND,li1,74.9800,76.1600,0.000030
_1586_,VGND,li1,100.7400,65.2800,0.000011
_1585_,VGND,li1,65.7800,81.6000,0.000058
_1584_,VGND,li1,91.0800,70.7200,0.000038
_1583_,VGND,li1,74.9800,81.6000,0.000060
_1582_,VGND,li1,74.9800,70.7200,0.000031
_1581_,VGND,li1,155.2500,43.5200,0.000011
_1580_,VGND,li1,50.8300,70.7200,0.000020
_1579_,VGND,li1,40.2500,87.0400,0.000017
_1578_,VGND,li1,37.0300,76.1600,0.000014
_1577_,VGND,li1,44.8500,81.6000,0.000042
_1576_,VGND,li1,57.5000,163.2000,0.000026
_1575_,VGND,li1,49.2200,136.0000,0.000022
_1574_,VGND,li1,62.1000,179.5200,0.000019
_1573_,VGND,li1,50.1400,179.5200,0.000014
_1572_,VGND,li1,42.3200,146.8800,0.000022
_1571_,VGND,li1,61.6400,157.7600,0.000010
_1570_,VGND,li1,51.5200,146.8800,0.000026
_1569_,VGND,li1,57.5000,146.8800,0.000027
_1568_,VGND,li1,143.5200,157.7600,0.000009
_1567_,VGND,li1,115.9200,141.4400,0.000024
_1566_,VGND,li1,112.7000,108.8000,0.000023
_1565_,VGND,li1,126.0400,157.7600,0.000011
_1564_,VGND,li1,133.8600,125.1200,0.000037
_1563_,VGND,li1,141.6800,108.8000,0.000023
_1562_,VGND,li1,141.6800,136.0000,0.000020
_1561_,VGND,li1,99.8200,157.7600,0.000012
_1560_,VGND,li1,157.3200,48.9600,0.000007
_1559_,VGND,li1,155.9400,54.4000,0.000013
_1558_,VGND,li1,152.2600,59.8400,0.000007
_1557_,VGND,li1,141.2200,54.4000,0.000016
_1556_,VGND,li1,147.6600,48.9600,0.000008
_1555_,VGND,li1,137.5400,48.9600,0.000009
_1554_,VGND,li1,129.2600,43.5200,0.000019
_1553_,VGND,li1,137.5400,38.0800,0.000037
_1552_,VGND,li1,128.8000,38.0800,0.000044
_1551_,VGND,li1,130.1800,27.2000,0.000021
_1550_,VGND,li1,132.9400,16.3200,0.000004
_1549_,VGND,li1,140.3000,21.7600,0.000007
_1548_,VGND,li1,144.9000,32.6400,0.000007
_1547_,VGND,li1,159.1600,27.2000,0.000014
_1546_,VGND,li1,158.2400,32.6400,0.000006
_1545_,VGND,li1,152.4900,21.7600,0.000006
_1544_,VGND,li1,20.7000,76.1600,0.000007
_1543_,VGND,li1,127.4200,65.2800,0.000009
_1542_,VGND,li1,113.6200,70.7200,0.000039
_1541_,VGND,li1,122.8200,70.7200,0.000035
_1540_,VGND,li1,111.3200,59.8400,0.000012
_1539_,VGND,li1,126.9600,54.4000,0.000015
_1538_,VGND,li1,126.0400,59.8400,0.000011
_1537_,VGND,li1,114.0800,59.8400,0.000012
_1536_,VGND,li1,122.8200,48.9600,0.000010
_1535_,VGND,li1,113.6200,48.9600,0.000010
_1534_,VGND,li1,100.7400,48.9600,0.000010
_1533_,VGND,li1,101.6600,59.8400,0.000012
_1532_,VGND,li1,91.0800,43.5200,0.000018
_1531_,VGND,li1,95.6800,38.0800,0.000047
_1530_,VGND,li1,108.5600,38.0800,0.000048
_1529_,VGND,li1,119.6000,38.0800,0.000046
_1528_,VGND,li1,122.8200,27.2000,0.000021
_1527_,VGND,li1,113.6200,27.2000,0.000021
_1526_,VGND,li1,102.1200,27.2000,0.000020
_1525_,VGND,li1,107.1800,16.3200,0.000004
_1524_,VGND,li1,92.9200,27.2000,0.000019
_1523_,VGND,li1,78.2000,27.2000,0.000016
_1522_,VGND,li1,74.9800,21.7600,0.000010
_1521_,VGND,li1,85.1000,32.6400,0.000011
_1520_,VGND,li1,77.9700,38.0800,0.000042
_1519_,VGND,li1,11.5000,76.1600,0.000008
_1518_,VGND,li1,11.5000,81.6000,0.000022
_1517_,VGND,li1,65.3200,21.7600,0.000009
_1516_,VGND,li1,23.4600,81.6000,0.000019
_1515_,VGND,li1,11.5000,87.0400,0.000009
_1514_,VGND,li1,11.5000,97.9200,0.000005
_1513_,VGND,li1,11.5000,103.3600,0.000006
_1512_,VGND,li1,26.6800,103.3600,0.000006
_1511_,VGND,li1,12.4200,108.8000,0.000004
_1510_,VGND,li1,11.7300,114.2400,0.000002
_1509_,VGND,li1,13.1100,125.1200,0.000013
_1508_,VGND,li1,24.8400,119.6800,0.000010
_1507_,VGND,li1,21.1600,130.5600,0.000005
_1506_,VGND,li1,34.7300,130.5600,0.000008
_1505_,VGND,li1,36.3400,119.6800,0.000018
_1504_,VGND,li1,43.0100,130.5600,0.000010
_1503_,VGND,li1,49.4500,119.6800,0.000026
_1502_,VGND,li1,45.0800,108.8000,0.000010
_1501_,VGND,li1,50.3700,103.3600,0.000015
_1500_,VGND,li1,36.8000,97.9200,0.000009
_1499_,VGND,li1,55.6600,76.1600,0.000022
_1498_,VGND,li1,52.4400,87.0400,0.000024
_1497_,VGND,li1,58.4200,87.0400,0.000027
_1496_,VGND,li1,56.1200,92.4800,0.000008
_1495_,VGND,li1,72.2200,16.3200,0.000003
_1494_,VGND,li1,162.6100,43.5200,0.000009
_1493_,VGND,li1,34.9600,157.7600,0.000005
_1492_,VGND,li1,34.2700,152.3200,0.000010
_1491_,VGND,li1,36.5700,157.7600,0.000005
_1490_,VGND,li1,34.5000,163.2000,0.000013
_1489_,VGND,li1,45.7700,168.6400,0.000022
_1488_,VGND,li1,44.1600,168.6400,0.000021
_1487_,VGND,li1,43.2400,163.2000,0.000018
_1486_,VGND,li1,46.6900,163.2000,0.000019
_1485_,VGND,li1,41.4000,168.6400,0.000020
_1484_,VGND,li1,41.8600,168.6400,0.000020
_1483_,VGND,li1,38.8700,163.2000,0.000015
_1482_,VGND,li1,40.0200,163.2000,0.000015
_1481_,VGND,li1,40.7100,157.7600,0.000006
_1480_,VGND,li1,39.7900,27.2000,0.000007
_1479_,VGND,li1,43.2400,27.2000,0.000008
_1478_,VGND,li1,38.8700,27.2000,0.000007
_1477_,VGND,li1,38.4100,32.6400,0.000009
_1476_,VGND,li1,43.4700,32.6400,0.000010
_1475_,VGND,li1,41.6300,32.6400,0.000010
_1474_,VGND,li1,37.7200,32.6400,0.000009
_1473_,VGND,li1,35.6500,32.6400,0.000009
_1472_,VGND,li1,39.3300,43.5200,0.000007
_1471_,VGND,li1,45.7700,38.0800,0.000021
_1470_,VGND,li1,39.7900,48.9600,0.000004
_1469_,VGND,li1,32.6600,21.7600,0.000005
_1468_,VGND,li1,28.7500,27.2000,0.000005
_1467_,VGND,li1,25.7600,27.2000,0.000004
_1466_,VGND,li1,28.7500,32.6400,0.000007
_1465_,VGND,li1,26.6800,32.6400,0.000006
_1464_,VGND,li1,31.9700,32.6400,0.000007
_1463_,VGND,li1,23.2300,32.6400,0.000005
_1462_,VGND,li1,24.8400,32.6400,0.000005
_1461_,VGND,li1,29.6700,32.6400,0.000007
_1460_,VGND,li1,26.9100,38.0800,0.000009
_1459_,VGND,li1,38.6400,65.2800,0.000007
_1458_,VGND,li1,37.0300,59.8400,0.000004
_1457_,VGND,li1,35.6500,65.2800,0.000006
_1456_,VGND,li1,37.9500,65.2800,0.000007
_1455_,VGND,li1,41.8600,65.2800,0.000007
_1454_,VGND,li1,27.6000,65.2800,0.000004
_1453_,VGND,li1,30.5900,65.2800,0.000005
_1452_,VGND,li1,32.8900,65.2800,0.000005
_1451_,VGND,li1,27.8300,59.8400,0.000003
_1450_,VGND,li1,20.7000,54.4000,0.000007
_1449_,VGND,li1,24.1500,59.8400,0.000003
_1448_,VGND,li1,21.3900,54.4000,0.000007
_1447_,VGND,li1,16.7900,48.9600,0.000002
_1446_,VGND,li1,13.3400,43.5200,0.000004
_1445_,VGND,li1,16.1000,43.5200,0.000004
_1444_,VGND,li1,16.1000,48.9600,0.000002
_1443_,VGND,li1,20.7000,43.5200,0.000004
_1442_,VGND,li1,20.4700,48.9600,0.000002
_1441_,VGND,li1,23.6900,43.5200,0.000004
_1440_,VGND,li1,17.9400,54.4000,0.000008
_1439_,VGND,li1,23.9200,48.9600,0.000001
_1438_,VGND,li1,18.1700,48.9600,0.000002
_1437_,VGND,li1,21.1600,48.9600,0.000002
_1436_,VGND,li1,20.7000,65.2800,0.000004
_1435_,VGND,li1,17.7100,65.2800,0.000005
_1434_,VGND,li1,14.0300,70.7200,0.000006
_1433_,VGND,li1,24.6100,65.2800,0.000004
_1432_,VGND,li1,32.4300,87.0400,0.000012
_1431_,VGND,li1,27.8300,76.1600,0.000008
_1430_,VGND,li1,52.6700,163.2000,0.000023
_1429_,VGND,li1,52.6700,157.7600,0.000008
_1428_,VGND,li1,51.0600,168.6400,0.000025
_1427_,VGND,li1,49.4500,157.7600,0.000007
_1426_,VGND,li1,54.0500,174.0800,0.000023
_1425_,VGND,li1,39.3300,157.7600,0.000006
_1424_,VGND,li1,52.2100,157.7600,0.000008
_1423_,VGND,li1,42.5500,157.7600,0.000006
_1422_,VGND,li1,49.9100,163.2000,0.000021
_1421_,VGND,li1,23.6900,136.0000,0.000007
_1420_,VGND,li1,17.2500,146.8800,0.000010
_1419_,VGND,li1,23.6900,141.4400,0.000007
_1418_,VGND,li1,16.7900,130.5600,0.000005
_1417_,VGND,li1,42.0900,141.4400,0.000015
_1416_,VGND,li1,28.7500,146.8800,0.000013
_1415_,VGND,li1,25.5300,141.4400,0.000007
_1414_,VGND,li1,23.4600,157.7600,0.000003
_1413_,VGND,li1,21.3900,157.7600,0.000003
_1412_,VGND,li1,20.0100,152.3200,0.000006
_1411_,VGND,li1,17.7100,152.3200,0.000006
_1410_,VGND,li1,17.0200,163.2000,0.000007
_1409_,VGND,li1,19.7800,163.2000,0.000007
_1408_,VGND,li1,16.7900,163.2000,0.000007
_1407_,VGND,li1,12.4200,168.6400,0.000013
_1406_,VGND,li1,17.0200,168.6400,0.000012
_1405_,VGND,li1,27.3700,168.6400,0.000012
_1404_,VGND,li1,25.3000,174.0800,0.000007
_1403_,VGND,li1,25.5300,168.6400,0.000010
_1402_,VGND,li1,27.6000,168.6400,0.000012
_1401_,VGND,li1,30.1300,168.6400,0.000014
_1400_,VGND,li1,32.6600,168.6400,0.000015
_1399_,VGND,li1,36.3400,174.0800,0.000014
_1398_,VGND,li1,30.3600,174.0800,0.000010
_1397_,VGND,li1,24.1500,163.2000,0.000007
_1396_,VGND,li1,28.7500,157.7600,0.000004
_1395_,VGND,li1,25.9900,157.7600,0.000003
_1394_,VGND,li1,28.0600,141.4400,0.000009
_1393_,VGND,li1,20.2400,141.4400,0.000007
_1392_,VGND,li1,20.2400,157.7600,0.000003
_1391_,VGND,li1,24.8400,168.6400,0.000010
_1390_,VGND,li1,37.7200,179.5200,0.000010
_1389_,VGND,li1,67.1600,27.2000,0.000014
_1388_,VGND,li1,71.7600,38.0800,0.000039
_1387_,VGND,li1,67.1600,38.0800,0.000037
_1386_,VGND,li1,62.5600,70.7200,0.000026
_1385_,VGND,li1,61.4100,43.5200,0.000013
_1384_,VGND,li1,62.5600,48.9600,0.000007
_1383_,VGND,li1,67.3900,48.9600,0.000007
_1382_,VGND,li1,60.7200,54.4000,0.000010
_1381_,VGND,li1,66.0100,54.4000,0.000011
_1380_,VGND,li1,58.4200,65.2800,0.000010
_1379_,VGND,li1,68.7700,65.2800,0.000011
_1378_,VGND,li1,113.3900,179.5200,0.000021
_1377_,VGND,li1,124.4300,146.8800,0.000032
_1376_,VGND,li1,99.1300,179.5200,0.000023
_1375_,VGND,li1,123.9700,174.0800,0.000027
_1374_,VGND,li1,130.4100,130.5600,0.000017
_1373_,VGND,li1,83.0300,174.0800,0.000030
_1372_,VGND,li1,72.9100,146.8800,0.000032
_1371_,VGND,li1,129.9500,168.6400,0.000022
_1370_,VGND,li1,85.3300,114.2400,0.000006
_1369_,VGND,li1,63.7100,163.2000,0.000028
_1368_,VGND,li1,110.6300,168.6400,0.000026
_1367_,VGND,li1,115.6900,168.6400,0.000025
_1366_,VGND,li1,136.6200,125.1200,0.000036
_1365_,VGND,li1,132.7100,81.6000,0.000058
_1364_,VGND,li1,115.2300,168.6400,0.000025
_1363_,VGND,li1,144.2100,163.2000,0.000029
_1362_,VGND,li1,144.4400,130.5600,0.000013
_1361_,VGND,li1,141.4500,141.4400,0.000021
_1360_,VGND,li1,160.5400,163.2000,0.000019
_1359_,VGND,li1,147.4300,157.7600,0.000009
_1358_,VGND,li1,59.5700,130.5600,0.000015
_1357_,VGND,li1,108.7900,130.5600,0.000022
_1356_,VGND,li1,130.8700,114.2400,0.000006
_1355_,VGND,li1,136.6200,103.3600,0.000016
_1354_,VGND,li1,132.7100,103.3600,0.000017
_1353_,VGND,li1,127.6500,114.2400,0.000006
_1352_,VGND,li1,123.9700,130.5600,0.000019
_1351_,VGND,li1,124.4300,141.4400,0.000024
_1350_,VGND,li1,117.3000,130.5600,0.000020
_1349_,VGND,li1,118.4500,141.4400,0.000024
_1348_,VGND,li1,124.2000,125.1200,0.000043
_1347_,VGND,li1,72.4500,179.5200,0.000021
_1346_,VGND,li1,104.6500,174.0800,0.000032
_1345_,VGND,li1,107.4100,103.3600,0.000022
_1344_,VGND,li1,118.2200,97.9200,0.000028
_1343_,VGND,li1,105.3400,92.4800,0.000011
_1342_,VGND,li1,100.5100,97.9200,0.000027
_1341_,VGND,li1,105.8000,108.8000,0.000022
_1340_,VGND,li1,106.9500,119.6800,0.000051
_1339_,VGND,li1,97.5200,174.0800,0.000031
_1338_,VGND,li1,101.4300,174.0800,0.000032
_1337_,VGND,li1,110.8600,87.0400,0.000030
_1336_,VGND,li1,69.6900,174.0800,0.000029
_1335_,VGND,li1,110.6300,157.7600,0.000012
_1334_,VGND,li1,123.5100,168.6400,0.000023
_1333_,VGND,li1,126.2700,174.0800,0.000026
_1332_,VGND,li1,111.5500,119.6800,0.000053
_1331_,VGND,li1,118.4500,125.1200,0.000045
_1330_,VGND,li1,122.8200,92.4800,0.000010
_1329_,VGND,li1,119.8300,87.0400,0.000029
_1328_,VGND,li1,123.7400,157.7600,0.000011
_1327_,VGND,li1,119.3700,157.7600,0.000011
_1326_,VGND,li1,115.0000,130.5600,0.000020
_1325_,VGND,li1,63.7100,141.4400,0.000020
_1324_,VGND,li1,66.7000,141.4400,0.000020
_1323_,VGND,li1,102.8100,141.4400,0.000024
_1322_,VGND,li1,152.9500,146.8800,0.000021
_1321_,VGND,li1,152.2600,130.5600,0.000011
_1320_,VGND,li1,139.1500,130.5600,0.000015
_1319_,VGND,li1,156.8600,146.8800,0.000019
_1318_,VGND,li1,132.7100,152.3200,0.000025
_1317_,VGND,li1,153.1800,87.0400,0.000018
_1316_,VGND,li1,105.5700,146.8800,0.000037
_1315_,VGND,li1,143.5200,87.0400,0.000022
_1314_,VGND,li1,69.2300,163.2000,0.000031
_1313_,VGND,li1,73.8300,168.6400,0.000031
_1312_,VGND,li1,155.2500,119.6800,0.000032
_1311_,VGND,li1,158.4700,119.6800,0.000029
_1310_,VGND,li1,152.9500,114.2400,0.000004
_1309_,VGND,li1,150.8800,81.6000,0.000045
_1308_,VGND,li1,158.2400,103.3600,0.000010
_1307_,VGND,li1,141.9100,108.8000,0.000023
_1306_,VGND,li1,85.1000,174.0800,0.000030
_1305_,VGND,li1,87.6300,168.6400,0.000031
_1304_,VGND,li1,143.5200,81.6000,0.000050
_1303_,VGND,li1,59.1100,136.0000,0.000027
_1302_,VGND,li1,79.8100,141.4400,0.000022
_1301_,VGND,li1,153.4100,136.0000,0.000017
_1300_,VGND,li1,152.2600,97.9200,0.000016
_1299_,VGND,li1,143.5200,92.4800,0.000008
_1298_,VGND,li1,156.6300,108.8000,0.000019
_1297_,VGND,li1,158.2400,141.4400,0.000016
_1296_,VGND,li1,145.5900,130.5600,0.000013
_1295_,VGND,li1,83.7200,136.0000,0.000031
_1294_,VGND,li1,84.4100,141.4400,0.000023
_1293_,VGND,li1,145.5900,97.9200,0.000019
_1292_,VGND,li1,66.0100,146.8800,0.000030
_1291_,VGND,li1,80.2700,152.3200,0.000026
_1290_,VGND,li1,93.1500,136.0000,0.000030
_1289_,VGND,li1,99.3600,152.3200,0.000030
_1288_,VGND,li1,97.5200,81.6000,0.000063
_1287_,VGND,li1,99.1300,163.2000,0.000037
_1286_,VGND,li1,95.9100,87.0400,0.000032
_1285_,VGND,li1,136.6200,168.6400,0.000020
_1284_,VGND,li1,140.5300,174.0800,0.000021
_1283_,VGND,li1,90.6200,152.3200,0.000028
_1282_,VGND,li1,88.5500,157.7600,0.000012
_1281_,VGND,li1,83.9500,114.2400,0.000006
_1280_,VGND,li1,85.3300,130.5600,0.000020
_1279_,VGND,li1,90.8500,125.1200,0.000050
_1278_,VGND,li1,85.7900,119.6800,0.000043
_1277_,VGND,li1,93.1500,130.5600,0.000021
_1276_,VGND,li1,83.0300,119.6800,0.000041
_1275_,VGND,li1,90.8500,119.6800,0.000045
_1274_,VGND,li1,91.7700,114.2400,0.000006
_1273_,VGND,li1,97.2900,125.1200,0.000050
_1272_,VGND,li1,102.1200,81.6000,0.000064
_1271_,VGND,li1,91.7700,119.6800,0.000045
_1270_,VGND,li1,93.6100,130.5600,0.000021
_1269_,VGND,li1,97.7500,125.1200,0.000050
_1268_,VGND,li1,94.9900,119.6800,0.000047
_1267_,VGND,li1,88.7800,114.2400,0.000006
_1266_,VGND,li1,89.0100,125.1200,0.000050
_1265_,VGND,li1,92.6900,114.2400,0.000006
_1264_,VGND,li1,61.8700,136.0000,0.000028
_1263_,VGND,li1,60.0300,108.8000,0.000014
_1262_,VGND,li1,59.8000,103.3600,0.000019
_1261_,VGND,li1,68.0800,103.3600,0.000021
_1260_,VGND,li1,66.0100,108.8000,0.000015
_1259_,VGND,li1,63.7100,97.9200,0.000018
_1258_,VGND,li1,77.5100,92.4800,0.000011
_1257_,VGND,li1,73.6000,92.4800,0.000010
_1256_,VGND,li1,67.3900,92.4800,0.000010
_1255_,VGND,li1,60.0300,114.2400,0.000005
_1254_,VGND,li1,75.2100,125.1200,0.000049
_1253_,VGND,li1,61.8700,119.6800,0.000032
_1252_,VGND,li1,77.0500,119.6800,0.000039
_1251_,VGND,li1,70.6100,130.5600,0.000017
_1250_,VGND,li1,74.5200,130.5600,0.000018
_1249_,VGND,li1,72.4500,130.5600,0.000017
_1248_,VGND,li1,61.4100,125.1200,0.000047
_1247_,VGND,li1,60.0300,119.6800,0.000032
_1246_,VGND,li1,59.1100,125.1200,0.000046
_1245_,VGND,li1,60.4900,130.5600,0.000015
_1244_,VGND,li1,62.7900,130.5600,0.000015
_1243_,VGND,li1,106.0300,168.6400,0.000028
_1242_,VGND,li1,104.6500,136.0000,0.000029
_1241_,VGND,li1,105.5700,179.5200,0.000022
_1240_,VGND,li1,106.4900,157.7600,0.000012
_1239_,VGND,li1,71.0700,136.0000,0.000030
_1238_,VGND,li1,75.6700,163.2000,0.000033
_1237_,VGND,li1,75.6700,136.0000,0.000030
_1236_,VGND,li1,72.4500,152.3200,0.000024
_1235_,VGND,li1,91.7700,97.9200,0.000025
_1234_,VGND,li1,135.4700,114.2400,0.000005
_1233_,VGND,li1,114.7700,125.1200,0.000047
_1232_,VGND,li1,111.0900,92.4800,0.000011
_1231_,VGND,li1,118.9100,92.4800,0.000011
_1230_,VGND,li1,162.6100,125.1200,0.000019
_1229_,VGND,li1,162.6100,114.2400,0.000003
_1228_,VGND,li1,158.0100,108.8000,0.000019
_1227_,VGND,li1,90.8500,92.4800,0.000011
_1226_,VGND,li1,87.1700,92.4800,0.000011
_1225_,VGND,li1,142.8300,125.1200,0.000032
_1224_,VGND,li1,131.3300,119.6800,0.000051
_1223_,VGND,li1,111.0900,81.6000,0.000064
_1222_,VGND,li1,119.3700,114.2400,0.000006
_1221_,VGND,li1,143.7500,81.6000,0.000050
_1220_,VGND,li1,141.9100,76.1600,0.000024
_1219_,VGND,li1,139.6100,92.4800,0.000009
_1218_,VGND,li1,105.5700,76.1600,0.000033
_1217_,VGND,li1,87.6300,97.9200,0.000024
_1216_,VGND,li1,113.8500,174.0800,0.000031
_1215_,VGND,li1,113.3900,130.5600,0.000021
_1214_,VGND,li1,91.7700,174.0800,0.000031
_1213_,VGND,li1,111.5500,114.2400,0.000007
_1212_,VGND,li1,103.7300,152.3200,0.000030
_1211_,VGND,li1,88.0900,163.2000,0.000036
_1210_,VGND,li1,89.9300,141.4400,0.000023
_1209_,VGND,li1,98.2100,163.2000,0.000037
_1208_,VGND,li1,87.6300,108.8000,0.000019
_1207_,VGND,li1,151.1100,163.2000,0.000025
_1206_,VGND,li1,123.5100,97.9200,0.000027
_1205_,VGND,li1,111.0900,92.4800,0.000011
_1204_,VGND,li1,123.9700,163.2000,0.000036
_1203_,VGND,li1,97.2900,146.8800,0.000036
_1202_,VGND,li1,151.1100,97.9200,0.000017
_1201_,VGND,li1,150.6500,103.3600,0.000013
_1200_,VGND,li1,89.0100,157.7600,0.000012
_1199_,VGND,li1,82.5700,97.9200,0.000023
_1198_,VGND,li1,78.2000,103.3600,0.000024
_1197_,VGND,li1,152.0300,152.3200,0.000017
_1196_,VGND,li1,130.4100,103.3600,0.000017
_1195_,VGND,li1,96.3700,103.3600,0.000025
_1194_,VGND,li1,98.6700,130.5600,0.000022
_1193_,VGND,li1,158.0100,146.8800,0.000018
_1192_,VGND,li1,158.0100,103.3600,0.000010
_1191_,VGND,li1,162.6100,141.4400,0.000014
_1190_,VGND,li1,92.6900,152.3200,0.000028
_1189_,VGND,li1,91.7700,108.8000,0.000020
_1188_,VGND,li1,150.6500,168.6400,0.000015
_1187_,VGND,li1,129.9500,136.0000,0.000023
_1186_,VGND,li1,89.0100,184.9600,0.000000
_1185_,VGND,li1,123.9700,179.5200,0.000019
_1184_,VGND,li1,152.0300,125.1200,0.000027
_1183_,VGND,li1,82.1100,179.5200,0.000022
_1182_,VGND,li1,142.8300,97.9200,0.000021
_1181_,VGND,li1,131.7900,174.0800,0.000024
_1180_,VGND,li1,82.5700,103.3600,0.000025
_1179_,VGND,li1,136.8500,76.1600,0.000025
_1178_,VGND,li1,123.9700,103.3600,0.000019
_1177_,VGND,li1,100.9700,103.3600,0.000024
_1176_,VGND,li1,123.9700,81.6000,0.000063
_1175_,VGND,li1,157.5500,81.6000,0.000039
_1174_,VGND,li1,157.0900,76.1600,0.000016
_1173_,VGND,li1,164.9100,92.4800,0.000005
_1172_,VGND,li1,94.9900,76.1600,0.000034
_1171_,VGND,li1,88.5500,103.3600,0.000027
_1170_,VGND,li1,129.4900,114.2400,0.000006
_1169_,VGND,li1,123.9700,136.0000,0.000025
_1168_,VGND,li1,102.8100,114.2400,0.000007
_1167_,VGND,li1,123.9700,146.8800,0.000032
_1166_,VGND,li1,139.1500,152.3200,0.000023
_1165_,VGND,li1,143.2900,114.2400,0.000005
_1164_,VGND,li1,142.3700,141.4400,0.000021
_1163_,VGND,li1,136.8500,163.2000,0.000033
_1162_,VGND,li1,88.5500,108.8000,0.000019
_1161_,VGND,li1,73.8300,103.3600,0.000023
_1160_,VGND,li1,129.0300,81.6000,0.000060
_1159_,VGND,li1,128.5700,87.0400,0.000027
_1158_,VGND,li1,98.2100,92.4800,0.000011
_1157_,VGND,li1,117.0700,76.1600,0.000031
_1156_,VGND,li1,149.7300,81.6000,0.000045
_1155_,VGND,li1,148.8100,76.1600,0.000021
_1154_,VGND,li1,151.1100,92.4800,0.000007
_1153_,VGND,li1,91.7700,76.1600,0.000034
_1152_,VGND,li1,87.1700,97.9200,0.000024
_1151_,VGND,li1,143.2900,168.6400,0.000018
_1150_,VGND,li1,123.9700,108.8000,0.000024
_1149_,VGND,li1,98.2100,168.6400,0.000029
_1148_,VGND,li1,104.1900,119.6800,0.000050
_1147_,VGND,li1,152.0300,152.3200,0.000017
_1146_,VGND,li1,151.5700,119.6800,0.000035
_1145_,VGND,li1,152.9500,141.4400,0.000019
_1144_,VGND,li1,136.8500,174.0800,0.000022
_1143_,VGND,li1,84.4100,108.8000,0.000018
_1142_,VGND,li1,88.0900,114.2400,0.000006
_1141_,VGND,li1,144.2100,146.8800,0.000025
_1140_,VGND,li1,111.0900,141.4400,0.000024
_1139_,VGND,li1,100.5100,108.8000,0.000021
_1138_,VGND,li1,112.0100,157.7600,0.000012
_1137_,VGND,li1,162.6100,152.3200,0.000013
_1136_,VGND,li1,162.6100,119.6800,0.000025
_1135_,VGND,li1,161.6900,130.5600,0.000008
_1134_,VGND,li1,89.0100,141.4400,0.000023
_1133_,VGND,li1,80.2700,108.8000,0.000017
_1132_,VGND,li1,77.2800,97.9200,0.000022
_1131_,VGND,li1,115.6900,163.2000,0.000037
_1130_,VGND,li1,130.4100,97.9200,0.000025
_1129_,VGND,li1,112.0100,103.3600,0.000022
_1128_,VGND,li1,116.6100,152.3200,0.000031
_1127_,VGND,li1,131.3300,146.8800,0.000030
_1126_,VGND,li1,81.6500,163.2000,0.000036
_1125_,VGND,li1,80.2700,146.8800,0.000033
_1124_,VGND,li1,79.8100,152.3200,0.000026
_1123_,VGND,li1,79.3500,103.3600,0.000024
_1122_,VGND,li1,135.4700,141.4400,0.000022
_1121_,VGND,li1,131.7900,92.4800,0.000009
_1120_,VGND,li1,100.5100,87.0400,0.000032
_1119_,VGND,li1,117.9900,81.6000,0.000064
_1118_,VGND,li1,101.8900,141.4400,0.000024
_1117_,VGND,li1,136.8500,114.2400,0.000005
_1116_,VGND,li1,84.4100,130.5600,0.000020
_1115_,VGND,li1,83.4900,87.0400,0.000032
_1114_,VGND,li1,93.1500,103.3600,0.000026
_1113_,VGND,li1,74.9800,103.3600,0.000023
_1112_,VGND,li1,76.5900,65.2800,0.000011
_1111_,VGND,li1,85.3300,48.9600,0.000009
_1110_,VGND,li1,78.2000,54.4000,0.000012
_1109_,VGND,li1,77.5100,65.2800,0.000011
_1108_,VGND,li1,77.9700,59.8400,0.000010
_1107_,VGND,li1,80.2700,65.2800,0.000011
_1106_,VGND,li1,79.8100,65.2800,0.000011
_1105_,VGND,li1,84.6400,81.6000,0.000062
_1104_,VGND,li1,99.1300,76.1600,0.000033
_1103_,VGND,li1,92.0000,59.8400,0.000011
_1102_,VGND,li1,75.2100,76.1600,0.000030
_1101_,VGND,li1,74.5200,54.4000,0.000011
_1100_,VGND,li1,96.8300,65.2800,0.000011
_1099_,VGND,li1,90.3900,54.4000,0.000013
_1098_,VGND,li1,88.0900,48.9600,0.000009
_1097_,VGND,li1,85.5600,48.9600,0.000009
_1096_,VGND,li1,66.9300,76.1600,0.000027
_1095_,VGND,li1,66.9300,70.7200,0.000028
_1094_,VGND,li1,88.5500,70.7200,0.000037
_1093_,VGND,li1,85.3300,54.4000,0.000012
_1092_,VGND,li1,93.1500,54.4000,0.000013
_1091_,VGND,li1,89.0100,54.4000,0.000012
_1090_,VGND,li1,72.9100,81.6000,0.000060
_1089_,VGND,li1,73.6000,59.8400,0.000009
_1088_,VGND,li1,78.2000,59.8400,0.000010
_1087_,VGND,li1,81.6500,76.1600,0.000032
_1086_,VGND,li1,70.6100,70.7200,0.000029
_1085_,VGND,li1,71.7600,65.2800,0.000011
_1084_,VGND,li1,84.8700,59.8400,0.000010
_1083_,VGND,li1,90.8500,54.4000,0.000013
_1082_,VGND,li1,80.2700,59.8400,0.000010
_1081_,VGND,li1,155.2500,38.0800,0.000024
_1080_,VGND,li1,54.9700,168.6400,0.000027
_1079_,VGND,li1,48.5300,141.4400,0.000017
_1078_,VGND,li1,65.0900,179.5200,0.000019
_1077_,VGND,li1,51.2900,179.5200,0.000015
_1076_,VGND,li1,48.9900,141.4400,0.000017
_1075_,VGND,li1,62.3300,157.7600,0.000010
_1074_,VGND,li1,54.9700,141.4400,0.000018
_1073_,VGND,li1,60.0300,152.3200,0.000020
_1072_,VGND,li1,143.7500,157.7600,0.000009
_1071_,VGND,li1,114.7700,146.8800,0.000035
_1070_,VGND,li1,109.7100,108.8000,0.000023
_1069_,VGND,li1,125.3500,152.3200,0.000028
_1068_,VGND,li1,136.8500,130.5600,0.000016
_1067_,VGND,li1,142.3700,103.3600,0.000015
_1066_,VGND,li1,146.5100,141.4400,0.000020
_1065_,VGND,li1,98.6700,157.7600,0.000012
_1064_,VGND,li1,92.6900,108.8000,0.000020
_1063_,VGND,li1,75.4400,97.9200,0.000021
_1062_,VGND,li1,70.8400,103.3600,0.000022
_1061_,VGND,li1,64.1700,114.2400,0.000005
_1060_,VGND,li1,121.6700,65.2800,0.000009
_1059_,VGND,li1,111.5500,65.2800,0.000010
_1058_,VGND,li1,113.8500,65.2800,0.000010
_1057_,VGND,li1,110.6300,65.2800,0.000010
_1056_,VGND,li1,127.6500,65.2800,0.000009
_1055_,VGND,li1,120.2900,59.8400,0.000012
_1054_,VGND,li1,112.9300,54.4000,0.000014
_1053_,VGND,li1,115.6900,54.4000,0.000015
_1052_,VGND,li1,112.2400,43.5200,0.000020
_1051_,VGND,li1,110.1700,54.4000,0.000014
_1050_,VGND,li1,112.4700,48.9600,0.000010
_1049_,VGND,li1,106.0300,48.9600,0.000010
_1048_,VGND,li1,104.8800,43.5200,0.000019
_1047_,VGND,li1,101.2000,54.4000,0.000013
_1046_,VGND,li1,108.1000,48.9600,0.000010
_1045_,VGND,li1,106.4900,54.4000,0.000014
_1044_,VGND,li1,101.2000,54.4000,0.000013
_1043_,VGND,li1,108.7900,54.4000,0.000014
_1042_,VGND,li1,104.1900,54.4000,0.000014
_1041_,VGND,li1,97.9800,43.5200,0.000019
_1040_,VGND,li1,101.8900,43.5200,0.000019
_1039_,VGND,li1,101.4300,43.5200,0.000019
_1038_,VGND,li1,97.7500,38.0800,0.000047
_1037_,VGND,li1,97.9800,32.6400,0.000011
_1036_,VGND,li1,103.2700,38.0800,0.000049
_1035_,VGND,li1,94.5300,38.0800,0.000047
_1034_,VGND,li1,104.8800,32.6400,0.000010
_1033_,VGND,li1,110.8600,38.0800,0.000048
_1032_,VGND,li1,113.8500,38.0800,0.000047
_1031_,VGND,li1,110.1700,43.5200,0.000020
_1030_,VGND,li1,118.2200,38.0800,0.000046
_1029_,VGND,li1,125.5800,32.6400,0.000009
_1028_,VGND,li1,118.9100,32.6400,0.000009
_1027_,VGND,li1,119.1400,27.2000,0.000021
_1026_,VGND,li1,127.1900,32.6400,0.000009
_1025_,VGND,li1,119.3700,32.6400,0.000009
_1024_,VGND,li1,123.2800,32.6400,0.000009
_1023_,VGND,li1,111.7800,21.7600,0.000008
_1022_,VGND,li1,112.9300,32.6400,0.000010
_1021_,VGND,li1,107.8700,21.7600,0.000008
_1020_,VGND,li1,101.2000,27.2000,0.000020
_1019_,VGND,li1,102.3500,32.6400,0.000010
_1018_,VGND,li1,107.4100,27.2000,0.000020
_1017_,VGND,li1,104.6500,27.2000,0.000020
_1016_,VGND,li1,103.2700,21.7600,0.000008
_1015_,VGND,li1,98.2100,21.7600,0.000009
_1014_,VGND,li1,93.3800,21.7600,0.000009
_1013_,VGND,li1,94.5300,27.2000,0.000019
_1012_,VGND,li1,98.2100,27.2000,0.000020
_1011_,VGND,li1,85.1000,27.2000,0.000018
_1010_,VGND,li1,87.6300,27.2000,0.000018
_1009_,VGND,li1,85.7900,21.7600,0.000009
_1008_,VGND,li1,84.8700,32.6400,0.000011
_1007_,VGND,li1,80.5000,27.2000,0.000017
_1006_,VGND,li1,80.5000,21.7600,0.000009
_1005_,VGND,li1,87.8600,32.6400,0.000011
_1004_,VGND,li1,85.1000,38.0800,0.000045
_1003_,VGND,li1,88.0900,38.0800,0.000045
_1002_,VGND,li1,89.9300,38.0800,0.000046
_1001_,VGND,li1,80.2700,38.0800,0.000043
_1000_,VGND,li1,122.8200,48.9600,0.000010
_0999_,VGND,li1,120.0600,59.8400,0.000012
_0998_,VGND,li1,120.0600,65.2800,0.000010
_0997_,VGND,li1,117.7600,43.5200,0.000020
_0996_,VGND,li1,105.8000,48.9600,0.000010
_0995_,VGND,li1,115.4600,32.6400,0.000009
_0994_,VGND,li1,111.7800,27.2000,0.000021
_0993_,VGND,li1,80.7300,54.4000,0.000012
_0992_,VGND,li1,81.1900,54.4000,0.000012
_0991_,VGND,li1,78.4300,54.4000,0.000012
_0990_,VGND,li1,18.1700,81.6000,0.000021
_0989_,VGND,li1,63.4800,27.2000,0.000013
_0988_,VGND,li1,60.2600,27.2000,0.000012
_0987_,VGND,li1,62.1000,27.2000,0.000013
_0986_,VGND,li1,54.9700,27.2000,0.000011
_0985_,VGND,li1,48.9900,27.2000,0.000010
_0984_,VGND,li1,62.1000,38.0800,0.000033
_0983_,VGND,li1,60.2600,54.4000,0.000010
_0982_,VGND,li1,58.4200,54.4000,0.000010
_0981_,VGND,li1,56.3500,54.4000,0.000009
_0980_,VGND,li1,54.0500,59.8400,0.000007
_0979_,VGND,li1,58.6500,48.9600,0.000006
_0978_,VGND,li1,59.3400,43.5200,0.000012
_0977_,VGND,li1,63.7100,43.5200,0.000013
_0976_,VGND,li1,60.7200,48.9600,0.000006
_0975_,VGND,li1,65.0900,38.0800,0.000035
_0974_,VGND,li1,59.3400,38.0800,0.000031
_0973_,VGND,li1,54.7400,38.0800,0.000028
_0972_,VGND,li1,55.6600,43.5200,0.000011
_0971_,VGND,li1,53.1300,38.0800,0.000026
_0970_,VGND,li1,55.4300,43.5200,0.000011
_0969_,VGND,li1,51.7500,38.0800,0.000026
_0968_,VGND,li1,54.5100,32.6400,0.000011
_0967_,VGND,li1,50.3700,32.6400,0.000010
_0966_,VGND,li1,52.6700,43.5200,0.000011
_0965_,VGND,li1,50.3700,43.5200,0.000010
_0964_,VGND,li1,56.8100,38.0800,0.000030
_0963_,VGND,li1,46.4600,43.5200,0.000009
_0962_,VGND,li1,41.6300,38.0800,0.000019
_0961_,VGND,li1,51.5200,54.4000,0.000009
_0960_,VGND,li1,53.3600,48.9600,0.000005
_0959_,VGND,li1,53.8200,54.4000,0.000009
_0958_,VGND,li1,53.5900,54.4000,0.000009
_0957_,VGND,li1,48.5300,59.8400,0.000006
_0956_,VGND,li1,51.2900,59.8400,0.000007
_0955_,VGND,li1,45.3100,59.8400,0.000006
_0954_,VGND,li1,48.5300,54.4000,0.000008
_0953_,VGND,li1,46.2300,54.4000,0.000008
_0952_,VGND,li1,46.2300,48.9600,0.000004
_0951_,VGND,li1,51.7500,54.4000,0.000009
_0950_,VGND,li1,40.0200,54.4000,0.000007
_0949_,VGND,li1,37.9500,48.9600,0.000003
_0948_,VGND,li1,29.4400,54.4000,0.000006
_0947_,VGND,li1,25.9900,54.4000,0.000005
_0946_,VGND,li1,29.2100,54.4000,0.000006
_0945_,VGND,li1,25.7600,54.4000,0.000005
_0944_,VGND,li1,41.6300,48.9600,0.000004
_0943_,VGND,li1,37.4900,54.4000,0.000007
_0942_,VGND,li1,37.9500,54.4000,0.000007
_0941_,VGND,li1,41.6300,54.4000,0.000007
_0940_,VGND,li1,37.0300,59.8400,0.000004
_0939_,VGND,li1,47.6100,59.8400,0.000006
_0938_,VGND,li1,31.9700,43.5200,0.000005
_0937_,VGND,li1,34.7300,43.5200,0.000006
_0936_,VGND,li1,28.7500,43.5200,0.000005
_0935_,VGND,li1,35.1900,54.4000,0.000006
_0934_,VGND,li1,29.6700,43.5200,0.000005
_0933_,VGND,li1,60.0300,32.6400,0.000011
_0932_,VGND,li1,55.8900,32.6400,0.000011
_0931_,VGND,li1,58.1900,32.6400,0.000011
_0930_,VGND,li1,52.2100,32.6400,0.000011
_0929_,VGND,li1,58.1900,27.2000,0.000011
_0928_,VGND,li1,54.0500,27.2000,0.000011
_0927_,VGND,li1,28.0600,87.0400,0.000009
_0926_,VGND,li1,21.1600,87.0400,0.000008
_0925_,VGND,li1,30.1300,87.0400,0.000011
_0924_,VGND,li1,20.7000,87.0400,0.000008
_0923_,VGND,li1,23.2300,87.0400,0.000008
_0922_,VGND,li1,17.2500,87.0400,0.000008
_0921_,VGND,li1,17.7100,97.9200,0.000005
_0920_,VGND,li1,16.7900,92.4800,0.000002
_0919_,VGND,li1,20.9300,97.9200,0.000005
_0918_,VGND,li1,20.0100,92.4800,0.000002
_0917_,VGND,li1,16.1000,92.4800,0.000002
_0916_,VGND,li1,13.8000,97.9200,0.000005
_0915_,VGND,li1,17.2500,103.3600,0.000006
_0914_,VGND,li1,15.4100,103.3600,0.000006
_0913_,VGND,li1,22.3100,97.9200,0.000005
_0912_,VGND,li1,20.2400,103.3600,0.000005
_0911_,VGND,li1,20.9300,103.3600,0.000005
_0910_,VGND,li1,20.7000,108.8000,0.000004
_0909_,VGND,li1,25.5300,108.8000,0.000004
_0908_,VGND,li1,20.4700,114.2400,0.000002
_0907_,VGND,li1,23.6900,108.8000,0.000004
_0906_,VGND,li1,13.8000,114.2400,0.000002
_0905_,VGND,li1,17.4800,114.2400,0.000002
_0904_,VGND,li1,28.2900,114.2400,0.000002
_0903_,VGND,li1,18.8600,119.6800,0.000013
_0902_,VGND,li1,14.7200,119.6800,0.000014
_0901_,VGND,li1,17.2500,119.6800,0.000013
_0900_,VGND,li1,20.0100,119.6800,0.000012
_0899_,VGND,li1,24.8400,119.6800,0.000010
_0898_,VGND,li1,27.6000,119.6800,0.000012
_0897_,VGND,li1,32.4300,119.6800,0.000015
_0896_,VGND,li1,28.5200,114.2400,0.000002
_0895_,VGND,li1,23.4600,125.1200,0.000012
_0894_,VGND,li1,27.1400,125.1200,0.000015
_0893_,VGND,li1,29.4400,125.1200,0.000019
_0892_,VGND,li1,33.3500,130.5600,0.000008
_0891_,VGND,li1,29.2100,130.5600,0.000006
_0890_,VGND,li1,35.8800,119.6800,0.000018
_0889_,VGND,li1,40.2500,114.2400,0.000003
_0888_,VGND,li1,37.4900,125.1200,0.000027
_0887_,VGND,li1,40.0200,119.6800,0.000020
_0886_,VGND,li1,42.5500,125.1200,0.000034
_0885_,VGND,li1,41.6300,130.5600,0.000010
_0884_,VGND,li1,43.7000,119.6800,0.000022
_0883_,VGND,li1,43.0100,119.6800,0.000022
_0882_,VGND,li1,43.0100,125.1200,0.000034
_0881_,VGND,li1,42.3200,108.8000,0.000009
_0880_,VGND,li1,46.2300,114.2400,0.000004
_0879_,VGND,li1,43.9300,114.2400,0.000004
_0878_,VGND,li1,42.5500,103.3600,0.000012
_0877_,VGND,li1,46.2300,97.9200,0.000013
_0876_,VGND,li1,41.1700,97.9200,0.000011
_0875_,VGND,li1,37.7200,97.9200,0.000009
_0874_,VGND,li1,42.5500,97.9200,0.000011
_0873_,VGND,li1,43.4700,97.9200,0.000012
_0872_,VGND,li1,32.6600,87.0400,0.000012
_0871_,VGND,li1,54.0500,76.1600,0.000022
_0870_,VGND,li1,59.1100,81.6000,0.000056
_0869_,VGND,li1,47.1500,92.4800,0.000007
_0868_,VGND,li1,43.0100,76.1600,0.000017
_0867_,VGND,li1,46.6900,87.0400,0.000021
_0866_,VGND,li1,50.3700,81.6000,0.000050
_0865_,VGND,li1,51.7500,92.4800,0.000007
_0864_,VGND,li1,54.7400,92.4800,0.000008
_0863_,VGND,li1,48.5300,87.0400,0.000022
_0862_,VGND,li1,50.6000,92.4800,0.000007
_0861_,VGND,li1,51.5200,97.9200,0.000014
_0860_,VGND,li1,32.4300,92.4800,0.000003
_0859_,VGND,li1,29.6700,92.4800,0.000003
_0858_,VGND,li1,31.0500,81.6000,0.000026
_0857_,VGND,li1,38.4100,81.6000,0.000034
_0856_,VGND,li1,37.4900,70.7200,0.000013
_0855_,VGND,li1,35.6500,76.1600,0.000012
_0854_,VGND,li1,79.3500,70.7200,0.000033
_0853_,VGND,li1,84.6400,65.2800,0.000012
_0852_,VGND,li1,87.1700,59.8400,0.000010
_0851_,VGND,li1,89.4700,59.8400,0.000011
_0850_,VGND,li1,79.8100,48.9600,0.000009
_0849_,VGND,li1,88.7800,59.8400,0.000011
_0848_,VGND,li1,66.0100,108.8000,0.000015
_0847_,VGND,li1,151.1100,48.9600,0.000008
_0846_,VGND,li1,150.1900,59.8400,0.000008
_0845_,VGND,li1,150.4200,54.4000,0.000015
_0844_,VGND,li1,161.6900,54.4000,0.000011
_0843_,VGND,li1,145.5900,59.8400,0.000008
_0842_,VGND,li1,146.5100,54.4000,0.000015
_0841_,VGND,li1,143.7500,59.8400,0.000008
_0840_,VGND,li1,144.6700,48.9600,0.000009
_0839_,VGND,li1,152.0300,43.5200,0.000012
_0838_,VGND,li1,142.6000,43.5200,0.000015
_0837_,VGND,li1,145.1300,43.5200,0.000014
_0836_,VGND,li1,131.3300,48.9600,0.000010
_0835_,VGND,li1,132.2500,48.9600,0.000010
_0834_,VGND,li1,135.0100,43.5200,0.000018
_0833_,VGND,li1,140.5300,43.5200,0.000016
_0832_,VGND,li1,135.4700,43.5200,0.000017
_0831_,VGND,li1,135.7000,38.0800,0.000039
_0830_,VGND,li1,131.7900,43.5200,0.000019
_0829_,VGND,li1,127.1900,32.6400,0.000009
_0828_,VGND,li1,128.8000,27.2000,0.000021
_0827_,VGND,li1,136.3900,27.2000,0.000020
_0826_,VGND,li1,136.3900,27.2000,0.000020
_0825_,VGND,li1,136.3900,21.7600,0.000007
_0824_,VGND,li1,134.5500,21.7600,0.000007
_0823_,VGND,li1,139.1500,27.2000,0.000019
_0822_,VGND,li1,133.6300,27.2000,0.000020
_0821_,VGND,li1,142.8300,27.2000,0.000019
_0820_,VGND,li1,151.1100,32.6400,0.000006
_0819_,VGND,li1,144.6700,32.6400,0.000007
_0818_,VGND,li1,149.2700,27.2000,0.000018
_0817_,VGND,li1,154.3300,32.6400,0.000006
_0816_,VGND,li1,165.3700,32.6400,0.000004
_0815_,VGND,li1,148.3500,43.5200,0.000014
_0814_,VGND,li1,149.0400,32.6400,0.000007
_0813_,VGND,li1,146.5100,32.6400,0.000007
_0812_,VGND,li1,157.0900,32.6400,0.000006
_0811_,VGND,li1,153.4100,27.2000,0.000016
_0810_,VGND,li1,152.7200,54.4000,0.000014
_0809_,VGND,li1,142.6000,43.5200,0.000015
_0808_,VGND,li1,136.6200,32.6400,0.000008
_0807_,VGND,li1,76.5900,16.3200,0.000003
_0806_,VGND,li1,31.7400,70.7200,0.000010
_0805_,VGND,li1,35.6500,81.6000,0.000031
_0804_,VGND,li1,37.2600,81.6000,0.000034
_0803_,VGND,li1,33.8100,81.6000,0.000028
_0802_,VGND,li1,36.5700,87.0400,0.000015
_0801_,VGND,li1,39.3300,92.4800,0.000005
_0800_,VGND,li1,44.1600,92.4800,0.000006
_0799_,VGND,li1,34.2700,108.8000,0.000007
_0798_,VGND,li1,36.8000,108.8000,0.000008
_0797_,VGND,li1,43.4700,76.1600,0.000017
_0796_,VGND,li1,29.2100,76.1600,0.000009
_0795_,VGND,li1,33.5800,108.8000,0.000006
_0794_,VGND,li1,26.6800,97.9200,0.000006
_0793_,VGND,li1,24.3800,92.4800,0.000002
_0792_,VGND,li1,28.2900,108.8000,0.000005
_0791_,VGND,li1,32.2000,108.8000,0.000006
_0790_,VGND,li1,38.6400,108.8000,0.000008
_0789_,VGND,li1,46.4600,103.3600,0.000014
_0788_,VGND,li1,46.9200,92.4800,0.000007
_0787_,VGND,li1,33.1200,54.4000,0.000006
_0786_,VGND,li1,27.1400,48.9600,0.000002
_0785_,VGND,li1,40.9400,32.6400,0.000009
_0784_,VGND,li1,27.6000,59.8400,0.000003
_0783_,VGND,li1,29.9000,48.9600,0.000002
_0782_,VGND,li1,19.5500,70.7200,0.000006
_0781_,VGND,li1,52.2100,27.2000,0.000010
_0780_,VGND,li1,42.0900,43.5200,0.000008
_0779_,VGND,li1,35.1900,136.0000,0.000014
_0778_,VGND,li1,38.8700,157.7600,0.000005
_0777_,VGND,li1,37.4900,152.3200,0.000011
_0776_,VGND,li1,63.2500,114.2400,0.000005
_0775_,VGND,li1,59.1100,114.2400,0.000005
_0774_,VGND,li1,74.9800,114.2400,0.000006
_0773_,VGND,li1,71.9900,108.8000,0.000016
_0772_,VGND,li1,73.8300,114.2400,0.000006
_0771_,VGND,li1,67.3900,114.2400,0.000005
_0770_,VGND,li1,70.6100,114.2400,0.000005
_0769_,VGND,li1,41.1700,76.1600,0.000016
_0768_,VGND,li1,29.6700,81.6000,0.000022
_0767_,VGND,li1,27.1400,92.4800,0.000003
_0766_,VGND,li1,24.1500,97.9200,0.000005
_0765_,VGND,li1,27.6000,108.8000,0.000005
_0764_,VGND,li1,34.0400,103.3600,0.000009
_0763_,VGND,li1,40.7100,114.2400,0.000003
_0762_,VGND,li1,33.1200,114.2400,0.000003
_0761_,VGND,li1,114.3100,43.5200,0.000020
_0760_,VGND,li1,91.3100,59.8400,0.000011
_0759_,VGND,li1,79.8100,59.8400,0.000010
_0758_,VGND,li1,25.5300,76.1600,0.000007
_0757_,VGND,li1,146.5100,21.7600,0.000006
_0756_,VGND,li1,79.8100,119.6800,0.000040
_0755_,VGND,li1,72.4500,119.6800,0.000036
_0754_,VGND,li1,51.2900,163.2000,0.000022
_0753_,VGND,li1,54.9700,174.0800,0.000023
_0752_,VGND,li1,22.7700,152.3200,0.000006
_0751_,VGND,li1,41.1700,157.7600,0.000006
_0750_,VGND,li1,56.3500,70.7200,0.000023
_0749_,VGND,li1,30.1300,119.6800,0.000014
_0748_,VGND,li1,25.9900,87.0400,0.000008
