Instance,Terminal,Layer,X location,Y location,Voltage
FILLER_63_365,VPWR,li1,176.1800,182.2400,1.799999
FILLER_63_361,VPWR,li1,172.2700,182.2400,1.799998
FILLER_63_349,VPWR,li1,168.8200,182.2400,1.799998
FILLER_63_337,VPWR,li1,163.3000,182.2400,1.799997
FILLER_63_333,VPWR,li1,159.3900,182.2400,1.799997
FILLER_63_321,VPWR,li1,155.9400,182.2400,1.799997
FILLER_63_309,VPWR,li1,150.4200,182.2400,1.799996
FILLER_63_305,VPWR,li1,146.5100,182.2400,1.799996
FILLER_63_293,VPWR,li1,143.0600,182.2400,1.799995
FILLER_63_281,VPWR,li1,137.5400,182.2400,1.799995
FILLER_63_277,VPWR,li1,133.6300,182.2400,1.799994
FILLER_63_265,VPWR,li1,130.1800,182.2400,1.799994
FILLER_63_253,VPWR,li1,124.6600,182.2400,1.799993
FILLER_63_251,VPWR,li1,121.2100,182.2400,1.799993
FILLER_63_245,VPWR,li1,119.6000,182.2400,1.799993
FILLER_63_233,VPWR,li1,115.4600,182.2400,1.799992
FILLER_63_222,VPWR,li1,108.1000,182.2400,1.799991
FILLER_63_214,VPWR,li1,105.8000,182.2400,1.799991
FILLER_63_205,VPWR,li1,100.0500,182.2400,1.799991
FILLER_63_197,VPWR,li1,97.9800,182.2400,1.799991
FILLER_63_194,VPWR,li1,95.2200,182.2400,1.799991
FILLER_63_169,VPWR,li1,85.1000,182.2400,1.799991
FILLER_63_167,VPWR,li1,82.5700,182.2400,1.799992
FILLER_63_161,VPWR,li1,80.9600,182.2400,1.799992
FILLER_63_149,VPWR,li1,76.8200,182.2400,1.799992
FILLER_63_134,VPWR,li1,68.5400,182.2400,1.799992
FILLER_63_121,VPWR,li1,61.4100,182.2400,1.799993
FILLER_63_113,VPWR,li1,59.3400,182.2400,1.799993
FILLER_63_111,VPWR,li1,56.8100,182.2400,1.799993
FILLER_63_91,VPWR,li1,50.1400,182.2400,1.799994
FILLER_63_85,VPWR,li1,45.0800,182.2400,1.799995
FILLER_63_81,VPWR,li1,43.4700,182.2400,1.799995
FILLER_63_69,VPWR,li1,40.0200,182.2400,1.799995
FILLER_63_57,VPWR,li1,34.5000,182.2400,1.799996
FILLER_63_53,VPWR,li1,30.5900,182.2400,1.799997
FILLER_63_41,VPWR,li1,27.1400,182.2400,1.799997
FILLER_63_29,VPWR,li1,21.6200,182.2400,1.799998
FILLER_63_27,VPWR,li1,18.1700,182.2400,1.799998
FILLER_63_15,VPWR,li1,15.1800,182.2400,1.799998
FILLER_63_3,VPWR,li1,9.6600,182.2400,1.799998
FILLER_62_365,VPWR,li1,176.1800,182.2400,1.799999
FILLER_62_363,VPWR,li1,172.7300,182.2400,1.799998
FILLER_62_357,VPWR,li1,171.1200,182.2400,1.799998
FILLER_62_345,VPWR,li1,166.9800,182.2400,1.799998
FILLER_62_333,VPWR,li1,161.4600,182.2400,1.799997
FILLER_62_321,VPWR,li1,155.9400,182.2400,1.799997
FILLER_62_309,VPWR,li1,150.4200,182.2400,1.799996
FILLER_62_306,VPWR,li1,146.7400,182.2400,1.799996
FILLER_62_294,VPWR,li1,143.5200,182.2400,1.799995
FILLER_62_282,VPWR,li1,138.0000,182.2400,1.799995
FILLER_62_270,VPWR,li1,132.4800,182.2400,1.799994
FILLER_62_248,VPWR,li1,120.5200,182.2400,1.799993
FILLER_62_197,VPWR,li1,96.6000,182.2400,1.799991
FILLER_62_195,VPWR,li1,95.4500,182.2400,1.799991
FILLER_62_187,VPWR,li1,93.3800,182.2400,1.799991
FILLER_62_150,VPWR,li1,77.2800,182.2400,1.799992
FILLER_62_134,VPWR,li1,68.5400,182.2400,1.799992
FILLER_62_93,VPWR,li1,48.7600,182.2400,1.799994
FILLER_62_53,VPWR,li1,31.7400,182.2400,1.799997
FILLER_62_41,VPWR,li1,27.1400,182.2400,1.799997
FILLER_62_29,VPWR,li1,21.6200,182.2400,1.799998
FILLER_62_27,VPWR,li1,18.1700,182.2400,1.799998
FILLER_62_15,VPWR,li1,15.1800,182.2400,1.799998
FILLER_62_3,VPWR,li1,9.6600,182.2400,1.799998
FILLER_61_373,VPWR,li1,178.0200,176.8000,1.799995
FILLER_61_361,VPWR,li1,174.3400,176.8000,1.799994
FILLER_61_349,VPWR,li1,168.8200,176.8000,1.799992
FILLER_61_337,VPWR,li1,163.3000,176.8000,1.799990
FILLER_61_333,VPWR,li1,159.3900,176.8000,1.799988
FILLER_61_325,VPWR,li1,156.8600,176.8000,1.799986
FILLER_61_313,VPWR,li1,152.2600,176.8000,1.799984
FILLER_61_301,VPWR,li1,146.7400,176.8000,1.799981
FILLER_61_289,VPWR,li1,141.2200,176.8000,1.799979
FILLER_61_258,VPWR,li1,125.5800,176.8000,1.799972
FILLER_61_239,VPWR,li1,116.1500,176.8000,1.799970
FILLER_61_229,VPWR,li1,111.0900,176.8000,1.799968
FILLER_61_225,VPWR,li1,109.9400,176.8000,1.799968
FILLER_61_222,VPWR,li1,108.1000,176.8000,1.799968
FILLER_61_209,VPWR,li1,102.5800,176.8000,1.799967
FILLER_61_149,VPWR,li1,74.7500,176.8000,1.799972
FILLER_61_111,VPWR,li1,56.8100,176.8000,1.799977
FILLER_61_107,VPWR,li1,55.6600,176.8000,1.799979
FILLER_61_85,VPWR,li1,45.0800,176.8000,1.799984
FILLER_61_73,VPWR,li1,41.8600,176.8000,1.799985
FILLER_61_65,VPWR,li1,35.8800,176.8000,1.799987
FILLER_61_57,VPWR,li1,33.5800,176.8000,1.799989
FILLER_61_55,VPWR,li1,31.0500,176.8000,1.799990
FILLER_61_51,VPWR,li1,29.9000,176.8000,1.799990
FILLER_61_39,VPWR,li1,26.2200,176.8000,1.799992
FILLER_61_27,VPWR,li1,20.7000,176.8000,1.799995
FILLER_61_15,VPWR,li1,15.1800,176.8000,1.799995
FILLER_61_3,VPWR,li1,9.6600,176.8000,1.799995
FILLER_60_365,VPWR,li1,176.1800,176.8000,1.799995
FILLER_60_363,VPWR,li1,172.7300,176.8000,1.799993
FILLER_60_357,VPWR,li1,171.1200,176.8000,1.799993
FILLER_60_345,VPWR,li1,166.9800,176.8000,1.799991
FILLER_60_333,VPWR,li1,161.4600,176.8000,1.799989
FILLER_60_321,VPWR,li1,155.9400,176.8000,1.799986
FILLER_60_309,VPWR,li1,150.4200,176.8000,1.799984
FILLER_60_307,VPWR,li1,146.9700,176.8000,1.799981
FILLER_60_303,VPWR,li1,145.8200,176.8000,1.799981
FILLER_60_250,VPWR,li1,120.9800,176.8000,1.799971
FILLER_60_212,VPWR,li1,103.7300,176.8000,1.799967
FILLER_60_192,VPWR,li1,94.7600,176.8000,1.799968
FILLER_60_181,VPWR,li1,89.2400,176.8000,1.799969
FILLER_60_147,VPWR,li1,73.3700,176.8000,1.799972
FILLER_60_141,VPWR,li1,71.7600,176.8000,1.799972
FILLER_60_110,VPWR,li1,57.5000,176.8000,1.799977
FILLER_60_97,VPWR,li1,51.0600,176.8000,1.799980
FILLER_60_85,VPWR,li1,47.3800,176.8000,1.799982
FILLER_60_81,VPWR,li1,43.4700,176.8000,1.799984
FILLER_60_73,VPWR,li1,40.9400,176.8000,1.799985
FILLER_60_61,VPWR,li1,36.3400,176.8000,1.799987
FILLER_60_49,VPWR,li1,30.8200,176.8000,1.799990
FILLER_60_29,VPWR,li1,21.6200,176.8000,1.799995
FILLER_60_26,VPWR,li1,17.9400,176.8000,1.799995
FILLER_60_18,VPWR,li1,15.6400,176.8000,1.799995
FILLER_60_6,VPWR,li1,11.0400,176.8000,1.799995
FILLER_59_373,VPWR,li1,178.0200,171.3600,1.799996
FILLER_59_361,VPWR,li1,174.3400,171.3600,1.799995
FILLER_59_349,VPWR,li1,168.8200,171.3600,1.799994
FILLER_59_337,VPWR,li1,163.3000,171.3600,1.799991
FILLER_59_335,VPWR,li1,159.8500,171.3600,1.799990
FILLER_59_323,VPWR,li1,156.8600,171.3600,1.799989
FILLER_59_311,VPWR,li1,151.3400,171.3600,1.799987
FILLER_59_297,VPWR,li1,143.5200,171.3600,1.799983
FILLER_59_278,VPWR,li1,133.8600,171.3600,1.799981
FILLER_59_266,VPWR,li1,130.6400,171.3600,1.799979
FILLER_59_240,VPWR,li1,116.6100,171.3600,1.799975
FILLER_59_219,VPWR,li1,106.4900,171.3600,1.799973
FILLER_59_195,VPWR,li1,95.4500,171.3600,1.799971
FILLER_59_189,VPWR,li1,93.8400,171.3600,1.799970
FILLER_59_177,VPWR,li1,89.7000,171.3600,1.799969
FILLER_59_156,VPWR,li1,80.0400,171.3600,1.799968
FILLER_59_144,VPWR,li1,74.5200,171.3600,1.799966
FILLER_59_133,VPWR,li1,67.1600,171.3600,1.799965
FILLER_59_113,VPWR,li1,57.7300,171.3600,1.799967
FILLER_59_109,VPWR,li1,56.3500,171.3600,1.799967
FILLER_59_104,VPWR,li1,53.8200,171.3600,1.799968
FILLER_59_92,VPWR,li1,50.6000,171.3600,1.799971
FILLER_59_69,VPWR,li1,37.7200,171.3600,1.799979
FILLER_59_51,VPWR,li1,29.2100,171.3600,1.799983
FILLER_59_45,VPWR,li1,27.6000,171.3600,1.799984
FILLER_59_20,VPWR,li1,14.9500,171.3600,1.799987
FILLER_59_9,VPWR,li1,9.8900,171.3600,1.799987
FILLER_59_3,VPWR,li1,8.2800,171.3600,1.799987
FILLER_58_365,VPWR,li1,176.1800,171.3600,1.799996
FILLER_58_363,VPWR,li1,172.7300,171.3600,1.799994
FILLER_58_357,VPWR,li1,171.1200,171.3600,1.799994
FILLER_58_345,VPWR,li1,166.9800,171.3600,1.799993
FILLER_58_333,VPWR,li1,161.4600,171.3600,1.799990
FILLER_58_306,VPWR,li1,146.7400,171.3600,1.799985
FILLER_58_289,VPWR,li1,138.6900,171.3600,1.799982
FILLER_58_285,VPWR,li1,137.5400,171.3600,1.799981
FILLER_58_253,VPWR,li1,123.7400,171.3600,1.799977
FILLER_58_250,VPWR,li1,120.9800,171.3600,1.799977
FILLER_58_242,VPWR,li1,118.6800,171.3600,1.799976
FILLER_58_233,VPWR,li1,113.1600,171.3600,1.799975
FILLER_58_206,VPWR,li1,100.9700,171.3600,1.799972
FILLER_58_190,VPWR,li1,94.3000,171.3600,1.799970
FILLER_58_166,VPWR,li1,82.1100,171.3600,1.799968
FILLER_58_160,VPWR,li1,80.5000,171.3600,1.799968
FILLER_58_141,VPWR,li1,71.3000,171.3600,1.799966
FILLER_58_138,VPWR,li1,69.4600,171.3600,1.799965
FILLER_58_105,VPWR,li1,54.0500,171.3600,1.799968
FILLER_58_82,VPWR,li1,43.7000,171.3600,1.799974
FILLER_58_73,VPWR,li1,39.3300,171.3600,1.799977
FILLER_58_69,VPWR,li1,38.1800,171.3600,1.799977
FILLER_58_29,VPWR,li1,19.0900,171.3600,1.799988
FILLER_58_27,VPWR,li1,18.1700,171.3600,1.799988
FILLER_57_373,VPWR,li1,178.0200,165.9200,1.799994
FILLER_57_361,VPWR,li1,174.3400,165.9200,1.799994
FILLER_57_349,VPWR,li1,168.8200,165.9200,1.799991
FILLER_57_337,VPWR,li1,163.3000,165.9200,1.799988
FILLER_57_332,VPWR,li1,159.1600,165.9200,1.799985
FILLER_57_320,VPWR,li1,155.4800,165.9200,1.799983
FILLER_57_310,VPWR,li1,148.3500,165.9200,1.799978
FILLER_57_304,VPWR,li1,146.7400,165.9200,1.799978
FILLER_57_289,VPWR,li1,139.8400,165.9200,1.799974
FILLER_57_279,VPWR,li1,134.0900,165.9200,1.799972
FILLER_57_275,VPWR,li1,132.9400,165.9200,1.799972
FILLER_57_260,VPWR,li1,126.5000,165.9200,1.799971
FILLER_57_251,VPWR,li1,121.4400,165.9200,1.799971
FILLER_57_232,VPWR,li1,113.1600,165.9200,1.799971
FILLER_57_223,VPWR,li1,108.3300,165.9200,1.799971
FILLER_57_206,VPWR,li1,102.1200,165.9200,1.799972
FILLER_57_189,VPWR,li1,92.6900,165.9200,1.799973
FILLER_57_185,VPWR,li1,91.5400,165.9200,1.799973
FILLER_57_135,VPWR,li1,67.8500,165.9200,1.799977
FILLER_57_131,VPWR,li1,66.7000,165.9200,1.799977
FILLER_57_113,VPWR,li1,57.9600,165.9200,1.799980
FILLER_57_89,VPWR,li1,47.8400,165.9200,1.799984
FILLER_57_73,VPWR,li1,39.7900,165.9200,1.799987
FILLER_57_61,VPWR,li1,36.3400,165.9200,1.799989
FILLER_57_50,VPWR,li1,28.7500,165.9200,1.799992
FILLER_57_45,VPWR,li1,26.4500,165.9200,1.799993
FILLER_57_29,VPWR,li1,19.0900,165.9200,1.799995
FILLER_57_11,VPWR,li1,11.0400,165.9200,1.799995
FILLER_57_3,VPWR,li1,8.7400,165.9200,1.799995
FILLER_56_365,VPWR,li1,176.1800,165.9200,1.799994
FILLER_56_361,VPWR,li1,172.2700,165.9200,1.799993
FILLER_56_353,VPWR,li1,169.7400,165.9200,1.799991
FILLER_56_341,VPWR,li1,165.1400,165.9200,1.799989
FILLER_56_306,VPWR,li1,146.7400,165.9200,1.799978
FILLER_56_269,VPWR,li1,130.6400,165.9200,1.799971
FILLER_56_246,VPWR,li1,120.0600,165.9200,1.799971
FILLER_56_218,VPWR,li1,108.5600,165.9200,1.799971
FILLER_56_206,VPWR,li1,103.0400,165.9200,1.799972
FILLER_56_184,VPWR,li1,91.0800,165.9200,1.799973
FILLER_56_174,VPWR,li1,85.7900,165.9200,1.799974
FILLER_56_170,VPWR,li1,84.6400,165.9200,1.799974
FILLER_56_157,VPWR,li1,78.6600,165.9200,1.799975
FILLER_56_147,VPWR,li1,73.3700,165.9200,1.799976
FILLER_56_141,VPWR,li1,71.7600,165.9200,1.799976
FILLER_56_123,VPWR,li1,62.3300,165.9200,1.799978
FILLER_56_101,VPWR,li1,52.4400,165.9200,1.799982
FILLER_56_97,VPWR,li1,50.3700,165.9200,1.799983
FILLER_56_85,VPWR,li1,47.3800,165.9200,1.799985
FILLER_56_82,VPWR,li1,43.7000,165.9200,1.799986
FILLER_56_74,VPWR,li1,41.4000,165.9200,1.799987
FILLER_56_70,VPWR,li1,37.9500,165.9200,1.799988
FILLER_56_62,VPWR,li1,35.8800,165.9200,1.799989
FILLER_56_41,VPWR,li1,24.6100,165.9200,1.799993
FILLER_56_33,VPWR,li1,22.5400,165.9200,1.799995
FILLER_56_27,VPWR,li1,18.1700,165.9200,1.799995
FILLER_56_21,VPWR,li1,15.4100,165.9200,1.799995
FILLER_56_15,VPWR,li1,13.8000,165.9200,1.799995
FILLER_56_3,VPWR,li1,9.6600,165.9200,1.799995
FILLER_55_373,VPWR,li1,178.0200,160.4800,1.799996
FILLER_55_361,VPWR,li1,174.3400,160.4800,1.799996
FILLER_55_349,VPWR,li1,168.8200,160.4800,1.799994
FILLER_55_337,VPWR,li1,163.3000,160.4800,1.799992
FILLER_55_333,VPWR,li1,159.3900,160.4800,1.799991
FILLER_55_321,VPWR,li1,155.9400,160.4800,1.799990
FILLER_55_310,VPWR,li1,148.5800,160.4800,1.799987
FILLER_55_298,VPWR,li1,145.3600,160.4800,1.799986
FILLER_55_279,VPWR,li1,134.0900,160.4800,1.799983
FILLER_55_271,VPWR,li1,132.0200,160.4800,1.799982
FILLER_55_262,VPWR,li1,126.2700,160.4800,1.799981
FILLER_55_252,VPWR,li1,121.6700,160.4800,1.799980
FILLER_55_244,VPWR,li1,119.6000,160.4800,1.799979
FILLER_55_233,VPWR,li1,113.1600,160.4800,1.799978
FILLER_55_207,VPWR,li1,100.9700,160.4800,1.799975
FILLER_55_181,VPWR,li1,89.4700,160.4800,1.799973
FILLER_55_169,VPWR,li1,86.0200,160.4800,1.799973
FILLER_55_166,VPWR,li1,82.3400,160.4800,1.799973
FILLER_55_143,VPWR,li1,74.0600,160.4800,1.799974
FILLER_55_131,VPWR,li1,66.4700,160.4800,1.799977
FILLER_55_113,VPWR,li1,57.7300,160.4800,1.799980
FILLER_55_106,VPWR,li1,55.6600,160.4800,1.799981
FILLER_55_93,VPWR,li1,48.5300,160.4800,1.799984
FILLER_55_71,VPWR,li1,38.4100,160.4800,1.799988
FILLER_55_65,VPWR,li1,36.8000,160.4800,1.799989
FILLER_55_57,VPWR,li1,32.6600,160.4800,1.799990
FILLER_55_54,VPWR,li1,30.8200,160.4800,1.799991
FILLER_55_42,VPWR,li1,27.6000,160.4800,1.799992
FILLER_55_27,VPWR,li1,20.7000,160.4800,1.799995
FILLER_54_365,VPWR,li1,176.1800,160.4800,1.799996
FILLER_54_361,VPWR,li1,172.2700,160.4800,1.799996
FILLER_54_353,VPWR,li1,169.7400,160.4800,1.799994
FILLER_54_341,VPWR,li1,165.1400,160.4800,1.799993
FILLER_54_329,VPWR,li1,159.6200,160.4800,1.799991
FILLER_54_317,VPWR,li1,154.1000,160.4800,1.799989
FILLER_54_291,VPWR,li1,139.6100,160.4800,1.799984
FILLER_54_287,VPWR,li1,138.4600,160.4800,1.799983
FILLER_54_269,VPWR,li1,129.7200,160.4800,1.799981
FILLER_54_261,VPWR,li1,127.4200,160.4800,1.799981
FILLER_54_244,VPWR,li1,119.6000,160.4800,1.799979
FILLER_54_232,VPWR,li1,115.0000,160.4800,1.799978
FILLER_54_224,VPWR,li1,108.7900,160.4800,1.799976
FILLER_54_213,VPWR,li1,103.9600,160.4800,1.799975
FILLER_54_194,VPWR,li1,95.2200,160.4800,1.799974
FILLER_54_153,VPWR,li1,77.7400,160.4800,1.799973
FILLER_54_141,VPWR,li1,73.1400,160.4800,1.799974
FILLER_54_106,VPWR,li1,55.6600,160.4800,1.799981
FILLER_54_91,VPWR,li1,47.6100,160.4800,1.799985
FILLER_54_85,VPWR,li1,46.0000,160.4800,1.799985
FILLER_54_78,VPWR,li1,42.7800,160.4800,1.799986
FILLER_54_59,VPWR,li1,34.0400,160.4800,1.799990
FILLER_54_47,VPWR,li1,29.9000,160.4800,1.799991
FILLER_54_35,VPWR,li1,24.3800,160.4800,1.799994
FILLER_54_27,VPWR,li1,18.1700,160.4800,1.799995
FILLER_54_15,VPWR,li1,15.1800,160.4800,1.799995
FILLER_54_3,VPWR,li1,9.6600,160.4800,1.799995
FILLER_53_373,VPWR,li1,178.0200,155.0400,1.799997
FILLER_53_361,VPWR,li1,174.3400,155.0400,1.799997
FILLER_53_349,VPWR,li1,168.8200,155.0400,1.799995
FILLER_53_337,VPWR,li1,163.3000,155.0400,1.799994
FILLER_53_293,VPWR,li1,140.9900,155.0400,1.799989
FILLER_53_281,VPWR,li1,137.5400,155.0400,1.799988
FILLER_53_278,VPWR,li1,133.8600,155.0400,1.799988
FILLER_53_251,VPWR,li1,121.6700,155.0400,1.799986
FILLER_53_225,VPWR,li1,109.4800,155.0400,1.799985
FILLER_53_207,VPWR,li1,100.9700,155.0400,1.799985
FILLER_53_195,VPWR,li1,95.9100,155.0400,1.799985
FILLER_53_184,VPWR,li1,90.8500,155.0400,1.799985
FILLER_53_164,VPWR,li1,81.8800,155.0400,1.799985
FILLER_53_140,VPWR,li1,70.8400,155.0400,1.799986
FILLER_53_128,VPWR,li1,67.1600,155.0400,1.799987
FILLER_53_113,VPWR,li1,58.8800,155.0400,1.799988
FILLER_53_90,VPWR,li1,47.1500,155.0400,1.799990
FILLER_53_82,VPWR,li1,45.0800,155.0400,1.799991
FILLER_53_67,VPWR,li1,37.2600,155.0400,1.799992
FILLER_53_57,VPWR,li1,32.6600,155.0400,1.799993
FILLER_53_53,VPWR,li1,30.5900,155.0400,1.799994
FILLER_53_3,VPWR,li1,7.5900,155.0400,1.799996
FILLER_52_365,VPWR,li1,176.1800,155.0400,1.799997
FILLER_52_362,VPWR,li1,172.5000,155.0400,1.799996
FILLER_52_350,VPWR,li1,169.2800,155.0400,1.799995
FILLER_52_323,VPWR,li1,154.7900,155.0400,1.799991
FILLER_52_313,VPWR,li1,149.7300,155.0400,1.799990
FILLER_52_309,VPWR,li1,148.5800,155.0400,1.799990
FILLER_52_304,VPWR,li1,146.2800,155.0400,1.799990
FILLER_52_277,VPWR,li1,133.6300,155.0400,1.799988
FILLER_52_265,VPWR,li1,130.1800,155.0400,1.799987
FILLER_52_253,VPWR,li1,122.5900,155.0400,1.799986
FILLER_52_246,VPWR,li1,120.0600,155.0400,1.799986
FILLER_52_218,VPWR,li1,106.4900,155.0400,1.799985
FILLER_52_207,VPWR,li1,101.2000,155.0400,1.799985
FILLER_52_197,VPWR,li1,97.0600,155.0400,1.799985
FILLER_52_194,VPWR,li1,95.2200,155.0400,1.799985
FILLER_52_166,VPWR,li1,82.5700,155.0400,1.799985
FILLER_52_134,VPWR,li1,68.5400,155.0400,1.799987
FILLER_52_123,VPWR,li1,62.7900,155.0400,1.799988
FILLER_52_113,VPWR,li1,57.7300,155.0400,1.799988
FILLER_52_105,VPWR,li1,55.6600,155.0400,1.799989
FILLER_52_72,VPWR,li1,41.4000,155.0400,1.799992
FILLER_52_34,VPWR,li1,21.6200,155.0400,1.799996
FILLER_52_23,VPWR,li1,16.5600,155.0400,1.799996
FILLER_52_15,VPWR,li1,14.2600,155.0400,1.799996
FILLER_52_3,VPWR,li1,9.6600,155.0400,1.799996
FILLER_51_376,VPWR,li1,178.7100,149.6000,1.799993
FILLER_51_370,VPWR,li1,177.1000,149.6000,1.799993
FILLER_51_358,VPWR,li1,172.9600,149.6000,1.799991
FILLER_51_346,VPWR,li1,167.4400,149.6000,1.799987
FILLER_51_335,VPWR,li1,159.8500,149.6000,1.799981
FILLER_51_331,VPWR,li1,158.7000,149.6000,1.799981
FILLER_51_313,VPWR,li1,149.7300,149.6000,1.799975
FILLER_51_303,VPWR,li1,145.3600,149.6000,1.799972
FILLER_51_285,VPWR,li1,136.8500,149.6000,1.799967
FILLER_51_281,VPWR,li1,135.7000,149.6000,1.799966
FILLER_51_220,VPWR,li1,107.6400,149.6000,1.799955
FILLER_51_201,VPWR,li1,98.6700,149.6000,1.799958
FILLER_51_189,VPWR,li1,95.2200,149.6000,1.799959
FILLER_51_169,VPWR,li1,86.0200,149.6000,1.799963
FILLER_51_166,VPWR,li1,82.3400,149.6000,1.799964
FILLER_51_150,VPWR,li1,74.7500,149.6000,1.799968
FILLER_51_140,VPWR,li1,70.1500,149.6000,1.799970
FILLER_51_136,VPWR,li1,69.0000,149.6000,1.799970
FILLER_51_119,VPWR,li1,60.4900,149.6000,1.799973
FILLER_51_113,VPWR,li1,58.8800,149.6000,1.799975
FILLER_51_103,VPWR,li1,53.1300,149.6000,1.799978
FILLER_51_91,VPWR,li1,50.1400,149.6000,1.799979
FILLER_51_79,VPWR,li1,44.6200,149.6000,1.799982
FILLER_51_70,VPWR,li1,37.9500,149.6000,1.799986
FILLER_51_66,VPWR,li1,36.8000,149.6000,1.799986
FILLER_51_57,VPWR,li1,32.2000,149.6000,1.799989
FILLER_51_48,VPWR,li1,29.4400,149.6000,1.799990
FILLER_51_27,VPWR,li1,18.1700,149.6000,1.799994
FILLER_51_15,VPWR,li1,15.1800,149.6000,1.799994
FILLER_51_3,VPWR,li1,9.6600,149.6000,1.799994
FILLER_50_365,VPWR,li1,176.1800,149.6000,1.799993
FILLER_50_362,VPWR,li1,172.5000,149.6000,1.799991
FILLER_50_350,VPWR,li1,169.2800,149.6000,1.799989
FILLER_50_341,VPWR,li1,162.6100,149.6000,1.799984
FILLER_50_333,VPWR,li1,160.5400,149.6000,1.799983
FILLER_50_290,VPWR,li1,139.3800,149.6000,1.799969
FILLER_50_280,VPWR,li1,134.7800,149.6000,1.799966
FILLER_50_262,VPWR,li1,126.5000,149.6000,1.799961
FILLER_50_251,VPWR,li1,121.2100,149.6000,1.799959
FILLER_50_213,VPWR,li1,104.1900,149.6000,1.799956
FILLER_50_195,VPWR,li1,95.4500,149.6000,1.799959
FILLER_50_187,VPWR,li1,93.3800,149.6000,1.799960
FILLER_50_175,VPWR,li1,88.7800,149.6000,1.799962
FILLER_50_157,VPWR,li1,77.9700,149.6000,1.799967
FILLER_50_153,VPWR,li1,76.8200,149.6000,1.799967
FILLER_50_141,VPWR,li1,73.1400,149.6000,1.799968
FILLER_50_136,VPWR,li1,69.0000,149.6000,1.799970
FILLER_50_123,VPWR,li1,63.0200,149.6000,1.799972
FILLER_50_100,VPWR,li1,52.2100,149.6000,1.799978
FILLER_50_91,VPWR,li1,47.6100,149.6000,1.799981
FILLER_50_85,VPWR,li1,46.0000,149.6000,1.799981
FILLER_50_81,VPWR,li1,43.4700,149.6000,1.799982
FILLER_50_59,VPWR,li1,32.8900,149.6000,1.799989
FILLER_50_53,VPWR,li1,31.2800,149.6000,1.799989
FILLER_50_37,VPWR,li1,23.2300,149.6000,1.799993
FILLER_50_15,VPWR,li1,14.2600,149.6000,1.799994
FILLER_50_3,VPWR,li1,9.6600,149.6000,1.799994
FILLER_49_365,VPWR,li1,176.1800,144.1600,1.799996
FILLER_49_353,VPWR,li1,170.6600,144.1600,1.799994
FILLER_49_325,VPWR,li1,155.4800,144.1600,1.799989
FILLER_49_314,VPWR,li1,150.4200,144.1600,1.799988
FILLER_49_306,VPWR,li1,148.1200,144.1600,1.799987
FILLER_49_278,VPWR,li1,133.8600,144.1600,1.799982
FILLER_49_263,VPWR,li1,127.8800,144.1600,1.799981
FILLER_49_251,VPWR,li1,121.6700,144.1600,1.799979
FILLER_49_242,VPWR,li1,117.0700,144.1600,1.799978
FILLER_49_225,VPWR,li1,110.8600,144.1600,1.799976
FILLER_49_221,VPWR,li1,107.8700,144.1600,1.799976
FILLER_49_204,VPWR,li1,99.8200,144.1600,1.799974
FILLER_49_169,VPWR,li1,83.7200,144.1600,1.799972
FILLER_49_167,VPWR,li1,82.5700,144.1600,1.799972
FILLER_49_140,VPWR,li1,70.3800,144.1600,1.799972
FILLER_49_121,VPWR,li1,61.8700,144.1600,1.799972
FILLER_49_110,VPWR,li1,56.5800,144.1600,1.799973
FILLER_49_68,VPWR,li1,37.2600,144.1600,1.799976
FILLER_49_15,VPWR,li1,12.6500,144.1600,1.799988
FILLER_49_3,VPWR,li1,9.6600,144.1600,1.799988
FILLER_48_365,VPWR,li1,176.1800,144.1600,1.799996
FILLER_48_360,VPWR,li1,172.0400,144.1600,1.799994
FILLER_48_348,VPWR,li1,168.3600,144.1600,1.799994
FILLER_48_336,VPWR,li1,162.8400,144.1600,1.799992
FILLER_48_325,VPWR,li1,155.7100,144.1600,1.799989
FILLER_48_315,VPWR,li1,150.6500,144.1600,1.799988
FILLER_48_309,VPWR,li1,149.0400,144.1600,1.799987
FILLER_48_299,VPWR,li1,143.2900,144.1600,1.799985
FILLER_48_291,VPWR,li1,139.6100,144.1600,1.799984
FILLER_48_287,VPWR,li1,138.4600,144.1600,1.799984
FILLER_48_277,VPWR,li1,133.1700,144.1600,1.799982
FILLER_48_248,VPWR,li1,120.5200,144.1600,1.799978
FILLER_48_215,VPWR,li1,104.6500,144.1600,1.799975
FILLER_48_197,VPWR,li1,96.8300,144.1600,1.799974
FILLER_48_194,VPWR,li1,95.2200,144.1600,1.799974
FILLER_48_186,VPWR,li1,92.9200,144.1600,1.799973
FILLER_48_175,VPWR,li1,86.4800,144.1600,1.799973
FILLER_48_141,VPWR,li1,71.0700,144.1600,1.799972
FILLER_48_138,VPWR,li1,69.4600,144.1600,1.799972
FILLER_48_112,VPWR,li1,57.7300,144.1600,1.799973
FILLER_48_99,VPWR,li1,51.9800,144.1600,1.799973
FILLER_48_89,VPWR,li1,46.6900,144.1600,1.799974
FILLER_48_85,VPWR,li1,45.5400,144.1600,1.799974
FILLER_48_82,VPWR,li1,43.7000,144.1600,1.799975
FILLER_48_52,VPWR,li1,29.6700,144.1600,1.799982
FILLER_48_42,VPWR,li1,25.7600,144.1600,1.799984
FILLER_48_26,VPWR,li1,17.9400,144.1600,1.799989
FILLER_48_3,VPWR,li1,7.5900,144.1600,1.799988
FILLER_47_374,VPWR,li1,178.2500,138.7200,1.799994
FILLER_47_366,VPWR,li1,175.7200,138.7200,1.799994
FILLER_47_354,VPWR,li1,171.1200,138.7200,1.799991
FILLER_47_311,VPWR,li1,149.9600,138.7200,1.799979
FILLER_47_289,VPWR,li1,139.3800,138.7200,1.799978
FILLER_47_278,VPWR,li1,133.8600,138.7200,1.799977
FILLER_47_249,VPWR,li1,121.4400,138.7200,1.799976
FILLER_47_222,VPWR,li1,108.1000,138.7200,1.799976
FILLER_47_214,VPWR,li1,105.8000,138.7200,1.799976
FILLER_47_188,VPWR,li1,92.2300,138.7200,1.799976
FILLER_47_169,VPWR,li1,83.7200,138.7200,1.799977
FILLER_47_165,VPWR,li1,82.1100,138.7200,1.799977
FILLER_47_157,VPWR,li1,77.9700,138.7200,1.799977
FILLER_47_149,VPWR,li1,75.9000,138.7200,1.799978
FILLER_47_137,VPWR,li1,69.4600,138.7200,1.799978
FILLER_47_111,VPWR,li1,56.8100,138.7200,1.799982
FILLER_47_107,VPWR,li1,55.6600,138.7200,1.799982
FILLER_47_98,VPWR,li1,50.8300,138.7200,1.799983
FILLER_47_86,VPWR,li1,45.7700,138.7200,1.799985
FILLER_47_57,VPWR,li1,31.9700,138.7200,1.799991
FILLER_47_54,VPWR,li1,30.8200,138.7200,1.799991
FILLER_47_35,VPWR,li1,23.0000,138.7200,1.799994
FILLER_47_27,VPWR,li1,18.4000,138.7200,1.799995
FILLER_47_15,VPWR,li1,15.1800,138.7200,1.799995
FILLER_47_3,VPWR,li1,9.6600,138.7200,1.799995
FILLER_46_365,VPWR,li1,176.1800,138.7200,1.799994
FILLER_46_361,VPWR,li1,172.2700,138.7200,1.799991
FILLER_46_349,VPWR,li1,168.8200,138.7200,1.799990
FILLER_46_332,VPWR,li1,158.4700,138.7200,1.799983
FILLER_46_328,VPWR,li1,157.3200,138.7200,1.799983
FILLER_46_309,VPWR,li1,148.3500,138.7200,1.799979
FILLER_46_304,VPWR,li1,146.2800,138.7200,1.799979
FILLER_46_287,VPWR,li1,137.7700,138.7200,1.799978
FILLER_46_275,VPWR,li1,134.7800,138.7200,1.799977
FILLER_46_262,VPWR,li1,126.9600,138.7200,1.799977
FILLER_46_246,VPWR,li1,120.0600,138.7200,1.799976
FILLER_46_237,VPWR,li1,114.7700,138.7200,1.799976
FILLER_46_229,VPWR,li1,112.7000,138.7200,1.799976
FILLER_46_197,VPWR,li1,97.9800,138.7200,1.799975
FILLER_46_190,VPWR,li1,94.3000,138.7200,1.799975
FILLER_46_141,VPWR,li1,70.6100,138.7200,1.799978
FILLER_46_139,VPWR,li1,69.6900,138.7200,1.799978
FILLER_46_121,VPWR,li1,61.6400,138.7200,1.799980
FILLER_46_111,VPWR,li1,56.8100,138.7200,1.799982
FILLER_46_105,VPWR,li1,55.2000,138.7200,1.799982
FILLER_46_76,VPWR,li1,42.3200,138.7200,1.799986
FILLER_46_64,VPWR,li1,37.7200,138.7200,1.799988
FILLER_46_42,VPWR,li1,25.3000,138.7200,1.799993
FILLER_46_25,VPWR,li1,17.7100,138.7200,1.799995
FILLER_46_15,VPWR,li1,13.8000,138.7200,1.799995
FILLER_46_3,VPWR,li1,9.6600,138.7200,1.799995
FILLER_45_373,VPWR,li1,178.0200,133.2800,1.799996
FILLER_45_361,VPWR,li1,174.3400,133.2800,1.799995
FILLER_45_334,VPWR,li1,159.6200,133.2800,1.799990
FILLER_45_326,VPWR,li1,157.3200,133.2800,1.799989
FILLER_45_313,VPWR,li1,150.4200,133.2800,1.799987
FILLER_45_304,VPWR,li1,145.5900,133.2800,1.799985
FILLER_45_287,VPWR,li1,137.7700,133.2800,1.799983
FILLER_45_281,VPWR,li1,136.1600,133.2800,1.799982
FILLER_45_268,VPWR,li1,131.5600,133.2800,1.799981
FILLER_45_241,VPWR,li1,117.0700,133.2800,1.799978
FILLER_45_220,VPWR,li1,107.6400,133.2800,1.799976
FILLER_45_210,VPWR,li1,102.3500,133.2800,1.799976
FILLER_45_206,VPWR,li1,101.2000,133.2800,1.799976
FILLER_45_194,VPWR,li1,97.5200,133.2800,1.799975
FILLER_45_185,VPWR,li1,91.0800,133.2800,1.799975
FILLER_45_157,VPWR,li1,78.4300,133.2800,1.799975
FILLER_45_147,VPWR,li1,73.3700,133.2800,1.799975
FILLER_45_117,VPWR,li1,59.5700,133.2800,1.799978
FILLER_45_113,VPWR,li1,58.4200,133.2800,1.799978
FILLER_45_109,VPWR,li1,56.3500,133.2800,1.799979
FILLER_45_91,VPWR,li1,47.8400,133.2800,1.799982
FILLER_45_79,VPWR,li1,44.6200,133.2800,1.799983
FILLER_45_67,VPWR,li1,39.1000,133.2800,1.799985
FILLER_45_61,VPWR,li1,33.8100,133.2800,1.799988
FILLER_45_57,VPWR,li1,32.6600,133.2800,1.799988
FILLER_45_54,VPWR,li1,30.8200,133.2800,1.799989
FILLER_45_46,VPWR,li1,28.5200,133.2800,1.799990
FILLER_45_3,VPWR,li1,7.5900,133.2800,1.799994
FILLER_44_365,VPWR,li1,176.1800,133.2800,1.799996
FILLER_44_356,VPWR,li1,171.1200,133.2800,1.799994
FILLER_44_344,VPWR,li1,166.5200,133.2800,1.799992
FILLER_44_323,VPWR,li1,156.8600,133.2800,1.799989
FILLER_44_309,VPWR,li1,149.0400,133.2800,1.799986
FILLER_44_300,VPWR,li1,143.7500,133.2800,1.799985
FILLER_44_294,VPWR,li1,142.1400,133.2800,1.799984
FILLER_44_262,VPWR,li1,126.2700,133.2800,1.799980
FILLER_44_251,VPWR,li1,121.2100,133.2800,1.799978
FILLER_44_247,VPWR,li1,120.0600,133.2800,1.799978
FILLER_44_228,VPWR,li1,110.8600,133.2800,1.799977
FILLER_44_195,VPWR,li1,95.4500,133.2800,1.799975
FILLER_44_184,VPWR,li1,90.6200,133.2800,1.799975
FILLER_44_176,VPWR,li1,88.3200,133.2800,1.799975
FILLER_44_165,VPWR,li1,81.8800,133.2800,1.799975
FILLER_44_153,VPWR,li1,78.6600,133.2800,1.799975
FILLER_44_141,VPWR,li1,73.1400,133.2800,1.799975
FILLER_44_134,VPWR,li1,68.5400,133.2800,1.799975
FILLER_44_126,VPWR,li1,63.7100,133.2800,1.799976
FILLER_44_122,VPWR,li1,62.5600,133.2800,1.799976
FILLER_44_85,VPWR,li1,46.4600,133.2800,1.799982
FILLER_44_82,VPWR,li1,43.7000,133.2800,1.799983
FILLER_44_74,VPWR,li1,39.7900,133.2800,1.799985
FILLER_44_49,VPWR,li1,28.9800,133.2800,1.799990
FILLER_44_37,VPWR,li1,25.3000,133.2800,1.799992
FILLER_44_27,VPWR,li1,18.1700,133.2800,1.799994
FILLER_44_21,VPWR,li1,15.4100,133.2800,1.799994
FILLER_44_15,VPWR,li1,13.8000,133.2800,1.799994
FILLER_44_3,VPWR,li1,9.6600,133.2800,1.799994
FILLER_43_373,VPWR,li1,178.0200,127.8400,1.799992
FILLER_43_361,VPWR,li1,174.3400,127.8400,1.799990
FILLER_43_349,VPWR,li1,168.8200,127.8400,1.799987
FILLER_43_337,VPWR,li1,163.3000,127.8400,1.799983
FILLER_43_335,VPWR,li1,159.8500,127.8400,1.799980
FILLER_43_310,VPWR,li1,148.3500,127.8400,1.799971
FILLER_43_306,VPWR,li1,147.2000,127.8400,1.799971
FILLER_43_276,VPWR,li1,133.4000,127.8400,1.799963
FILLER_43_266,VPWR,li1,128.1100,127.8400,1.799959
FILLER_43_262,VPWR,li1,126.9600,127.8400,1.799959
FILLER_43_250,VPWR,li1,123.2800,127.8400,1.799958
FILLER_43_233,VPWR,li1,112.9300,127.8400,1.799952
FILLER_43_225,VPWR,li1,110.8600,127.8400,1.799952
FILLER_43_222,VPWR,li1,108.1000,127.8400,1.799950
FILLER_43_196,VPWR,li1,96.1400,127.8400,1.799951
FILLER_43_186,VPWR,li1,91.3100,127.8400,1.799952
FILLER_43_178,VPWR,li1,89.2400,127.8400,1.799953
FILLER_43_156,VPWR,li1,80.0400,127.8400,1.799955
FILLER_43_139,VPWR,li1,69.6900,127.8400,1.799958
FILLER_43_127,VPWR,li1,66.7000,127.8400,1.799960
FILLER_43_113,VPWR,li1,58.4200,127.8400,1.799962
FILLER_43_70,VPWR,li1,37.9500,127.8400,1.799977
FILLER_43_64,VPWR,li1,36.3400,127.8400,1.799977
FILLER_43_55,VPWR,li1,31.0500,127.8400,1.799982
FILLER_43_44,VPWR,li1,26.6800,127.8400,1.799986
FILLER_43_23,VPWR,li1,16.3300,127.8400,1.799991
FILLER_43_15,VPWR,li1,14.2600,127.8400,1.799991
FILLER_43_3,VPWR,li1,9.6600,127.8400,1.799991
FILLER_42_365,VPWR,li1,176.1800,127.8400,1.799992
FILLER_42_363,VPWR,li1,172.7300,127.8400,1.799990
FILLER_42_355,VPWR,li1,170.6600,127.8400,1.799989
FILLER_42_323,VPWR,li1,155.9400,127.8400,1.799977
FILLER_42_313,VPWR,li1,149.7300,127.8400,1.799972
FILLER_42_309,VPWR,li1,148.5800,127.8400,1.799972
FILLER_42_306,VPWR,li1,146.7400,127.8400,1.799971
FILLER_42_287,VPWR,li1,138.2300,127.8400,1.799965
FILLER_42_262,VPWR,li1,126.5000,127.8400,1.799959
FILLER_42_253,VPWR,li1,122.1300,127.8400,1.799957
FILLER_42_251,VPWR,li1,121.2100,127.8400,1.799957
FILLER_42_247,VPWR,li1,120.0600,127.8400,1.799955
FILLER_42_204,VPWR,li1,100.0500,127.8400,1.799950
FILLER_42_195,VPWR,li1,95.4500,127.8400,1.799951
FILLER_42_191,VPWR,li1,94.3000,127.8400,1.799952
FILLER_42_178,VPWR,li1,87.8600,127.8400,1.799953
FILLER_42_141,VPWR,li1,70.6100,127.8400,1.799958
FILLER_42_85,VPWR,li1,45.5400,127.8400,1.799970
FILLER_42_74,VPWR,li1,40.2500,127.8400,1.799974
FILLER_42_66,VPWR,li1,37.7200,127.8400,1.799977
FILLER_42_54,VPWR,li1,33.1200,127.8400,1.799980
FILLER_42_43,VPWR,li1,25.5300,127.8400,1.799986
FILLER_42_29,VPWR,li1,20.2400,127.8400,1.799991
FILLER_42_27,VPWR,li1,18.1700,127.8400,1.799991
FILLER_42_19,VPWR,li1,16.1000,127.8400,1.799991
FILLER_42_7,VPWR,li1,11.5000,127.8400,1.799991
FILLER_41_376,VPWR,li1,178.7100,122.4000,1.799993
FILLER_41_370,VPWR,li1,177.1000,122.4000,1.799993
FILLER_41_358,VPWR,li1,172.9600,122.4000,1.799992
FILLER_41_346,VPWR,li1,167.4400,122.4000,1.799988
FILLER_41_335,VPWR,li1,159.8500,122.4000,1.799982
FILLER_41_329,VPWR,li1,158.2400,122.4000,1.799982
FILLER_41_319,VPWR,li1,152.7200,122.4000,1.799979
FILLER_41_311,VPWR,li1,150.4200,122.4000,1.799977
FILLER_41_293,VPWR,li1,140.5300,122.4000,1.799971
FILLER_41_289,VPWR,li1,139.3800,122.4000,1.799971
FILLER_41_277,VPWR,li1,133.6300,122.4000,1.799968
FILLER_41_265,VPWR,li1,128.3400,122.4000,1.799965
FILLER_41_220,VPWR,li1,107.6400,122.4000,1.799963
FILLER_41_187,VPWR,li1,93.3800,122.4000,1.799962
FILLER_41_175,VPWR,li1,86.2500,122.4000,1.799962
FILLER_41_169,VPWR,li1,84.6400,122.4000,1.799962
FILLER_41_162,VPWR,li1,80.5000,122.4000,1.799962
FILLER_41_154,VPWR,li1,78.2000,122.4000,1.799962
FILLER_41_133,VPWR,li1,66.9300,122.4000,1.799963
FILLER_41_129,VPWR,li1,65.7800,122.4000,1.799963
FILLER_41_113,VPWR,li1,57.9600,122.4000,1.799963
FILLER_41_79,VPWR,li1,42.0900,122.4000,1.799972
FILLER_41_71,VPWR,li1,40.0200,122.4000,1.799974
FILLER_41_65,VPWR,li1,36.1100,122.4000,1.799977
FILLER_41_57,VPWR,li1,33.5800,122.4000,1.799980
FILLER_41_55,VPWR,li1,31.0500,122.4000,1.799983
FILLER_41_47,VPWR,li1,28.9800,122.4000,1.799985
FILLER_41_35,VPWR,li1,24.3800,122.4000,1.799988
FILLER_41_3,VPWR,li1,7.5900,122.4000,1.799990
FILLER_40_365,VPWR,li1,176.1800,122.4000,1.799993
FILLER_40_352,VPWR,li1,170.2000,122.4000,1.799990
FILLER_40_325,VPWR,li1,155.7100,122.4000,1.799980
FILLER_40_306,VPWR,li1,146.7400,122.4000,1.799975
FILLER_40_294,VPWR,li1,143.5200,122.4000,1.799973
FILLER_40_257,VPWR,li1,123.9700,122.4000,1.799964
FILLER_40_253,VPWR,li1,122.8200,122.4000,1.799964
FILLER_40_235,VPWR,li1,115.0000,122.4000,1.799963
FILLER_40_225,VPWR,li1,109.2500,122.4000,1.799963
FILLER_40_219,VPWR,li1,107.6400,122.4000,1.799963
FILLER_40_209,VPWR,li1,101.8900,122.4000,1.799962
FILLER_40_197,VPWR,li1,98.9000,122.4000,1.799962
FILLER_40_192,VPWR,li1,94.7600,122.4000,1.799962
FILLER_40_179,VPWR,li1,88.7800,122.4000,1.799962
FILLER_40_159,VPWR,li1,78.8900,122.4000,1.799962
FILLER_40_147,VPWR,li1,75.9000,122.4000,1.799962
FILLER_40_141,VPWR,li1,71.0700,122.4000,1.799962
FILLER_40_136,VPWR,li1,69.0000,122.4000,1.799963
FILLER_40_124,VPWR,li1,65.3200,122.4000,1.799963
FILLER_40_120,VPWR,li1,60.9500,122.4000,1.799963
FILLER_40_77,VPWR,li1,41.4000,122.4000,1.799974
FILLER_40_56,VPWR,li1,31.5100,122.4000,1.799983
FILLER_40_34,VPWR,li1,22.5400,122.4000,1.799990
FILLER_40_27,VPWR,li1,18.1700,122.4000,1.799990
FILLER_40_9,VPWR,li1,9.8900,122.4000,1.799990
FILLER_40_3,VPWR,li1,8.2800,122.4000,1.799990
FILLER_39_376,VPWR,li1,178.7100,116.9600,1.799993
FILLER_39_370,VPWR,li1,177.1000,116.9600,1.799993
FILLER_39_358,VPWR,li1,172.9600,116.9600,1.799991
FILLER_39_346,VPWR,li1,167.4400,116.9600,1.799988
FILLER_39_277,VPWR,li1,133.6300,116.9600,1.799968
FILLER_39_199,VPWR,li1,97.5200,116.9600,1.799967
FILLER_39_180,VPWR,li1,88.5500,116.9600,1.799970
FILLER_39_167,VPWR,li1,82.5700,116.9600,1.799972
FILLER_39_163,VPWR,li1,81.4200,116.9600,1.799973
FILLER_39_148,VPWR,li1,74.2900,116.9600,1.799974
FILLER_39_136,VPWR,li1,70.8400,116.9600,1.799975
FILLER_39_124,VPWR,li1,65.3200,116.9600,1.799977
FILLER_39_113,VPWR,li1,58.1900,116.9600,1.799979
FILLER_39_100,VPWR,li1,53.3600,116.9600,1.799980
FILLER_39_91,VPWR,li1,47.6100,116.9600,1.799983
FILLER_39_87,VPWR,li1,46.4600,116.9600,1.799983
FILLER_39_70,VPWR,li1,37.9500,116.9600,1.799986
FILLER_39_60,VPWR,li1,33.5800,116.9600,1.799987
FILLER_39_55,VPWR,li1,31.0500,116.9600,1.799988
FILLER_39_7,VPWR,li1,8.9700,116.9600,1.799989
FILLER_39_3,VPWR,li1,7.8200,116.9600,1.799989
FILLER_38_365,VPWR,li1,176.1800,116.9600,1.799993
FILLER_38_363,VPWR,li1,172.7300,116.9600,1.799991
FILLER_38_359,VPWR,li1,171.5800,116.9600,1.799991
FILLER_38_332,VPWR,li1,158.9300,116.9600,1.799982
FILLER_38_324,VPWR,li1,156.4000,116.9600,1.799980
FILLER_38_304,VPWR,li1,146.2800,116.9600,1.799975
FILLER_38_287,VPWR,li1,139.3800,116.9600,1.799971
FILLER_38_274,VPWR,li1,132.4800,116.9600,1.799968
FILLER_38_261,VPWR,li1,126.5000,116.9600,1.799965
FILLER_38_235,VPWR,li1,113.8500,116.9600,1.799964
FILLER_38_224,VPWR,li1,109.0200,116.9600,1.799965
FILLER_38_205,VPWR,li1,100.2800,116.9600,1.799967
FILLER_38_197,VPWR,li1,97.9800,116.9600,1.799967
FILLER_38_195,VPWR,li1,95.4500,116.9600,1.799968
FILLER_38_176,VPWR,li1,86.9400,116.9600,1.799971
FILLER_38_162,VPWR,li1,80.7300,116.9600,1.799973
FILLER_38_154,VPWR,li1,78.2000,116.9600,1.799973
FILLER_38_147,VPWR,li1,73.3700,116.9600,1.799974
FILLER_38_141,VPWR,li1,71.7600,116.9600,1.799975
FILLER_38_128,VPWR,li1,67.1600,116.9600,1.799976
FILLER_38_122,VPWR,li1,61.8700,116.9600,1.799978
FILLER_38_93,VPWR,li1,48.7600,116.9600,1.799982
FILLER_38_85,VPWR,li1,46.4600,116.9600,1.799983
FILLER_38_83,VPWR,li1,43.9300,116.9600,1.799984
FILLER_38_79,VPWR,li1,42.7800,116.9600,1.799984
FILLER_38_66,VPWR,li1,37.2600,116.9600,1.799986
FILLER_38_54,VPWR,li1,33.1200,116.9600,1.799987
FILLER_38_45,VPWR,li1,26.4500,116.9600,1.799990
FILLER_38_37,VPWR,li1,24.3800,116.9600,1.799990
FILLER_37_376,VPWR,li1,178.7100,111.5200,1.799998
FILLER_37_370,VPWR,li1,177.1000,111.5200,1.799998
FILLER_37_358,VPWR,li1,172.9600,111.5200,1.799998
FILLER_37_346,VPWR,li1,167.4400,111.5200,1.799997
FILLER_37_328,VPWR,li1,158.2400,111.5200,1.799995
FILLER_37_316,VPWR,li1,153.6400,111.5200,1.799994
FILLER_37_298,VPWR,li1,145.3600,111.5200,1.799993
FILLER_37_276,VPWR,li1,133.4000,111.5200,1.799992
FILLER_37_260,VPWR,li1,125.5800,111.5200,1.799991
FILLER_37_252,VPWR,li1,123.2800,111.5200,1.799991
FILLER_37_242,VPWR,li1,117.0700,111.5200,1.799991
FILLER_37_225,VPWR,li1,109.2500,111.5200,1.799991
FILLER_37_220,VPWR,li1,107.6400,111.5200,1.799991
FILLER_37_193,VPWR,li1,94.9900,111.5200,1.799991
FILLER_37_181,VPWR,li1,89.0100,111.5200,1.799992
FILLER_37_164,VPWR,li1,81.8800,111.5200,1.799992
FILLER_37_152,VPWR,li1,78.2000,111.5200,1.799993
FILLER_37_120,VPWR,li1,61.6400,111.5200,1.799994
FILLER_37_104,VPWR,li1,55.2000,111.5200,1.799994
FILLER_37_92,VPWR,li1,50.6000,111.5200,1.799995
FILLER_37_79,VPWR,li1,42.5500,111.5200,1.799995
FILLER_37_71,VPWR,li1,38.8700,111.5200,1.799996
FILLER_37_63,VPWR,li1,36.3400,111.5200,1.799996
FILLER_37_53,VPWR,li1,30.5900,111.5200,1.799997
FILLER_37_44,VPWR,li1,26.2200,111.5200,1.799998
FILLER_37_36,VPWR,li1,23.9200,111.5200,1.799998
FILLER_37_28,VPWR,li1,18.6300,111.5200,1.799998
FILLER_37_22,VPWR,li1,17.0200,111.5200,1.799998
FILLER_37_11,VPWR,li1,11.2700,111.5200,1.799998
FILLER_37_3,VPWR,li1,8.7400,111.5200,1.799998
FILLER_36_365,VPWR,li1,176.1800,111.5200,1.799998
FILLER_36_362,VPWR,li1,172.5000,111.5200,1.799998
FILLER_36_350,VPWR,li1,169.2800,111.5200,1.799997
FILLER_36_340,VPWR,li1,162.3800,111.5200,1.799996
FILLER_36_332,VPWR,li1,160.0800,111.5200,1.799995
FILLER_36_292,VPWR,li1,140.0700,111.5200,1.799992
FILLER_36_270,VPWR,li1,131.1000,111.5200,1.799992
FILLER_36_235,VPWR,li1,113.8500,111.5200,1.799991
FILLER_36_231,VPWR,li1,112.7000,111.5200,1.799991
FILLER_36_211,VPWR,li1,103.2700,111.5200,1.799991
FILLER_36_201,VPWR,li1,98.2100,111.5200,1.799991
FILLER_36_197,VPWR,li1,97.0600,111.5200,1.799991
FILLER_36_194,VPWR,li1,95.2200,111.5200,1.799991
FILLER_36_156,VPWR,li1,77.7400,111.5200,1.799993
FILLER_36_148,VPWR,li1,75.4400,111.5200,1.799993
FILLER_36_139,VPWR,li1,69.6900,111.5200,1.799993
FILLER_36_133,VPWR,li1,68.0800,111.5200,1.799993
FILLER_36_129,VPWR,li1,65.0900,111.5200,1.799993
FILLER_36_125,VPWR,li1,63.9400,111.5200,1.799993
FILLER_36_115,VPWR,li1,58.8800,111.5200,1.799994
FILLER_36_94,VPWR,li1,48.9900,111.5200,1.799995
FILLER_36_85,VPWR,li1,44.8500,111.5200,1.799995
FILLER_36_75,VPWR,li1,40.2500,111.5200,1.799996
FILLER_36_68,VPWR,li1,37.0300,111.5200,1.799996
FILLER_36_64,VPWR,li1,35.8800,111.5200,1.799996
FILLER_36_52,VPWR,li1,30.1300,111.5200,1.799997
FILLER_36_45,VPWR,li1,26.6800,111.5200,1.799998
FILLER_36_25,VPWR,li1,17.7100,111.5200,1.799998
FILLER_36_3,VPWR,li1,7.3600,111.5200,1.799998
FILLER_35_365,VPWR,li1,176.1800,106.0800,1.799995
FILLER_35_353,VPWR,li1,170.6600,106.0800,1.799992
FILLER_35_321,VPWR,li1,154.5600,106.0800,1.799985
FILLER_35_304,VPWR,li1,146.7400,106.0800,1.799982
FILLER_35_287,VPWR,li1,137.7700,106.0800,1.799981
FILLER_35_281,VPWR,li1,136.1600,106.0800,1.799981
FILLER_35_278,VPWR,li1,133.8600,106.0800,1.799981
FILLER_35_261,VPWR,li1,125.8100,106.0800,1.799980
FILLER_35_221,VPWR,li1,107.8700,106.0800,1.799981
FILLER_35_196,VPWR,li1,95.9100,106.0800,1.799982
FILLER_35_192,VPWR,li1,94.7600,106.0800,1.799982
FILLER_35_173,VPWR,li1,85.3300,106.0800,1.799984
FILLER_35_169,VPWR,li1,84.1800,106.0800,1.799984
FILLER_35_166,VPWR,li1,82.3400,106.0800,1.799984
FILLER_35_158,VPWR,li1,80.0400,106.0800,1.799985
FILLER_35_146,VPWR,li1,75.4400,106.0800,1.799986
FILLER_35_134,VPWR,li1,69.9200,106.0800,1.799986
FILLER_35_128,VPWR,li1,64.6300,106.0800,1.799987
FILLER_35_122,VPWR,li1,63.0200,106.0800,1.799988
FILLER_35_113,VPWR,li1,57.9600,106.0800,1.799988
FILLER_35_108,VPWR,li1,56.1200,106.0800,1.799989
FILLER_35_96,VPWR,li1,52.4400,106.0800,1.799990
FILLER_35_75,VPWR,li1,40.2500,106.0800,1.799993
FILLER_35_71,VPWR,li1,39.1000,106.0800,1.799993
FILLER_35_55,VPWR,li1,31.0500,106.0800,1.799995
FILLER_35_51,VPWR,li1,29.9000,106.0800,1.799995
FILLER_35_39,VPWR,li1,24.8400,106.0800,1.799996
FILLER_35_27,VPWR,li1,20.7000,106.0800,1.799997
FILLER_35_15,VPWR,li1,15.1800,106.0800,1.799997
FILLER_35_3,VPWR,li1,9.6600,106.0800,1.799997
FILLER_34_365,VPWR,li1,176.1800,106.0800,1.799995
FILLER_34_362,VPWR,li1,172.5000,106.0800,1.799993
FILLER_34_350,VPWR,li1,169.2800,106.0800,1.799992
FILLER_34_336,VPWR,li1,161.4600,106.0800,1.799987
FILLER_34_309,VPWR,li1,148.1200,106.0800,1.799982
FILLER_34_302,VPWR,li1,145.8200,106.0800,1.799982
FILLER_34_292,VPWR,li1,140.0700,106.0800,1.799981
FILLER_34_284,VPWR,li1,138.0000,106.0800,1.799981
FILLER_34_266,VPWR,li1,128.1100,106.0800,1.799980
FILLER_34_262,VPWR,li1,126.9600,106.0800,1.799980
FILLER_34_248,VPWR,li1,120.5200,106.0800,1.799980
FILLER_34_236,VPWR,li1,116.8400,106.0800,1.799980
FILLER_34_224,VPWR,li1,111.3200,106.0800,1.799981
FILLER_34_218,VPWR,li1,106.0300,106.0800,1.799981
FILLER_34_212,VPWR,li1,104.4200,106.0800,1.799981
FILLER_34_197,VPWR,li1,97.5200,106.0800,1.799982
FILLER_34_195,VPWR,li1,95.4500,106.0800,1.799982
FILLER_34_173,VPWR,li1,85.5600,106.0800,1.799984
FILLER_34_161,VPWR,li1,79.8100,106.0800,1.799985
FILLER_34_141,VPWR,li1,71.7600,106.0800,1.799986
FILLER_34_139,VPWR,li1,69.6900,106.0800,1.799987
FILLER_34_111,VPWR,li1,56.8100,106.0800,1.799989
FILLER_34_105,VPWR,li1,55.2000,106.0800,1.799989
FILLER_34_93,VPWR,li1,51.0600,106.0800,1.799990
FILLER_34_65,VPWR,li1,38.1800,106.0800,1.799993
FILLER_34_56,VPWR,li1,31.9700,106.0800,1.799995
FILLER_34_48,VPWR,li1,29.4400,106.0800,1.799995
FILLER_34_36,VPWR,li1,24.8400,106.0800,1.799996
FILLER_34_29,VPWR,li1,19.3200,106.0800,1.799997
FILLER_34_27,VPWR,li1,18.1700,106.0800,1.799997
FILLER_34_23,VPWR,li1,17.0200,106.0800,1.799997
FILLER_34_19,VPWR,li1,14.4900,106.0800,1.799997
FILLER_34_15,VPWR,li1,13.3400,106.0800,1.799997
FILLER_34_3,VPWR,li1,9.6600,106.0800,1.799997
FILLER_33_365,VPWR,li1,176.1800,100.6400,1.799996
FILLER_33_353,VPWR,li1,170.6600,100.6400,1.799993
FILLER_33_323,VPWR,li1,155.0200,100.6400,1.799988
FILLER_33_306,VPWR,li1,146.5100,100.6400,1.799984
FILLER_33_294,VPWR,li1,141.6800,100.6400,1.799983
FILLER_33_289,VPWR,li1,138.6900,100.6400,1.799982
FILLER_33_256,VPWR,li1,123.5100,100.6400,1.799978
FILLER_33_244,VPWR,li1,120.5200,100.6400,1.799977
FILLER_33_225,VPWR,li1,109.4800,100.6400,1.799974
FILLER_33_221,VPWR,li1,107.8700,100.6400,1.799974
FILLER_33_213,VPWR,li1,105.3400,100.6400,1.799974
FILLER_33_191,VPWR,li1,93.8400,100.6400,1.799971
FILLER_33_169,VPWR,li1,83.7200,100.6400,1.799972
FILLER_33_166,VPWR,li1,82.3400,100.6400,1.799972
FILLER_33_152,VPWR,li1,76.1300,100.6400,1.799974
FILLER_33_133,VPWR,li1,68.0800,100.6400,1.799976
FILLER_33_121,VPWR,li1,63.9400,100.6400,1.799978
FILLER_33_113,VPWR,li1,57.9600,100.6400,1.799980
FILLER_33_108,VPWR,li1,56.1200,100.6400,1.799980
FILLER_33_84,VPWR,li1,44.8500,100.6400,1.799985
FILLER_33_76,VPWR,li1,42.3200,100.6400,1.799986
FILLER_33_69,VPWR,li1,37.9500,100.6400,1.799988
FILLER_33_57,VPWR,li1,34.5000,100.6400,1.799990
FILLER_32_365,VPWR,li1,176.1800,100.6400,1.799996
FILLER_32_361,VPWR,li1,172.2700,100.6400,1.799994
FILLER_32_353,VPWR,li1,169.7400,100.6400,1.799993
FILLER_32_341,VPWR,li1,165.1400,100.6400,1.799991
FILLER_32_329,VPWR,li1,159.6200,100.6400,1.799989
FILLER_32_309,VPWR,li1,148.3500,100.6400,1.799985
FILLER_32_306,VPWR,li1,146.7400,100.6400,1.799984
FILLER_32_293,VPWR,li1,140.5300,100.6400,1.799983
FILLER_32_249,VPWR,li1,120.7500,100.6400,1.799977
FILLER_32_197,VPWR,li1,98.9000,100.6400,1.799972
FILLER_32_155,VPWR,li1,78.6600,100.6400,1.799973
FILLER_32_116,VPWR,li1,59.5700,100.6400,1.799980
FILLER_32_104,VPWR,li1,56.1200,100.6400,1.799980
FILLER_32_92,VPWR,li1,50.6000,100.6400,1.799983
FILLER_32_60,VPWR,li1,33.5800,100.6400,1.799990
FILLER_32_52,VPWR,li1,31.2800,100.6400,1.799991
FILLER_32_40,VPWR,li1,26.6800,100.6400,1.799993
FILLER_32_29,VPWR,li1,19.7800,100.6400,1.799995
FILLER_32_26,VPWR,li1,17.9400,100.6400,1.799995
FILLER_32_11,VPWR,li1,11.2700,100.6400,1.799994
FILLER_32_3,VPWR,li1,8.7400,100.6400,1.799994
FILLER_31_373,VPWR,li1,178.0200,95.2000,1.799995
FILLER_31_361,VPWR,li1,174.3400,95.2000,1.799994
FILLER_31_349,VPWR,li1,168.8200,95.2000,1.799992
FILLER_31_337,VPWR,li1,163.3000,95.2000,1.799989
FILLER_31_335,VPWR,li1,159.8500,95.2000,1.799987
FILLER_31_323,VPWR,li1,156.8600,95.2000,1.799985
FILLER_31_313,VPWR,li1,149.9600,95.2000,1.799983
FILLER_31_276,VPWR,li1,133.4000,95.2000,1.799977
FILLER_31_261,VPWR,li1,126.9600,95.2000,1.799975
FILLER_31_246,VPWR,li1,120.0600,95.2000,1.799974
FILLER_31_225,VPWR,li1,109.4800,95.2000,1.799972
FILLER_31_222,VPWR,li1,108.1000,95.2000,1.799972
FILLER_31_210,VPWR,li1,104.8800,95.2000,1.799972
FILLER_31_184,VPWR,li1,90.8500,95.2000,1.799974
FILLER_31_169,VPWR,li1,84.1800,95.2000,1.799975
FILLER_31_164,VPWR,li1,81.8800,95.2000,1.799976
FILLER_31_150,VPWR,li1,74.9800,95.2000,1.799978
FILLER_31_142,VPWR,li1,72.6800,95.2000,1.799979
FILLER_31_130,VPWR,li1,68.0800,95.2000,1.799980
FILLER_31_119,VPWR,li1,61.1800,95.2000,1.799981
FILLER_31_110,VPWR,li1,56.5800,95.2000,1.799983
FILLER_31_102,VPWR,li1,54.2800,95.2000,1.799983
FILLER_31_95,VPWR,li1,49.9100,95.2000,1.799985
FILLER_31_83,VPWR,li1,46.4600,95.2000,1.799986
FILLER_31_57,VPWR,li1,31.9700,95.2000,1.799991
FILLER_31_48,VPWR,li1,29.4400,95.2000,1.799992
FILLER_30_365,VPWR,li1,176.1800,95.2000,1.799995
FILLER_30_363,VPWR,li1,172.7300,95.2000,1.799994
FILLER_30_351,VPWR,li1,169.7400,95.2000,1.799992
FILLER_30_325,VPWR,li1,155.2500,95.2000,1.799985
FILLER_30_304,VPWR,li1,146.2800,95.2000,1.799981
FILLER_30_285,VPWR,li1,137.0800,95.2000,1.799978
FILLER_30_273,VPWR,li1,133.8600,95.2000,1.799977
FILLER_30_261,VPWR,li1,128.3400,95.2000,1.799975
FILLER_30_251,VPWR,li1,121.2100,95.2000,1.799974
FILLER_30_234,VPWR,li1,113.3900,95.2000,1.799972
FILLER_30_221,VPWR,li1,108.1000,95.2000,1.799972
FILLER_30_187,VPWR,li1,91.7700,95.2000,1.799974
FILLER_30_183,VPWR,li1,90.6200,95.2000,1.799974
FILLER_30_171,VPWR,li1,84.4100,95.2000,1.799975
FILLER_30_141,VPWR,li1,71.3000,95.2000,1.799979
FILLER_30_138,VPWR,li1,69.4600,95.2000,1.799979
FILLER_30_128,VPWR,li1,65.0900,95.2000,1.799981
FILLER_30_120,VPWR,li1,62.5600,95.2000,1.799981
FILLER_30_94,VPWR,li1,49.2200,95.2000,1.799985
FILLER_30_85,VPWR,li1,45.0800,95.2000,1.799987
FILLER_30_81,VPWR,li1,43.4700,95.2000,1.799987
FILLER_30_73,VPWR,li1,40.9400,95.2000,1.799988
FILLER_30_61,VPWR,li1,36.3400,95.2000,1.799990
FILLER_30_49,VPWR,li1,30.8200,95.2000,1.799992
FILLER_30_44,VPWR,li1,25.9900,95.2000,1.799994
FILLER_30_34,VPWR,li1,22.0800,95.2000,1.799995
FILLER_30_26,VPWR,li1,17.9400,95.2000,1.799995
FILLER_30_19,VPWR,li1,14.4900,95.2000,1.799995
FILLER_30_3,VPWR,li1,9.6600,95.2000,1.799995
FILLER_29_369,VPWR,li1,177.1000,89.7600,1.799997
FILLER_29_357,VPWR,li1,172.5000,89.7600,1.799996
FILLER_29_345,VPWR,li1,166.9800,89.7600,1.799994
FILLER_29_335,VPWR,li1,159.8500,89.7600,1.799992
FILLER_29_329,VPWR,li1,158.2400,89.7600,1.799991
FILLER_29_304,VPWR,li1,147.2000,89.7600,1.799988
FILLER_29_295,VPWR,li1,141.4500,89.7600,1.799986
FILLER_29_289,VPWR,li1,139.8400,89.7600,1.799986
FILLER_29_279,VPWR,li1,134.0900,89.7600,1.799984
FILLER_29_267,VPWR,li1,129.0300,89.7600,1.799983
FILLER_29_259,VPWR,li1,126.5000,89.7600,1.799982
FILLER_29_221,VPWR,li1,107.8700,89.7600,1.799978
FILLER_29_212,VPWR,li1,103.2700,89.7600,1.799977
FILLER_29_206,VPWR,li1,101.6600,89.7600,1.799977
FILLER_29_196,VPWR,li1,95.9100,89.7600,1.799977
FILLER_29_190,VPWR,li1,94.3000,89.7600,1.799976
FILLER_29_169,VPWR,li1,86.0200,89.7600,1.799976
FILLER_29_167,VPWR,li1,82.5700,89.7600,1.799976
FILLER_29_159,VPWR,li1,80.5000,89.7600,1.799976
FILLER_29_151,VPWR,li1,75.6700,89.7600,1.799976
FILLER_29_129,VPWR,li1,65.3200,89.7600,1.799976
FILLER_29_121,VPWR,li1,63.0200,89.7600,1.799977
FILLER_29_110,VPWR,li1,56.5800,89.7600,1.799979
FILLER_29_93,VPWR,li1,49.2200,89.7600,1.799983
FILLER_29_75,VPWR,li1,41.4000,89.7600,1.799986
FILLER_29_60,VPWR,li1,35.8800,89.7600,1.799988
FILLER_29_55,VPWR,li1,31.0500,89.7600,1.799990
FILLER_29_38,VPWR,li1,25.7600,89.7600,1.799993
FILLER_29_26,VPWR,li1,20.2400,89.7600,1.799995
FILLER_29_15,VPWR,li1,14.2600,89.7600,1.799995
FILLER_29_3,VPWR,li1,9.6600,89.7600,1.799994
FILLER_28_365,VPWR,li1,176.1800,89.7600,1.799997
FILLER_28_358,VPWR,li1,171.5800,89.7600,1.799996
FILLER_28_346,VPWR,li1,167.4400,89.7600,1.799994
FILLER_28_334,VPWR,li1,161.9200,89.7600,1.799993
FILLER_28_325,VPWR,li1,155.2500,89.7600,1.799990
FILLER_28_290,VPWR,li1,140.3000,89.7600,1.799986
FILLER_28_257,VPWR,li1,123.9700,89.7600,1.799981
FILLER_28_253,VPWR,li1,122.8200,89.7600,1.799981
FILLER_28_242,VPWR,li1,117.5300,89.7600,1.799980
FILLER_28_230,VPWR,li1,114.0800,89.7600,1.799979
FILLER_28_213,VPWR,li1,103.7300,89.7600,1.799978
FILLER_28_190,VPWR,li1,94.3000,89.7600,1.799976
FILLER_28_153,VPWR,li1,78.6600,89.7600,1.799976
FILLER_28_141,VPWR,li1,73.1400,89.7600,1.799976
FILLER_28_136,VPWR,li1,69.0000,89.7600,1.799976
FILLER_28_104,VPWR,li1,53.5900,89.7600,1.799980
FILLER_28_96,VPWR,li1,51.5200,89.7600,1.799981
FILLER_28_85,VPWR,li1,46.0000,89.7600,1.799984
FILLER_28_82,VPWR,li1,43.7000,89.7600,1.799985
FILLER_28_70,VPWR,li1,40.4800,89.7600,1.799987
FILLER_28_46,VPWR,li1,28.0600,89.7600,1.799992
FILLER_28_40,VPWR,li1,24.6100,89.7600,1.799994
FILLER_27_373,VPWR,li1,178.0200,84.3200,1.799993
FILLER_27_361,VPWR,li1,174.3400,84.3200,1.799993
FILLER_27_349,VPWR,li1,168.8200,84.3200,1.799989
FILLER_27_337,VPWR,li1,163.3000,84.3200,1.799985
FILLER_27_319,VPWR,li1,152.4900,84.3200,1.799978
FILLER_27_302,VPWR,li1,144.6700,84.3200,1.799973
FILLER_27_285,VPWR,li1,136.8500,84.3200,1.799970
FILLER_27_281,VPWR,li1,135.7000,84.3200,1.799969
FILLER_27_262,VPWR,li1,126.2700,84.3200,1.799967
FILLER_27_258,VPWR,li1,125.1200,84.3200,1.799967
FILLER_27_233,VPWR,li1,112.9300,84.3200,1.799965
FILLER_27_223,VPWR,li1,108.3300,84.3200,1.799964
FILLER_27_219,VPWR,li1,107.1800,84.3200,1.799964
FILLER_27_200,VPWR,li1,97.9800,84.3200,1.799963
FILLER_27_165,VPWR,li1,82.1100,84.3200,1.799961
FILLER_27_153,VPWR,li1,78.6600,84.3200,1.799961
FILLER_27_147,VPWR,li1,73.6000,84.3200,1.799961
FILLER_27_139,VPWR,li1,71.3000,84.3200,1.799960
FILLER_27_113,VPWR,li1,58.8800,84.3200,1.799959
FILLER_27_86,VPWR,li1,45.3100,84.3200,1.799966
FILLER_27_61,VPWR,li1,34.5000,84.3200,1.799976
FILLER_27_55,VPWR,li1,31.0500,84.3200,1.799980
FILLER_27_7,VPWR,li1,10.1200,84.3200,1.799988
FILLER_26_365,VPWR,li1,176.1800,84.3200,1.799993
FILLER_26_363,VPWR,li1,172.7300,84.3200,1.799991
FILLER_26_359,VPWR,li1,171.5800,84.3200,1.799991
FILLER_26_347,VPWR,li1,167.9000,84.3200,1.799989
FILLER_26_335,VPWR,li1,162.3800,84.3200,1.799985
FILLER_26_305,VPWR,li1,146.5100,84.3200,1.799974
FILLER_26_279,VPWR,li1,135.2400,84.3200,1.799969
FILLER_26_270,VPWR,li1,129.9500,84.3200,1.799968
FILLER_26_249,VPWR,li1,120.7500,84.3200,1.799966
FILLER_26_213,VPWR,li1,104.1900,84.3200,1.799964
FILLER_26_205,VPWR,li1,101.6600,84.3200,1.799963
FILLER_26_187,VPWR,li1,91.7700,84.3200,1.799962
FILLER_26_179,VPWR,li1,89.7000,84.3200,1.799962
FILLER_26_161,VPWR,li1,81.4200,84.3200,1.799961
FILLER_26_132,VPWR,li1,68.0800,84.3200,1.799960
FILLER_26_120,VPWR,li1,63.4800,84.3200,1.799960
FILLER_26_99,VPWR,li1,51.2900,84.3200,1.799962
FILLER_26_81,VPWR,li1,43.4700,84.3200,1.799967
FILLER_26_64,VPWR,li1,35.1900,84.3200,1.799976
FILLER_26_57,VPWR,li1,32.2000,84.3200,1.799978
FILLER_26_49,VPWR,li1,28.5200,84.3200,1.799982
FILLER_26_27,VPWR,li1,18.1700,84.3200,1.799988
FILLER_26_23,VPWR,li1,17.0200,84.3200,1.799988
FILLER_25_376,VPWR,li1,178.7100,78.8800,1.799989
FILLER_25_372,VPWR,li1,177.5600,78.8800,1.799989
FILLER_25_360,VPWR,li1,173.8800,78.8800,1.799985
FILLER_25_348,VPWR,li1,168.3600,78.8800,1.799981
FILLER_25_295,VPWR,li1,141.4500,78.8800,1.799958
FILLER_25_242,VPWR,li1,117.3000,78.8800,1.799950
FILLER_25_234,VPWR,li1,115.0000,78.8800,1.799950
FILLER_25_222,VPWR,li1,108.1000,78.8800,1.799951
FILLER_25_214,VPWR,li1,105.8000,78.8800,1.799952
FILLER_25_204,VPWR,li1,99.8200,78.8800,1.799953
FILLER_25_193,VPWR,li1,94.9900,78.8800,1.799954
FILLER_25_176,VPWR,li1,86.7100,78.8800,1.799955
FILLER_25_164,VPWR,li1,81.8800,78.8800,1.799956
FILLER_25_141,VPWR,li1,70.8400,78.8800,1.799961
FILLER_25_120,VPWR,li1,60.9500,78.8800,1.799964
FILLER_25_111,VPWR,li1,56.8100,78.8800,1.799966
FILLER_25_96,VPWR,li1,50.6000,78.8800,1.799969
FILLER_25_57,VPWR,li1,33.1200,78.8800,1.799981
FILLER_25_55,VPWR,li1,31.0500,78.8800,1.799983
FILLER_25_43,VPWR,li1,28.0600,78.8800,1.799986
FILLER_25_31,VPWR,li1,22.5400,78.8800,1.799990
FILLER_25_11,VPWR,li1,11.0400,78.8800,1.799987
FILLER_25_3,VPWR,li1,8.7400,78.8800,1.799987
FILLER_24_365,VPWR,li1,176.1800,78.8800,1.799989
FILLER_24_361,VPWR,li1,172.2700,78.8800,1.799985
FILLER_24_349,VPWR,li1,168.8200,78.8800,1.799981
FILLER_24_307,VPWR,li1,146.9700,78.8800,1.799962
FILLER_24_286,VPWR,li1,137.3100,78.8800,1.799956
FILLER_24_269,VPWR,li1,129.4900,78.8800,1.799952
FILLER_24_248,VPWR,li1,120.5200,78.8800,1.799949
FILLER_24_230,VPWR,li1,111.7800,78.8800,1.799951
FILLER_24_192,VPWR,li1,94.7600,78.8800,1.799954
FILLER_24_181,VPWR,li1,89.2400,78.8800,1.799955
FILLER_24_137,VPWR,li1,69.2300,78.8800,1.799961
FILLER_24_127,VPWR,li1,64.6300,78.8800,1.799963
FILLER_24_119,VPWR,li1,62.1000,78.8800,1.799964
FILLER_24_98,VPWR,li1,50.8300,78.8800,1.799969
FILLER_24_68,VPWR,li1,38.6400,78.8800,1.799978
FILLER_24_62,VPWR,li1,34.2700,78.8800,1.799981
FILLER_24_50,VPWR,li1,31.2800,78.8800,1.799983
FILLER_24_45,VPWR,li1,26.6800,78.8800,1.799986
FILLER_24_41,VPWR,li1,24.6100,78.8800,1.799988
FILLER_24_29,VPWR,li1,21.6200,78.8800,1.799990
FILLER_24_27,VPWR,li1,18.1700,78.8800,1.799989
FILLER_24_15,VPWR,li1,15.1800,78.8800,1.799987
FILLER_24_3,VPWR,li1,9.6600,78.8800,1.799987
FILLER_23_373,VPWR,li1,178.0200,73.4400,1.799993
FILLER_23_361,VPWR,li1,174.3400,73.4400,1.799992
FILLER_23_349,VPWR,li1,168.8200,73.4400,1.799989
FILLER_23_337,VPWR,li1,163.3000,73.4400,1.799985
FILLER_23_324,VPWR,li1,157.3200,73.4400,1.799980
FILLER_23_301,VPWR,li1,145.3600,73.4400,1.799973
FILLER_23_290,VPWR,li1,139.3800,73.4400,1.799969
FILLER_23_274,VPWR,li1,132.9400,73.4400,1.799965
FILLER_23_255,VPWR,li1,123.5100,73.4400,1.799959
FILLER_23_237,VPWR,li1,114.7700,73.4400,1.799954
FILLER_23_225,VPWR,li1,111.7800,73.4400,1.799952
FILLER_23_189,VPWR,li1,92.6900,73.4400,1.799950
FILLER_23_185,VPWR,li1,91.5400,73.4400,1.799950
FILLER_23_180,VPWR,li1,88.5500,73.4400,1.799951
FILLER_23_167,VPWR,li1,82.5700,73.4400,1.799953
FILLER_23_163,VPWR,li1,80.7300,73.4400,1.799954
FILLER_23_155,VPWR,li1,78.6600,73.4400,1.799955
FILLER_23_146,VPWR,li1,73.1400,73.4400,1.799958
FILLER_23_141,VPWR,li1,70.6100,73.4400,1.799960
FILLER_23_137,VPWR,li1,69.4600,73.4400,1.799960
FILLER_23_125,VPWR,li1,65.7800,73.4400,1.799962
FILLER_23_113,VPWR,li1,60.2600,73.4400,1.799965
FILLER_23_108,VPWR,li1,56.1200,73.4400,1.799967
FILLER_23_97,VPWR,li1,51.5200,73.4400,1.799970
FILLER_23_85,VPWR,li1,47.3800,73.4400,1.799973
FILLER_23_43,VPWR,li1,26.2200,73.4400,1.799988
FILLER_22_365,VPWR,li1,176.1800,73.4400,1.799993
FILLER_22_363,VPWR,li1,172.7300,73.4400,1.799990
FILLER_22_357,VPWR,li1,171.1200,73.4400,1.799990
FILLER_22_345,VPWR,li1,166.9800,73.4400,1.799988
FILLER_22_333,VPWR,li1,161.4600,73.4400,1.799983
FILLER_22_321,VPWR,li1,155.9400,73.4400,1.799980
FILLER_22_309,VPWR,li1,150.4200,73.4400,1.799977
FILLER_22_307,VPWR,li1,146.9700,73.4400,1.799973
FILLER_22_301,VPWR,li1,145.3600,73.4400,1.799973
FILLER_22_289,VPWR,li1,141.2200,73.4400,1.799971
FILLER_22_277,VPWR,li1,135.7000,73.4400,1.799967
FILLER_22_265,VPWR,li1,130.1800,73.4400,1.799963
FILLER_22_253,VPWR,li1,124.6600,73.4400,1.799959
FILLER_22_250,VPWR,li1,120.9800,73.4400,1.799958
FILLER_22_239,VPWR,li1,116.1500,73.4400,1.799954
FILLER_22_203,VPWR,li1,99.1300,73.4400,1.799949
FILLER_22_197,VPWR,li1,97.5200,73.4400,1.799949
FILLER_22_173,VPWR,li1,85.7900,73.4400,1.799951
FILLER_22_161,VPWR,li1,82.3400,73.4400,1.799954
FILLER_22_138,VPWR,li1,69.4600,73.4400,1.799960
FILLER_22_85,VPWR,li1,45.0800,73.4400,1.799975
FILLER_22_72,VPWR,li1,41.4000,73.4400,1.799977
FILLER_22_59,VPWR,li1,34.5000,73.4400,1.799982
FILLER_22_49,VPWR,li1,29.4400,73.4400,1.799986
FILLER_22_37,VPWR,li1,25.3000,73.4400,1.799988
FILLER_22_27,VPWR,li1,18.1700,73.4400,1.799992
FILLER_22_19,VPWR,li1,16.1000,73.4400,1.799991
FILLER_22_11,VPWR,li1,11.0400,73.4400,1.799991
FILLER_22_3,VPWR,li1,8.7400,73.4400,1.799991
FILLER_21_373,VPWR,li1,178.0200,68.0000,1.799998
FILLER_21_361,VPWR,li1,174.3400,68.0000,1.799997
FILLER_21_349,VPWR,li1,168.8200,68.0000,1.799996
FILLER_21_337,VPWR,li1,163.3000,68.0000,1.799995
FILLER_21_335,VPWR,li1,159.8500,68.0000,1.799994
FILLER_21_329,VPWR,li1,158.2400,68.0000,1.799994
FILLER_21_317,VPWR,li1,154.1000,68.0000,1.799993
FILLER_21_305,VPWR,li1,148.5800,68.0000,1.799992
FILLER_21_293,VPWR,li1,143.0600,68.0000,1.799991
FILLER_21_281,VPWR,li1,137.5400,68.0000,1.799990
FILLER_21_277,VPWR,li1,133.6300,68.0000,1.799989
FILLER_21_265,VPWR,li1,130.1800,68.0000,1.799988
FILLER_21_197,VPWR,li1,96.8300,68.0000,1.799986
FILLER_21_185,VPWR,li1,93.3800,68.0000,1.799986
FILLER_21_175,VPWR,li1,86.2500,68.0000,1.799987
FILLER_21_169,VPWR,li1,84.6400,68.0000,1.799987
FILLER_21_164,VPWR,li1,81.8800,68.0000,1.799987
FILLER_21_154,VPWR,li1,77.0500,68.0000,1.799988
FILLER_21_146,VPWR,li1,74.5200,68.0000,1.799988
FILLER_21_136,VPWR,li1,68.3100,68.0000,1.799989
FILLER_21_128,VPWR,li1,65.0900,68.0000,1.799989
FILLER_21_119,VPWR,li1,60.4900,68.0000,1.799990
FILLER_21_113,VPWR,li1,58.8800,68.0000,1.799990
FILLER_21_101,VPWR,li1,53.8200,68.0000,1.799991
FILLER_21_89,VPWR,li1,49.2200,68.0000,1.799992
FILLER_21_77,VPWR,li1,43.7000,68.0000,1.799993
FILLER_21_69,VPWR,li1,38.1800,68.0000,1.799994
FILLER_21_57,VPWR,li1,34.5000,68.0000,1.799995
FILLER_21_53,VPWR,li1,30.5900,68.0000,1.799996
FILLER_21_45,VPWR,li1,27.1400,68.0000,1.799996
FILLER_21_33,VPWR,li1,23.4600,68.0000,1.799997
FILLER_21_27,VPWR,li1,18.1700,68.0000,1.799997
FILLER_21_23,VPWR,li1,17.0200,68.0000,1.799997
FILLER_21_11,VPWR,li1,11.2700,68.0000,1.799997
FILLER_21_3,VPWR,li1,8.7400,68.0000,1.799997
FILLER_20_365,VPWR,li1,176.1800,68.0000,1.799998
FILLER_20_363,VPWR,li1,172.7300,68.0000,1.799997
FILLER_20_357,VPWR,li1,171.1200,68.0000,1.799997
FILLER_20_345,VPWR,li1,166.9800,68.0000,1.799996
FILLER_20_333,VPWR,li1,161.4600,68.0000,1.799995
FILLER_20_321,VPWR,li1,155.9400,68.0000,1.799994
FILLER_20_309,VPWR,li1,150.4200,68.0000,1.799992
FILLER_20_307,VPWR,li1,146.9700,68.0000,1.799992
FILLER_20_299,VPWR,li1,144.9000,68.0000,1.799991
FILLER_20_287,VPWR,li1,140.3000,68.0000,1.799990
FILLER_20_275,VPWR,li1,134.7800,68.0000,1.799989
FILLER_20_253,VPWR,li1,122.3600,68.0000,1.799987
FILLER_20_225,VPWR,li1,109.7100,68.0000,1.799986
FILLER_20_217,VPWR,li1,107.1800,68.0000,1.799985
FILLER_20_191,VPWR,li1,93.6100,68.0000,1.799986
FILLER_20_187,VPWR,li1,92.4600,68.0000,1.799986
FILLER_20_165,VPWR,li1,81.6500,68.0000,1.799987
FILLER_20_147,VPWR,li1,74.0600,68.0000,1.799988
FILLER_20_139,VPWR,li1,69.6900,68.0000,1.799989
FILLER_20_105,VPWR,li1,54.5100,68.0000,1.799991
FILLER_20_97,VPWR,li1,51.9800,68.0000,1.799991
FILLER_20_85,VPWR,li1,47.3800,68.0000,1.799992
FILLER_20_82,VPWR,li1,43.7000,68.0000,1.799993
FILLER_20_65,VPWR,li1,36.1100,68.0000,1.799995
FILLER_20_37,VPWR,li1,23.0000,68.0000,1.799997
FILLER_20_24,VPWR,li1,16.7900,68.0000,1.799997
FILLER_19_373,VPWR,li1,178.0200,62.5600,1.799999
FILLER_19_361,VPWR,li1,174.3400,62.5600,1.799999
FILLER_19_349,VPWR,li1,168.8200,62.5600,1.799998
FILLER_19_337,VPWR,li1,163.3000,62.5600,1.799998
FILLER_19_335,VPWR,li1,159.8500,62.5600,1.799997
FILLER_19_329,VPWR,li1,158.2400,62.5600,1.799997
FILLER_19_317,VPWR,li1,154.1000,62.5600,1.799996
FILLER_19_305,VPWR,li1,148.5800,62.5600,1.799996
FILLER_19_293,VPWR,li1,143.0600,62.5600,1.799996
FILLER_19_281,VPWR,li1,137.5400,62.5600,1.799995
FILLER_19_268,VPWR,li1,131.5600,62.5600,1.799995
FILLER_19_249,VPWR,li1,120.2900,62.5600,1.799994
FILLER_19_243,VPWR,li1,118.6800,62.5600,1.799994
FILLER_19_231,VPWR,li1,112.7000,62.5600,1.799994
FILLER_19_225,VPWR,li1,109.2500,62.5600,1.799994
FILLER_19_223,VPWR,li1,108.3300,62.5600,1.799994
FILLER_19_215,VPWR,li1,106.2600,62.5600,1.799994
FILLER_19_203,VPWR,li1,101.6600,62.5600,1.799994
FILLER_19_193,VPWR,li1,94.5300,62.5600,1.799994
FILLER_19_187,VPWR,li1,92.9200,62.5600,1.799994
FILLER_19_175,VPWR,li1,88.7800,62.5600,1.799994
FILLER_19_164,VPWR,li1,81.8800,62.5600,1.799994
FILLER_19_129,VPWR,li1,65.5500,62.5600,1.799994
FILLER_19_117,VPWR,li1,62.1000,62.5600,1.799994
FILLER_19_106,VPWR,li1,55.6600,62.5600,1.799995
FILLER_19_94,VPWR,li1,51.5200,62.5600,1.799995
FILLER_19_73,VPWR,li1,39.3300,62.5600,1.799996
FILLER_19_62,VPWR,li1,34.2700,62.5600,1.799997
FILLER_19_52,VPWR,li1,29.6700,62.5600,1.799997
FILLER_19_43,VPWR,li1,25.5300,62.5600,1.799998
FILLER_19_18,VPWR,li1,14.7200,62.5600,1.799998
FILLER_19_6,VPWR,li1,11.0400,62.5600,1.799998
FILLER_18_365,VPWR,li1,176.1800,62.5600,1.799999
FILLER_18_361,VPWR,li1,172.2700,62.5600,1.799999
FILLER_18_353,VPWR,li1,169.7400,62.5600,1.799998
FILLER_18_341,VPWR,li1,165.1400,62.5600,1.799998
FILLER_18_329,VPWR,li1,159.6200,62.5600,1.799997
FILLER_18_293,VPWR,li1,142.1400,62.5600,1.799996
FILLER_18_281,VPWR,li1,137.5400,62.5600,1.799995
FILLER_18_269,VPWR,li1,132.0200,62.5600,1.799995
FILLER_18_246,VPWR,li1,118.9100,62.5600,1.799994
FILLER_18_240,VPWR,li1,117.3000,62.5600,1.799994
FILLER_18_217,VPWR,li1,106.0300,62.5600,1.799994
FILLER_18_209,VPWR,li1,103.5000,62.5600,1.799994
FILLER_18_197,VPWR,li1,98.9000,62.5600,1.799994
FILLER_18_188,VPWR,li1,93.8400,62.5600,1.799994
FILLER_18_163,VPWR,li1,83.2600,62.5600,1.799994
FILLER_18_155,VPWR,li1,77.0500,62.5600,1.799994
FILLER_18_139,VPWR,li1,69.6900,62.5600,1.799994
FILLER_18_133,VPWR,li1,68.0800,62.5600,1.799994
FILLER_18_121,VPWR,li1,63.9400,62.5600,1.799994
FILLER_18_109,VPWR,li1,58.4200,62.5600,1.799995
FILLER_18_89,VPWR,li1,46.6900,62.5600,1.799995
FILLER_18_85,VPWR,li1,45.5400,62.5600,1.799995
FILLER_18_82,VPWR,li1,43.7000,62.5600,1.799995
FILLER_18_70,VPWR,li1,40.4800,62.5600,1.799996
FILLER_18_63,VPWR,li1,35.4200,62.5600,1.799997
FILLER_18_51,VPWR,li1,31.7400,62.5600,1.799997
FILLER_18_45,VPWR,li1,26.4500,62.5600,1.799998
FILLER_18_41,VPWR,li1,25.3000,62.5600,1.799998
FILLER_18_29,VPWR,li1,21.6200,62.5600,1.799998
FILLER_18_27,VPWR,li1,18.1700,62.5600,1.799998
FILLER_18_15,VPWR,li1,15.1800,62.5600,1.799998
FILLER_18_3,VPWR,li1,9.6600,62.5600,1.799998
FILLER_17_373,VPWR,li1,178.0200,57.1200,1.799997
FILLER_17_361,VPWR,li1,174.3400,57.1200,1.799997
FILLER_17_349,VPWR,li1,168.8200,57.1200,1.799996
FILLER_17_337,VPWR,li1,163.3000,57.1200,1.799994
FILLER_17_332,VPWR,li1,159.1600,57.1200,1.799993
FILLER_17_310,VPWR,li1,148.8100,57.1200,1.799990
FILLER_17_293,VPWR,li1,141.6800,57.1200,1.799989
FILLER_17_281,VPWR,li1,137.5400,57.1200,1.799988
FILLER_17_272,VPWR,li1,132.4800,57.1200,1.799987
FILLER_17_225,VPWR,li1,109.2500,57.1200,1.799986
FILLER_17_223,VPWR,li1,108.3300,57.1200,1.799986
FILLER_17_191,VPWR,li1,95.2200,57.1200,1.799986
FILLER_17_176,VPWR,li1,86.7100,57.1200,1.799987
FILLER_17_165,VPWR,li1,82.1100,57.1200,1.799987
FILLER_17_152,VPWR,li1,76.1300,57.1200,1.799988
FILLER_17_140,VPWR,li1,70.8400,57.1200,1.799988
FILLER_17_119,VPWR,li1,60.4900,57.1200,1.799989
FILLER_17_113,VPWR,li1,58.8800,57.1200,1.799989
FILLER_17_111,VPWR,li1,56.8100,57.1200,1.799990
FILLER_17_105,VPWR,li1,55.2000,57.1200,1.799990
FILLER_17_93,VPWR,li1,51.0600,57.1200,1.799990
FILLER_17_80,VPWR,li1,43.0100,57.1200,1.799991
FILLER_17_72,VPWR,li1,40.4800,57.1200,1.799992
FILLER_17_57,VPWR,li1,33.5800,57.1200,1.799993
FILLER_17_55,VPWR,li1,31.0500,57.1200,1.799993
FILLER_17_51,VPWR,li1,29.9000,57.1200,1.799993
FILLER_17_42,VPWR,li1,25.5300,57.1200,1.799994
FILLER_16_365,VPWR,li1,176.1800,57.1200,1.799997
FILLER_16_361,VPWR,li1,172.2700,57.1200,1.799997
FILLER_16_349,VPWR,li1,168.8200,57.1200,1.799996
FILLER_16_337,VPWR,li1,163.3000,57.1200,1.799994
FILLER_16_309,VPWR,li1,148.5800,57.1200,1.799990
FILLER_16_282,VPWR,li1,135.9300,57.1200,1.799988
FILLER_16_274,VPWR,li1,133.4000,57.1200,1.799987
FILLER_16_253,VPWR,li1,122.1300,57.1200,1.799986
FILLER_16_248,VPWR,li1,120.5200,57.1200,1.799986
FILLER_16_236,VPWR,li1,115.0000,57.1200,1.799986
FILLER_16_230,VPWR,li1,111.5500,57.1200,1.799986
FILLER_16_226,VPWR,li1,110.4000,57.1200,1.799986
FILLER_16_212,VPWR,li1,103.7300,57.1200,1.799986
FILLER_16_203,VPWR,li1,99.1300,57.1200,1.799986
FILLER_16_197,VPWR,li1,97.5200,57.1200,1.799986
FILLER_16_195,VPWR,li1,95.4500,57.1200,1.799986
FILLER_16_187,VPWR,li1,93.3800,57.1200,1.799987
FILLER_16_167,VPWR,li1,85.1000,57.1200,1.799987
FILLER_16_145,VPWR,li1,72.4500,57.1200,1.799988
FILLER_16_141,VPWR,li1,71.3000,57.1200,1.799988
FILLER_16_139,VPWR,li1,69.6900,57.1200,1.799988
FILLER_16_133,VPWR,li1,68.0800,57.1200,1.799988
FILLER_16_129,VPWR,li1,65.0900,57.1200,1.799989
FILLER_16_123,VPWR,li1,63.4800,57.1200,1.799989
FILLER_16_97,VPWR,li1,50.6000,57.1200,1.799990
FILLER_16_85,VPWR,li1,47.3800,57.1200,1.799991
FILLER_16_72,VPWR,li1,41.4000,57.1200,1.799992
FILLER_16_67,VPWR,li1,36.8000,57.1200,1.799992
FILLER_16_55,VPWR,li1,33.5800,57.1200,1.799993
FILLER_16_37,VPWR,li1,23.2300,57.1200,1.799994
FILLER_16_27,VPWR,li1,18.1700,57.1200,1.799993
FILLER_16_9,VPWR,li1,9.8900,57.1200,1.799992
FILLER_16_3,VPWR,li1,8.2800,57.1200,1.799992
FILLER_15_374,VPWR,li1,178.2500,51.6800,1.799997
FILLER_15_366,VPWR,li1,175.7200,51.6800,1.799997
FILLER_15_354,VPWR,li1,171.1200,51.6800,1.799995
FILLER_15_342,VPWR,li1,165.6000,51.6800,1.799993
FILLER_15_335,VPWR,li1,159.8500,51.6800,1.799991
FILLER_15_323,VPWR,li1,155.0200,51.6800,1.799990
FILLER_15_293,VPWR,li1,141.6800,51.6800,1.799988
FILLER_15_281,VPWR,li1,137.5400,51.6800,1.799988
FILLER_15_279,VPWR,li1,134.0900,51.6800,1.799988
FILLER_15_267,VPWR,li1,131.1000,51.6800,1.799988
FILLER_15_255,VPWR,li1,125.5800,51.6800,1.799988
FILLER_15_243,VPWR,li1,120.0600,51.6800,1.799989
FILLER_15_230,VPWR,li1,111.7800,51.6800,1.799989
FILLER_15_222,VPWR,li1,108.1000,51.6800,1.799989
FILLER_15_210,VPWR,li1,102.5800,51.6800,1.799989
FILLER_15_205,VPWR,li1,100.0500,51.6800,1.799989
FILLER_15_193,VPWR,li1,97.0600,51.6800,1.799989
FILLER_15_177,VPWR,li1,87.8600,51.6800,1.799990
FILLER_15_169,VPWR,li1,83.4900,51.6800,1.799990
FILLER_15_166,VPWR,li1,82.3400,51.6800,1.799990
FILLER_15_155,VPWR,li1,77.0500,51.6800,1.799991
FILLER_15_123,VPWR,li1,63.0200,51.6800,1.799992
FILLER_15_113,VPWR,li1,57.9600,51.6800,1.799993
FILLER_15_106,VPWR,li1,55.6600,51.6800,1.799993
FILLER_15_86,VPWR,li1,45.3100,51.6800,1.799995
FILLER_15_80,VPWR,li1,43.7000,51.6800,1.799995
FILLER_15_38,VPWR,li1,23.6900,51.6800,1.799998
FILLER_14_365,VPWR,li1,176.1800,51.6800,1.799997
FILLER_14_352,VPWR,li1,170.2000,51.6800,1.799995
FILLER_14_340,VPWR,li1,164.6800,51.6800,1.799993
FILLER_14_309,VPWR,li1,148.5800,51.6800,1.799988
FILLER_14_305,VPWR,li1,146.5100,51.6800,1.799988
FILLER_14_297,VPWR,li1,142.8300,51.6800,1.799988
FILLER_14_269,VPWR,li1,129.4900,51.6800,1.799988
FILLER_14_257,VPWR,li1,126.5000,51.6800,1.799988
FILLER_14_250,VPWR,li1,120.9800,51.6800,1.799989
FILLER_14_236,VPWR,li1,115.4600,51.6800,1.799989
FILLER_14_226,VPWR,li1,110.1700,51.6800,1.799989
FILLER_14_194,VPWR,li1,95.2200,51.6800,1.799989
FILLER_14_182,VPWR,li1,92.0000,51.6800,1.799990
FILLER_14_163,VPWR,li1,82.3400,51.6800,1.799990
FILLER_14_159,VPWR,li1,78.8900,51.6800,1.799991
FILLER_14_153,VPWR,li1,77.2800,51.6800,1.799991
FILLER_14_141,VPWR,li1,73.1400,51.6800,1.799991
FILLER_14_136,VPWR,li1,69.0000,51.6800,1.799992
FILLER_14_127,VPWR,li1,65.3200,51.6800,1.799992
FILLER_14_120,VPWR,li1,60.9500,51.6800,1.799993
FILLER_14_108,VPWR,li1,57.9600,51.6800,1.799993
FILLER_14_92,VPWR,li1,49.6800,51.6800,1.799994
FILLER_14_82,VPWR,li1,43.7000,51.6800,1.799995
FILLER_14_74,VPWR,li1,41.4000,51.6800,1.799995
FILLER_14_64,VPWR,li1,35.6500,51.6800,1.799996
FILLER_14_56,VPWR,li1,33.1200,51.6800,1.799996
FILLER_14_43,VPWR,li1,25.5300,51.6800,1.799997
FILLER_14_29,VPWR,li1,19.3200,51.6800,1.799998
FILLER_14_19,VPWR,li1,14.7200,51.6800,1.799997
FILLER_14_11,VPWR,li1,11.0400,51.6800,1.799997
FILLER_14_3,VPWR,li1,8.7400,51.6800,1.799997
FILLER_13_373,VPWR,li1,178.0200,46.2400,1.799998
FILLER_13_361,VPWR,li1,174.3400,46.2400,1.799998
FILLER_13_349,VPWR,li1,168.8200,46.2400,1.799997
FILLER_13_337,VPWR,li1,163.3000,46.2400,1.799996
FILLER_13_335,VPWR,li1,159.8500,46.2400,1.799995
FILLER_13_319,VPWR,li1,154.1000,46.2400,1.799994
FILLER_13_298,VPWR,li1,142.8300,46.2400,1.799992
FILLER_13_292,VPWR,li1,141.2200,46.2400,1.799992
FILLER_13_281,VPWR,li1,135.4700,46.2400,1.799991
FILLER_13_277,VPWR,li1,133.6300,46.2400,1.799991
FILLER_13_273,VPWR,li1,131.3300,46.2400,1.799991
FILLER_13_265,VPWR,li1,129.2600,46.2400,1.799990
FILLER_13_221,VPWR,li1,107.8700,46.2400,1.799989
FILLER_13_206,VPWR,li1,100.5100,46.2400,1.799989
FILLER_13_202,VPWR,li1,99.3600,46.2400,1.799989
FILLER_13_190,VPWR,li1,95.6800,46.2400,1.799988
FILLER_13_178,VPWR,li1,90.1600,46.2400,1.799988
FILLER_13_160,VPWR,li1,80.9600,46.2400,1.799989
FILLER_13_138,VPWR,li1,69.2300,46.2400,1.799990
FILLER_13_134,VPWR,li1,68.0800,46.2400,1.799990
FILLER_13_122,VPWR,li1,64.4000,46.2400,1.799991
FILLER_13_104,VPWR,li1,55.2000,46.2400,1.799993
FILLER_13_92,VPWR,li1,50.6000,46.2400,1.799993
FILLER_13_80,VPWR,li1,45.0800,46.2400,1.799994
FILLER_13_69,VPWR,li1,37.9500,46.2400,1.799995
FILLER_13_57,VPWR,li1,34.5000,46.2400,1.799996
FILLER_13_55,VPWR,li1,31.0500,46.2400,1.799996
FILLER_13_50,VPWR,li1,28.7500,46.2400,1.799997
FILLER_13_46,VPWR,li1,27.6000,46.2400,1.799997
FILLER_13_34,VPWR,li1,23.9200,46.2400,1.799997
FILLER_13_29,VPWR,li1,19.3200,46.2400,1.799998
FILLER_13_19,VPWR,li1,14.4900,46.2400,1.799997
FILLER_13_15,VPWR,li1,13.3400,46.2400,1.799997
FILLER_13_3,VPWR,li1,9.6600,46.2400,1.799997
FILLER_12_365,VPWR,li1,176.1800,46.2400,1.799998
FILLER_12_358,VPWR,li1,171.5800,46.2400,1.799998
FILLER_12_346,VPWR,li1,167.4400,46.2400,1.799997
FILLER_12_332,VPWR,li1,160.0800,46.2400,1.799995
FILLER_12_320,VPWR,li1,155.4800,46.2400,1.799994
FILLER_12_279,VPWR,li1,134.0900,46.2400,1.799991
FILLER_12_253,VPWR,li1,123.2800,46.2400,1.799990
FILLER_12_248,VPWR,li1,120.5200,46.2400,1.799989
FILLER_12_238,VPWR,li1,115.4600,46.2400,1.799989
FILLER_12_226,VPWR,li1,110.1700,46.2400,1.799989
FILLER_12_218,VPWR,li1,107.6400,46.2400,1.799989
FILLER_12_211,VPWR,li1,103.2700,46.2400,1.799989
FILLER_12_197,VPWR,li1,96.8300,46.2400,1.799988
FILLER_12_153,VPWR,li1,76.5900,46.2400,1.799989
FILLER_12_141,VPWR,li1,73.1400,46.2400,1.799990
FILLER_12_136,VPWR,li1,69.0000,46.2400,1.799990
FILLER_12_124,VPWR,li1,65.3200,46.2400,1.799991
FILLER_12_112,VPWR,li1,59.8000,46.2400,1.799992
FILLER_12_105,VPWR,li1,54.0500,46.2400,1.799993
FILLER_12_97,VPWR,li1,51.9800,46.2400,1.799993
FILLER_12_85,VPWR,li1,47.3800,46.2400,1.799994
FILLER_12_76,VPWR,li1,42.3200,46.2400,1.799994
FILLER_12_70,VPWR,li1,37.9500,46.2400,1.799995
FILLER_12_66,VPWR,li1,36.8000,46.2400,1.799995
FILLER_12_46,VPWR,li1,26.9100,46.2400,1.799997
FILLER_12_42,VPWR,li1,25.7600,46.2400,1.799997
FILLER_12_26,VPWR,li1,17.9400,46.2400,1.799998
FILLER_11_375,VPWR,li1,178.4800,40.8000,1.799993
FILLER_11_363,VPWR,li1,175.2600,40.8000,1.799993
FILLER_11_341,VPWR,li1,162.6100,40.8000,1.799983
FILLER_11_337,VPWR,li1,161.4600,40.8000,1.799983
FILLER_11_313,VPWR,li1,149.9600,40.8000,1.799975
FILLER_11_306,VPWR,li1,146.7400,40.8000,1.799971
FILLER_11_292,VPWR,li1,140.5300,40.8000,1.799968
FILLER_11_277,VPWR,li1,133.6300,40.8000,1.799964
FILLER_11_271,VPWR,li1,130.4100,40.8000,1.799962
FILLER_11_263,VPWR,li1,128.3400,40.8000,1.799960
FILLER_11_250,VPWR,li1,120.9800,40.8000,1.799959
FILLER_11_242,VPWR,li1,118.6800,40.8000,1.799960
FILLER_11_230,VPWR,li1,114.0800,40.8000,1.799960
FILLER_11_212,VPWR,li1,105.8000,40.8000,1.799961
FILLER_11_193,VPWR,li1,95.2200,40.8000,1.799962
FILLER_11_181,VPWR,li1,91.5400,40.8000,1.799963
FILLER_11_169,VPWR,li1,86.0200,40.8000,1.799964
FILLER_11_164,VPWR,li1,81.8800,40.8000,1.799964
FILLER_11_135,VPWR,li1,67.8500,40.8000,1.799969
FILLER_11_129,VPWR,li1,66.2400,40.8000,1.799969
FILLER_11_113,VPWR,li1,57.9600,40.8000,1.799974
FILLER_11_111,VPWR,li1,56.8100,40.8000,1.799974
FILLER_11_104,VPWR,li1,53.8200,40.8000,1.799977
FILLER_11_82,VPWR,li1,43.7000,40.8000,1.799982
FILLER_11_69,VPWR,li1,39.1000,40.8000,1.799985
FILLER_11_57,VPWR,li1,34.5000,40.8000,1.799987
FILLER_11_54,VPWR,li1,30.8200,40.8000,1.799990
FILLER_11_45,VPWR,li1,27.6000,40.8000,1.799991
FILLER_11_11,VPWR,li1,11.0400,40.8000,1.799994
FILLER_11_3,VPWR,li1,8.7400,40.8000,1.799994
FILLER_10_365,VPWR,li1,176.1800,40.8000,1.799993
FILLER_10_362,VPWR,li1,172.5000,40.8000,1.799991
FILLER_10_350,VPWR,li1,169.2800,40.8000,1.799987
FILLER_10_338,VPWR,li1,163.7600,40.8000,1.799984
FILLER_10_329,VPWR,li1,157.0900,40.8000,1.799979
FILLER_10_321,VPWR,li1,153.4100,40.8000,1.799977
FILLER_10_309,VPWR,li1,150.4200,40.8000,1.799975
FILLER_10_305,VPWR,li1,146.5100,40.8000,1.799971
FILLER_10_249,VPWR,li1,120.7500,40.8000,1.799959
FILLER_10_237,VPWR,li1,115.4600,40.8000,1.799960
FILLER_10_203,VPWR,li1,99.1300,40.8000,1.799961
FILLER_10_197,VPWR,li1,96.3700,40.8000,1.799962
FILLER_10_187,VPWR,li1,92.4600,40.8000,1.799963
FILLER_10_175,VPWR,li1,88.7800,40.8000,1.799963
FILLER_10_154,VPWR,li1,77.2800,40.8000,1.799965
FILLER_10_141,VPWR,li1,70.8400,40.8000,1.799967
FILLER_10_113,VPWR,li1,57.9600,40.8000,1.799974
FILLER_10_85,VPWR,li1,47.3800,40.8000,1.799980
FILLER_10_80,VPWR,li1,43.2400,40.8000,1.799983
FILLER_10_65,VPWR,li1,38.1800,40.8000,1.799985
FILLER_10_53,VPWR,li1,32.6600,40.8000,1.799989
FILLER_10_41,VPWR,li1,27.1400,40.8000,1.799991
FILLER_10_29,VPWR,li1,21.6200,40.8000,1.799994
FILLER_10_27,VPWR,li1,18.1700,40.8000,1.799994
FILLER_10_15,VPWR,li1,15.1800,40.8000,1.799994
FILLER_10_3,VPWR,li1,9.6600,40.8000,1.799994
FILLER_9_373,VPWR,li1,178.0200,35.3600,1.799996
FILLER_9_361,VPWR,li1,174.3400,35.3600,1.799996
FILLER_9_349,VPWR,li1,168.8200,35.3600,1.799994
FILLER_9_337,VPWR,li1,163.3000,35.3600,1.799992
FILLER_9_333,VPWR,li1,159.3900,35.3600,1.799990
FILLER_9_321,VPWR,li1,155.9400,35.3600,1.799989
FILLER_9_309,VPWR,li1,150.4200,35.3600,1.799987
FILLER_9_297,VPWR,li1,144.9000,35.3600,1.799985
FILLER_9_285,VPWR,li1,139.3800,35.3600,1.799984
FILLER_9_278,VPWR,li1,133.8600,35.3600,1.799982
FILLER_9_237,VPWR,li1,114.7700,35.3600,1.799977
FILLER_9_233,VPWR,li1,113.6200,35.3600,1.799976
FILLER_9_223,VPWR,li1,108.3300,35.3600,1.799975
FILLER_9_217,VPWR,li1,106.7200,35.3600,1.799975
FILLER_9_185,VPWR,li1,90.8500,35.3600,1.799975
FILLER_9_137,VPWR,li1,69.4600,35.3600,1.799980
FILLER_9_125,VPWR,li1,65.7800,35.3600,1.799981
FILLER_9_113,VPWR,li1,60.2600,35.3600,1.799982
FILLER_9_111,VPWR,li1,56.8100,35.3600,1.799984
FILLER_9_105,VPWR,li1,55.2000,35.3600,1.799984
FILLER_9_90,VPWR,li1,49.6800,35.3600,1.799985
FILLER_9_48,VPWR,li1,29.4400,35.3600,1.799992
FILLER_9_39,VPWR,li1,24.8400,35.3600,1.799994
FILLER_9_27,VPWR,li1,20.7000,35.3600,1.799996
FILLER_9_15,VPWR,li1,15.1800,35.3600,1.799996
FILLER_9_3,VPWR,li1,9.6600,35.3600,1.799996
FILLER_8_365,VPWR,li1,176.1800,35.3600,1.799996
FILLER_8_362,VPWR,li1,172.5000,35.3600,1.799995
FILLER_8_354,VPWR,li1,170.2000,35.3600,1.799994
FILLER_8_342,VPWR,li1,165.6000,35.3600,1.799993
FILLER_8_321,VPWR,li1,153.4100,35.3600,1.799988
FILLER_8_315,VPWR,li1,151.8000,35.3600,1.799987
FILLER_8_304,VPWR,li1,145.5900,35.3600,1.799986
FILLER_8_299,VPWR,li1,143.5200,35.3600,1.799985
FILLER_8_291,VPWR,li1,141.2200,35.3600,1.799984
FILLER_8_279,VPWR,li1,136.6200,35.3600,1.799983
FILLER_8_268,VPWR,li1,129.4900,35.3600,1.799981
FILLER_8_250,VPWR,li1,120.9800,35.3600,1.799978
FILLER_8_231,VPWR,li1,112.7000,35.3600,1.799976
FILLER_8_219,VPWR,li1,109.0200,35.3600,1.799975
FILLER_8_195,VPWR,li1,95.4500,35.3600,1.799974
FILLER_8_183,VPWR,li1,92.4600,35.3600,1.799975
FILLER_8_161,VPWR,li1,80.0400,35.3600,1.799977
FILLER_8_153,VPWR,li1,77.7400,35.3600,1.799978
FILLER_8_141,VPWR,li1,73.1400,35.3600,1.799979
FILLER_8_132,VPWR,li1,68.0800,35.3600,1.799980
FILLER_8_120,VPWR,li1,63.4800,35.3600,1.799981
FILLER_8_108,VPWR,li1,57.9600,35.3600,1.799983
FILLER_8_83,VPWR,li1,43.9300,35.3600,1.799987
FILLER_8_73,VPWR,li1,39.3300,35.3600,1.799988
FILLER_8_60,VPWR,li1,34.0400,35.3600,1.799990
FILLER_8_27,VPWR,li1,18.1700,35.3600,1.799996
FILLER_8_15,VPWR,li1,15.1800,35.3600,1.799996
FILLER_8_3,VPWR,li1,9.6600,35.3600,1.799996
FILLER_7_374,VPWR,li1,178.2500,29.9200,1.799996
FILLER_7_362,VPWR,li1,174.8000,29.9200,1.799995
FILLER_7_350,VPWR,li1,169.2800,29.9200,1.799993
FILLER_7_332,VPWR,li1,159.1600,29.9200,1.799989
FILLER_7_292,VPWR,li1,140.0700,29.9200,1.799984
FILLER_7_288,VPWR,li1,138.9200,29.9200,1.799984
FILLER_7_281,VPWR,li1,135.0100,29.9200,1.799983
FILLER_7_278,VPWR,li1,133.8600,29.9200,1.799983
FILLER_7_266,VPWR,li1,130.6400,29.9200,1.799983
FILLER_7_250,VPWR,li1,121.2100,29.9200,1.799983
FILLER_7_240,VPWR,li1,116.1500,29.9200,1.799983
FILLER_7_236,VPWR,li1,115.0000,29.9200,1.799983
FILLER_7_225,VPWR,li1,110.4000,29.9200,1.799983
FILLER_7_222,VPWR,li1,108.1000,29.9200,1.799983
FILLER_7_214,VPWR,li1,105.8000,29.9200,1.799983
FILLER_7_206,VPWR,li1,100.5100,29.9200,1.799983
FILLER_7_194,VPWR,li1,97.5200,29.9200,1.799983
FILLER_7_182,VPWR,li1,92.0000,29.9200,1.799984
FILLER_7_166,VPWR,li1,82.3400,29.9200,1.799984
FILLER_7_158,VPWR,li1,80.0400,29.9200,1.799984
FILLER_7_129,VPWR,li1,65.0900,29.9200,1.799986
FILLER_7_121,VPWR,li1,63.0200,29.9200,1.799986
FILLER_7_103,VPWR,li1,53.8200,29.9200,1.799987
FILLER_7_93,VPWR,li1,48.7600,29.9200,1.799988
FILLER_7_85,VPWR,li1,46.4600,29.9200,1.799988
FILLER_7_68,VPWR,li1,37.0300,29.9200,1.799989
FILLER_7_53,VPWR,li1,30.5900,29.9200,1.799990
FILLER_7_35,VPWR,li1,22.0800,29.9200,1.799995
FILLER_7_27,VPWR,li1,19.7800,29.9200,1.799995
FILLER_7_15,VPWR,li1,15.1800,29.9200,1.799995
FILLER_7_3,VPWR,li1,9.6600,29.9200,1.799995
FILLER_6_365,VPWR,li1,176.1800,29.9200,1.799996
FILLER_6_356,VPWR,li1,171.1200,29.9200,1.799994
FILLER_6_344,VPWR,li1,166.5200,29.9200,1.799991
FILLER_6_323,VPWR,li1,154.3300,29.9200,1.799986
FILLER_6_288,VPWR,li1,139.8400,29.9200,1.799984
FILLER_6_251,VPWR,li1,121.2100,29.9200,1.799983
FILLER_6_234,VPWR,li1,113.8500,29.9200,1.799983
FILLER_6_197,VPWR,li1,96.8300,29.9200,1.799983
FILLER_6_190,VPWR,li1,93.1500,29.9200,1.799984
FILLER_6_186,VPWR,li1,92.0000,29.9200,1.799984
FILLER_6_171,VPWR,li1,84.4100,29.9200,1.799984
FILLER_6_167,VPWR,li1,83.2600,29.9200,1.799984
FILLER_6_153,VPWR,li1,77.2800,29.9200,1.799985
FILLER_6_141,VPWR,li1,73.1400,29.9200,1.799985
FILLER_6_138,VPWR,li1,69.4600,29.9200,1.799985
FILLER_6_115,VPWR,li1,58.6500,29.9200,1.799986
FILLER_6_107,VPWR,li1,56.5800,29.9200,1.799987
FILLER_6_98,VPWR,li1,50.8300,29.9200,1.799987
FILLER_6_85,VPWR,li1,46.0000,29.9200,1.799988
FILLER_6_82,VPWR,li1,43.7000,29.9200,1.799988
FILLER_6_74,VPWR,li1,41.4000,29.9200,1.799988
FILLER_6_63,VPWR,li1,36.3400,29.9200,1.799989
FILLER_6_52,VPWR,li1,30.3600,29.9200,1.799991
FILLER_6_27,VPWR,li1,18.1700,29.9200,1.799995
FILLER_6_15,VPWR,li1,15.1800,29.9200,1.799995
FILLER_6_3,VPWR,li1,9.6600,29.9200,1.799995
FILLER_5_373,VPWR,li1,178.0200,24.4800,1.799997
FILLER_5_361,VPWR,li1,174.3400,24.4800,1.799997
FILLER_5_349,VPWR,li1,168.8200,24.4800,1.799996
FILLER_5_337,VPWR,li1,163.3000,24.4800,1.799994
FILLER_5_328,VPWR,li1,158.2400,24.4800,1.799993
FILLER_5_316,VPWR,li1,153.6400,24.4800,1.799991
FILLER_5_305,VPWR,li1,146.7400,24.4800,1.799990
FILLER_5_293,VPWR,li1,143.0600,24.4800,1.799989
FILLER_5_271,VPWR,li1,131.5600,24.4800,1.799987
FILLER_5_223,VPWR,li1,108.3300,24.4800,1.799985
FILLER_5_219,VPWR,li1,106.4900,24.4800,1.799985
FILLER_5_203,VPWR,li1,99.1300,24.4800,1.799984
FILLER_5_146,VPWR,li1,73.1400,24.4800,1.799985
FILLER_5_138,VPWR,li1,70.8400,24.4800,1.799985
FILLER_5_126,VPWR,li1,66.2400,24.4800,1.799986
FILLER_5_116,VPWR,li1,59.8000,24.4800,1.799987
FILLER_5_111,VPWR,li1,56.8100,24.4800,1.799988
FILLER_5_100,VPWR,li1,52.4400,24.4800,1.799989
FILLER_5_91,VPWR,li1,47.6100,24.4800,1.799990
FILLER_5_85,VPWR,li1,46.0000,24.4800,1.799990
FILLER_5_69,VPWR,li1,37.4900,24.4800,1.799992
FILLER_5_57,VPWR,li1,34.5000,24.4800,1.799993
FILLER_5_54,VPWR,li1,30.8200,24.4800,1.799994
FILLER_5_39,VPWR,li1,23.9200,24.4800,1.799996
FILLER_5_27,VPWR,li1,20.7000,24.4800,1.799997
FILLER_5_15,VPWR,li1,15.1800,24.4800,1.799997
FILLER_5_3,VPWR,li1,9.6600,24.4800,1.799997
FILLER_4_365,VPWR,li1,176.1800,24.4800,1.799997
FILLER_4_362,VPWR,li1,172.5000,24.4800,1.799997
FILLER_4_354,VPWR,li1,170.2000,24.4800,1.799996
FILLER_4_342,VPWR,li1,165.6000,24.4800,1.799995
FILLER_4_330,VPWR,li1,160.0800,24.4800,1.799993
FILLER_4_303,VPWR,li1,145.3600,24.4800,1.799990
FILLER_4_277,VPWR,li1,133.1700,24.4800,1.799987
FILLER_4_265,VPWR,li1,130.1800,24.4800,1.799987
FILLER_4_253,VPWR,li1,124.6600,24.4800,1.799986
FILLER_4_251,VPWR,li1,121.2100,24.4800,1.799986
FILLER_4_243,VPWR,li1,119.1400,24.4800,1.799986
FILLER_4_235,VPWR,li1,114.0800,24.4800,1.799985
FILLER_4_224,VPWR,li1,109.2500,24.4800,1.799985
FILLER_4_220,VPWR,li1,106.9500,24.4800,1.799985
FILLER_4_216,VPWR,li1,105.8000,24.4800,1.799985
FILLER_4_205,VPWR,li1,100.7400,24.4800,1.799985
FILLER_4_195,VPWR,li1,95.4500,24.4800,1.799984
FILLER_4_186,VPWR,li1,91.3100,24.4800,1.799984
FILLER_4_178,VPWR,li1,89.2400,24.4800,1.799984
FILLER_4_161,VPWR,li1,80.0400,24.4800,1.799984
FILLER_4_117,VPWR,li1,60.0300,24.4800,1.799987
FILLER_4_105,VPWR,li1,56.5800,24.4800,1.799988
FILLER_4_82,VPWR,li1,43.7000,24.4800,1.799991
FILLER_4_74,VPWR,li1,41.4000,24.4800,1.799992
FILLER_4_62,VPWR,li1,36.8000,24.4800,1.799992
FILLER_4_29,VPWR,li1,19.7800,24.4800,1.799997
FILLER_4_27,VPWR,li1,18.1700,24.4800,1.799997
FILLER_4_15,VPWR,li1,15.1800,24.4800,1.799997
FILLER_4_3,VPWR,li1,9.6600,24.4800,1.799997
FILLER_3_373,VPWR,li1,178.0200,19.0400,1.799999
FILLER_3_361,VPWR,li1,174.3400,19.0400,1.799999
FILLER_3_349,VPWR,li1,168.8200,19.0400,1.799998
FILLER_3_337,VPWR,li1,163.3000,19.0400,1.799998
FILLER_3_333,VPWR,li1,159.3900,19.0400,1.799998
FILLER_3_325,VPWR,li1,156.8600,19.0400,1.799997
FILLER_3_314,VPWR,li1,150.6500,19.0400,1.799997
FILLER_3_302,VPWR,li1,147.2000,19.0400,1.799996
FILLER_3_288,VPWR,li1,139.8400,19.0400,1.799996
FILLER_3_279,VPWR,li1,134.0900,19.0400,1.799995
FILLER_3_269,VPWR,li1,129.7200,19.0400,1.799995
FILLER_3_261,VPWR,li1,127.4200,19.0400,1.799995
FILLER_3_249,VPWR,li1,122.8200,19.0400,1.799995
FILLER_3_237,VPWR,li1,117.3000,19.0400,1.799994
FILLER_3_225,VPWR,li1,111.7800,19.0400,1.799994
FILLER_3_223,VPWR,li1,108.3300,19.0400,1.799994
FILLER_3_217,VPWR,li1,106.7200,19.0400,1.799994
FILLER_3_205,VPWR,li1,102.5800,19.0400,1.799994
FILLER_3_195,VPWR,li1,95.9100,19.0400,1.799994
FILLER_3_187,VPWR,li1,93.3800,19.0400,1.799994
FILLER_3_175,VPWR,li1,88.7800,19.0400,1.799995
FILLER_3_165,VPWR,li1,82.1100,19.0400,1.799995
FILLER_3_159,VPWR,li1,79.1200,19.0400,1.799995
FILLER_3_147,VPWR,li1,75.9000,19.0400,1.799995
FILLER_3_137,VPWR,li1,69.0000,19.0400,1.799995
FILLER_3_125,VPWR,li1,65.7800,19.0400,1.799995
FILLER_3_113,VPWR,li1,60.2600,19.0400,1.799995
FILLER_3_100,VPWR,li1,54.2800,19.0400,1.799995
FILLER_3_55,VPWR,li1,31.0500,19.0400,1.799997
FILLER_3_51,VPWR,li1,29.9000,19.0400,1.799997
FILLER_3_39,VPWR,li1,26.2200,19.0400,1.799998
FILLER_3_27,VPWR,li1,20.7000,19.0400,1.799999
FILLER_3_15,VPWR,li1,15.1800,19.0400,1.799999
FILLER_3_3,VPWR,li1,9.6600,19.0400,1.799999
FILLER_2_365,VPWR,li1,176.1800,19.0400,1.799999
FILLER_2_363,VPWR,li1,172.7300,19.0400,1.799999
FILLER_2_357,VPWR,li1,171.1200,19.0400,1.799999
FILLER_2_345,VPWR,li1,166.9800,19.0400,1.799998
FILLER_2_333,VPWR,li1,161.4600,19.0400,1.799998
FILLER_2_321,VPWR,li1,155.9400,19.0400,1.799997
FILLER_2_309,VPWR,li1,150.4200,19.0400,1.799997
FILLER_2_307,VPWR,li1,146.9700,19.0400,1.799996
FILLER_2_299,VPWR,li1,144.9000,19.0400,1.799996
FILLER_2_287,VPWR,li1,140.3000,19.0400,1.799996
FILLER_2_265,VPWR,li1,127.8800,19.0400,1.799995
FILLER_2_253,VPWR,li1,124.6600,19.0400,1.799995
FILLER_2_251,VPWR,li1,121.2100,19.0400,1.799995
FILLER_2_243,VPWR,li1,119.1400,19.0400,1.799995
FILLER_2_231,VPWR,li1,114.5400,19.0400,1.799994
FILLER_2_209,VPWR,li1,102.1200,19.0400,1.799994
FILLER_2_197,VPWR,li1,98.9000,19.0400,1.799994
FILLER_2_190,VPWR,li1,94.3000,19.0400,1.799994
FILLER_2_178,VPWR,li1,90.1600,19.0400,1.799995
FILLER_2_149,VPWR,li1,74.7500,19.0400,1.799995
FILLER_2_141,VPWR,li1,72.2200,19.0400,1.799995
FILLER_2_139,VPWR,li1,69.6900,19.0400,1.799995
FILLER_2_133,VPWR,li1,68.0800,19.0400,1.799995
FILLER_2_121,VPWR,li1,63.9400,19.0400,1.799995
FILLER_2_109,VPWR,li1,58.4200,19.0400,1.799995
FILLER_2_97,VPWR,li1,52.9000,19.0400,1.799995
FILLER_2_85,VPWR,li1,47.3800,19.0400,1.799995
FILLER_2_83,VPWR,li1,43.9300,19.0400,1.799996
FILLER_2_77,VPWR,li1,42.3200,19.0400,1.799996
FILLER_2_65,VPWR,li1,38.1800,19.0400,1.799996
FILLER_2_53,VPWR,li1,32.6600,19.0400,1.799997
FILLER_2_41,VPWR,li1,27.1400,19.0400,1.799998
FILLER_2_29,VPWR,li1,21.6200,19.0400,1.799999
FILLER_2_27,VPWR,li1,18.1700,19.0400,1.799999
FILLER_2_15,VPWR,li1,15.1800,19.0400,1.799999
FILLER_2_3,VPWR,li1,9.6600,19.0400,1.799999
FILLER_1_373,VPWR,li1,178.0200,13.6000,1.800000
FILLER_1_361,VPWR,li1,174.3400,13.6000,1.800000
FILLER_1_349,VPWR,li1,168.8200,13.6000,1.800000
FILLER_1_337,VPWR,li1,163.3000,13.6000,1.800000
FILLER_1_335,VPWR,li1,159.8500,13.6000,1.800000
FILLER_1_329,VPWR,li1,158.2400,13.6000,1.800000
FILLER_1_317,VPWR,li1,154.1000,13.6000,1.800000
FILLER_1_305,VPWR,li1,148.5800,13.6000,1.800000
FILLER_1_293,VPWR,li1,143.0600,13.6000,1.800000
FILLER_1_281,VPWR,li1,137.5400,13.6000,1.800000
FILLER_1_279,VPWR,li1,134.0900,13.6000,1.800000
FILLER_1_273,VPWR,li1,132.4800,13.6000,1.800000
FILLER_1_261,VPWR,li1,128.3400,13.6000,1.800000
FILLER_1_249,VPWR,li1,122.8200,13.6000,1.800000
FILLER_1_237,VPWR,li1,117.3000,13.6000,1.800000
FILLER_1_225,VPWR,li1,111.7800,13.6000,1.800000
FILLER_1_223,VPWR,li1,108.3300,13.6000,1.800000
FILLER_1_217,VPWR,li1,106.7200,13.6000,1.800000
FILLER_1_205,VPWR,li1,102.5800,13.6000,1.800000
FILLER_1_193,VPWR,li1,97.0600,13.6000,1.800000
FILLER_1_181,VPWR,li1,91.5400,13.6000,1.800000
FILLER_1_169,VPWR,li1,86.0200,13.6000,1.800000
FILLER_1_166,VPWR,li1,82.3400,13.6000,1.800000
FILLER_1_131,VPWR,li1,66.0100,13.6000,1.800000
FILLER_1_125,VPWR,li1,64.4000,13.6000,1.800000
FILLER_1_113,VPWR,li1,60.2600,13.6000,1.800000
FILLER_1_111,VPWR,li1,56.8100,13.6000,1.800000
FILLER_1_105,VPWR,li1,55.2000,13.6000,1.800000
FILLER_1_93,VPWR,li1,51.0600,13.6000,1.800000
FILLER_1_81,VPWR,li1,45.5400,13.6000,1.800000
FILLER_1_69,VPWR,li1,40.0200,13.6000,1.800000
FILLER_1_57,VPWR,li1,34.5000,13.6000,1.800000
FILLER_1_55,VPWR,li1,31.0500,13.6000,1.800000
FILLER_1_51,VPWR,li1,29.9000,13.6000,1.800000
FILLER_1_39,VPWR,li1,26.2200,13.6000,1.800000
FILLER_1_27,VPWR,li1,20.7000,13.6000,1.800000
FILLER_1_15,VPWR,li1,15.1800,13.6000,1.800000
FILLER_1_3,VPWR,li1,9.6600,13.6000,1.800000
FILLER_0_365,VPWR,li1,176.1800,13.6000,1.800000
FILLER_0_361,VPWR,li1,172.2700,13.6000,1.800000
FILLER_0_349,VPWR,li1,168.8200,13.6000,1.800000
FILLER_0_337,VPWR,li1,163.3000,13.6000,1.800000
FILLER_0_333,VPWR,li1,159.3900,13.6000,1.800000
FILLER_0_321,VPWR,li1,155.9400,13.6000,1.800000
FILLER_0_309,VPWR,li1,150.4200,13.6000,1.800000
FILLER_0_305,VPWR,li1,146.5100,13.6000,1.800000
FILLER_0_293,VPWR,li1,143.0600,13.6000,1.800000
FILLER_0_281,VPWR,li1,137.5400,13.6000,1.800000
FILLER_0_277,VPWR,li1,133.6300,13.6000,1.800000
FILLER_0_265,VPWR,li1,130.1800,13.6000,1.800000
FILLER_0_253,VPWR,li1,124.6600,13.6000,1.800000
FILLER_0_249,VPWR,li1,120.7500,13.6000,1.800000
FILLER_0_237,VPWR,li1,117.3000,13.6000,1.800000
FILLER_0_225,VPWR,li1,111.7800,13.6000,1.800000
FILLER_0_221,VPWR,li1,107.8700,13.6000,1.800000
FILLER_0_209,VPWR,li1,104.4200,13.6000,1.800000
FILLER_0_197,VPWR,li1,98.9000,13.6000,1.800000
FILLER_0_193,VPWR,li1,94.9900,13.6000,1.800000
FILLER_0_181,VPWR,li1,91.5400,13.6000,1.800000
FILLER_0_169,VPWR,li1,86.0200,13.6000,1.800000
FILLER_0_164,VPWR,li1,81.8800,13.6000,1.800000
FILLER_0_155,VPWR,li1,77.2800,13.6000,1.800000
FILLER_0_147,VPWR,li1,74.9800,13.6000,1.800000
FILLER_0_141,VPWR,li1,70.8400,13.6000,1.800000
FILLER_0_137,VPWR,li1,69.2300,13.6000,1.800000
FILLER_0_125,VPWR,li1,65.7800,13.6000,1.800000
FILLER_0_113,VPWR,li1,60.2600,13.6000,1.800000
FILLER_0_109,VPWR,li1,56.3500,13.6000,1.800000
FILLER_0_97,VPWR,li1,52.9000,13.6000,1.800000
FILLER_0_85,VPWR,li1,47.3800,13.6000,1.800000
FILLER_0_81,VPWR,li1,43.4700,13.6000,1.800000
FILLER_0_69,VPWR,li1,40.0200,13.6000,1.800000
FILLER_0_57,VPWR,li1,34.5000,13.6000,1.800000
FILLER_0_53,VPWR,li1,30.5900,13.6000,1.800000
FILLER_0_41,VPWR,li1,27.1400,13.6000,1.800000
FILLER_0_29,VPWR,li1,21.6200,13.6000,1.800000
FILLER_0_27,VPWR,li1,18.1700,13.6000,1.800000
FILLER_0_15,VPWR,li1,15.1800,13.6000,1.800000
FILLER_0_3,VPWR,li1,9.6600,13.6000,1.800000
hold213,VPWR,li1,145.3600,46.2400,1.799993
hold212,VPWR,li1,156.4000,57.1200,1.799992
hold211,VPWR,li1,19.7800,122.4000,1.799990
hold210,VPWR,li1,82.3400,24.4800,1.799984
hold209,VPWR,li1,106.2600,57.1200,1.799986
hold208,VPWR,li1,49.6800,24.4800,1.799989
hold207,VPWR,li1,49.6800,116.9600,1.799982
hold206,VPWR,li1,20.7000,116.9600,1.799992
hold205,VPWR,li1,26.2200,176.8000,1.799992
hold204,VPWR,li1,42.7800,35.3600,1.799988
hold203,VPWR,li1,25.3000,155.0400,1.799995
hold202,VPWR,li1,46.9200,111.5200,1.799995
hold201,VPWR,li1,72.2200,100.6400,1.799975
hold200,VPWR,li1,123.7400,29.9200,1.799983
hold199,VPWR,li1,102.5800,46.2400,1.799989
hold198,VPWR,li1,123.7400,35.3600,1.799979
hold197,VPWR,li1,97.9800,24.4800,1.799984
hold196,VPWR,li1,40.9400,84.3200,1.799970
hold195,VPWR,li1,101.6600,35.3600,1.799974
hold194,VPWR,li1,24.8400,84.3200,1.799986
hold193,VPWR,li1,146.2800,57.1200,1.799990
hold192,VPWR,li1,108.5600,29.9200,1.799983
hold191,VPWR,li1,59.3400,89.7600,1.799978
hold190,VPWR,li1,137.5400,46.2400,1.799992
hold189,VPWR,li1,40.0200,149.6000,1.799984
hold188,VPWR,li1,76.3600,29.9200,1.799985
hold187,VPWR,li1,99.3600,46.2400,1.799989
hold186,VPWR,li1,162.3800,29.9200,1.799990
hold185,VPWR,li1,17.0200,165.9200,1.799995
hold184,VPWR,li1,159.1600,40.8000,1.799981
hold183,VPWR,li1,132.0200,19.0400,1.799995
hold182,VPWR,li1,138.0000,40.8000,1.799966
hold181,VPWR,li1,143.9800,40.8000,1.799970
hold180,VPWR,li1,152.7200,57.1200,1.799991
hold179,VPWR,li1,132.0200,35.3600,1.799981
hold178,VPWR,li1,138.0000,46.2400,1.799992
hold177,VPWR,li1,86.4800,29.9200,1.799984
hold176,VPWR,li1,149.5000,46.2400,1.799993
hold175,VPWR,li1,157.7800,51.6800,1.799991
hold174,VPWR,li1,118.6800,51.6800,1.799989
hold173,VPWR,li1,74.9800,51.6800,1.799991
hold172,VPWR,li1,60.7200,116.9600,1.799978
hold171,VPWR,li1,49.6800,149.6000,1.799979
hold170,VPWR,li1,61.1800,111.5200,1.799994
hold169,VPWR,li1,79.1200,40.8000,1.799965
hold168,VPWR,li1,66.2400,68.0000,1.799989
hold167,VPWR,li1,17.4800,84.3200,1.799988
hold166,VPWR,li1,33.5800,171.3600,1.799980
hold165,VPWR,li1,72.2200,62.5600,1.799994
hold164,VPWR,li1,43.2400,138.7200,1.799986
hold163,VPWR,li1,54.7400,182.2400,1.799993
hold162,VPWR,li1,20.7000,149.6000,1.799994
hold161,VPWR,li1,67.1600,73.4400,1.799962
hold160,VPWR,li1,56.1200,171.3600,1.799967
hold159,VPWR,li1,25.7600,149.6000,1.799991
hold158,VPWR,li1,20.7000,144.1600,1.799989
hold157,VPWR,li1,59.8000,160.4800,1.799979
hold156,VPWR,li1,60.7200,176.8000,1.799976
hold155,VPWR,li1,20.7000,133.2800,1.799994
hold154,VPWR,li1,52.9000,138.7200,1.799983
hold153,VPWR,li1,118.6800,73.4400,1.799955
hold152,VPWR,li1,55.2000,149.6000,1.799976
hold151,VPWR,li1,127.4200,62.5600,1.799995
hold150,VPWR,li1,28.5200,138.7200,1.799991
hold149,VPWR,li1,20.7000,138.7200,1.799995
hold148,VPWR,li1,46.4600,182.2400,1.799994
hold147,VPWR,li1,169.7400,133.2800,1.799994
hold146,VPWR,li1,67.1600,144.1600,1.799972
hold145,VPWR,li1,80.9600,144.1600,1.799972
hold144,VPWR,li1,124.6600,62.5600,1.799995
hold143,VPWR,li1,55.6600,133.2800,1.799979
hold142,VPWR,li1,123.7400,62.5600,1.799995
hold141,VPWR,li1,116.8400,68.0000,1.799986
hold140,VPWR,li1,136.6200,89.7600,1.799985
hold139,VPWR,li1,63.4800,182.2400,1.799993
hold138,VPWR,li1,115.4600,62.5600,1.799994
hold137,VPWR,li1,117.7600,57.1200,1.799986
hold136,VPWR,li1,64.8600,171.3600,1.799964
hold135,VPWR,li1,147.6600,133.2800,1.799986
hold134,VPWR,li1,104.8800,111.5200,1.799991
hold133,VPWR,li1,59.3400,144.1600,1.799973
hold132,VPWR,li1,166.9800,127.8400,1.799986
hold131,VPWR,li1,86.9400,176.8000,1.799969
hold130,VPWR,li1,116.8400,95.2000,1.799973
hold129,VPWR,li1,123.7400,116.9600,1.799964
hold128,VPWR,li1,93.3800,144.1600,1.799973
hold127,VPWR,li1,137.0800,149.6000,1.799967
hold126,VPWR,li1,117.7600,182.2400,1.799992
hold125,VPWR,li1,147.6600,149.6000,1.799974
hold124,VPWR,li1,131.1000,122.4000,1.799967
hold123,VPWR,li1,131.5600,155.0400,1.799987
hold122,VPWR,li1,92.9200,182.2400,1.799991
hold121,VPWR,li1,164.6800,155.0400,1.799994
hold120,VPWR,li1,99.3600,144.1600,1.799974
hold119,VPWR,li1,68.0800,160.4800,1.799977
hold118,VPWR,li1,120.9800,73.4400,1.799958
hold117,VPWR,li1,102.1200,182.2400,1.799991
hold116,VPWR,li1,92.4600,84.3200,1.799962
hold115,VPWR,li1,136.6200,176.8000,1.799977
hold114,VPWR,li1,134.7800,171.3600,1.799981
hold113,VPWR,li1,127.8800,84.3200,1.799967
hold112,VPWR,li1,105.3400,133.2800,1.799976
hold111,VPWR,li1,131.1000,144.1600,1.799982
hold110,VPWR,li1,60.2600,144.1600,1.799973
hold109,VPWR,li1,153.1800,19.0400,1.799997
hold108,VPWR,li1,119.1400,144.1600,1.799978
hold107,VPWR,li1,103.0400,155.0400,1.799985
hold106,VPWR,li1,165.6000,122.4000,1.799987
hold105,VPWR,li1,129.2600,149.6000,1.799963
hold104,VPWR,li1,80.9600,133.2800,1.799975
hold103,VPWR,li1,84.1800,171.3600,1.799968
hold102,VPWR,li1,65.3200,155.0400,1.799987
hold101,VPWR,li1,132.4800,84.3200,1.799969
hold100,VPWR,li1,140.7600,127.8400,1.799967
hold99,VPWR,li1,127.8800,176.8000,1.799974
hold98,VPWR,li1,145.3600,111.5200,1.799993
hold97,VPWR,li1,115.9200,155.0400,1.799986
hold96,VPWR,li1,140.7600,111.5200,1.799992
hold95,VPWR,li1,164.6800,149.6000,1.799986
hold94,VPWR,li1,72.2200,182.2400,1.799992
hold93,VPWR,li1,149.5000,160.4800,1.799988
hold92,VPWR,li1,104.4200,84.3200,1.799964
hold91,VPWR,li1,122.3600,84.3200,1.799966
hold90,VPWR,li1,85.1000,155.0400,1.799985
hold89,VPWR,li1,72.2200,138.7200,1.799978
hold88,VPWR,li1,115.0000,138.7200,1.799976
hold87,VPWR,li1,111.3200,111.5200,1.799991
hold86,VPWR,li1,164.6800,106.0800,1.799989
hold85,VPWR,li1,158.2400,138.7200,1.799983
hold84,VPWR,li1,85.1000,176.8000,1.799969
hold83,VPWR,li1,157.7800,46.2400,1.799995
hold82,VPWR,li1,128.3400,160.4800,1.799981
hold81,VPWR,li1,156.8600,171.3600,1.799989
hold80,VPWR,li1,135.7000,133.2800,1.799982
hold79,VPWR,li1,168.8200,116.9600,1.799988
hold78,VPWR,li1,158.2400,155.0400,1.799992
hold77,VPWR,li1,166.5200,138.7200,1.799988
hold76,VPWR,li1,102.1200,144.1600,1.799975
hold75,VPWR,li1,136.6200,138.7200,1.799978
hold74,VPWR,li1,140.7600,160.4800,1.799984
hold73,VPWR,li1,143.0600,176.8000,1.799980
hold72,VPWR,li1,157.7800,127.8400,1.799979
hold71,VPWR,li1,97.9800,176.8000,1.799968
hold70,VPWR,li1,119.1400,149.6000,1.799958
hold69,VPWR,li1,164.6800,111.5200,1.799996
hold68,VPWR,li1,91.0800,171.3600,1.799969
hold67,VPWR,li1,77.2800,171.3600,1.799967
hold66,VPWR,li1,118.6800,127.8400,1.799955
hold65,VPWR,li1,154.5600,106.0800,1.799985
hold64,VPWR,li1,127.8800,182.2400,1.799993
hold63,VPWR,li1,143.5200,155.0400,1.799989
hold62,VPWR,li1,125.5800,100.6400,1.799978
hold61,VPWR,li1,105.3400,106.0800,1.799981
hold60,VPWR,li1,155.0200,122.4000,1.799980
hold59,VPWR,li1,145.3600,144.1600,1.799986
hold58,VPWR,li1,129.2600,100.6400,1.799979
hold57,VPWR,li1,93.3800,155.0400,1.799985
hold56,VPWR,li1,110.8600,122.4000,1.799963
hold55,VPWR,li1,162.3800,89.7600,1.799993
hold54,VPWR,li1,92.9200,160.4800,1.799974
hold53,VPWR,li1,135.2400,122.4000,1.799968
hold52,VPWR,li1,149.5000,116.9600,1.799977
hold51,VPWR,li1,84.1800,149.6000,1.799964
hold50,VPWR,li1,76.8200,149.6000,1.799967
hold49,VPWR,li1,93.8400,84.3200,1.799963
hold48,VPWR,li1,143.5200,95.2000,1.799980
hold47,VPWR,li1,146.7400,171.3600,1.799985
hold46,VPWR,li1,86.0200,138.7200,1.799976
hold45,VPWR,li1,100.2800,100.6400,1.799972
hold44,VPWR,li1,93.8400,165.9200,1.799972
hold43,VPWR,li1,136.6200,78.8800,1.799956
hold42,VPWR,li1,155.0200,100.6400,1.799988
hold41,VPWR,li1,115.0000,111.5200,1.799991
hold40,VPWR,li1,106.7200,155.0400,1.799985
hold39,VPWR,li1,110.8600,182.2400,1.799992
hold38,VPWR,li1,134.3200,106.0800,1.799981
hold37,VPWR,li1,115.0000,89.7600,1.799979
hold36,VPWR,li1,132.0200,84.3200,1.799969
hold35,VPWR,li1,146.7400,122.4000,1.799975
hold34,VPWR,li1,155.9400,149.6000,1.799979
hold33,VPWR,li1,138.4600,100.6400,1.799982
hold32,VPWR,li1,93.8400,95.2000,1.799974
hold31,VPWR,li1,157.3200,89.7600,1.799991
hold30,VPWR,li1,149.5000,89.7600,1.799989
hold29,VPWR,li1,105.3400,95.2000,1.799972
hold28,VPWR,li1,143.0600,149.6000,1.799971
hold27,VPWR,li1,119.1400,165.9200,1.799971
hold26,VPWR,li1,156.8600,165.9200,1.799983
hold25,VPWR,li1,97.9800,84.3200,1.799963
hold24,VPWR,li1,109.4800,78.8800,1.799951
hold23,VPWR,li1,115.9200,100.6400,1.799976
hold22,VPWR,li1,126.9600,133.2800,1.799980
hold21,VPWR,li1,138.9200,122.4000,1.799971
hold20,VPWR,li1,114.0800,84.3200,1.799965
hold19,VPWR,li1,116.8400,138.7200,1.799976
hold18,VPWR,li1,101.2000,171.3600,1.799972
hold17,VPWR,li1,118.6800,176.8000,1.799971
hold16,VPWR,li1,109.0200,138.7200,1.799976
hold15,VPWR,li1,106.7200,116.9600,1.799965
hold14,VPWR,li1,153.6400,84.3200,1.799978
hold13,VPWR,li1,127.8800,111.5200,1.799992
hold12,VPWR,li1,147.2000,78.8800,1.799962
hold11,VPWR,li1,110.8600,160.4800,1.799977
hold10,VPWR,li1,155.0200,89.7600,1.799990
hold9,VPWR,li1,80.0400,138.7200,1.799977
hold8,VPWR,li1,123.7400,95.2000,1.799974
hold7,VPWR,li1,110.8600,171.3600,1.799974
hold6,VPWR,li1,161.0000,78.8800,1.799973
hold5,VPWR,li1,152.7200,73.4400,1.799978
hold4,VPWR,li1,144.4400,100.6400,1.799983
hold3,VPWR,li1,71.3000,19.0400,1.799995
hold2,VPWR,li1,20.7000,73.4400,1.799992
hold1,VPWR,li1,78.6600,13.6000,1.800000
clkload27,VPWR,li1,128.5700,127.8400,1.799960
clkload26,VPWR,li1,149.5000,111.5200,1.799993
clkload25,VPWR,li1,139.6100,165.9200,1.799974
clkload24,VPWR,li1,110.4000,171.3600,1.799973
clkload23,VPWR,li1,114.5400,149.6000,1.799955
clkload22,VPWR,li1,106.2600,127.8400,1.799949
clkload21,VPWR,li1,109.9400,73.4400,1.799950
clkload20,VPWR,li1,100.9700,40.8000,1.799961
clkload19,VPWR,li1,127.4200,40.8000,1.799960
clkload18,VPWR,li1,145.5900,29.9200,1.799984
clkload17,VPWR,li1,144.6700,51.6800,1.799988
clkload16,VPWR,li1,164.4500,78.8800,1.799975
clkload15,VPWR,li1,139.8400,78.8800,1.799958
clkload14,VPWR,li1,65.5500,133.2800,1.799975
clkload13,VPWR,li1,63.4800,171.3600,1.799964
clkload12,VPWR,li1,21.3900,165.9200,1.799995
clkload11,VPWR,li1,35.4200,144.1600,1.799976
clkload10,VPWR,li1,10.8100,116.9600,1.799989
clkload9,VPWR,li1,45.7700,122.4000,1.799970
clkload8,VPWR,li1,20.4700,57.1200,1.799994
clkload7,VPWR,li1,32.8900,29.9200,1.799989
clkload6,VPWR,li1,69.0000,40.8000,1.799968
clkload5,VPWR,li1,84.8700,78.8800,1.799956
clkload4,VPWR,li1,47.6100,78.8800,1.799971
clkload3,VPWR,li1,13.5700,84.3200,1.799988
clkload2,VPWR,li1,118.9100,122.4000,1.799963
clkload1,VPWR,li1,56.8100,122.4000,1.799963
clkload0,VPWR,li1,54.0500,78.8800,1.799967
clkbuf_2_3__f_clk_10mhz,VPWR,li1,120.9800,116.9600,1.799963
clkbuf_2_2__f_clk_10mhz,VPWR,li1,122.3600,78.8800,1.799949
clkbuf_2_1__f_clk_10mhz,VPWR,li1,52.4400,122.4000,1.799964
clkbuf_2_0__f_clk_10mhz,VPWR,li1,56.1200,84.3200,1.799959
clkbuf_0_clk_10mhz,VPWR,li1,88.7800,100.6400,1.799970
clkbuf_leaf_28_clk_10mhz,VPWR,li1,15.4100,57.1200,1.799992
clkbuf_leaf_27_clk_10mhz,VPWR,li1,34.2700,29.9200,1.799989
clkbuf_leaf_26_clk_10mhz,VPWR,li1,73.8300,40.8000,1.799966
clkbuf_leaf_25_clk_10mhz,VPWR,li1,85.7900,73.4400,1.799951
clkbuf_leaf_24_clk_10mhz,VPWR,li1,101.8900,73.4400,1.799949
clkbuf_leaf_23_clk_10mhz,VPWR,li1,102.8100,35.3600,1.799974
clkbuf_leaf_22_clk_10mhz,VPWR,li1,123.9700,40.8000,1.799959
clkbuf_leaf_21_clk_10mhz,VPWR,li1,150.1900,29.9200,1.799985
clkbuf_leaf_20_clk_10mhz,VPWR,li1,148.8100,51.6800,1.799988
clkbuf_leaf_19_clk_10mhz,VPWR,li1,163.0700,78.8800,1.799975
clkbuf_leaf_18_clk_10mhz,VPWR,li1,139.1500,84.3200,1.799970
clkbuf_leaf_17_clk_10mhz,VPWR,li1,112.4700,95.2000,1.799971
clkbuf_leaf_16_clk_10mhz,VPWR,li1,126.7300,122.4000,1.799965
clkbuf_leaf_15_clk_10mhz,VPWR,li1,150.6500,106.0800,1.799983
clkbuf_leaf_14_clk_10mhz,VPWR,li1,153.8700,138.7200,1.799980
clkbuf_leaf_13_clk_10mhz,VPWR,li1,134.5500,165.9200,1.799972
clkbuf_leaf_12_clk_10mhz,VPWR,li1,106.9500,176.8000,1.799967
clkbuf_leaf_11_clk_10mhz,VPWR,li1,107.4100,149.6000,1.799955
clkbuf_leaf_10_clk_10mhz,VPWR,li1,103.2700,127.8400,1.799949
clkbuf_leaf_9_clk_10mhz,VPWR,li1,66.4700,133.2800,1.799975
clkbuf_leaf_8_clk_10mhz,VPWR,li1,79.3500,160.4800,1.799973
clkbuf_leaf_7_clk_10mhz,VPWR,li1,60.4900,171.3600,1.799965
clkbuf_leaf_6_clk_10mhz,VPWR,li1,21.8500,171.3600,1.799988
clkbuf_leaf_5_clk_10mhz,VPWR,li1,34.2700,144.1600,1.799976
clkbuf_leaf_4_clk_10mhz,VPWR,li1,14.9500,116.9600,1.799990
clkbuf_leaf_3_clk_10mhz,VPWR,li1,48.9900,127.8400,1.799967
clkbuf_leaf_2_clk_10mhz,VPWR,li1,65.5500,89.7600,1.799976
clkbuf_leaf_1_clk_10mhz,VPWR,li1,47.1500,84.3200,1.799964
clkbuf_leaf_0_clk_10mhz,VPWR,li1,14.0300,78.8800,1.799987
_1782__66,VPWR,li1,81.1900,13.6000,1.800000
fanout65,VPWR,li1,11.0400,171.3600,1.799987
fanout64,VPWR,li1,13.3400,171.3600,1.799987
fanout63,VPWR,li1,14.2600,165.9200,1.799995
fanout62,VPWR,li1,18.8600,155.0400,1.799996
fanout61,VPWR,li1,52.4400,133.2800,1.799980
fanout60,VPWR,li1,56.1200,116.9600,1.799979
fanout59,VPWR,li1,16.1000,138.7200,1.799995
fanout58,VPWR,li1,11.5000,122.4000,1.799990
fanout57,VPWR,li1,13.3400,95.2000,1.799995
fanout56,VPWR,li1,58.8800,95.2000,1.799982
fanout55,VPWR,li1,16.5600,100.6400,1.799995
fanout54,VPWR,li1,12.8800,73.4400,1.799991
fanout53,VPWR,li1,11.5000,57.1200,1.799992
fanout52,VPWR,li1,12.8800,51.6800,1.799997
fanout51,VPWR,li1,71.7600,73.4400,1.799958
fanout50,VPWR,li1,72.6800,155.0400,1.799986
fanout49,VPWR,li1,74.9800,84.3200,1.799961
fanout48,VPWR,li1,139.8400,100.6400,1.799982
fanout47,VPWR,li1,89.7000,73.4400,1.799951
fanout46,VPWR,li1,145.8200,78.8800,1.799962
fanout45,VPWR,li1,75.9000,78.8800,1.799959
fanout44,VPWR,li1,146.2800,89.7600,1.799988
fanout43,VPWR,li1,106.7200,127.8400,1.799949
fanout42,VPWR,li1,94.7600,68.0000,1.799986
fanout41,VPWR,li1,78.2000,78.8800,1.799958
fanout40,VPWR,li1,80.0400,78.8800,1.799957
fanout39,VPWR,li1,98.4400,68.0000,1.799986
fanout38,VPWR,li1,124.6600,106.0800,1.799980
fanout37,VPWR,li1,86.9400,84.3200,1.799962
fanout36,VPWR,li1,107.6400,171.3600,1.799973
fanout35,VPWR,li1,63.9400,122.4000,1.799963
fanout34,VPWR,li1,81.8800,122.4000,1.799962
fanout33,VPWR,li1,72.2200,127.8400,1.799958
fanout32,VPWR,li1,76.3600,127.8400,1.799956
fanout31,VPWR,li1,80.0400,122.4000,1.799962
fanout30,VPWR,li1,80.0400,95.2000,1.799976
fanout29,VPWR,li1,94.7600,100.6400,1.799971
fanout28,VPWR,li1,29.9000,46.2400,1.799996
fanout27,VPWR,li1,40.0200,68.0000,1.799994
fanout26,VPWR,li1,86.4800,122.4000,1.799962
fanout25,VPWR,li1,115.9200,29.9200,1.799983
fanout24,VPWR,li1,143.0600,19.0400,1.799996
fanout23,VPWR,li1,115.9200,24.4800,1.799985
fanout22,VPWR,li1,89.7000,29.9200,1.799984
fanout21,VPWR,li1,75.4400,62.5600,1.799994
fanout20,VPWR,li1,84.6400,19.0400,1.799995
fanout19,VPWR,li1,39.5600,100.6400,1.799987
fanout18,VPWR,li1,83.2600,40.8000,1.799964
fanout17,VPWR,li1,107.1800,57.1200,1.799986
fanout16,VPWR,li1,85.1000,40.8000,1.799964
fanout15,VPWR,li1,28.9800,68.0000,1.799996
fanout14,VPWR,li1,49.6800,133.2800,1.799981
fanout13,VPWR,li1,113.1600,51.6800,1.799989
fanout12,VPWR,li1,117.3000,29.9200,1.799983
max_cap11,VPWR,li1,102.8100,100.6400,1.799973
fanout10,VPWR,li1,30.3600,122.4000,1.799983
fanout9,VPWR,li1,34.9600,100.6400,1.799990
output8,VPWR,li1,66.2400,182.2400,1.799993
output7,VPWR,li1,7.8200,84.3200,1.799988
output6,VPWR,li1,78.6600,13.6000,1.800000
output5,VPWR,li1,72.2200,13.6000,1.800000
output4,VPWR,li1,7.8200,127.8400,1.799991
output3,VPWR,li1,46.4600,182.2400,1.799994
input2,VPWR,li1,7.5900,62.5600,1.799998
input1,VPWR,li1,7.5900,176.8000,1.799995
_1782__68,VPWR,li1,80.2700,13.6000,1.800000
_1783__67,VPWR,li1,163.9900,46.2400,1.799996
TAP_TAPCELL_ROW_63_556,VPWR,li1,173.1900,182.5460,1.799999
TAP_TAPCELL_ROW_63_555,VPWR,li1,160.3100,182.5460,1.799997
TAP_TAPCELL_ROW_63_554,VPWR,li1,147.4300,182.5460,1.799996
TAP_TAPCELL_ROW_63_553,VPWR,li1,134.5500,182.5460,1.799994
TAP_TAPCELL_ROW_63_552,VPWR,li1,121.6700,182.5460,1.799993
TAP_TAPCELL_ROW_63_551,VPWR,li1,108.7900,182.5460,1.799991
TAP_TAPCELL_ROW_63_550,VPWR,li1,95.9100,182.5460,1.799991
TAP_TAPCELL_ROW_63_549,VPWR,li1,83.0300,182.5460,1.799992
TAP_TAPCELL_ROW_63_548,VPWR,li1,70.1500,182.5460,1.799992
TAP_TAPCELL_ROW_63_547,VPWR,li1,57.2700,182.5460,1.799993
TAP_TAPCELL_ROW_63_546,VPWR,li1,44.3900,182.5460,1.799995
TAP_TAPCELL_ROW_63_545,VPWR,li1,31.5100,182.5460,1.799997
TAP_TAPCELL_ROW_63_544,VPWR,li1,18.6300,182.5460,1.799998
TAP_TAPCELL_ROW_62_543,VPWR,li1,173.1900,181.9330,1.799999
TAP_TAPCELL_ROW_62_542,VPWR,li1,147.4300,181.9330,1.799996
TAP_TAPCELL_ROW_62_541,VPWR,li1,121.6700,181.9330,1.799993
TAP_TAPCELL_ROW_62_540,VPWR,li1,95.9100,181.9330,1.799991
TAP_TAPCELL_ROW_62_539,VPWR,li1,70.1500,181.9330,1.799992
TAP_TAPCELL_ROW_62_538,VPWR,li1,44.3900,181.9330,1.799995
TAP_TAPCELL_ROW_62_537,VPWR,li1,18.6300,181.9330,1.799998
TAP_TAPCELL_ROW_61_536,VPWR,li1,160.3100,177.1060,1.799988
TAP_TAPCELL_ROW_61_535,VPWR,li1,134.5500,177.1060,1.799976
TAP_TAPCELL_ROW_61_534,VPWR,li1,108.7900,177.1060,1.799968
TAP_TAPCELL_ROW_61_533,VPWR,li1,83.0300,177.1060,1.799970
TAP_TAPCELL_ROW_61_532,VPWR,li1,57.2700,177.1060,1.799977
TAP_TAPCELL_ROW_61_531,VPWR,li1,31.5100,177.1060,1.799990
TAP_TAPCELL_ROW_60_530,VPWR,li1,173.1900,176.4930,1.799994
TAP_TAPCELL_ROW_60_529,VPWR,li1,147.4300,176.4930,1.799981
TAP_TAPCELL_ROW_60_528,VPWR,li1,121.6700,176.4930,1.799971
TAP_TAPCELL_ROW_60_527,VPWR,li1,95.9100,176.4930,1.799968
TAP_TAPCELL_ROW_60_526,VPWR,li1,70.1500,176.4930,1.799972
TAP_TAPCELL_ROW_60_525,VPWR,li1,44.3900,176.4930,1.799984
TAP_TAPCELL_ROW_60_524,VPWR,li1,18.6300,176.4930,1.799995
TAP_TAPCELL_ROW_59_523,VPWR,li1,160.3100,171.6660,1.799990
TAP_TAPCELL_ROW_59_522,VPWR,li1,134.5500,171.6660,1.799981
TAP_TAPCELL_ROW_59_521,VPWR,li1,108.7900,171.6660,1.799973
TAP_TAPCELL_ROW_59_520,VPWR,li1,83.0300,171.6660,1.799968
TAP_TAPCELL_ROW_59_519,VPWR,li1,57.2700,171.6660,1.799967
TAP_TAPCELL_ROW_59_518,VPWR,li1,31.5100,171.6660,1.799982
TAP_TAPCELL_ROW_58_517,VPWR,li1,173.1900,171.0530,1.799995
TAP_TAPCELL_ROW_58_516,VPWR,li1,147.4300,171.0530,1.799985
TAP_TAPCELL_ROW_58_515,VPWR,li1,121.6700,171.0530,1.799977
TAP_TAPCELL_ROW_58_514,VPWR,li1,95.9100,171.0530,1.799971
TAP_TAPCELL_ROW_58_513,VPWR,li1,70.1500,171.0530,1.799965
TAP_TAPCELL_ROW_58_512,VPWR,li1,44.3900,171.0530,1.799974
TAP_TAPCELL_ROW_58_511,VPWR,li1,18.6300,171.0530,1.799988
TAP_TAPCELL_ROW_57_510,VPWR,li1,160.3100,166.2260,1.799985
TAP_TAPCELL_ROW_57_509,VPWR,li1,134.5500,166.2260,1.799972
TAP_TAPCELL_ROW_57_508,VPWR,li1,108.7900,166.2260,1.799971
TAP_TAPCELL_ROW_57_507,VPWR,li1,83.0300,166.2260,1.799974
TAP_TAPCELL_ROW_57_506,VPWR,li1,57.2700,166.2260,1.799980
TAP_TAPCELL_ROW_57_505,VPWR,li1,31.5100,166.2260,1.799990
TAP_TAPCELL_ROW_56_504,VPWR,li1,173.1900,165.6130,1.799993
TAP_TAPCELL_ROW_56_503,VPWR,li1,147.4300,165.6130,1.799978
TAP_TAPCELL_ROW_56_502,VPWR,li1,121.6700,165.6130,1.799971
TAP_TAPCELL_ROW_56_501,VPWR,li1,95.9100,165.6130,1.799972
TAP_TAPCELL_ROW_56_500,VPWR,li1,70.1500,165.6130,1.799976
TAP_TAPCELL_ROW_56_499,VPWR,li1,44.3900,165.6130,1.799986
TAP_TAPCELL_ROW_56_498,VPWR,li1,18.6300,165.6130,1.799995
TAP_TAPCELL_ROW_55_497,VPWR,li1,160.3100,160.7860,1.799991
TAP_TAPCELL_ROW_55_496,VPWR,li1,134.5500,160.7860,1.799983
TAP_TAPCELL_ROW_55_495,VPWR,li1,108.7900,160.7860,1.799976
TAP_TAPCELL_ROW_55_494,VPWR,li1,83.0300,160.7860,1.799973
TAP_TAPCELL_ROW_55_493,VPWR,li1,57.2700,160.7860,1.799981
TAP_TAPCELL_ROW_55_492,VPWR,li1,31.5100,160.7860,1.799991
TAP_TAPCELL_ROW_54_491,VPWR,li1,173.1900,160.1730,1.799996
TAP_TAPCELL_ROW_54_490,VPWR,li1,147.4300,160.1730,1.799987
TAP_TAPCELL_ROW_54_489,VPWR,li1,121.6700,160.1730,1.799980
TAP_TAPCELL_ROW_54_488,VPWR,li1,95.9100,160.1730,1.799974
TAP_TAPCELL_ROW_54_487,VPWR,li1,70.1500,160.1730,1.799976
TAP_TAPCELL_ROW_54_486,VPWR,li1,44.3900,160.1730,1.799986
TAP_TAPCELL_ROW_54_485,VPWR,li1,18.6300,160.1730,1.799995
TAP_TAPCELL_ROW_53_484,VPWR,li1,160.3100,155.3460,1.799993
TAP_TAPCELL_ROW_53_483,VPWR,li1,134.5500,155.3460,1.799988
TAP_TAPCELL_ROW_53_482,VPWR,li1,108.7900,155.3460,1.799985
TAP_TAPCELL_ROW_53_481,VPWR,li1,83.0300,155.3460,1.799985
TAP_TAPCELL_ROW_53_480,VPWR,li1,57.2700,155.3460,1.799989
TAP_TAPCELL_ROW_53_479,VPWR,li1,31.5100,155.3460,1.799994
TAP_TAPCELL_ROW_52_478,VPWR,li1,173.1900,154.7330,1.799996
TAP_TAPCELL_ROW_52_477,VPWR,li1,147.4300,154.7330,1.799990
TAP_TAPCELL_ROW_52_476,VPWR,li1,121.6700,154.7330,1.799986
TAP_TAPCELL_ROW_52_475,VPWR,li1,95.9100,154.7330,1.799985
TAP_TAPCELL_ROW_52_474,VPWR,li1,70.1500,154.7330,1.799986
TAP_TAPCELL_ROW_52_473,VPWR,li1,44.3900,154.7330,1.799991
TAP_TAPCELL_ROW_52_472,VPWR,li1,18.6300,154.7330,1.799996
TAP_TAPCELL_ROW_51_471,VPWR,li1,160.3100,149.9060,1.799981
TAP_TAPCELL_ROW_51_470,VPWR,li1,134.5500,149.9060,1.799966
TAP_TAPCELL_ROW_51_469,VPWR,li1,108.7900,149.9060,1.799955
TAP_TAPCELL_ROW_51_468,VPWR,li1,83.0300,149.9060,1.799964
TAP_TAPCELL_ROW_51_467,VPWR,li1,57.2700,149.9060,1.799975
TAP_TAPCELL_ROW_51_466,VPWR,li1,31.5100,149.9060,1.799989
TAP_TAPCELL_ROW_50_465,VPWR,li1,173.1900,149.2930,1.799991
TAP_TAPCELL_ROW_50_464,VPWR,li1,147.4300,149.2930,1.799974
TAP_TAPCELL_ROW_50_463,VPWR,li1,121.6700,149.2930,1.799959
TAP_TAPCELL_ROW_50_462,VPWR,li1,95.9100,149.2930,1.799959
TAP_TAPCELL_ROW_50_461,VPWR,li1,70.1500,149.2930,1.799970
TAP_TAPCELL_ROW_50_460,VPWR,li1,44.3900,149.2930,1.799982
TAP_TAPCELL_ROW_50_459,VPWR,li1,18.6300,149.2930,1.799994
TAP_TAPCELL_ROW_49_458,VPWR,li1,160.3100,144.4660,1.799991
TAP_TAPCELL_ROW_49_457,VPWR,li1,134.5500,144.4660,1.799982
TAP_TAPCELL_ROW_49_456,VPWR,li1,108.7900,144.4660,1.799976
TAP_TAPCELL_ROW_49_455,VPWR,li1,83.0300,144.4660,1.799972
TAP_TAPCELL_ROW_49_454,VPWR,li1,57.2700,144.4660,1.799973
TAP_TAPCELL_ROW_49_453,VPWR,li1,31.5100,144.4660,1.799979
TAP_TAPCELL_ROW_48_452,VPWR,li1,173.1900,143.8530,1.799995
TAP_TAPCELL_ROW_48_451,VPWR,li1,147.4300,143.8530,1.799987
TAP_TAPCELL_ROW_48_450,VPWR,li1,121.6700,143.8530,1.799979
TAP_TAPCELL_ROW_48_449,VPWR,li1,95.9100,143.8530,1.799974
TAP_TAPCELL_ROW_48_448,VPWR,li1,70.1500,143.8530,1.799972
TAP_TAPCELL_ROW_48_447,VPWR,li1,44.3900,143.8530,1.799974
TAP_TAPCELL_ROW_48_446,VPWR,li1,18.6300,143.8530,1.799989
TAP_TAPCELL_ROW_47_445,VPWR,li1,160.3100,139.0260,1.799984
TAP_TAPCELL_ROW_47_444,VPWR,li1,134.5500,139.0260,1.799977
TAP_TAPCELL_ROW_47_443,VPWR,li1,108.7900,139.0260,1.799976
TAP_TAPCELL_ROW_47_442,VPWR,li1,83.0300,139.0260,1.799977
TAP_TAPCELL_ROW_47_441,VPWR,li1,57.2700,139.0260,1.799981
TAP_TAPCELL_ROW_47_440,VPWR,li1,31.5100,139.0260,1.799991
TAP_TAPCELL_ROW_46_439,VPWR,li1,173.1900,138.4130,1.799992
TAP_TAPCELL_ROW_46_438,VPWR,li1,147.4300,138.4130,1.799979
TAP_TAPCELL_ROW_46_437,VPWR,li1,121.6700,138.4130,1.799976
TAP_TAPCELL_ROW_46_436,VPWR,li1,95.9100,138.4130,1.799975
TAP_TAPCELL_ROW_46_435,VPWR,li1,70.1500,138.4130,1.799978
TAP_TAPCELL_ROW_46_434,VPWR,li1,44.3900,138.4130,1.799985
TAP_TAPCELL_ROW_46_433,VPWR,li1,18.6300,138.4130,1.799995
TAP_TAPCELL_ROW_45_432,VPWR,li1,160.3100,133.5860,1.799990
TAP_TAPCELL_ROW_45_431,VPWR,li1,134.5500,133.5860,1.799982
TAP_TAPCELL_ROW_45_430,VPWR,li1,108.7900,133.5860,1.799976
TAP_TAPCELL_ROW_45_429,VPWR,li1,83.0300,133.5860,1.799975
TAP_TAPCELL_ROW_45_428,VPWR,li1,57.2700,133.5860,1.799979
TAP_TAPCELL_ROW_45_427,VPWR,li1,31.5100,133.5860,1.799989
TAP_TAPCELL_ROW_44_426,VPWR,li1,173.1900,132.9730,1.799995
TAP_TAPCELL_ROW_44_425,VPWR,li1,147.4300,132.9730,1.799986
TAP_TAPCELL_ROW_44_424,VPWR,li1,121.6700,132.9730,1.799978
TAP_TAPCELL_ROW_44_423,VPWR,li1,95.9100,132.9730,1.799975
TAP_TAPCELL_ROW_44_422,VPWR,li1,70.1500,132.9730,1.799975
TAP_TAPCELL_ROW_44_421,VPWR,li1,44.3900,132.9730,1.799983
TAP_TAPCELL_ROW_44_420,VPWR,li1,18.6300,132.9730,1.799994
TAP_TAPCELL_ROW_43_419,VPWR,li1,160.3100,128.1460,1.799980
TAP_TAPCELL_ROW_43_418,VPWR,li1,134.5500,128.1460,1.799963
TAP_TAPCELL_ROW_43_417,VPWR,li1,108.7900,128.1460,1.799950
TAP_TAPCELL_ROW_43_416,VPWR,li1,83.0300,128.1460,1.799955
TAP_TAPCELL_ROW_43_415,VPWR,li1,57.2700,128.1460,1.799963
TAP_TAPCELL_ROW_43_414,VPWR,li1,31.5100,128.1460,1.799982
TAP_TAPCELL_ROW_42_413,VPWR,li1,173.1900,127.5330,1.799990
TAP_TAPCELL_ROW_42_412,VPWR,li1,147.4300,127.5330,1.799971
TAP_TAPCELL_ROW_42_411,VPWR,li1,121.6700,127.5330,1.799957
TAP_TAPCELL_ROW_42_410,VPWR,li1,95.9100,127.5330,1.799951
TAP_TAPCELL_ROW_42_409,VPWR,li1,70.1500,127.5330,1.799958
TAP_TAPCELL_ROW_42_408,VPWR,li1,44.3900,127.5330,1.799970
TAP_TAPCELL_ROW_42_407,VPWR,li1,18.6300,127.5330,1.799991
TAP_TAPCELL_ROW_41_406,VPWR,li1,160.3100,122.7060,1.799983
TAP_TAPCELL_ROW_41_405,VPWR,li1,134.5500,122.7060,1.799968
TAP_TAPCELL_ROW_41_404,VPWR,li1,108.7900,122.7060,1.799963
TAP_TAPCELL_ROW_41_403,VPWR,li1,83.0300,122.7060,1.799962
TAP_TAPCELL_ROW_41_402,VPWR,li1,57.2700,122.7060,1.799963
TAP_TAPCELL_ROW_41_401,VPWR,li1,31.5100,122.7060,1.799983
TAP_TAPCELL_ROW_40_400,VPWR,li1,173.1900,122.0930,1.799992
TAP_TAPCELL_ROW_40_399,VPWR,li1,147.4300,122.0930,1.799975
TAP_TAPCELL_ROW_40_398,VPWR,li1,121.6700,122.0930,1.799964
TAP_TAPCELL_ROW_40_397,VPWR,li1,95.9100,122.0930,1.799962
TAP_TAPCELL_ROW_40_396,VPWR,li1,70.1500,122.0930,1.799963
TAP_TAPCELL_ROW_40_395,VPWR,li1,44.3900,122.0930,1.799970
TAP_TAPCELL_ROW_40_394,VPWR,li1,18.6300,122.0930,1.799990
TAP_TAPCELL_ROW_39_393,VPWR,li1,160.3100,117.2660,1.799984
TAP_TAPCELL_ROW_39_392,VPWR,li1,134.5500,117.2660,1.799969
TAP_TAPCELL_ROW_39_391,VPWR,li1,108.7900,117.2660,1.799965
TAP_TAPCELL_ROW_39_390,VPWR,li1,83.0300,117.2660,1.799972
TAP_TAPCELL_ROW_39_389,VPWR,li1,57.2700,117.2660,1.799979
TAP_TAPCELL_ROW_39_388,VPWR,li1,31.5100,117.2660,1.799988
TAP_TAPCELL_ROW_38_387,VPWR,li1,173.1900,116.6530,1.799991
TAP_TAPCELL_ROW_38_386,VPWR,li1,147.4300,116.6530,1.799975
TAP_TAPCELL_ROW_38_385,VPWR,li1,121.6700,116.6530,1.799963
TAP_TAPCELL_ROW_38_384,VPWR,li1,95.9100,116.6530,1.799968
TAP_TAPCELL_ROW_38_383,VPWR,li1,70.1500,116.6530,1.799975
TAP_TAPCELL_ROW_38_382,VPWR,li1,44.3900,116.6530,1.799984
TAP_TAPCELL_ROW_38_381,VPWR,li1,18.6300,116.6530,1.799991
TAP_TAPCELL_ROW_37_380,VPWR,li1,160.3100,111.8260,1.799995
TAP_TAPCELL_ROW_37_379,VPWR,li1,134.5500,111.8260,1.799992
TAP_TAPCELL_ROW_37_378,VPWR,li1,108.7900,111.8260,1.799991
TAP_TAPCELL_ROW_37_377,VPWR,li1,83.0300,111.8260,1.799992
TAP_TAPCELL_ROW_37_376,VPWR,li1,57.2700,111.8260,1.799994
TAP_TAPCELL_ROW_37_375,VPWR,li1,31.5100,111.8260,1.799997
TAP_TAPCELL_ROW_36_374,VPWR,li1,173.1900,111.2130,1.799998
TAP_TAPCELL_ROW_36_373,VPWR,li1,147.4300,111.2130,1.799993
TAP_TAPCELL_ROW_36_372,VPWR,li1,121.6700,111.2130,1.799991
TAP_TAPCELL_ROW_36_371,VPWR,li1,95.9100,111.2130,1.799991
TAP_TAPCELL_ROW_36_370,VPWR,li1,70.1500,111.2130,1.799993
TAP_TAPCELL_ROW_36_369,VPWR,li1,44.3900,111.2130,1.799995
TAP_TAPCELL_ROW_36_368,VPWR,li1,18.6300,111.2130,1.799998
TAP_TAPCELL_ROW_35_367,VPWR,li1,160.3100,106.3860,1.799987
TAP_TAPCELL_ROW_35_366,VPWR,li1,134.5500,106.3860,1.799981
TAP_TAPCELL_ROW_35_365,VPWR,li1,108.7900,106.3860,1.799981
TAP_TAPCELL_ROW_35_364,VPWR,li1,83.0300,106.3860,1.799984
TAP_TAPCELL_ROW_35_363,VPWR,li1,57.2700,106.3860,1.799988
TAP_TAPCELL_ROW_35_362,VPWR,li1,31.5100,106.3860,1.799995
TAP_TAPCELL_ROW_34_361,VPWR,li1,173.1900,105.7730,1.799993
TAP_TAPCELL_ROW_34_360,VPWR,li1,147.4300,105.7730,1.799982
TAP_TAPCELL_ROW_34_359,VPWR,li1,121.6700,105.7730,1.799980
TAP_TAPCELL_ROW_34_358,VPWR,li1,95.9100,105.7730,1.799982
TAP_TAPCELL_ROW_34_357,VPWR,li1,70.1500,105.7730,1.799986
TAP_TAPCELL_ROW_34_356,VPWR,li1,44.3900,105.7730,1.799991
TAP_TAPCELL_ROW_34_355,VPWR,li1,18.6300,105.7730,1.799997
TAP_TAPCELL_ROW_33_354,VPWR,li1,160.3100,100.9460,1.799989
TAP_TAPCELL_ROW_33_353,VPWR,li1,134.5500,100.9460,1.799981
TAP_TAPCELL_ROW_33_352,VPWR,li1,108.7900,100.9460,1.799974
TAP_TAPCELL_ROW_33_351,VPWR,li1,83.0300,100.9460,1.799972
TAP_TAPCELL_ROW_33_350,VPWR,li1,57.2700,100.9460,1.799980
TAP_TAPCELL_ROW_33_349,VPWR,li1,31.5100,100.9460,1.799991
TAP_TAPCELL_ROW_32_348,VPWR,li1,173.1900,100.3330,1.799994
TAP_TAPCELL_ROW_32_347,VPWR,li1,147.4300,100.3330,1.799985
TAP_TAPCELL_ROW_32_346,VPWR,li1,121.6700,100.3330,1.799977
TAP_TAPCELL_ROW_32_345,VPWR,li1,95.9100,100.3330,1.799972
TAP_TAPCELL_ROW_32_344,VPWR,li1,70.1500,100.3330,1.799976
TAP_TAPCELL_ROW_32_343,VPWR,li1,44.3900,100.3330,1.799985
TAP_TAPCELL_ROW_32_342,VPWR,li1,18.6300,100.3330,1.799995
TAP_TAPCELL_ROW_31_341,VPWR,li1,160.3100,95.5060,1.799987
TAP_TAPCELL_ROW_31_340,VPWR,li1,134.5500,95.5060,1.799977
TAP_TAPCELL_ROW_31_339,VPWR,li1,108.7900,95.5060,1.799972
TAP_TAPCELL_ROW_31_338,VPWR,li1,83.0300,95.5060,1.799976
TAP_TAPCELL_ROW_31_337,VPWR,li1,57.2700,95.5060,1.799983
TAP_TAPCELL_ROW_31_336,VPWR,li1,31.5100,95.5060,1.799991
TAP_TAPCELL_ROW_30_335,VPWR,li1,173.1900,94.8930,1.799994
TAP_TAPCELL_ROW_30_334,VPWR,li1,147.4300,94.8930,1.799981
TAP_TAPCELL_ROW_30_333,VPWR,li1,121.6700,94.8930,1.799974
TAP_TAPCELL_ROW_30_332,VPWR,li1,95.9100,94.8930,1.799973
TAP_TAPCELL_ROW_30_331,VPWR,li1,70.1500,94.8930,1.799979
TAP_TAPCELL_ROW_30_330,VPWR,li1,44.3900,94.8930,1.799987
TAP_TAPCELL_ROW_30_329,VPWR,li1,18.6300,94.8930,1.799995
TAP_TAPCELL_ROW_29_328,VPWR,li1,160.3100,90.0660,1.799992
TAP_TAPCELL_ROW_29_327,VPWR,li1,134.5500,90.0660,1.799984
TAP_TAPCELL_ROW_29_326,VPWR,li1,108.7900,90.0660,1.799978
TAP_TAPCELL_ROW_29_325,VPWR,li1,83.0300,90.0660,1.799976
TAP_TAPCELL_ROW_29_324,VPWR,li1,57.2700,90.0660,1.799979
TAP_TAPCELL_ROW_29_323,VPWR,li1,31.5100,90.0660,1.799990
TAP_TAPCELL_ROW_28_322,VPWR,li1,173.1900,89.4530,1.799996
TAP_TAPCELL_ROW_28_321,VPWR,li1,147.4300,89.4530,1.799988
TAP_TAPCELL_ROW_28_320,VPWR,li1,121.6700,89.4530,1.799981
TAP_TAPCELL_ROW_28_319,VPWR,li1,95.9100,89.4530,1.799977
TAP_TAPCELL_ROW_28_318,VPWR,li1,70.1500,89.4530,1.799976
TAP_TAPCELL_ROW_28_317,VPWR,li1,44.3900,89.4530,1.799985
TAP_TAPCELL_ROW_28_316,VPWR,li1,18.6300,89.4530,1.799995
TAP_TAPCELL_ROW_27_315,VPWR,li1,160.3100,84.6260,1.799983
TAP_TAPCELL_ROW_27_314,VPWR,li1,134.5500,84.6260,1.799969
TAP_TAPCELL_ROW_27_313,VPWR,li1,108.7900,84.6260,1.799964
TAP_TAPCELL_ROW_27_312,VPWR,li1,83.0300,84.6260,1.799961
TAP_TAPCELL_ROW_27_311,VPWR,li1,57.2700,84.6260,1.799959
TAP_TAPCELL_ROW_27_310,VPWR,li1,31.5100,84.6260,1.799980
TAP_TAPCELL_ROW_26_309,VPWR,li1,173.1900,84.0130,1.799991
TAP_TAPCELL_ROW_26_308,VPWR,li1,147.4300,84.0130,1.799974
TAP_TAPCELL_ROW_26_307,VPWR,li1,121.6700,84.0130,1.799966
TAP_TAPCELL_ROW_26_306,VPWR,li1,95.9100,84.0130,1.799963
TAP_TAPCELL_ROW_26_305,VPWR,li1,70.1500,84.0130,1.799960
TAP_TAPCELL_ROW_26_304,VPWR,li1,44.3900,84.0130,1.799967
TAP_TAPCELL_ROW_26_303,VPWR,li1,18.6300,84.0130,1.799988
TAP_TAPCELL_ROW_25_302,VPWR,li1,160.3100,79.1860,1.799973
TAP_TAPCELL_ROW_25_301,VPWR,li1,134.5500,79.1860,1.799955
TAP_TAPCELL_ROW_25_300,VPWR,li1,108.7900,79.1860,1.799951
TAP_TAPCELL_ROW_25_299,VPWR,li1,83.0300,79.1860,1.799956
TAP_TAPCELL_ROW_25_298,VPWR,li1,57.2700,79.1860,1.799966
TAP_TAPCELL_ROW_25_297,VPWR,li1,31.5100,79.1860,1.799983
TAP_TAPCELL_ROW_24_296,VPWR,li1,173.1900,78.5730,1.799985
TAP_TAPCELL_ROW_24_295,VPWR,li1,147.4300,78.5730,1.799962
TAP_TAPCELL_ROW_24_294,VPWR,li1,121.6700,78.5730,1.799949
TAP_TAPCELL_ROW_24_293,VPWR,li1,95.9100,78.5730,1.799954
TAP_TAPCELL_ROW_24_292,VPWR,li1,70.1500,78.5730,1.799961
TAP_TAPCELL_ROW_24_291,VPWR,li1,44.3900,78.5730,1.799974
TAP_TAPCELL_ROW_24_290,VPWR,li1,18.6300,78.5730,1.799989
TAP_TAPCELL_ROW_23_289,VPWR,li1,160.3100,73.7460,1.799983
TAP_TAPCELL_ROW_23_288,VPWR,li1,134.5500,73.7460,1.799965
TAP_TAPCELL_ROW_23_287,VPWR,li1,108.7900,73.7460,1.799950
TAP_TAPCELL_ROW_23_286,VPWR,li1,83.0300,73.7460,1.799953
TAP_TAPCELL_ROW_23_285,VPWR,li1,57.2700,73.7460,1.799967
TAP_TAPCELL_ROW_23_284,VPWR,li1,31.5100,73.7460,1.799984
TAP_TAPCELL_ROW_22_283,VPWR,li1,173.1900,73.1330,1.799992
TAP_TAPCELL_ROW_22_282,VPWR,li1,147.4300,73.1330,1.799975
TAP_TAPCELL_ROW_22_281,VPWR,li1,121.6700,73.1330,1.799958
TAP_TAPCELL_ROW_22_280,VPWR,li1,95.9100,73.1330,1.799950
TAP_TAPCELL_ROW_22_279,VPWR,li1,70.1500,73.1330,1.799960
TAP_TAPCELL_ROW_22_278,VPWR,li1,44.3900,73.1330,1.799975
TAP_TAPCELL_ROW_22_277,VPWR,li1,18.6300,73.1330,1.799992
TAP_TAPCELL_ROW_21_276,VPWR,li1,160.3100,68.3060,1.799995
TAP_TAPCELL_ROW_21_275,VPWR,li1,134.5500,68.3060,1.799989
TAP_TAPCELL_ROW_21_274,VPWR,li1,108.7900,68.3060,1.799985
TAP_TAPCELL_ROW_21_273,VPWR,li1,83.0300,68.3060,1.799987
TAP_TAPCELL_ROW_21_272,VPWR,li1,57.2700,68.3060,1.799991
TAP_TAPCELL_ROW_21_271,VPWR,li1,31.5100,68.3060,1.799995
TAP_TAPCELL_ROW_20_270,VPWR,li1,173.1900,67.6930,1.799997
TAP_TAPCELL_ROW_20_269,VPWR,li1,147.4300,67.6930,1.799992
TAP_TAPCELL_ROW_20_268,VPWR,li1,121.6700,67.6930,1.799986
TAP_TAPCELL_ROW_20_267,VPWR,li1,95.9100,67.6930,1.799986
TAP_TAPCELL_ROW_20_266,VPWR,li1,70.1500,67.6930,1.799989
TAP_TAPCELL_ROW_20_265,VPWR,li1,44.3900,67.6930,1.799993
TAP_TAPCELL_ROW_20_264,VPWR,li1,18.6300,67.6930,1.799997
TAP_TAPCELL_ROW_19_263,VPWR,li1,160.3100,62.8660,1.799997
TAP_TAPCELL_ROW_19_262,VPWR,li1,134.5500,62.8660,1.799995
TAP_TAPCELL_ROW_19_261,VPWR,li1,108.7900,62.8660,1.799994
TAP_TAPCELL_ROW_19_260,VPWR,li1,83.0300,62.8660,1.799994
TAP_TAPCELL_ROW_19_259,VPWR,li1,57.2700,62.8660,1.799995
TAP_TAPCELL_ROW_19_258,VPWR,li1,31.5100,62.8660,1.799997
TAP_TAPCELL_ROW_18_257,VPWR,li1,173.1900,62.2530,1.799999
TAP_TAPCELL_ROW_18_256,VPWR,li1,147.4300,62.2530,1.799996
TAP_TAPCELL_ROW_18_255,VPWR,li1,121.6700,62.2530,1.799994
TAP_TAPCELL_ROW_18_254,VPWR,li1,95.9100,62.2530,1.799994
TAP_TAPCELL_ROW_18_253,VPWR,li1,70.1500,62.2530,1.799994
TAP_TAPCELL_ROW_18_252,VPWR,li1,44.3900,62.2530,1.799995
TAP_TAPCELL_ROW_18_251,VPWR,li1,18.6300,62.2530,1.799998
TAP_TAPCELL_ROW_17_250,VPWR,li1,160.3100,57.4260,1.799993
TAP_TAPCELL_ROW_17_249,VPWR,li1,134.5500,57.4260,1.799988
TAP_TAPCELL_ROW_17_248,VPWR,li1,108.7900,57.4260,1.799986
TAP_TAPCELL_ROW_17_247,VPWR,li1,83.0300,57.4260,1.799987
TAP_TAPCELL_ROW_17_246,VPWR,li1,57.2700,57.4260,1.799990
TAP_TAPCELL_ROW_17_245,VPWR,li1,31.5100,57.4260,1.799993
TAP_TAPCELL_ROW_16_244,VPWR,li1,173.1900,56.8130,1.799997
TAP_TAPCELL_ROW_16_243,VPWR,li1,147.4300,56.8130,1.799990
TAP_TAPCELL_ROW_16_242,VPWR,li1,121.6700,56.8130,1.799986
TAP_TAPCELL_ROW_16_241,VPWR,li1,95.9100,56.8130,1.799986
TAP_TAPCELL_ROW_16_240,VPWR,li1,70.1500,56.8130,1.799988
TAP_TAPCELL_ROW_16_239,VPWR,li1,44.3900,56.8130,1.799991
TAP_TAPCELL_ROW_16_238,VPWR,li1,18.6300,56.8130,1.799993
TAP_TAPCELL_ROW_15_237,VPWR,li1,160.3100,51.9860,1.799991
TAP_TAPCELL_ROW_15_236,VPWR,li1,134.5500,51.9860,1.799988
TAP_TAPCELL_ROW_15_235,VPWR,li1,108.7900,51.9860,1.799989
TAP_TAPCELL_ROW_15_234,VPWR,li1,83.0300,51.9860,1.799990
TAP_TAPCELL_ROW_15_233,VPWR,li1,57.2700,51.9860,1.799993
TAP_TAPCELL_ROW_15_232,VPWR,li1,31.5100,51.9860,1.799996
TAP_TAPCELL_ROW_14_231,VPWR,li1,173.1900,51.3730,1.799996
TAP_TAPCELL_ROW_14_230,VPWR,li1,147.4300,51.3730,1.799988
TAP_TAPCELL_ROW_14_229,VPWR,li1,121.6700,51.3730,1.799989
TAP_TAPCELL_ROW_14_228,VPWR,li1,95.9100,51.3730,1.799989
TAP_TAPCELL_ROW_14_227,VPWR,li1,70.1500,51.3730,1.799991
TAP_TAPCELL_ROW_14_226,VPWR,li1,44.3900,51.3730,1.799995
TAP_TAPCELL_ROW_14_225,VPWR,li1,18.6300,51.3730,1.799998
TAP_TAPCELL_ROW_13_224,VPWR,li1,160.3100,46.5460,1.799995
TAP_TAPCELL_ROW_13_223,VPWR,li1,134.5500,46.5460,1.799991
TAP_TAPCELL_ROW_13_222,VPWR,li1,108.7900,46.5460,1.799989
TAP_TAPCELL_ROW_13_221,VPWR,li1,83.0300,46.5460,1.799989
TAP_TAPCELL_ROW_13_220,VPWR,li1,57.2700,46.5460,1.799992
TAP_TAPCELL_ROW_13_219,VPWR,li1,31.5100,46.5460,1.799996
TAP_TAPCELL_ROW_12_218,VPWR,li1,173.1900,45.9330,1.799998
TAP_TAPCELL_ROW_12_217,VPWR,li1,147.4300,45.9330,1.799993
TAP_TAPCELL_ROW_12_216,VPWR,li1,121.6700,45.9330,1.799989
TAP_TAPCELL_ROW_12_215,VPWR,li1,95.9100,45.9330,1.799988
TAP_TAPCELL_ROW_12_214,VPWR,li1,70.1500,45.9330,1.799990
TAP_TAPCELL_ROW_12_213,VPWR,li1,44.3900,45.9330,1.799994
TAP_TAPCELL_ROW_12_212,VPWR,li1,18.6300,45.9330,1.799998
TAP_TAPCELL_ROW_11_211,VPWR,li1,160.3100,41.1060,1.799981
TAP_TAPCELL_ROW_11_210,VPWR,li1,134.5500,41.1060,1.799964
TAP_TAPCELL_ROW_11_209,VPWR,li1,108.7900,41.1060,1.799960
TAP_TAPCELL_ROW_11_208,VPWR,li1,83.0300,41.1060,1.799964
TAP_TAPCELL_ROW_11_207,VPWR,li1,57.2700,41.1060,1.799974
TAP_TAPCELL_ROW_11_206,VPWR,li1,31.5100,41.1060,1.799989
TAP_TAPCELL_ROW_10_205,VPWR,li1,173.1900,40.4930,1.799991
TAP_TAPCELL_ROW_10_204,VPWR,li1,147.4300,40.4930,1.799973
TAP_TAPCELL_ROW_10_203,VPWR,li1,121.6700,40.4930,1.799959
TAP_TAPCELL_ROW_10_202,VPWR,li1,95.9100,40.4930,1.799962
TAP_TAPCELL_ROW_10_201,VPWR,li1,70.1500,40.4930,1.799968
TAP_TAPCELL_ROW_10_200,VPWR,li1,44.3900,40.4930,1.799982
TAP_TAPCELL_ROW_10_199,VPWR,li1,18.6300,40.4930,1.799994
TAP_TAPCELL_ROW_9_198,VPWR,li1,160.3100,35.6660,1.799991
TAP_TAPCELL_ROW_9_197,VPWR,li1,134.5500,35.6660,1.799982
TAP_TAPCELL_ROW_9_196,VPWR,li1,108.7900,35.6660,1.799975
TAP_TAPCELL_ROW_9_195,VPWR,li1,83.0300,35.6660,1.799976
TAP_TAPCELL_ROW_9_194,VPWR,li1,57.2700,35.6660,1.799983
TAP_TAPCELL_ROW_9_193,VPWR,li1,31.5100,35.6660,1.799991
TAP_TAPCELL_ROW_8_192,VPWR,li1,173.1900,35.0530,1.799995
TAP_TAPCELL_ROW_8_191,VPWR,li1,147.4300,35.0530,1.799986
TAP_TAPCELL_ROW_8_190,VPWR,li1,121.6700,35.0530,1.799978
TAP_TAPCELL_ROW_8_189,VPWR,li1,95.9100,35.0530,1.799974
TAP_TAPCELL_ROW_8_188,VPWR,li1,70.1500,35.0530,1.799980
TAP_TAPCELL_ROW_8_187,VPWR,li1,44.3900,35.0530,1.799987
TAP_TAPCELL_ROW_8_186,VPWR,li1,18.6300,35.0530,1.799996
TAP_TAPCELL_ROW_7_185,VPWR,li1,160.3100,30.2260,1.799989
TAP_TAPCELL_ROW_7_184,VPWR,li1,134.5500,30.2260,1.799983
TAP_TAPCELL_ROW_7_183,VPWR,li1,108.7900,30.2260,1.799983
TAP_TAPCELL_ROW_7_182,VPWR,li1,83.0300,30.2260,1.799984
TAP_TAPCELL_ROW_7_181,VPWR,li1,57.2700,30.2260,1.799987
TAP_TAPCELL_ROW_7_180,VPWR,li1,31.5100,30.2260,1.799990
TAP_TAPCELL_ROW_6_179,VPWR,li1,173.1900,29.6130,1.799995
TAP_TAPCELL_ROW_6_178,VPWR,li1,147.4300,29.6130,1.799984
TAP_TAPCELL_ROW_6_177,VPWR,li1,121.6700,29.6130,1.799983
TAP_TAPCELL_ROW_6_176,VPWR,li1,95.9100,29.6130,1.799984
TAP_TAPCELL_ROW_6_175,VPWR,li1,70.1500,29.6130,1.799985
TAP_TAPCELL_ROW_6_174,VPWR,li1,44.3900,29.6130,1.799988
TAP_TAPCELL_ROW_6_173,VPWR,li1,18.6300,29.6130,1.799995
TAP_TAPCELL_ROW_5_172,VPWR,li1,160.3100,24.7860,1.799993
TAP_TAPCELL_ROW_5_171,VPWR,li1,134.5500,24.7860,1.799988
TAP_TAPCELL_ROW_5_170,VPWR,li1,108.7900,24.7860,1.799985
TAP_TAPCELL_ROW_5_169,VPWR,li1,83.0300,24.7860,1.799984
TAP_TAPCELL_ROW_5_168,VPWR,li1,57.2700,24.7860,1.799988
TAP_TAPCELL_ROW_5_167,VPWR,li1,31.5100,24.7860,1.799994
TAP_TAPCELL_ROW_4_166,VPWR,li1,173.1900,24.1730,1.799997
TAP_TAPCELL_ROW_4_165,VPWR,li1,147.4300,24.1730,1.799990
TAP_TAPCELL_ROW_4_164,VPWR,li1,121.6700,24.1730,1.799986
TAP_TAPCELL_ROW_4_163,VPWR,li1,95.9100,24.1730,1.799984
TAP_TAPCELL_ROW_4_162,VPWR,li1,70.1500,24.1730,1.799985
TAP_TAPCELL_ROW_4_161,VPWR,li1,44.3900,24.1730,1.799991
TAP_TAPCELL_ROW_4_160,VPWR,li1,18.6300,24.1730,1.799997
TAP_TAPCELL_ROW_3_159,VPWR,li1,160.3100,19.3460,1.799998
TAP_TAPCELL_ROW_3_158,VPWR,li1,134.5500,19.3460,1.799995
TAP_TAPCELL_ROW_3_157,VPWR,li1,108.7900,19.3460,1.799994
TAP_TAPCELL_ROW_3_156,VPWR,li1,83.0300,19.3460,1.799995
TAP_TAPCELL_ROW_3_155,VPWR,li1,57.2700,19.3460,1.799995
TAP_TAPCELL_ROW_3_154,VPWR,li1,31.5100,19.3460,1.799997
TAP_TAPCELL_ROW_2_153,VPWR,li1,173.1900,18.7330,1.799999
TAP_TAPCELL_ROW_2_152,VPWR,li1,147.4300,18.7330,1.799996
TAP_TAPCELL_ROW_2_151,VPWR,li1,121.6700,18.7330,1.799995
TAP_TAPCELL_ROW_2_150,VPWR,li1,95.9100,18.7330,1.799994
TAP_TAPCELL_ROW_2_149,VPWR,li1,70.1500,18.7330,1.799995
TAP_TAPCELL_ROW_2_148,VPWR,li1,44.3900,18.7330,1.799996
TAP_TAPCELL_ROW_2_147,VPWR,li1,18.6300,18.7330,1.799999
TAP_TAPCELL_ROW_1_146,VPWR,li1,160.3100,13.9060,1.800000
TAP_TAPCELL_ROW_1_145,VPWR,li1,134.5500,13.9060,1.800000
TAP_TAPCELL_ROW_1_144,VPWR,li1,108.7900,13.9060,1.800000
TAP_TAPCELL_ROW_1_143,VPWR,li1,83.0300,13.9060,1.800000
TAP_TAPCELL_ROW_1_142,VPWR,li1,57.2700,13.9060,1.800000
TAP_TAPCELL_ROW_1_141,VPWR,li1,31.5100,13.9060,1.800000
TAP_TAPCELL_ROW_0_140,VPWR,li1,173.1900,13.2930,1.800000
TAP_TAPCELL_ROW_0_139,VPWR,li1,160.3100,13.2930,1.800000
TAP_TAPCELL_ROW_0_138,VPWR,li1,147.4300,13.2930,1.800000
TAP_TAPCELL_ROW_0_137,VPWR,li1,134.5500,13.2930,1.800000
TAP_TAPCELL_ROW_0_136,VPWR,li1,121.6700,13.2930,1.800000
TAP_TAPCELL_ROW_0_135,VPWR,li1,108.7900,13.2930,1.800000
TAP_TAPCELL_ROW_0_134,VPWR,li1,95.9100,13.2930,1.800000
TAP_TAPCELL_ROW_0_133,VPWR,li1,83.0300,13.2930,1.800000
TAP_TAPCELL_ROW_0_132,VPWR,li1,70.1500,13.2930,1.800000
TAP_TAPCELL_ROW_0_131,VPWR,li1,57.2700,13.2930,1.800000
TAP_TAPCELL_ROW_0_130,VPWR,li1,44.3900,13.2930,1.800000
TAP_TAPCELL_ROW_0_129,VPWR,li1,31.5100,13.2930,1.800000
TAP_TAPCELL_ROW_0_128,VPWR,li1,18.6300,13.2930,1.800000
PHY_EDGE_ROW_63_Left_127,VPWR,li1,6.2100,182.2400,1.799998
PHY_EDGE_ROW_62_Left_126,VPWR,li1,6.2100,182.2400,1.799998
PHY_EDGE_ROW_61_Left_125,VPWR,li1,6.2100,176.8000,1.799995
PHY_EDGE_ROW_60_Left_124,VPWR,li1,6.2100,176.8000,1.799995
PHY_EDGE_ROW_59_Left_123,VPWR,li1,6.2100,171.3600,1.799987
PHY_EDGE_ROW_58_Left_122,VPWR,li1,6.2100,171.3600,1.799987
PHY_EDGE_ROW_57_Left_121,VPWR,li1,6.2100,165.9200,1.799995
PHY_EDGE_ROW_56_Left_120,VPWR,li1,6.2100,165.9200,1.799995
PHY_EDGE_ROW_55_Left_119,VPWR,li1,6.2100,160.4800,1.799995
PHY_EDGE_ROW_54_Left_118,VPWR,li1,6.2100,160.4800,1.799995
PHY_EDGE_ROW_53_Left_117,VPWR,li1,6.2100,155.0400,1.799996
PHY_EDGE_ROW_52_Left_116,VPWR,li1,6.2100,155.0400,1.799996
PHY_EDGE_ROW_51_Left_115,VPWR,li1,6.2100,149.6000,1.799994
PHY_EDGE_ROW_50_Left_114,VPWR,li1,6.2100,149.6000,1.799994
PHY_EDGE_ROW_49_Left_113,VPWR,li1,6.2100,144.1600,1.799988
PHY_EDGE_ROW_48_Left_112,VPWR,li1,6.2100,144.1600,1.799988
PHY_EDGE_ROW_47_Left_111,VPWR,li1,6.2100,138.7200,1.799995
PHY_EDGE_ROW_46_Left_110,VPWR,li1,6.2100,138.7200,1.799995
PHY_EDGE_ROW_45_Left_109,VPWR,li1,6.2100,133.2800,1.799994
PHY_EDGE_ROW_44_Left_108,VPWR,li1,6.2100,133.2800,1.799994
PHY_EDGE_ROW_43_Left_107,VPWR,li1,6.2100,127.8400,1.799991
PHY_EDGE_ROW_42_Left_106,VPWR,li1,6.2100,127.8400,1.799991
PHY_EDGE_ROW_41_Left_105,VPWR,li1,6.2100,122.4000,1.799990
PHY_EDGE_ROW_40_Left_104,VPWR,li1,6.2100,122.4000,1.799990
PHY_EDGE_ROW_39_Left_103,VPWR,li1,6.2100,116.9600,1.799989
PHY_EDGE_ROW_38_Left_102,VPWR,li1,6.2100,116.9600,1.799989
PHY_EDGE_ROW_37_Left_101,VPWR,li1,6.2100,111.5200,1.799998
PHY_EDGE_ROW_36_Left_100,VPWR,li1,6.2100,111.5200,1.799998
PHY_EDGE_ROW_35_Left_99,VPWR,li1,6.2100,106.0800,1.799997
PHY_EDGE_ROW_34_Left_98,VPWR,li1,6.2100,106.0800,1.799997
PHY_EDGE_ROW_33_Left_97,VPWR,li1,6.2100,100.6400,1.799994
PHY_EDGE_ROW_32_Left_96,VPWR,li1,6.2100,100.6400,1.799994
PHY_EDGE_ROW_31_Left_95,VPWR,li1,6.2100,95.2000,1.799995
PHY_EDGE_ROW_30_Left_94,VPWR,li1,6.2100,95.2000,1.799995
PHY_EDGE_ROW_29_Left_93,VPWR,li1,6.2100,89.7600,1.799994
PHY_EDGE_ROW_28_Left_92,VPWR,li1,6.2100,89.7600,1.799994
PHY_EDGE_ROW_27_Left_91,VPWR,li1,6.2100,84.3200,1.799988
PHY_EDGE_ROW_26_Left_90,VPWR,li1,6.2100,84.3200,1.799988
PHY_EDGE_ROW_25_Left_89,VPWR,li1,6.2100,78.8800,1.799987
PHY_EDGE_ROW_24_Left_88,VPWR,li1,6.2100,78.8800,1.799987
PHY_EDGE_ROW_23_Left_87,VPWR,li1,6.2100,73.4400,1.799991
PHY_EDGE_ROW_22_Left_86,VPWR,li1,6.2100,73.4400,1.799991
PHY_EDGE_ROW_21_Left_85,VPWR,li1,6.2100,68.0000,1.799997
PHY_EDGE_ROW_20_Left_84,VPWR,li1,6.2100,68.0000,1.799997
PHY_EDGE_ROW_19_Left_83,VPWR,li1,6.2100,62.5600,1.799998
PHY_EDGE_ROW_18_Left_82,VPWR,li1,6.2100,62.5600,1.799998
PHY_EDGE_ROW_17_Left_81,VPWR,li1,6.2100,57.1200,1.799992
PHY_EDGE_ROW_16_Left_80,VPWR,li1,6.2100,57.1200,1.799992
PHY_EDGE_ROW_15_Left_79,VPWR,li1,6.2100,51.6800,1.799997
PHY_EDGE_ROW_14_Left_78,VPWR,li1,6.2100,51.6800,1.799997
PHY_EDGE_ROW_13_Left_77,VPWR,li1,6.2100,46.2400,1.799997
PHY_EDGE_ROW_12_Left_76,VPWR,li1,6.2100,46.2400,1.799997
PHY_EDGE_ROW_11_Left_75,VPWR,li1,6.2100,40.8000,1.799994
PHY_EDGE_ROW_10_Left_74,VPWR,li1,6.2100,40.8000,1.799994
PHY_EDGE_ROW_9_Left_73,VPWR,li1,6.2100,35.3600,1.799996
PHY_EDGE_ROW_8_Left_72,VPWR,li1,6.2100,35.3600,1.799996
PHY_EDGE_ROW_7_Left_71,VPWR,li1,6.2100,29.9200,1.799995
PHY_EDGE_ROW_6_Left_70,VPWR,li1,6.2100,29.9200,1.799995
PHY_EDGE_ROW_5_Left_69,VPWR,li1,6.2100,24.4800,1.799997
PHY_EDGE_ROW_4_Left_68,VPWR,li1,6.2100,24.4800,1.799997
PHY_EDGE_ROW_3_Left_67,VPWR,li1,6.2100,19.0400,1.799999
PHY_EDGE_ROW_2_Left_66,VPWR,li1,6.2100,19.0400,1.799999
PHY_EDGE_ROW_1_Left_65,VPWR,li1,6.2100,13.6000,1.800000
PHY_EDGE_ROW_0_Left_64,VPWR,li1,6.2100,13.6000,1.800000
PHY_EDGE_ROW_63_Right_63,VPWR,li1,179.6300,182.2400,1.799999
PHY_EDGE_ROW_62_Right_62,VPWR,li1,179.6300,182.2400,1.799999
PHY_EDGE_ROW_61_Right_61,VPWR,li1,179.6300,176.8000,1.799995
PHY_EDGE_ROW_60_Right_60,VPWR,li1,179.6300,176.8000,1.799995
PHY_EDGE_ROW_59_Right_59,VPWR,li1,179.6300,171.3600,1.799996
PHY_EDGE_ROW_58_Right_58,VPWR,li1,179.6300,171.3600,1.799996
PHY_EDGE_ROW_57_Right_57,VPWR,li1,179.6300,165.9200,1.799994
PHY_EDGE_ROW_56_Right_56,VPWR,li1,179.6300,165.9200,1.799994
PHY_EDGE_ROW_55_Right_55,VPWR,li1,179.6300,160.4800,1.799996
PHY_EDGE_ROW_54_Right_54,VPWR,li1,179.6300,160.4800,1.799996
PHY_EDGE_ROW_53_Right_53,VPWR,li1,179.6300,155.0400,1.799997
PHY_EDGE_ROW_52_Right_52,VPWR,li1,179.6300,155.0400,1.799997
PHY_EDGE_ROW_51_Right_51,VPWR,li1,179.6300,149.6000,1.799993
PHY_EDGE_ROW_50_Right_50,VPWR,li1,179.6300,149.6000,1.799993
PHY_EDGE_ROW_49_Right_49,VPWR,li1,179.6300,144.1600,1.799996
PHY_EDGE_ROW_48_Right_48,VPWR,li1,179.6300,144.1600,1.799996
PHY_EDGE_ROW_47_Right_47,VPWR,li1,179.6300,138.7200,1.799994
PHY_EDGE_ROW_46_Right_46,VPWR,li1,179.6300,138.7200,1.799994
PHY_EDGE_ROW_45_Right_45,VPWR,li1,179.6300,133.2800,1.799996
PHY_EDGE_ROW_44_Right_44,VPWR,li1,179.6300,133.2800,1.799996
PHY_EDGE_ROW_43_Right_43,VPWR,li1,179.6300,127.8400,1.799992
PHY_EDGE_ROW_42_Right_42,VPWR,li1,179.6300,127.8400,1.799992
PHY_EDGE_ROW_41_Right_41,VPWR,li1,179.6300,122.4000,1.799993
PHY_EDGE_ROW_40_Right_40,VPWR,li1,179.6300,122.4000,1.799993
PHY_EDGE_ROW_39_Right_39,VPWR,li1,179.6300,116.9600,1.799993
PHY_EDGE_ROW_38_Right_38,VPWR,li1,179.6300,116.9600,1.799993
PHY_EDGE_ROW_37_Right_37,VPWR,li1,179.6300,111.5200,1.799998
PHY_EDGE_ROW_36_Right_36,VPWR,li1,179.6300,111.5200,1.799998
PHY_EDGE_ROW_35_Right_35,VPWR,li1,179.6300,106.0800,1.799995
PHY_EDGE_ROW_34_Right_34,VPWR,li1,179.6300,106.0800,1.799995
PHY_EDGE_ROW_33_Right_33,VPWR,li1,179.6300,100.6400,1.799996
PHY_EDGE_ROW_32_Right_32,VPWR,li1,179.6300,100.6400,1.799996
PHY_EDGE_ROW_31_Right_31,VPWR,li1,179.6300,95.2000,1.799995
PHY_EDGE_ROW_30_Right_30,VPWR,li1,179.6300,95.2000,1.799995
PHY_EDGE_ROW_29_Right_29,VPWR,li1,179.6300,89.7600,1.799997
PHY_EDGE_ROW_28_Right_28,VPWR,li1,179.6300,89.7600,1.799997
PHY_EDGE_ROW_27_Right_27,VPWR,li1,179.6300,84.3200,1.799993
PHY_EDGE_ROW_26_Right_26,VPWR,li1,179.6300,84.3200,1.799993
PHY_EDGE_ROW_25_Right_25,VPWR,li1,179.6300,78.8800,1.799989
PHY_EDGE_ROW_24_Right_24,VPWR,li1,179.6300,78.8800,1.799989
PHY_EDGE_ROW_23_Right_23,VPWR,li1,179.6300,73.4400,1.799993
PHY_EDGE_ROW_22_Right_22,VPWR,li1,179.6300,73.4400,1.799993
PHY_EDGE_ROW_21_Right_21,VPWR,li1,179.6300,68.0000,1.799998
PHY_EDGE_ROW_20_Right_20,VPWR,li1,179.6300,68.0000,1.799998
PHY_EDGE_ROW_19_Right_19,VPWR,li1,179.6300,62.5600,1.799999
PHY_EDGE_ROW_18_Right_18,VPWR,li1,179.6300,62.5600,1.799999
PHY_EDGE_ROW_17_Right_17,VPWR,li1,179.6300,57.1200,1.799997
PHY_EDGE_ROW_16_Right_16,VPWR,li1,179.6300,57.1200,1.799997
PHY_EDGE_ROW_15_Right_15,VPWR,li1,179.6300,51.6800,1.799997
PHY_EDGE_ROW_14_Right_14,VPWR,li1,179.6300,51.6800,1.799997
PHY_EDGE_ROW_13_Right_13,VPWR,li1,179.6300,46.2400,1.799998
PHY_EDGE_ROW_12_Right_12,VPWR,li1,179.6300,46.2400,1.799998
PHY_EDGE_ROW_11_Right_11,VPWR,li1,179.6300,40.8000,1.799993
PHY_EDGE_ROW_10_Right_10,VPWR,li1,179.6300,40.8000,1.799993
PHY_EDGE_ROW_9_Right_9,VPWR,li1,179.6300,35.3600,1.799996
PHY_EDGE_ROW_8_Right_8,VPWR,li1,179.6300,35.3600,1.799996
PHY_EDGE_ROW_7_Right_7,VPWR,li1,179.6300,29.9200,1.799996
PHY_EDGE_ROW_6_Right_6,VPWR,li1,179.6300,29.9200,1.799996
PHY_EDGE_ROW_5_Right_5,VPWR,li1,179.6300,24.4800,1.799997
PHY_EDGE_ROW_4_Right_4,VPWR,li1,179.6300,24.4800,1.799997
PHY_EDGE_ROW_3_Right_3,VPWR,li1,179.6300,19.0400,1.799999
PHY_EDGE_ROW_2_Right_2,VPWR,li1,179.6300,19.0400,1.799999
PHY_EDGE_ROW_1_Right_1,VPWR,li1,179.6300,13.6000,1.800000
PHY_EDGE_ROW_0_Right_0,VPWR,li1,179.6300,13.6000,1.800000
_1783_,VPWR,li1,167.6700,40.8000,1.799987
_1782_,VPWR,li1,82.5700,19.0400,1.799995
_1781_,VPWR,li1,66.9300,13.6000,1.800000
_1780_,VPWR,li1,43.4700,182.2400,1.799995
_1776_,VPWR,li1,31.7400,155.0400,1.799994
_1775_,VPWR,li1,37.9500,149.6000,1.799986
_1774_,VPWR,li1,49.2200,171.3600,1.799971
_1773_,VPWR,li1,49.2200,155.0400,1.799990
_1772_,VPWR,li1,43.0100,171.3600,1.799975
_1771_,VPWR,li1,52.4400,127.8400,1.799965
_1770_,VPWR,li1,46.9200,19.0400,1.799995
_1769_,VPWR,li1,49.2200,24.4800,1.799989
_1768_,VPWR,li1,49.2200,35.3600,1.799985
_1767_,VPWR,li1,36.3400,35.3600,1.799989
_1766_,VPWR,li1,37.0300,19.0400,1.799996
_1765_,VPWR,li1,25.9900,24.4800,1.799995
_1764_,VPWR,li1,24.1500,29.9200,1.799993
_1763_,VPWR,li1,23.6900,35.3600,1.799994
_1762_,VPWR,li1,44.1600,62.5600,1.799995
_1761_,VPWR,li1,30.5900,68.0000,1.799996
_1760_,VPWR,li1,12.1900,57.1200,1.799992
_1759_,VPWR,li1,12.1900,46.2400,1.799997
_1758_,VPWR,li1,21.6200,40.8000,1.799994
_1757_,VPWR,li1,11.5000,51.6800,1.799997
_1756_,VPWR,li1,20.4700,62.5600,1.799998
_1755_,VPWR,li1,11.7300,68.0000,1.799997
_1754_,VPWR,li1,58.1900,182.2400,1.799993
_1753_,VPWR,li1,22.0800,133.2800,1.799994
_1752_,VPWR,li1,17.4800,144.1600,1.799989
_1751_,VPWR,li1,12.8800,144.1600,1.799988
_1750_,VPWR,li1,12.8800,133.2800,1.799994
_1749_,VPWR,li1,36.8000,138.7200,1.799988
_1748_,VPWR,li1,26.6800,144.1600,1.799984
_1747_,VPWR,li1,30.3600,138.7200,1.799991
_1746_,VPWR,li1,23.0000,149.6000,1.799993
_1745_,VPWR,li1,12.8800,155.0400,1.799996
_1744_,VPWR,li1,11.5000,160.4800,1.799995
_1743_,VPWR,li1,11.5000,171.3600,1.799987
_1742_,VPWR,li1,19.7800,171.3600,1.799988
_1741_,VPWR,li1,29.4400,165.9200,1.799992
_1740_,VPWR,li1,32.6600,171.3600,1.799982
_1739_,VPWR,li1,38.1800,182.2400,1.799995
_1738_,VPWR,li1,69.9200,29.9200,1.799985
_1737_,VPWR,li1,72.6800,40.8000,1.799966
_1736_,VPWR,li1,60.7200,73.4400,1.799965
_1735_,VPWR,li1,68.5400,51.6800,1.799992
_1734_,VPWR,li1,65.3200,57.1200,1.799988
_1733_,VPWR,li1,59.8000,68.0000,1.799990
_1732_,VPWR,li1,112.2400,182.2400,1.799992
_1731_,VPWR,li1,125.5800,144.1600,1.799979
_1730_,VPWR,li1,97.9800,176.8000,1.799968
_1729_,VPWR,li1,120.9800,171.3600,1.799977
_1728_,VPWR,li1,130.1800,133.2800,1.799981
_1727_,VPWR,li1,77.2800,176.8000,1.799970
_1726_,VPWR,li1,75.4400,144.1600,1.799972
_1725_,VPWR,li1,129.2600,171.3600,1.799979
_1724_,VPWR,li1,62.1000,165.9200,1.799978
_1723_,VPWR,li1,51.9800,133.2800,1.799980
_1722_,VPWR,li1,70.3800,176.8000,1.799972
_1721_,VPWR,li1,66.2400,176.8000,1.799974
_1720_,VPWR,li1,66.2400,144.1600,1.799972
_1719_,VPWR,li1,66.2400,165.9200,1.799977
_1718_,VPWR,li1,61.1800,138.7200,1.799980
_1717_,VPWR,li1,64.4000,149.6000,1.799972
_1716_,VPWR,li1,53.8200,111.5200,1.799994
_1715_,VPWR,li1,61.8700,106.0800,1.799988
_1714_,VPWR,li1,65.0900,100.6400,1.799978
_1713_,VPWR,li1,79.5800,95.2000,1.799976
_1712_,VPWR,li1,70.3800,89.7600,1.799976
_1711_,VPWR,li1,53.8200,116.9600,1.799980
_1710_,VPWR,li1,82.1100,127.8400,1.799955
_1709_,VPWR,li1,71.7600,122.4000,1.799962
_1708_,VPWR,li1,65.3200,127.8400,1.799960
_1707_,VPWR,li1,56.1200,127.8400,1.799963
_1706_,VPWR,li1,105.3400,171.3600,1.799972
_1705_,VPWR,li1,103.5000,138.7200,1.799975
_1704_,VPWR,li1,104.8800,182.2400,1.799991
_1703_,VPWR,li1,104.8800,160.4800,1.799975
_1702_,VPWR,li1,65.7800,138.7200,1.799979
_1701_,VPWR,li1,71.7600,165.9200,1.799976
_1700_,VPWR,li1,74.5200,138.7200,1.799978
_1699_,VPWR,li1,74.0600,155.0400,1.799986
_1698_,VPWR,li1,138.4600,116.9600,1.799971
_1697_,VPWR,li1,115.4600,127.8400,1.799953
_1696_,VPWR,li1,107.6400,89.7600,1.799978
_1695_,VPWR,li1,117.3000,95.2000,1.799973
_1694_,VPWR,li1,161.4600,127.8400,1.799980
_1693_,VPWR,li1,163.3000,116.9600,1.799985
_1692_,VPWR,li1,164.2200,106.0800,1.799989
_1691_,VPWR,li1,89.2400,89.7600,1.799976
_1690_,VPWR,li1,142.6000,127.8400,1.799969
_1689_,VPWR,li1,123.7400,122.4000,1.799964
_1688_,VPWR,li1,108.5600,84.3200,1.799964
_1687_,VPWR,li1,117.7600,116.9600,1.799963
_1686_,VPWR,li1,140.7600,84.3200,1.799970
_1685_,VPWR,li1,141.2200,78.8800,1.799958
_1684_,VPWR,li1,138.4600,95.2000,1.799978
_1683_,VPWR,li1,104.8800,73.4400,1.799949
_1682_,VPWR,li1,113.1600,176.8000,1.799969
_1681_,VPWR,li1,112.7000,133.2800,1.799977
_1680_,VPWR,li1,90.6200,176.8000,1.799969
_1679_,VPWR,li1,112.7000,116.9600,1.799964
_1678_,VPWR,li1,103.0400,149.6000,1.799956
_1677_,VPWR,li1,86.9400,165.9200,1.799973
_1676_,VPWR,li1,89.2400,138.7200,1.799976
_1675_,VPWR,li1,93.8400,160.4800,1.799974
_1674_,VPWR,li1,151.3400,165.9200,1.799980
_1673_,VPWR,li1,125.5800,100.6400,1.799978
_1672_,VPWR,li1,105.3400,100.6400,1.799974
_1671_,VPWR,li1,125.5800,165.9200,1.799971
_1670_,VPWR,li1,99.8200,149.6000,1.799958
_1669_,VPWR,li1,150.4200,100.6400,1.799986
_1668_,VPWR,li1,151.3400,111.5200,1.799994
_1667_,VPWR,li1,83.2600,160.4800,1.799973
_1666_,VPWR,li1,152.7200,155.0400,1.799991
_1665_,VPWR,li1,129.7200,106.0800,1.799980
_1664_,VPWR,li1,95.2200,95.2000,1.799973
_1663_,VPWR,li1,99.8200,133.2800,1.799976
_1662_,VPWR,li1,164.2200,144.1600,1.799992
_1661_,VPWR,li1,164.2200,100.6400,1.799991
_1660_,VPWR,li1,162.3800,138.7200,1.799986
_1659_,VPWR,li1,86.9400,155.0400,1.799985
_1658_,VPWR,li1,151.3400,171.3600,1.799987
_1657_,VPWR,li1,129.7200,138.7200,1.799977
_1656_,VPWR,li1,87.8600,182.2400,1.799991
_1655_,VPWR,li1,120.5200,176.8000,1.799971
_1654_,VPWR,li1,152.2600,127.8400,1.799975
_1653_,VPWR,li1,79.1200,176.8000,1.799970
_1652_,VPWR,li1,145.8200,95.2000,1.799981
_1651_,VPWR,li1,130.6400,176.8000,1.799975
_1650_,VPWR,li1,133.4000,78.8800,1.799954
_1649_,VPWR,li1,120.0600,106.0800,1.799980
_1648_,VPWR,li1,99.8200,106.0800,1.799982
_1647_,VPWR,li1,125.5800,78.8800,1.799951
_1646_,VPWR,li1,156.4000,84.3200,1.799981
_1645_,VPWR,li1,156.4000,78.8800,1.799970
_1644_,VPWR,li1,159.1600,95.2000,1.799987
_1643_,VPWR,li1,99.8200,78.8800,1.799953
_1642_,VPWR,li1,129.2600,116.9600,1.799966
_1641_,VPWR,li1,121.4400,133.2800,1.799978
_1640_,VPWR,li1,101.6600,116.9600,1.799967
_1639_,VPWR,li1,123.7400,149.6000,1.799960
_1638_,VPWR,li1,138.0000,155.0400,1.799988
_1637_,VPWR,li1,145.8200,116.9600,1.799975
_1636_,VPWR,li1,141.6800,138.7200,1.799978
_1635_,VPWR,li1,133.8600,160.4800,1.799983
_1634_,VPWR,li1,127.8800,73.4400,1.799962
_1633_,VPWR,li1,127.8800,89.7600,1.799982
_1632_,VPWR,li1,99.8200,95.2000,1.799972
_1631_,VPWR,li1,115.9200,78.8800,1.799950
_1630_,VPWR,li1,148.5800,84.3200,1.799976
_1629_,VPWR,li1,151.3400,78.8800,1.799966
_1628_,VPWR,li1,151.3400,95.2000,1.799983
_1627_,VPWR,li1,90.6200,78.8800,1.799955
_1626_,VPWR,li1,142.6000,171.3600,1.799983
_1625_,VPWR,li1,117.7600,111.5200,1.799991
_1624_,VPWR,li1,96.6000,165.9200,1.799972
_1623_,VPWR,li1,103.0400,122.4000,1.799962
_1622_,VPWR,li1,151.3400,149.6000,1.799975
_1621_,VPWR,li1,151.3400,122.4000,1.799977
_1620_,VPWR,li1,152.7200,138.7200,1.799980
_1619_,VPWR,li1,137.5400,176.8000,1.799977
_1618_,VPWR,li1,143.5200,149.6000,1.799971
_1617_,VPWR,li1,108.5600,144.1600,1.799976
_1616_,VPWR,li1,99.3600,111.5200,1.799991
_1615_,VPWR,li1,110.8600,155.0400,1.799985
_1614_,VPWR,li1,159.1600,155.0400,1.799992
_1613_,VPWR,li1,160.0800,122.4000,1.799983
_1612_,VPWR,li1,164.2200,133.2800,1.799992
_1611_,VPWR,li1,87.8600,144.1600,1.799973
_1610_,VPWR,li1,115.0000,165.9200,1.799971
_1609_,VPWR,li1,132.9400,100.6400,1.799980
_1608_,VPWR,li1,112.7000,100.6400,1.799975
_1607_,VPWR,li1,113.6200,149.6000,1.799955
_1606_,VPWR,li1,130.6400,149.6000,1.799963
_1605_,VPWR,li1,79.1200,165.9200,1.799975
_1604_,VPWR,li1,78.6600,144.1600,1.799972
_1603_,VPWR,li1,77.2800,155.0400,1.799986
_1602_,VPWR,li1,138.4600,144.1600,1.799984
_1601_,VPWR,li1,135.2400,89.7600,1.799984
_1600_,VPWR,li1,99.8200,89.7600,1.799977
_1599_,VPWR,li1,116.8400,84.3200,1.799965
_1598_,VPWR,li1,96.1400,138.7200,1.799975
_1597_,VPWR,li1,136.1600,111.5200,1.799992
_1596_,VPWR,li1,86.9400,133.2800,1.799975
_1595_,VPWR,li1,86.9400,84.3200,1.799962
_1594_,VPWR,li1,86.7100,68.0000,1.799986
_1593_,VPWR,li1,81.8800,46.2400,1.799989
_1592_,VPWR,li1,74.2900,46.2400,1.799990
_1591_,VPWR,li1,70.8400,62.5600,1.799994
_1590_,VPWR,li1,64.8600,84.3200,1.799960
_1589_,VPWR,li1,84.1800,78.8800,1.799956
_1588_,VPWR,li1,103.9600,68.0000,1.799985
_1587_,VPWR,li1,74.9800,78.8800,1.799959
_1586_,VPWR,li1,100.7400,68.0000,1.799985
_1585_,VPWR,li1,65.7800,78.8800,1.799963
_1584_,VPWR,li1,91.0800,73.4400,1.799950
_1583_,VPWR,li1,74.9800,84.3200,1.799961
_1582_,VPWR,li1,74.9800,73.4400,1.799956
_1581_,VPWR,li1,155.2500,40.8000,1.799978
_1580_,VPWR,li1,50.8300,73.4400,1.799970
_1579_,VPWR,li1,40.2500,84.3200,1.799970
_1578_,VPWR,li1,37.0300,73.4400,1.799980
_1577_,VPWR,li1,44.8500,78.8800,1.799973
_1576_,VPWR,li1,57.5000,165.9200,1.799980
_1575_,VPWR,li1,49.2200,138.7200,1.799984
_1574_,VPWR,li1,62.1000,176.8000,1.799976
_1573_,VPWR,li1,50.1400,176.8000,1.799980
_1572_,VPWR,li1,42.3200,144.1600,1.799975
_1571_,VPWR,li1,61.6400,160.4800,1.799978
_1570_,VPWR,li1,51.5200,144.1600,1.799973
_1569_,VPWR,li1,57.5000,149.6000,1.799975
_1568_,VPWR,li1,143.5200,160.4800,1.799985
_1567_,VPWR,li1,115.9200,144.1600,1.799977
_1566_,VPWR,li1,112.7000,106.0800,1.799981
_1565_,VPWR,li1,126.0400,155.0400,1.799986
_1564_,VPWR,li1,133.8600,127.8400,1.799963
_1563_,VPWR,li1,141.6800,106.0800,1.799981
_1562_,VPWR,li1,141.6800,133.2800,1.799984
_1561_,VPWR,li1,99.8200,160.4800,1.799974
_1560_,VPWR,li1,157.3200,51.6800,1.799991
_1559_,VPWR,li1,155.9400,57.1200,1.799992
_1558_,VPWR,li1,152.2600,62.5600,1.799996
_1557_,VPWR,li1,141.2200,57.1200,1.799989
_1556_,VPWR,li1,147.6600,46.2400,1.799993
_1555_,VPWR,li1,137.5400,51.6800,1.799988
_1554_,VPWR,li1,129.2600,46.2400,1.799990
_1553_,VPWR,li1,137.5400,40.8000,1.799966
_1552_,VPWR,li1,128.8000,35.3600,1.799980
_1551_,VPWR,li1,130.1800,29.9200,1.799983
_1550_,VPWR,li1,132.9400,19.0400,1.799995
_1549_,VPWR,li1,140.3000,24.4800,1.799989
_1548_,VPWR,li1,144.9000,29.9200,1.799984
_1547_,VPWR,li1,159.1600,29.9200,1.799989
_1546_,VPWR,li1,158.2400,35.3600,1.799990
_1545_,VPWR,li1,152.4900,24.4800,1.799991
_1544_,VPWR,li1,20.7000,73.4400,1.799992
_1543_,VPWR,li1,127.4200,68.0000,1.799987
_1542_,VPWR,li1,113.6200,68.0000,1.799986
_1541_,VPWR,li1,122.8200,68.0000,1.799987
_1540_,VPWR,li1,111.3200,62.5600,1.799994
_1539_,VPWR,li1,126.9600,57.1200,1.799986
_1538_,VPWR,li1,126.0400,57.1200,1.799986
_1537_,VPWR,li1,114.0800,57.1200,1.799986
_1536_,VPWR,li1,122.8200,46.2400,1.799990
_1535_,VPWR,li1,113.6200,46.2400,1.799989
_1534_,VPWR,li1,100.7400,51.6800,1.799989
_1533_,VPWR,li1,101.6600,57.1200,1.799986
_1532_,VPWR,li1,91.0800,46.2400,1.799988
_1531_,VPWR,li1,95.6800,35.3600,1.799974
_1530_,VPWR,li1,108.5600,40.8000,1.799960
_1529_,VPWR,li1,119.6000,35.3600,1.799978
_1528_,VPWR,li1,122.8200,24.4800,1.799986
_1527_,VPWR,li1,113.6200,24.4800,1.799985
_1526_,VPWR,li1,102.1200,29.9200,1.799983
_1525_,VPWR,li1,107.1800,19.0400,1.799994
_1524_,VPWR,li1,92.9200,24.4800,1.799984
_1523_,VPWR,li1,78.2000,24.4800,1.799985
_1522_,VPWR,li1,74.9800,24.4800,1.799985
_1521_,VPWR,li1,85.1000,35.3600,1.799976
_1520_,VPWR,li1,77.9700,35.3600,1.799978
_1519_,VPWR,li1,11.5000,73.4400,1.799991
_1518_,VPWR,li1,11.5000,84.3200,1.799988
_1517_,VPWR,li1,65.3200,24.4800,1.799986
_1516_,VPWR,li1,23.4600,84.3200,1.799986
_1515_,VPWR,li1,11.5000,89.7600,1.799994
_1514_,VPWR,li1,11.5000,95.2000,1.799995
_1513_,VPWR,li1,11.5000,100.6400,1.799994
_1512_,VPWR,li1,26.6800,100.6400,1.799993
_1511_,VPWR,li1,12.4200,111.5200,1.799998
_1510_,VPWR,li1,11.7300,116.9600,1.799989
_1509_,VPWR,li1,13.1100,122.4000,1.799989
_1508_,VPWR,li1,24.8400,116.9600,1.799990
_1507_,VPWR,li1,21.1600,127.8400,1.799991
_1506_,VPWR,li1,34.7300,133.2800,1.799987
_1505_,VPWR,li1,36.3400,122.4000,1.799977
_1504_,VPWR,li1,43.0100,127.8400,1.799972
_1503_,VPWR,li1,49.4500,122.4000,1.799966
_1502_,VPWR,li1,45.0800,106.0800,1.799991
_1501_,VPWR,li1,50.3700,100.6400,1.799983
_1500_,VPWR,li1,36.8000,95.2000,1.799990
_1499_,VPWR,li1,55.6600,78.8800,1.799967
_1498_,VPWR,li1,52.4400,84.3200,1.799961
_1497_,VPWR,li1,58.4200,89.7600,1.799978
_1496_,VPWR,li1,56.1200,95.2000,1.799983
_1495_,VPWR,li1,72.2200,13.6000,1.800000
_1494_,VPWR,li1,162.6100,46.2400,1.799996
_1493_,VPWR,li1,34.9600,155.0400,1.799993
_1492_,VPWR,li1,34.2700,149.6000,1.799987
_1491_,VPWR,li1,36.5700,160.4800,1.799989
_1490_,VPWR,li1,34.5000,160.4800,1.799990
_1489_,VPWR,li1,45.7700,165.9200,1.799985
_1488_,VPWR,li1,44.1600,165.9200,1.799986
_1487_,VPWR,li1,43.2400,160.4800,1.799986
_1486_,VPWR,li1,46.6900,160.4800,1.799985
_1485_,VPWR,li1,41.4000,171.3600,1.799975
_1484_,VPWR,li1,41.8600,165.9200,1.799986
_1483_,VPWR,li1,38.8700,165.9200,1.799988
_1482_,VPWR,li1,40.0200,160.4800,1.799988
_1481_,VPWR,li1,40.7100,160.4800,1.799987
_1480_,VPWR,li1,39.7900,24.4800,1.799992
_1479_,VPWR,li1,43.2400,24.4800,1.799991
_1478_,VPWR,li1,38.8700,29.9200,1.799989
_1477_,VPWR,li1,38.4100,29.9200,1.799989
_1476_,VPWR,li1,43.4700,29.9200,1.799988
_1475_,VPWR,li1,41.6300,35.3600,1.799988
_1474_,VPWR,li1,37.7200,35.3600,1.799989
_1473_,VPWR,li1,35.6500,35.3600,1.799990
_1472_,VPWR,li1,39.3300,46.2400,1.799995
_1471_,VPWR,li1,45.7700,35.3600,1.799986
_1470_,VPWR,li1,39.7900,46.2400,1.799995
_1469_,VPWR,li1,32.6600,24.4800,1.799994
_1468_,VPWR,li1,28.7500,24.4800,1.799995
_1467_,VPWR,li1,25.7600,24.4800,1.799995
_1466_,VPWR,li1,28.7500,29.9200,1.799991
_1465_,VPWR,li1,26.6800,29.9200,1.799992
_1464_,VPWR,li1,31.9700,35.3600,1.799991
_1463_,VPWR,li1,23.2300,29.9200,1.799995
_1462_,VPWR,li1,24.8400,29.9200,1.799993
_1461_,VPWR,li1,29.6700,35.3600,1.799992
_1460_,VPWR,li1,26.9100,35.3600,1.799993
_1459_,VPWR,li1,38.6400,68.0000,1.799994
_1458_,VPWR,li1,37.0300,62.5600,1.799996
_1457_,VPWR,li1,35.6500,62.5600,1.799997
_1456_,VPWR,li1,37.9500,62.5600,1.799996
_1455_,VPWR,li1,41.8600,68.0000,1.799993
_1454_,VPWR,li1,27.6000,62.5600,1.799997
_1453_,VPWR,li1,30.5900,62.5600,1.799997
_1452_,VPWR,li1,32.8900,62.5600,1.799997
_1451_,VPWR,li1,27.8300,62.5600,1.799997
_1450_,VPWR,li1,20.7000,57.1200,1.799994
_1449_,VPWR,li1,24.1500,57.1200,1.799994
_1448_,VPWR,li1,21.3900,51.6800,1.799998
_1447_,VPWR,li1,16.7900,51.6800,1.799998
_1446_,VPWR,li1,13.3400,40.8000,1.799994
_1445_,VPWR,li1,16.1000,40.8000,1.799994
_1444_,VPWR,li1,16.1000,46.2400,1.799997
_1443_,VPWR,li1,20.7000,46.2400,1.799998
_1442_,VPWR,li1,20.4700,46.2400,1.799998
_1441_,VPWR,li1,23.6900,46.2400,1.799997
_1440_,VPWR,li1,17.9400,51.6800,1.799998
_1439_,VPWR,li1,23.9200,51.6800,1.799998
_1438_,VPWR,li1,18.1700,46.2400,1.799998
_1437_,VPWR,li1,21.1600,51.6800,1.799998
_1436_,VPWR,li1,20.7000,68.0000,1.799997
_1435_,VPWR,li1,17.7100,68.0000,1.799997
_1434_,VPWR,li1,14.0300,68.0000,1.799997
_1433_,VPWR,li1,24.6100,68.0000,1.799997
_1432_,VPWR,li1,32.4300,89.7600,1.799990
_1431_,VPWR,li1,27.8300,78.8800,1.799986
_1430_,VPWR,li1,52.6700,160.4800,1.799982
_1429_,VPWR,li1,52.6700,160.4800,1.799982
_1428_,VPWR,li1,51.0600,165.9200,1.799983
_1427_,VPWR,li1,49.4500,160.4800,1.799984
_1426_,VPWR,li1,54.0500,176.8000,1.799979
_1425_,VPWR,li1,39.3300,155.0400,1.799992
_1424_,VPWR,li1,52.2100,155.0400,1.799989
_1423_,VPWR,li1,42.5500,155.0400,1.799992
_1422_,VPWR,li1,49.9100,160.4800,1.799984
_1421_,VPWR,li1,23.6900,138.7200,1.799994
_1420_,VPWR,li1,17.2500,149.6000,1.799994
_1419_,VPWR,li1,23.6900,144.1600,1.799986
_1418_,VPWR,li1,16.7900,133.2800,1.799994
_1417_,VPWR,li1,42.0900,144.1600,1.799975
_1416_,VPWR,li1,28.7500,149.6000,1.799990
_1415_,VPWR,li1,25.5300,138.7200,1.799993
_1414_,VPWR,li1,23.4600,155.0400,1.799996
_1413_,VPWR,li1,21.3900,155.0400,1.799996
_1412_,VPWR,li1,20.0100,155.0400,1.799996
_1411_,VPWR,li1,17.7100,155.0400,1.799996
_1410_,VPWR,li1,17.0200,160.4800,1.799995
_1409_,VPWR,li1,19.7800,165.9200,1.799995
_1408_,VPWR,li1,16.7900,165.9200,1.799995
_1407_,VPWR,li1,12.4200,165.9200,1.799995
_1406_,VPWR,li1,17.0200,171.3600,1.799988
_1405_,VPWR,li1,27.3700,171.3600,1.799984
_1404_,VPWR,li1,25.3000,171.3600,1.799986
_1403_,VPWR,li1,25.5300,171.3600,1.799986
_1402_,VPWR,li1,27.6000,165.9200,1.799993
_1401_,VPWR,li1,30.1300,165.9200,1.799992
_1400_,VPWR,li1,32.6600,165.9200,1.799990
_1399_,VPWR,li1,36.3400,171.3600,1.799979
_1398_,VPWR,li1,30.3600,171.3600,1.799983
_1397_,VPWR,li1,24.1500,160.4800,1.799994
_1396_,VPWR,li1,28.7500,155.0400,1.799994
_1395_,VPWR,li1,25.9900,155.0400,1.799995
_1394_,VPWR,li1,28.0600,144.1600,1.799982
_1393_,VPWR,li1,20.2400,138.7200,1.799995
_1392_,VPWR,li1,20.2400,160.4800,1.799995
_1391_,VPWR,li1,24.8400,165.9200,1.799993
_1390_,VPWR,li1,37.7200,176.8000,1.799987
_1389_,VPWR,li1,67.1600,29.9200,1.799985
_1388_,VPWR,li1,71.7600,35.3600,1.799980
_1387_,VPWR,li1,67.1600,40.8000,1.799969
_1386_,VPWR,li1,62.5600,68.0000,1.799990
_1385_,VPWR,li1,61.4100,40.8000,1.799972
_1384_,VPWR,li1,62.5600,51.6800,1.799992
_1383_,VPWR,li1,67.3900,51.6800,1.799992
_1382_,VPWR,li1,60.7200,57.1200,1.799989
_1381_,VPWR,li1,66.0100,57.1200,1.799988
_1380_,VPWR,li1,58.4200,62.5600,1.799995
_1379_,VPWR,li1,68.7700,68.0000,1.799989
_1378_,VPWR,li1,113.3900,176.8000,1.799969
_1377_,VPWR,li1,124.4300,144.1600,1.799979
_1376_,VPWR,li1,99.1300,182.2400,1.799991
_1375_,VPWR,li1,123.9700,176.8000,1.799972
_1374_,VPWR,li1,130.4100,127.8400,1.799961
_1373_,VPWR,li1,83.0300,176.8000,1.799970
_1372_,VPWR,li1,72.9100,144.1600,1.799972
_1371_,VPWR,li1,129.9500,165.9200,1.799971
_1370_,VPWR,li1,85.3300,111.5200,1.799992
_1369_,VPWR,li1,63.7100,160.4800,1.799978
_1368_,VPWR,li1,110.6300,165.9200,1.799971
_1367_,VPWR,li1,115.6900,165.9200,1.799971
_1366_,VPWR,li1,136.6200,122.4000,1.799970
_1365_,VPWR,li1,132.7100,78.8800,1.799954
_1364_,VPWR,li1,115.2300,171.3600,1.799975
_1363_,VPWR,li1,144.2100,165.9200,1.799976
_1362_,VPWR,li1,144.4400,127.8400,1.799970
_1361_,VPWR,li1,141.4500,144.1600,1.799985
_1360_,VPWR,li1,160.5400,165.9200,1.799985
_1359_,VPWR,li1,147.4300,155.0400,1.799990
_1358_,VPWR,li1,59.5700,133.2800,1.799978
_1357_,VPWR,li1,108.7900,133.2800,1.799976
_1356_,VPWR,li1,130.8700,111.5200,1.799992
_1355_,VPWR,li1,136.6200,100.6400,1.799982
_1354_,VPWR,li1,132.7100,100.6400,1.799980
_1353_,VPWR,li1,127.6500,111.5200,1.799992
_1352_,VPWR,li1,123.9700,133.2800,1.799979
_1351_,VPWR,li1,124.4300,138.7200,1.799977
_1350_,VPWR,li1,117.3000,133.2800,1.799978
_1349_,VPWR,li1,118.4500,138.7200,1.799976
_1348_,VPWR,li1,124.2000,127.8400,1.799958
_1347_,VPWR,li1,72.4500,182.2400,1.799992
_1346_,VPWR,li1,104.6500,171.3600,1.799972
_1345_,VPWR,li1,107.4100,106.0800,1.799981
_1344_,VPWR,li1,118.2200,100.6400,1.799977
_1343_,VPWR,li1,105.3400,89.7600,1.799978
_1342_,VPWR,li1,100.5100,95.2000,1.799972
_1341_,VPWR,li1,105.8000,111.5200,1.799991
_1340_,VPWR,li1,106.9500,116.9600,1.799965
_1339_,VPWR,li1,97.5200,171.3600,1.799971
_1338_,VPWR,li1,101.4300,176.8000,1.799967
_1337_,VPWR,li1,110.8600,84.3200,1.799964
_1336_,VPWR,li1,69.6900,171.3600,1.799965
_1335_,VPWR,li1,110.6300,160.4800,1.799977
_1334_,VPWR,li1,123.5100,165.9200,1.799971
_1333_,VPWR,li1,126.2700,171.3600,1.799978
_1332_,VPWR,li1,111.5500,122.4000,1.799963
_1331_,VPWR,li1,118.4500,122.4000,1.799963
_1330_,VPWR,li1,122.8200,89.7600,1.799981
_1329_,VPWR,li1,119.8300,89.7600,1.799981
_1328_,VPWR,li1,123.7400,160.4800,1.799980
_1327_,VPWR,li1,119.3700,155.0400,1.799986
_1326_,VPWR,li1,115.0000,127.8400,1.799953
_1325_,VPWR,li1,63.7100,144.1600,1.799972
_1324_,VPWR,li1,66.7000,138.7200,1.799979
_1323_,VPWR,li1,102.8100,144.1600,1.799975
_1322_,VPWR,li1,152.9500,144.1600,1.799988
_1321_,VPWR,li1,152.2600,133.2800,1.799987
_1320_,VPWR,li1,139.1500,133.2800,1.799983
_1319_,VPWR,li1,156.8600,149.6000,1.799979
_1318_,VPWR,li1,132.7100,149.6000,1.799965
_1317_,VPWR,li1,153.1800,89.7600,1.799990
_1316_,VPWR,li1,105.5700,144.1600,1.799975
_1315_,VPWR,li1,143.5200,89.7600,1.799987
_1314_,VPWR,li1,69.2300,160.4800,1.799976
_1313_,VPWR,li1,73.8300,171.3600,1.799966
_1312_,VPWR,li1,155.2500,116.9600,1.799980
_1311_,VPWR,li1,158.4700,116.9600,1.799982
_1310_,VPWR,li1,152.9500,116.9600,1.799978
_1309_,VPWR,li1,150.8800,78.8800,1.799966
_1308_,VPWR,li1,158.2400,106.0800,1.799986
_1307_,VPWR,li1,141.9100,111.5200,1.799993
_1306_,VPWR,li1,85.1000,171.3600,1.799968
_1305_,VPWR,li1,87.6300,171.3600,1.799969
_1304_,VPWR,li1,143.5200,78.8800,1.799961
_1303_,VPWR,li1,59.1100,138.7200,1.799981
_1302_,VPWR,li1,79.8100,138.7200,1.799977
_1301_,VPWR,li1,153.4100,133.2800,1.799987
_1300_,VPWR,li1,152.2600,95.2000,1.799984
_1299_,VPWR,li1,143.5200,89.7600,1.799987
_1298_,VPWR,li1,156.6300,111.5200,1.799995
_1297_,VPWR,li1,158.2400,144.1600,1.799990
_1296_,VPWR,li1,145.5900,133.2800,1.799985
_1295_,VPWR,li1,83.7200,138.7200,1.799977
_1294_,VPWR,li1,84.4100,144.1600,1.799972
_1293_,VPWR,li1,145.5900,100.6400,1.799984
_1292_,VPWR,li1,66.0100,149.6000,1.799971
_1291_,VPWR,li1,80.2700,149.6000,1.799965
_1290_,VPWR,li1,93.1500,133.2800,1.799975
_1289_,VPWR,li1,99.3600,155.0400,1.799985
_1288_,VPWR,li1,97.5200,78.8800,1.799953
_1287_,VPWR,li1,99.1300,160.4800,1.799974
_1286_,VPWR,li1,95.9100,84.3200,1.799963
_1285_,VPWR,li1,136.6200,165.9200,1.799973
_1284_,VPWR,li1,140.5300,171.3600,1.799983
_1283_,VPWR,li1,90.6200,149.6000,1.799961
_1282_,VPWR,li1,88.5500,155.0400,1.799985
_1281_,VPWR,li1,83.9500,116.9600,1.799972
_1280_,VPWR,li1,85.3300,127.8400,1.799954
_1279_,VPWR,li1,90.8500,127.8400,1.799952
_1278_,VPWR,li1,85.7900,116.9600,1.799971
_1277_,VPWR,li1,93.1500,133.2800,1.799975
_1276_,VPWR,li1,83.0300,122.4000,1.799962
_1275_,VPWR,li1,90.8500,116.9600,1.799969
_1274_,VPWR,li1,91.7700,111.5200,1.799992
_1273_,VPWR,li1,97.2900,122.4000,1.799962
_1272_,VPWR,li1,102.1200,78.8800,1.799952
_1271_,VPWR,li1,91.7700,122.4000,1.799962
_1270_,VPWR,li1,93.6100,127.8400,1.799952
_1269_,VPWR,li1,97.7500,127.8400,1.799951
_1268_,VPWR,li1,94.9900,116.9600,1.799968
_1267_,VPWR,li1,88.7800,116.9600,1.799970
_1266_,VPWR,li1,89.0100,122.4000,1.799962
_1265_,VPWR,li1,92.6900,116.9600,1.799969
_1264_,VPWR,li1,61.8700,133.2800,1.799976
_1263_,VPWR,li1,60.0300,106.0800,1.799988
_1262_,VPWR,li1,59.8000,100.6400,1.799979
_1261_,VPWR,li1,68.0800,106.0800,1.799987
_1260_,VPWR,li1,66.0100,106.0800,1.799987
_1259_,VPWR,li1,63.7100,95.2000,1.799981
_1258_,VPWR,li1,77.5100,89.7600,1.799976
_1257_,VPWR,li1,73.6000,95.2000,1.799978
_1256_,VPWR,li1,67.3900,95.2000,1.799980
_1255_,VPWR,li1,60.0300,116.9600,1.799978
_1254_,VPWR,li1,75.2100,127.8400,1.799957
_1253_,VPWR,li1,61.8700,122.4000,1.799963
_1252_,VPWR,li1,77.0500,116.9600,1.799973
_1251_,VPWR,li1,70.6100,127.8400,1.799958
_1250_,VPWR,li1,74.5200,127.8400,1.799957
_1249_,VPWR,li1,72.4500,127.8400,1.799958
_1248_,VPWR,li1,61.4100,122.4000,1.799963
_1247_,VPWR,li1,60.0300,122.4000,1.799963
_1246_,VPWR,li1,59.1100,122.4000,1.799963
_1245_,VPWR,li1,60.4900,127.8400,1.799962
_1244_,VPWR,li1,62.7900,127.8400,1.799961
_1243_,VPWR,li1,106.0300,165.9200,1.799972
_1242_,VPWR,li1,104.6500,133.2800,1.799976
_1241_,VPWR,li1,105.5700,176.8000,1.799967
_1240_,VPWR,li1,106.4900,160.4800,1.799976
_1239_,VPWR,li1,71.0700,133.2800,1.799975
_1238_,VPWR,li1,75.6700,165.9200,1.799975
_1237_,VPWR,li1,75.6700,133.2800,1.799975
_1236_,VPWR,li1,72.4500,149.6000,1.799968
_1235_,VPWR,li1,91.7700,100.6400,1.799971
_1234_,VPWR,li1,135.4700,116.9600,1.799969
_1233_,VPWR,li1,114.7700,122.4000,1.799963
_1232_,VPWR,li1,111.0900,89.7600,1.799979
_1231_,VPWR,li1,118.9100,89.7600,1.799980
_1230_,VPWR,li1,162.6100,122.4000,1.799985
_1229_,VPWR,li1,162.6100,111.5200,1.799996
_1228_,VPWR,li1,158.0100,106.0800,1.799986
_1227_,VPWR,li1,90.8500,89.7600,1.799976
_1226_,VPWR,li1,87.1700,95.2000,1.799975
_1225_,VPWR,li1,142.8300,122.4000,1.799973
_1224_,VPWR,li1,131.3300,122.4000,1.799967
_1223_,VPWR,li1,111.0900,78.8800,1.799951
_1222_,VPWR,li1,119.3700,111.5200,1.799991
_1221_,VPWR,li1,143.7500,84.3200,1.799973
_1220_,VPWR,li1,141.9100,73.4400,1.799971
_1219_,VPWR,li1,139.6100,95.2000,1.799979
_1218_,VPWR,li1,105.5700,78.8800,1.799952
_1217_,VPWR,li1,87.6300,95.2000,1.799975
_1216_,VPWR,li1,113.8500,171.3600,1.799975
_1215_,VPWR,li1,113.3900,133.2800,1.799977
_1214_,VPWR,li1,91.7700,176.8000,1.799968
_1213_,VPWR,li1,111.5500,116.9600,1.799964
_1212_,VPWR,li1,103.7300,155.0400,1.799985
_1211_,VPWR,li1,88.0900,165.9200,1.799973
_1210_,VPWR,li1,89.9300,138.7200,1.799976
_1209_,VPWR,li1,98.2100,165.9200,1.799972
_1208_,VPWR,li1,87.6300,106.0800,1.799984
_1207_,VPWR,li1,151.1100,160.4800,1.799988
_1206_,VPWR,li1,123.5100,95.2000,1.799974
_1205_,VPWR,li1,111.0900,95.2000,1.799971
_1204_,VPWR,li1,123.9700,160.4800,1.799980
_1203_,VPWR,li1,97.2900,144.1600,1.799974
_1202_,VPWR,li1,151.1100,100.6400,1.799986
_1201_,VPWR,li1,150.6500,106.0800,1.799983
_1200_,VPWR,li1,89.0100,160.4800,1.799973
_1199_,VPWR,li1,82.5700,100.6400,1.799972
_1198_,VPWR,li1,78.2000,106.0800,1.799985
_1197_,VPWR,li1,152.0300,155.0400,1.799991
_1196_,VPWR,li1,130.4100,106.0800,1.799981
_1195_,VPWR,li1,96.3700,100.6400,1.799972
_1194_,VPWR,li1,98.6700,127.8400,1.799951
_1193_,VPWR,li1,158.0100,144.1600,1.799990
_1192_,VPWR,li1,158.0100,100.6400,1.799989
_1191_,VPWR,li1,162.6100,138.7200,1.799986
_1190_,VPWR,li1,92.6900,155.0400,1.799985
_1189_,VPWR,li1,91.7700,106.0800,1.799983
_1188_,VPWR,li1,150.6500,165.9200,1.799980
_1187_,VPWR,li1,129.9500,138.7200,1.799977
_1186_,VPWR,li1,89.0100,182.2400,1.799991
_1185_,VPWR,li1,123.9700,182.2400,1.799993
_1184_,VPWR,li1,152.0300,127.8400,1.799975
_1183_,VPWR,li1,82.1100,182.2400,1.799992
_1182_,VPWR,li1,142.8300,100.6400,1.799983
_1181_,VPWR,li1,131.7900,176.8000,1.799975
_1180_,VPWR,li1,82.5700,106.0800,1.799984
_1179_,VPWR,li1,136.8500,73.4400,1.799967
_1178_,VPWR,li1,123.9700,106.0800,1.799980
_1177_,VPWR,li1,100.9700,106.0800,1.799982
_1176_,VPWR,li1,123.9700,84.3200,1.799967
_1175_,VPWR,li1,157.5500,84.3200,1.799981
_1174_,VPWR,li1,157.0900,78.8800,1.799970
_1173_,VPWR,li1,164.9100,95.2000,1.799989
_1172_,VPWR,li1,94.9900,73.4400,1.799950
_1171_,VPWR,li1,88.5500,106.0800,1.799984
_1170_,VPWR,li1,129.4900,116.9600,1.799966
_1169_,VPWR,li1,123.9700,138.7200,1.799977
_1168_,VPWR,li1,102.8100,116.9600,1.799966
_1167_,VPWR,li1,123.9700,149.6000,1.799960
_1166_,VPWR,li1,139.1500,149.6000,1.799969
_1165_,VPWR,li1,143.2900,116.9600,1.799973
_1164_,VPWR,li1,142.3700,138.7200,1.799978
_1163_,VPWR,li1,136.8500,160.4800,1.799983
_1162_,VPWR,li1,88.5500,111.5200,1.799992
_1161_,VPWR,li1,73.8300,100.6400,1.799975
_1160_,VPWR,li1,129.0300,78.8800,1.799952
_1159_,VPWR,li1,128.5700,84.3200,1.799968
_1158_,VPWR,li1,98.2100,89.7600,1.799977
_1157_,VPWR,li1,117.0700,73.4400,1.799955
_1156_,VPWR,li1,149.7300,84.3200,1.799976
_1155_,VPWR,li1,148.8100,73.4400,1.799975
_1154_,VPWR,li1,151.1100,89.7600,1.799989
_1153_,VPWR,li1,91.7700,78.8800,1.799954
_1152_,VPWR,li1,87.1700,100.6400,1.799970
_1151_,VPWR,li1,143.2900,165.9200,1.799976
_1150_,VPWR,li1,123.9700,111.5200,1.799991
_1149_,VPWR,li1,98.2100,171.3600,1.799971
_1148_,VPWR,li1,104.1900,122.4000,1.799962
_1147_,VPWR,li1,152.0300,149.6000,1.799977
_1146_,VPWR,li1,151.5700,116.9600,1.799978
_1145_,VPWR,li1,152.9500,144.1600,1.799988
_1144_,VPWR,li1,136.8500,171.3600,1.799981
_1143_,VPWR,li1,84.4100,111.5200,1.799992
_1142_,VPWR,li1,88.0900,111.5200,1.799992
_1141_,VPWR,li1,144.2100,144.1600,1.799985
_1140_,VPWR,li1,111.0900,138.7200,1.799976
_1139_,VPWR,li1,100.5100,111.5200,1.799991
_1138_,VPWR,li1,112.0100,155.0400,1.799985
_1137_,VPWR,li1,162.6100,149.6000,1.799984
_1136_,VPWR,li1,162.6100,116.9600,1.799985
_1135_,VPWR,li1,161.6900,133.2800,1.799991
_1134_,VPWR,li1,89.0100,144.1600,1.799973
_1133_,VPWR,li1,80.2700,111.5200,1.799992
_1132_,VPWR,li1,77.2800,95.2000,1.799977
_1131_,VPWR,li1,115.6900,160.4800,1.799978
_1130_,VPWR,li1,130.4100,95.2000,1.799976
_1129_,VPWR,li1,112.0100,100.6400,1.799975
_1128_,VPWR,li1,116.6100,155.0400,1.799986
_1127_,VPWR,li1,131.3300,144.1600,1.799982
_1126_,VPWR,li1,81.6500,165.9200,1.799974
_1125_,VPWR,li1,80.2700,149.6000,1.799965
_1124_,VPWR,li1,79.8100,155.0400,1.799985
_1123_,VPWR,li1,79.3500,100.6400,1.799973
_1122_,VPWR,li1,135.4700,144.1600,1.799983
_1121_,VPWR,li1,131.7900,89.7600,1.799983
_1120_,VPWR,li1,100.5100,84.3200,1.799963
_1119_,VPWR,li1,117.9900,84.3200,1.799965
_1118_,VPWR,li1,101.8900,138.7200,1.799975
_1117_,VPWR,li1,136.8500,111.5200,1.799992
_1116_,VPWR,li1,84.4100,133.2800,1.799975
_1115_,VPWR,li1,83.4900,89.7600,1.799976
_1114_,VPWR,li1,93.1500,106.0800,1.799983
_1113_,VPWR,li1,74.9800,106.0800,1.799986
_1112_,VPWR,li1,76.5900,68.0000,1.799988
_1111_,VPWR,li1,85.3300,46.2400,1.799989
_1110_,VPWR,li1,78.2000,57.1200,1.799988
_1109_,VPWR,li1,77.5100,62.5600,1.799994
_1108_,VPWR,li1,77.9700,57.1200,1.799988
_1107_,VPWR,li1,80.2700,62.5600,1.799994
_1106_,VPWR,li1,79.8100,68.0000,1.799987
_1105_,VPWR,li1,84.6400,84.3200,1.799962
_1104_,VPWR,li1,99.1300,73.4400,1.799949
_1103_,VPWR,li1,92.0000,57.1200,1.799987
_1102_,VPWR,li1,75.2100,73.4400,1.799956
_1101_,VPWR,li1,74.5200,57.1200,1.799988
_1100_,VPWR,li1,96.8300,62.5600,1.799994
_1099_,VPWR,li1,90.3900,51.6800,1.799990
_1098_,VPWR,li1,88.0900,51.6800,1.799990
_1097_,VPWR,li1,85.5600,51.6800,1.799990
_1096_,VPWR,li1,66.9300,78.8800,1.799962
_1095_,VPWR,li1,66.9300,68.0000,1.799989
_1094_,VPWR,li1,88.5500,68.0000,1.799986
_1093_,VPWR,li1,85.3300,51.6800,1.799990
_1092_,VPWR,li1,93.1500,51.6800,1.799990
_1091_,VPWR,li1,89.0100,57.1200,1.799987
_1090_,VPWR,li1,72.9100,78.8800,1.799959
_1089_,VPWR,li1,73.6000,57.1200,1.799988
_1088_,VPWR,li1,78.2000,62.5600,1.799994
_1087_,VPWR,li1,81.6500,73.4400,1.799954
_1086_,VPWR,li1,70.6100,68.0000,1.799989
_1085_,VPWR,li1,71.7600,68.0000,1.799989
_1084_,VPWR,li1,84.8700,57.1200,1.799987
_1083_,VPWR,li1,90.8500,57.1200,1.799987
_1082_,VPWR,li1,80.2700,57.1200,1.799987
_1081_,VPWR,li1,155.2500,40.8000,1.799978
_1080_,VPWR,li1,54.9700,165.9200,1.799981
_1079_,VPWR,li1,48.5300,138.7200,1.799984
_1078_,VPWR,li1,65.0900,182.2400,1.799993
_1077_,VPWR,li1,51.2900,182.2400,1.799994
_1076_,VPWR,li1,48.9900,144.1600,1.799974
_1075_,VPWR,li1,62.3300,155.0400,1.799988
_1074_,VPWR,li1,54.9700,144.1600,1.799973
_1073_,VPWR,li1,60.0300,155.0400,1.799988
_1072_,VPWR,li1,143.7500,155.0400,1.799989
_1071_,VPWR,li1,114.7700,144.1600,1.799977
_1070_,VPWR,li1,109.7100,111.5200,1.799991
_1069_,VPWR,li1,125.3500,155.0400,1.799986
_1068_,VPWR,li1,136.8500,127.8400,1.799965
_1067_,VPWR,li1,142.3700,106.0800,1.799982
_1066_,VPWR,li1,146.5100,138.7200,1.799979
_1065_,VPWR,li1,98.6700,155.0400,1.799985
_1064_,VPWR,li1,92.6900,111.5200,1.799992
_1063_,VPWR,li1,75.4400,100.6400,1.799974
_1062_,VPWR,li1,70.8400,100.6400,1.799976
_1061_,VPWR,li1,64.1700,111.5200,1.799993
_1060_,VPWR,li1,121.6700,62.5600,1.799994
_1059_,VPWR,li1,111.5500,68.0000,1.799986
_1058_,VPWR,li1,113.8500,68.0000,1.799986
_1057_,VPWR,li1,110.6300,62.5600,1.799994
_1056_,VPWR,li1,127.6500,62.5600,1.799995
_1055_,VPWR,li1,120.2900,62.5600,1.799994
_1054_,VPWR,li1,112.9300,57.1200,1.799986
_1053_,VPWR,li1,115.6900,51.6800,1.799989
_1052_,VPWR,li1,112.2400,46.2400,1.799989
_1051_,VPWR,li1,110.1700,51.6800,1.799989
_1050_,VPWR,li1,112.4700,51.6800,1.799989
_1049_,VPWR,li1,106.0300,51.6800,1.799989
_1048_,VPWR,li1,104.8800,46.2400,1.799989
_1047_,VPWR,li1,101.2000,51.6800,1.799989
_1046_,VPWR,li1,108.1000,51.6800,1.799989
_1045_,VPWR,li1,106.4900,51.6800,1.799989
_1044_,VPWR,li1,101.2000,57.1200,1.799986
_1043_,VPWR,li1,108.7900,57.1200,1.799986
_1042_,VPWR,li1,104.1900,51.6800,1.799989
_1041_,VPWR,li1,97.9800,40.8000,1.799962
_1040_,VPWR,li1,101.8900,46.2400,1.799989
_1039_,VPWR,li1,101.4300,40.8000,1.799961
_1038_,VPWR,li1,97.7500,40.8000,1.799962
_1037_,VPWR,li1,97.9800,35.3600,1.799974
_1036_,VPWR,li1,103.2700,40.8000,1.799961
_1035_,VPWR,li1,94.5300,40.8000,1.799962
_1034_,VPWR,li1,104.8800,35.3600,1.799975
_1033_,VPWR,li1,110.8600,35.3600,1.799976
_1032_,VPWR,li1,113.8500,40.8000,1.799960
_1031_,VPWR,li1,110.1700,40.8000,1.799960
_1030_,VPWR,li1,118.2200,40.8000,1.799960
_1029_,VPWR,li1,125.5800,29.9200,1.799983
_1028_,VPWR,li1,118.9100,35.3600,1.799978
_1027_,VPWR,li1,119.1400,29.9200,1.799983
_1026_,VPWR,li1,127.1900,29.9200,1.799983
_1025_,VPWR,li1,119.3700,29.9200,1.799983
_1024_,VPWR,li1,123.2800,29.9200,1.799983
_1023_,VPWR,li1,111.7800,24.4800,1.799985
_1022_,VPWR,li1,112.9300,29.9200,1.799983
_1021_,VPWR,li1,107.8700,24.4800,1.799985
_1020_,VPWR,li1,101.2000,24.4800,1.799985
_1019_,VPWR,li1,102.3500,29.9200,1.799983
_1018_,VPWR,li1,107.4100,24.4800,1.799985
_1017_,VPWR,li1,104.6500,24.4800,1.799985
_1016_,VPWR,li1,103.2700,24.4800,1.799985
_1015_,VPWR,li1,98.2100,19.0400,1.799994
_1014_,VPWR,li1,93.3800,24.4800,1.799984
_1013_,VPWR,li1,94.5300,29.9200,1.799984
_1012_,VPWR,li1,98.2100,24.4800,1.799984
_1011_,VPWR,li1,85.1000,24.4800,1.799984
_1010_,VPWR,li1,87.6300,24.4800,1.799984
_1009_,VPWR,li1,85.7900,24.4800,1.799984
_1008_,VPWR,li1,84.8700,29.9200,1.799984
_1007_,VPWR,li1,80.5000,29.9200,1.799984
_1006_,VPWR,li1,80.5000,19.0400,1.799995
_1005_,VPWR,li1,87.8600,29.9200,1.799984
_1004_,VPWR,li1,85.1000,35.3600,1.799976
_1003_,VPWR,li1,88.0900,35.3600,1.799976
_1002_,VPWR,li1,89.9300,35.3600,1.799975
_1001_,VPWR,li1,80.2700,40.8000,1.799965
_1000_,VPWR,li1,122.8200,51.6800,1.799989
_0999_,VPWR,li1,120.0600,57.1200,1.799986
_0998_,VPWR,li1,120.0600,68.0000,1.799986
_0997_,VPWR,li1,117.7600,46.2400,1.799989
_0996_,VPWR,li1,105.8000,46.2400,1.799989
_0995_,VPWR,li1,115.4600,35.3600,1.799977
_0994_,VPWR,li1,111.7800,29.9200,1.799983
_0993_,VPWR,li1,80.7300,51.6800,1.799990
_0992_,VPWR,li1,81.1900,57.1200,1.799987
_0991_,VPWR,li1,78.4300,51.6800,1.799991
_0990_,VPWR,li1,18.1700,78.8800,1.799989
_0989_,VPWR,li1,63.4800,29.9200,1.799986
_0988_,VPWR,li1,60.2600,29.9200,1.799986
_0987_,VPWR,li1,62.1000,24.4800,1.799987
_0986_,VPWR,li1,54.9700,24.4800,1.799988
_0985_,VPWR,li1,48.9900,29.9200,1.799988
_0984_,VPWR,li1,62.1000,40.8000,1.799972
_0983_,VPWR,li1,60.2600,51.6800,1.799993
_0982_,VPWR,li1,58.4200,57.1200,1.799989
_0981_,VPWR,li1,56.3500,57.1200,1.799990
_0980_,VPWR,li1,54.0500,62.5600,1.799995
_0979_,VPWR,li1,58.6500,46.2400,1.799992
_0978_,VPWR,li1,59.3400,40.8000,1.799973
_0977_,VPWR,li1,63.7100,40.8000,1.799971
_0976_,VPWR,li1,60.7200,46.2400,1.799992
_0975_,VPWR,li1,65.0900,40.8000,1.799971
_0974_,VPWR,li1,59.3400,40.8000,1.799973
_0973_,VPWR,li1,54.7400,40.8000,1.799976
_0972_,VPWR,li1,55.6600,46.2400,1.799993
_0971_,VPWR,li1,53.1300,35.3600,1.799984
_0970_,VPWR,li1,55.4300,40.8000,1.799976
_0969_,VPWR,li1,51.7500,40.8000,1.799978
_0968_,VPWR,li1,54.5100,35.3600,1.799984
_0967_,VPWR,li1,50.3700,29.9200,1.799988
_0966_,VPWR,li1,52.6700,40.8000,1.799977
_0965_,VPWR,li1,50.3700,40.8000,1.799978
_0964_,VPWR,li1,56.8100,40.8000,1.799974
_0963_,VPWR,li1,46.4600,40.8000,1.799980
_0962_,VPWR,li1,41.6300,40.8000,1.799983
_0961_,VPWR,li1,51.5200,51.6800,1.799994
_0960_,VPWR,li1,53.3600,51.6800,1.799993
_0959_,VPWR,li1,53.8200,57.1200,1.799990
_0958_,VPWR,li1,53.5900,51.6800,1.799993
_0957_,VPWR,li1,48.5300,62.5600,1.799995
_0956_,VPWR,li1,51.2900,62.5600,1.799995
_0955_,VPWR,li1,45.3100,57.1200,1.799991
_0954_,VPWR,li1,48.5300,51.6800,1.799994
_0953_,VPWR,li1,46.2300,51.6800,1.799994
_0952_,VPWR,li1,46.2300,51.6800,1.799994
_0951_,VPWR,li1,51.7500,57.1200,1.799990
_0950_,VPWR,li1,40.0200,51.6800,1.799995
_0949_,VPWR,li1,37.9500,51.6800,1.799996
_0948_,VPWR,li1,29.4400,51.6800,1.799997
_0947_,VPWR,li1,25.9900,51.6800,1.799997
_0946_,VPWR,li1,29.2100,57.1200,1.799993
_0945_,VPWR,li1,25.7600,57.1200,1.799994
_0944_,VPWR,li1,41.6300,46.2400,1.799994
_0943_,VPWR,li1,37.4900,51.6800,1.799996
_0942_,VPWR,li1,37.9500,57.1200,1.799992
_0941_,VPWR,li1,41.6300,51.6800,1.799995
_0940_,VPWR,li1,37.0300,57.1200,1.799992
_0939_,VPWR,li1,47.6100,57.1200,1.799991
_0938_,VPWR,li1,31.9700,46.2400,1.799996
_0937_,VPWR,li1,34.7300,46.2400,1.799996
_0936_,VPWR,li1,28.7500,46.2400,1.799997
_0935_,VPWR,li1,35.1900,51.6800,1.799996
_0934_,VPWR,li1,29.6700,40.8000,1.799990
_0933_,VPWR,li1,60.0300,29.9200,1.799986
_0932_,VPWR,li1,55.8900,29.9200,1.799987
_0931_,VPWR,li1,58.1900,29.9200,1.799986
_0930_,VPWR,li1,52.2100,29.9200,1.799987
_0929_,VPWR,li1,58.1900,24.4800,1.799988
_0928_,VPWR,li1,54.0500,29.9200,1.799987
_0927_,VPWR,li1,28.0600,84.3200,1.799982
_0926_,VPWR,li1,21.1600,84.3200,1.799989
_0925_,VPWR,li1,30.1300,84.3200,1.799980
_0924_,VPWR,li1,20.7000,89.7600,1.799995
_0923_,VPWR,li1,23.2300,89.7600,1.799994
_0922_,VPWR,li1,17.2500,89.7600,1.799995
_0921_,VPWR,li1,17.7100,95.2000,1.799995
_0920_,VPWR,li1,16.7900,89.7600,1.799995
_0919_,VPWR,li1,20.9300,95.2000,1.799995
_0918_,VPWR,li1,20.0100,95.2000,1.799995
_0917_,VPWR,li1,16.1000,95.2000,1.799995
_0916_,VPWR,li1,13.8000,100.6400,1.799994
_0915_,VPWR,li1,17.2500,100.6400,1.799995
_0914_,VPWR,li1,15.4100,106.0800,1.799997
_0913_,VPWR,li1,22.3100,100.6400,1.799995
_0912_,VPWR,li1,20.2400,100.6400,1.799995
_0911_,VPWR,li1,20.9300,106.0800,1.799997
_0910_,VPWR,li1,20.7000,111.5200,1.799998
_0909_,VPWR,li1,25.5300,111.5200,1.799998
_0908_,VPWR,li1,20.4700,111.5200,1.799998
_0907_,VPWR,li1,23.6900,111.5200,1.799998
_0906_,VPWR,li1,13.8000,111.5200,1.799998
_0905_,VPWR,li1,17.4800,116.9600,1.799991
_0904_,VPWR,li1,28.2900,111.5200,1.799997
_0903_,VPWR,li1,18.8600,116.9600,1.799991
_0902_,VPWR,li1,14.7200,122.4000,1.799990
_0901_,VPWR,li1,17.2500,122.4000,1.799990
_0900_,VPWR,li1,20.0100,122.4000,1.799990
_0899_,VPWR,li1,24.8400,122.4000,1.799988
_0898_,VPWR,li1,27.6000,122.4000,1.799985
_0897_,VPWR,li1,32.4300,116.9600,1.799988
_0896_,VPWR,li1,28.5200,116.9600,1.799989
_0895_,VPWR,li1,23.4600,127.8400,1.799988
_0894_,VPWR,li1,27.1400,127.8400,1.799986
_0893_,VPWR,li1,29.4400,127.8400,1.799983
_0892_,VPWR,li1,33.3500,127.8400,1.799980
_0891_,VPWR,li1,29.2100,127.8400,1.799983
_0890_,VPWR,li1,35.8800,116.9600,1.799986
_0889_,VPWR,li1,40.2500,116.9600,1.799985
_0888_,VPWR,li1,37.4900,122.4000,1.799977
_0887_,VPWR,li1,40.0200,116.9600,1.799985
_0886_,VPWR,li1,42.5500,127.8400,1.799972
_0885_,VPWR,li1,41.6300,133.2800,1.799984
_0884_,VPWR,li1,43.7000,116.9600,1.799984
_0883_,VPWR,li1,43.0100,122.4000,1.799972
_0882_,VPWR,li1,43.0100,122.4000,1.799972
_0881_,VPWR,li1,42.3200,111.5200,1.799996
_0880_,VPWR,li1,46.2300,111.5200,1.799995
_0879_,VPWR,li1,43.9300,111.5200,1.799995
_0878_,VPWR,li1,42.5500,106.0800,1.799992
_0877_,VPWR,li1,46.2300,100.6400,1.799984
_0876_,VPWR,li1,41.1700,100.6400,1.799987
_0875_,VPWR,li1,37.7200,100.6400,1.799988
_0874_,VPWR,li1,42.5500,95.2000,1.799988
_0873_,VPWR,li1,43.4700,100.6400,1.799986
_0872_,VPWR,li1,32.6600,84.3200,1.799978
_0871_,VPWR,li1,54.0500,73.4400,1.799969
_0870_,VPWR,li1,59.1100,78.8800,1.799965
_0869_,VPWR,li1,47.1500,95.2000,1.799986
_0868_,VPWR,li1,43.0100,78.8800,1.799974
_0867_,VPWR,li1,46.6900,84.3200,1.799966
_0866_,VPWR,li1,50.3700,84.3200,1.799962
_0865_,VPWR,li1,51.7500,89.7600,1.799981
_0864_,VPWR,li1,54.7400,89.7600,1.799980
_0863_,VPWR,li1,48.5300,89.7600,1.799983
_0862_,VPWR,li1,50.6000,95.2000,1.799985
_0861_,VPWR,li1,51.5200,95.2000,1.799984
_0860_,VPWR,li1,32.4300,89.7600,1.799990
_0859_,VPWR,li1,29.6700,89.7600,1.799992
_0858_,VPWR,li1,31.0500,84.3200,1.799980
_0857_,VPWR,li1,38.4100,78.8800,1.799978
_0856_,VPWR,li1,37.4900,73.4400,1.799980
_0855_,VPWR,li1,35.6500,78.8800,1.799980
_0854_,VPWR,li1,79.3500,68.0000,1.799987
_0853_,VPWR,li1,84.6400,62.5600,1.799994
_0852_,VPWR,li1,87.1700,62.5600,1.799994
_0851_,VPWR,li1,89.4700,62.5600,1.799994
_0850_,VPWR,li1,79.8100,51.6800,1.799991
_0849_,VPWR,li1,88.7800,57.1200,1.799987
_0848_,VPWR,li1,66.0100,111.5200,1.799993
_0847_,VPWR,li1,151.1100,51.6800,1.799989
_0846_,VPWR,li1,150.1900,57.1200,1.799990
_0845_,VPWR,li1,150.4200,57.1200,1.799991
_0844_,VPWR,li1,161.6900,51.6800,1.799992
_0843_,VPWR,li1,145.5900,62.5600,1.799996
_0842_,VPWR,li1,146.5100,57.1200,1.799990
_0841_,VPWR,li1,143.7500,57.1200,1.799989
_0840_,VPWR,li1,144.6700,51.6800,1.799988
_0839_,VPWR,li1,152.0300,46.2400,1.799994
_0838_,VPWR,li1,142.6000,46.2400,1.799992
_0837_,VPWR,li1,145.1300,40.8000,1.799971
_0836_,VPWR,li1,131.3300,51.6800,1.799988
_0835_,VPWR,li1,132.2500,46.2400,1.799991
_0834_,VPWR,li1,135.0100,46.2400,1.799991
_0833_,VPWR,li1,140.5300,46.2400,1.799992
_0832_,VPWR,li1,135.4700,40.8000,1.799965
_0831_,VPWR,li1,135.7000,35.3600,1.799983
_0830_,VPWR,li1,131.7900,40.8000,1.799962
_0829_,VPWR,li1,127.1900,35.3600,1.799980
_0828_,VPWR,li1,128.8000,24.4800,1.799987
_0827_,VPWR,li1,136.3900,29.9200,1.799984
_0826_,VPWR,li1,136.3900,24.4800,1.799988
_0825_,VPWR,li1,136.3900,19.0400,1.799995
_0824_,VPWR,li1,134.5500,24.4800,1.799988
_0823_,VPWR,li1,139.1500,24.4800,1.799989
_0822_,VPWR,li1,133.6300,24.4800,1.799988
_0821_,VPWR,li1,142.8300,29.9200,1.799984
_0820_,VPWR,li1,151.1100,29.9200,1.799985
_0819_,VPWR,li1,144.6700,35.3600,1.799985
_0818_,VPWR,li1,149.2700,24.4800,1.799991
_0817_,VPWR,li1,154.3300,29.9200,1.799986
_0816_,VPWR,li1,165.3700,29.9200,1.799991
_0815_,VPWR,li1,148.3500,40.8000,1.799973
_0814_,VPWR,li1,149.0400,35.3600,1.799986
_0813_,VPWR,li1,146.5100,35.3600,1.799986
_0812_,VPWR,li1,157.0900,29.9200,1.799988
_0811_,VPWR,li1,153.4100,29.9200,1.799986
_0810_,VPWR,li1,152.7200,51.6800,1.799989
_0809_,VPWR,li1,142.6000,40.8000,1.799970
_0808_,VPWR,li1,136.6200,29.9200,1.799984
_0807_,VPWR,li1,76.5900,19.0400,1.799995
_0806_,VPWR,li1,31.7400,73.4400,1.799984
_0805_,VPWR,li1,35.6500,78.8800,1.799980
_0804_,VPWR,li1,37.2600,84.3200,1.799973
_0803_,VPWR,li1,33.8100,84.3200,1.799978
_0802_,VPWR,li1,36.5700,89.7600,1.799988
_0801_,VPWR,li1,39.3300,89.7600,1.799987
_0800_,VPWR,li1,44.1600,89.7600,1.799985
_0799_,VPWR,li1,34.2700,111.5200,1.799996
_0798_,VPWR,li1,36.8000,106.0800,1.799993
_0797_,VPWR,li1,43.4700,73.4400,1.799975
_0796_,VPWR,li1,29.2100,73.4400,1.799986
_0795_,VPWR,li1,33.5800,106.0800,1.799994
_0794_,VPWR,li1,26.6800,95.2000,1.799994
_0793_,VPWR,li1,24.3800,95.2000,1.799994
_0792_,VPWR,li1,28.2900,111.5200,1.799997
_0791_,VPWR,li1,32.2000,111.5200,1.799997
_0790_,VPWR,li1,38.6400,111.5200,1.799996
_0789_,VPWR,li1,46.4600,106.0800,1.799991
_0788_,VPWR,li1,46.9200,89.7600,1.799984
_0787_,VPWR,li1,33.1200,51.6800,1.799996
_0786_,VPWR,li1,27.1400,51.6800,1.799997
_0785_,VPWR,li1,40.9400,29.9200,1.799988
_0784_,VPWR,li1,27.6000,57.1200,1.799993
_0783_,VPWR,li1,29.9000,51.6800,1.799997
_0782_,VPWR,li1,19.5500,68.0000,1.799997
_0781_,VPWR,li1,52.2100,29.9200,1.799987
_0780_,VPWR,li1,42.0900,40.8000,1.799983
_0779_,VPWR,li1,35.1900,133.2800,1.799987
_0778_,VPWR,li1,38.8700,160.4800,1.799988
_0777_,VPWR,li1,37.4900,155.0400,1.799992
_0776_,VPWR,li1,63.2500,116.9600,1.799978
_0775_,VPWR,li1,59.1100,111.5200,1.799994
_0774_,VPWR,li1,74.9800,116.9600,1.799974
_0773_,VPWR,li1,71.9900,111.5200,1.799993
_0772_,VPWR,li1,73.8300,111.5200,1.799993
_0771_,VPWR,li1,67.3900,111.5200,1.799993
_0770_,VPWR,li1,70.6100,111.5200,1.799993
_0769_,VPWR,li1,41.1700,78.8800,1.799976
_0768_,VPWR,li1,29.6700,84.3200,1.799982
_0767_,VPWR,li1,27.1400,95.2000,1.799994
_0766_,VPWR,li1,24.1500,95.2000,1.799994
_0765_,VPWR,li1,27.6000,106.0800,1.799996
_0764_,VPWR,li1,34.0400,106.0800,1.799994
_0763_,VPWR,li1,40.7100,111.5200,1.799996
_0762_,VPWR,li1,33.1200,111.5200,1.799997
_0761_,VPWR,li1,114.3100,46.2400,1.799989
_0760_,VPWR,li1,91.3100,62.5600,1.799994
_0759_,VPWR,li1,79.8100,62.5600,1.799994
_0758_,VPWR,li1,25.5300,78.8800,1.799988
_0757_,VPWR,li1,146.5100,24.4800,1.799990
_0756_,VPWR,li1,79.8100,116.9600,1.799973
_0755_,VPWR,li1,72.4500,122.4000,1.799962
_0754_,VPWR,li1,51.2900,165.9200,1.799983
_0753_,VPWR,li1,54.9700,171.3600,1.799968
_0752_,VPWR,li1,22.7700,155.0400,1.799996
_0751_,VPWR,li1,41.1700,155.0400,1.799992
_0750_,VPWR,li1,56.3500,68.0000,1.799991
_0749_,VPWR,li1,30.1300,116.9600,1.799989
_0748_,VPWR,li1,25.9900,89.7600,1.799993
