
===========================================================================
report_checks -path_delay min (Hold)
============================================================================
======================= nom_ff_n40C_1v95 Corner ===================================

Startpoint: _1519_ (rising edge-triggered flip-flop clocked by clk_10mhz)
Endpoint: _1544_ (rising edge-triggered flip-flop clocked by clk_10mhz)
Path Group: clk_10mhz
Path Type: min

Fanout         Cap        Slew       Delay        Time   Description
---------------------------------------------------------------------------------------------
                      0.150000    0.000000    0.000000   clock clk_10mhz (rise edge)
                                  0.000000    0.000000   clock network delay (ideal)
                      0.150000    0.000000    0.000000 ^ _1519_/CLK (sky130_fd_sc_hd__dfrtp_2)
     1    0.002087    0.024143    0.232084    0.232084 ^ _1519_/Q (sky130_fd_sc_hd__dfrtp_2)
                                                         u_srf_ctrl.echo_sync_0 (net)
                      0.024143    0.000000    0.232084 ^ _1544_/D (sky130_fd_sc_hd__dfrtp_2)
                                              0.232084   data arrival time

                      0.150000    0.000000    0.000000   clock clk_10mhz (rise edge)
                                  0.000000    0.000000   clock network delay (ideal)
                                  0.250000    0.250000   clock uncertainty
                                  0.000000    0.250000   clock reconvergence pessimism
                                              0.250000 ^ _1544_/CLK (sky130_fd_sc_hd__dfrtp_2)
                                 -0.016111    0.233889   library hold time
                                              0.233889   data required time
---------------------------------------------------------------------------------------------
                                              0.233889   data required time
                                             -0.232084   data arrival time
---------------------------------------------------------------------------------------------
                                             -0.001805   slack (VIOLATED)


Startpoint: _1517_ (rising edge-triggered flip-flop clocked by clk_10mhz)
Endpoint: _1495_ (rising edge-triggered flip-flop clocked by clk_10mhz)
Path Group: clk_10mhz
Path Type: min

Fanout         Cap        Slew       Delay        Time   Description
---------------------------------------------------------------------------------------------
                      0.150000    0.000000    0.000000   clock clk_10mhz (rise edge)
                                  0.000000    0.000000   clock network delay (ideal)
                      0.150000    0.000000    0.000000 ^ _1517_/CLK (sky130_fd_sc_hd__dfrtp_2)
     3    0.006372    0.038496    0.247076    0.247076 ^ _1517_/Q (sky130_fd_sc_hd__dfrtp_2)
                                                         u_pmu.user_detected (net)
                      0.038496    0.000000    0.247076 ^ _1495_/D (sky130_fd_sc_hd__dfrtp_2)
                                              0.247076   data arrival time

                      0.150000    0.000000    0.000000   clock clk_10mhz (rise edge)
                                  0.000000    0.000000   clock network delay (ideal)
                                  0.250000    0.250000   clock uncertainty
                                  0.000000    0.250000   clock reconvergence pessimism
                                              0.250000 ^ _1495_/CLK (sky130_fd_sc_hd__dfrtp_2)
                                 -0.017145    0.232855   library hold time
                                              0.232855   data required time
---------------------------------------------------------------------------------------------
                                              0.232855   data required time
                                             -0.247076   data arrival time
---------------------------------------------------------------------------------------------
                                              0.014221   slack (MET)


Startpoint: _1652_ (rising edge-triggered flip-flop clocked by clk_10mhz)
Endpoint: _1652_ (rising edge-triggered flip-flop clocked by clk_10mhz)
Path Group: clk_10mhz
Path Type: min

Fanout         Cap        Slew       Delay        Time   Description
---------------------------------------------------------------------------------------------
                      0.150000    0.000000    0.000000   clock clk_10mhz (rise edge)
                                  0.000000    0.000000   clock network delay (ideal)
                      0.150000    0.000000    0.000000 ^ _1652_/CLK (sky130_fd_sc_hd__dfxtp_2)
     2    0.003602    0.024930    0.217801    0.217801 ^ _1652_/Q (sky130_fd_sc_hd__dfxtp_2)
                                                         u_fifo.mem[5][1] (net)
                      0.024930    0.000000    0.217801 ^ _1182_/A0 (sky130_fd_sc_hd__mux2_1)
     1    0.001748    0.023470    0.064120    0.281921 ^ _1182_/X (sky130_fd_sc_hd__mux2_1)
                                                         _0155_ (net)
                      0.023470    0.000000    0.281921 ^ _1652_/D (sky130_fd_sc_hd__dfxtp_2)
                                              0.281921   data arrival time

                      0.150000    0.000000    0.000000   clock clk_10mhz (rise edge)
                                  0.000000    0.000000   clock network delay (ideal)
                                  0.250000    0.250000   clock uncertainty
                                  0.000000    0.250000   clock reconvergence pessimism
                                              0.250000 ^ _1652_/CLK (sky130_fd_sc_hd__dfxtp_2)
                                 -0.013937    0.236063   library hold time
                                              0.236063   data required time
---------------------------------------------------------------------------------------------
                                              0.236063   data required time
                                             -0.281921   data arrival time
---------------------------------------------------------------------------------------------
                                              0.045858   slack (MET)


Startpoint: _1700_ (rising edge-triggered flip-flop clocked by clk_10mhz)
Endpoint: _1700_ (rising edge-triggered flip-flop clocked by clk_10mhz)
Path Group: clk_10mhz
Path Type: min

Fanout         Cap        Slew       Delay        Time   Description
---------------------------------------------------------------------------------------------
                      0.150000    0.000000    0.000000   clock clk_10mhz (rise edge)
                                  0.000000    0.000000   clock network delay (ideal)
                      0.150000    0.000000    0.000000 ^ _1700_/CLK (sky130_fd_sc_hd__dfxtp_2)
     2    0.004146    0.026663    0.219539    0.219539 ^ _1700_/Q (sky130_fd_sc_hd__dfxtp_2)
                                                         u_fifo.mem[0][1] (net)
                      0.026663    0.000000    0.219539 ^ _1237_/A0 (sky130_fd_sc_hd__mux2_1)
     1    0.001748    0.023469    0.064606    0.284146 ^ _1237_/X (sky130_fd_sc_hd__mux2_1)
                                                         _0203_ (net)
                      0.023469    0.000000    0.284146 ^ _1700_/D (sky130_fd_sc_hd__dfxtp_2)
                                              0.284146   data arrival time

                      0.150000    0.000000    0.000000   clock clk_10mhz (rise edge)
                                  0.000000    0.000000   clock network delay (ideal)
                                  0.250000    0.250000   clock uncertainty
                                  0.000000    0.250000   clock reconvergence pessimism
                                              0.250000 ^ _1700_/CLK (sky130_fd_sc_hd__dfxtp_2)
                                 -0.013936    0.236064   library hold time
                                              0.236064   data required time
---------------------------------------------------------------------------------------------
                                              0.236064   data required time
                                             -0.284146   data arrival time
---------------------------------------------------------------------------------------------
                                              0.048082   slack (MET)


Startpoint: _1701_ (rising edge-triggered flip-flop clocked by clk_10mhz)
Endpoint: _1701_ (rising edge-triggered flip-flop clocked by clk_10mhz)
Path Group: clk_10mhz
Path Type: min

Fanout         Cap        Slew       Delay        Time   Description
---------------------------------------------------------------------------------------------
                      0.150000    0.000000    0.000000   clock clk_10mhz (rise edge)
                                  0.000000    0.000000   clock network delay (ideal)
                      0.150000    0.000000    0.000000 ^ _1701_/CLK (sky130_fd_sc_hd__dfxtp_2)
     2    0.004146    0.026663    0.219539    0.219539 ^ _1701_/Q (sky130_fd_sc_hd__dfxtp_2)
                                                         u_fifo.mem[0][2] (net)
                      0.026663    0.000000    0.219539 ^ _1238_/A0 (sky130_fd_sc_hd__mux2_1)
     1    0.001748    0.023469    0.064606    0.284146 ^ _1238_/X (sky130_fd_sc_hd__mux2_1)
                                                         _0204_ (net)
                      0.023469    0.000000    0.284146 ^ _1701_/D (sky130_fd_sc_hd__dfxtp_2)
                                              0.284146   data arrival time

                      0.150000    0.000000    0.000000   clock clk_10mhz (rise edge)
                                  0.000000    0.000000   clock network delay (ideal)
                                  0.250000    0.250000   clock uncertainty
                                  0.000000    0.250000   clock reconvergence pessimism
                                              0.250000 ^ _1701_/CLK (sky130_fd_sc_hd__dfxtp_2)
                                 -0.013936    0.236064   library hold time
                                              0.236064   data required time
---------------------------------------------------------------------------------------------
                                              0.236064   data required time
                                             -0.284146   data arrival time
---------------------------------------------------------------------------------------------
                                              0.048082   slack (MET)


Startpoint: _1703_ (rising edge-triggered flip-flop clocked by clk_10mhz)
Endpoint: _1703_ (rising edge-triggered flip-flop clocked by clk_10mhz)
Path Group: clk_10mhz
Path Type: min

Fanout         Cap        Slew       Delay        Time   Description
---------------------------------------------------------------------------------------------
                      0.150000    0.000000    0.000000   clock clk_10mhz (rise edge)
                                  0.000000    0.000000   clock network delay (ideal)
                      0.150000    0.000000    0.000000 ^ _1703_/CLK (sky130_fd_sc_hd__dfxtp_2)
     2    0.004146    0.026663    0.219539    0.219539 ^ _1703_/Q (sky130_fd_sc_hd__dfxtp_2)
                                                         u_fifo.mem[0][4] (net)
                      0.026663    0.000000    0.219539 ^ _1240_/A0 (sky130_fd_sc_hd__mux2_1)
     1    0.001748    0.023469    0.064606    0.284146 ^ _1240_/X (sky130_fd_sc_hd__mux2_1)
                                                         _0206_ (net)
                      0.023469    0.000000    0.284146 ^ _1703_/D (sky130_fd_sc_hd__dfxtp_2)
                                              0.284146   data arrival time

                      0.150000    0.000000    0.000000   clock clk_10mhz (rise edge)
                                  0.000000    0.000000   clock network delay (ideal)
                                  0.250000    0.250000   clock uncertainty
                                  0.000000    0.250000   clock reconvergence pessimism
                                              0.250000 ^ _1703_/CLK (sky130_fd_sc_hd__dfxtp_2)
                                 -0.013936    0.236064   library hold time
                                              0.236064   data required time
---------------------------------------------------------------------------------------------
                                              0.236064   data required time
                                             -0.284146   data arrival time
---------------------------------------------------------------------------------------------
                                              0.048082   slack (MET)


Startpoint: _1704_ (rising edge-triggered flip-flop clocked by clk_10mhz)
Endpoint: _1704_ (rising edge-triggered flip-flop clocked by clk_10mhz)
Path Group: clk_10mhz
Path Type: min

Fanout         Cap        Slew       Delay        Time   Description
---------------------------------------------------------------------------------------------
                      0.150000    0.000000    0.000000   clock clk_10mhz (rise edge)
                                  0.000000    0.000000   clock network delay (ideal)
                      0.150000    0.000000    0.000000 ^ _1704_/CLK (sky130_fd_sc_hd__dfxtp_2)
     2    0.004146    0.026663    0.219539    0.219539 ^ _1704_/Q (sky130_fd_sc_hd__dfxtp_2)
                                                         u_fifo.mem[0][5] (net)
                      0.026663    0.000000    0.219539 ^ _1241_/A0 (sky130_fd_sc_hd__mux2_1)
     1    0.001748    0.023469    0.064606    0.284146 ^ _1241_/X (sky130_fd_sc_hd__mux2_1)
                                                         _0207_ (net)
                      0.023469    0.000000    0.284146 ^ _1704_/D (sky130_fd_sc_hd__dfxtp_2)
                                              0.284146   data arrival time

                      0.150000    0.000000    0.000000   clock clk_10mhz (rise edge)
                                  0.000000    0.000000   clock network delay (ideal)
                                  0.250000    0.250000   clock uncertainty
                                  0.000000    0.250000   clock reconvergence pessimism
                                              0.250000 ^ _1704_/CLK (sky130_fd_sc_hd__dfxtp_2)
                                 -0.013936    0.236064   library hold time
                                              0.236064   data required time
---------------------------------------------------------------------------------------------
                                              0.236064   data required time
                                             -0.284146   data arrival time
---------------------------------------------------------------------------------------------
                                              0.048082   slack (MET)


Startpoint: _1705_ (rising edge-triggered flip-flop clocked by clk_10mhz)
Endpoint: _1705_ (rising edge-triggered flip-flop clocked by clk_10mhz)
Path Group: clk_10mhz
Path Type: min

Fanout         Cap        Slew       Delay        Time   Description
---------------------------------------------------------------------------------------------
                      0.150000    0.000000    0.000000   clock clk_10mhz (rise edge)
                                  0.000000    0.000000   clock network delay (ideal)
                      0.150000    0.000000    0.000000 ^ _1705_/CLK (sky130_fd_sc_hd__dfxtp_2)
     2    0.004146    0.026663    0.219539    0.219539 ^ _1705_/Q (sky130_fd_sc_hd__dfxtp_2)
                                                         u_fifo.mem[0][6] (net)
                      0.026663    0.000000    0.219539 ^ _1242_/A0 (sky130_fd_sc_hd__mux2_1)
     1    0.001748    0.023469    0.064606    0.284146 ^ _1242_/X (sky130_fd_sc_hd__mux2_1)
                                                         _0208_ (net)
                      0.023469    0.000000    0.284146 ^ _1705_/D (sky130_fd_sc_hd__dfxtp_2)
                                              0.284146   data arrival time

                      0.150000    0.000000    0.000000   clock clk_10mhz (rise edge)
                                  0.000000    0.000000   clock network delay (ideal)
                                  0.250000    0.250000   clock uncertainty
                                  0.000000    0.250000   clock reconvergence pessimism
                                              0.250000 ^ _1705_/CLK (sky130_fd_sc_hd__dfxtp_2)
                                 -0.013936    0.236064   library hold time
                                              0.236064   data required time
---------------------------------------------------------------------------------------------
                                              0.236064   data required time
                                             -0.284146   data arrival time
---------------------------------------------------------------------------------------------
                                              0.048082   slack (MET)


Startpoint: _1706_ (rising edge-triggered flip-flop clocked by clk_10mhz)
Endpoint: _1706_ (rising edge-triggered flip-flop clocked by clk_10mhz)
Path Group: clk_10mhz
Path Type: min

Fanout         Cap        Slew       Delay        Time   Description
---------------------------------------------------------------------------------------------
                      0.150000    0.000000    0.000000   clock clk_10mhz (rise edge)
                                  0.000000    0.000000   clock network delay (ideal)
                      0.150000    0.000000    0.000000 ^ _1706_/CLK (sky130_fd_sc_hd__dfxtp_2)
     2    0.004146    0.026663    0.219539    0.219539 ^ _1706_/Q (sky130_fd_sc_hd__dfxtp_2)
                                                         u_fifo.mem[0][7] (net)
                      0.026663    0.000000    0.219539 ^ _1243_/A0 (sky130_fd_sc_hd__mux2_1)
     1    0.001748    0.023469    0.064606    0.284146 ^ _1243_/X (sky130_fd_sc_hd__mux2_1)
                                                         _0209_ (net)
                      0.023469    0.000000    0.284146 ^ _1706_/D (sky130_fd_sc_hd__dfxtp_2)
                                              0.284146   data arrival time

                      0.150000    0.000000    0.000000   clock clk_10mhz (rise edge)
                                  0.000000    0.000000   clock network delay (ideal)
                                  0.250000    0.250000   clock uncertainty
                                  0.000000    0.250000   clock reconvergence pessimism
                                              0.250000 ^ _1706_/CLK (sky130_fd_sc_hd__dfxtp_2)
                                 -0.013936    0.236064   library hold time
                                              0.236064   data required time
---------------------------------------------------------------------------------------------
                                              0.236064   data required time
                                             -0.284146   data arrival time
---------------------------------------------------------------------------------------------
                                              0.048082   slack (MET)


Startpoint: _1608_ (rising edge-triggered flip-flop clocked by clk_10mhz)
Endpoint: _1608_ (rising edge-triggered flip-flop clocked by clk_10mhz)
Path Group: clk_10mhz
Path Type: min

Fanout         Cap        Slew       Delay        Time   Description
---------------------------------------------------------------------------------------------
                      0.150000    0.000000    0.000000   clock clk_10mhz (rise edge)
                                  0.000000    0.000000   clock network delay (ideal)
                      0.150000    0.000000    0.000000 ^ _1608_/CLK (sky130_fd_sc_hd__dfxtp_2)
     2    0.004162    0.026713    0.219591    0.219591 ^ _1608_/Q (sky130_fd_sc_hd__dfxtp_2)
                                                         u_fifo.mem[10][5] (net)
                      0.026713    0.000000    0.219591 ^ _1129_/A0 (sky130_fd_sc_hd__mux2_1)
     1    0.001748    0.023469    0.064621    0.284211 ^ _1129_/X (sky130_fd_sc_hd__mux2_1)
                                                         _0111_ (net)
                      0.023469    0.000000    0.284211 ^ _1608_/D (sky130_fd_sc_hd__dfxtp_2)
                                              0.284211   data arrival time

                      0.150000    0.000000    0.000000   clock clk_10mhz (rise edge)
                                  0.000000    0.000000   clock network delay (ideal)
                                  0.250000    0.250000   clock uncertainty
                                  0.000000    0.250000   clock reconvergence pessimism
                                              0.250000 ^ _1608_/CLK (sky130_fd_sc_hd__dfxtp_2)
                                 -0.013936    0.236064   library hold time
                                              0.236064   data required time
---------------------------------------------------------------------------------------------
                                              0.236064   data required time
                                             -0.284211   data arrival time
---------------------------------------------------------------------------------------------
                                              0.048148   slack (MET)


Startpoint: _1609_ (rising edge-triggered flip-flop clocked by clk_10mhz)
Endpoint: _1609_ (rising edge-triggered flip-flop clocked by clk_10mhz)
Path Group: clk_10mhz
Path Type: min

Fanout         Cap        Slew       Delay        Time   Description
---------------------------------------------------------------------------------------------
                      0.150000    0.000000    0.000000   clock clk_10mhz (rise edge)
                                  0.000000    0.000000   clock network delay (ideal)
                      0.150000    0.000000    0.000000 ^ _1609_/CLK (sky130_fd_sc_hd__dfxtp_2)
     2    0.004162    0.026713    0.219591    0.219591 ^ _1609_/Q (sky130_fd_sc_hd__dfxtp_2)
                                                         u_fifo.mem[10][6] (net)
                      0.026713    0.000000    0.219591 ^ _1130_/A0 (sky130_fd_sc_hd__mux2_1)
     1    0.001748    0.023469    0.064621    0.284211 ^ _1130_/X (sky130_fd_sc_hd__mux2_1)
                                                         _0112_ (net)
                      0.023469    0.000000    0.284211 ^ _1609_/D (sky130_fd_sc_hd__dfxtp_2)
                                              0.284211   data arrival time

                      0.150000    0.000000    0.000000   clock clk_10mhz (rise edge)
                                  0.000000    0.000000   clock network delay (ideal)
                                  0.250000    0.250000   clock uncertainty
                                  0.000000    0.250000   clock reconvergence pessimism
                                              0.250000 ^ _1609_/CLK (sky130_fd_sc_hd__dfxtp_2)
                                 -0.013936    0.236064   library hold time
                                              0.236064   data required time
---------------------------------------------------------------------------------------------
                                              0.236064   data required time
                                             -0.284211   data arrival time
---------------------------------------------------------------------------------------------
                                              0.048148   slack (MET)


Startpoint: _1619_ (rising edge-triggered flip-flop clocked by clk_10mhz)
Endpoint: _1619_ (rising edge-triggered flip-flop clocked by clk_10mhz)
Path Group: clk_10mhz
Path Type: min

Fanout         Cap        Slew       Delay        Time   Description
---------------------------------------------------------------------------------------------
                      0.150000    0.000000    0.000000   clock clk_10mhz (rise edge)
                                  0.000000    0.000000   clock network delay (ideal)
                      0.150000    0.000000    0.000000 ^ _1619_/CLK (sky130_fd_sc_hd__dfxtp_2)
     2    0.004162    0.026713    0.219591    0.219591 ^ _1619_/Q (sky130_fd_sc_hd__dfxtp_2)
                                                         u_fifo.mem[8][0] (net)
                      0.026713    0.000000    0.219591 ^ _1144_/A0 (sky130_fd_sc_hd__mux2_1)
     1    0.001748    0.023469    0.064621    0.284211 ^ _1144_/X (sky130_fd_sc_hd__mux2_1)
                                                         _0122_ (net)
                      0.023469    0.000000    0.284211 ^ _1619_/D (sky130_fd_sc_hd__dfxtp_2)
                                              0.284211   data arrival time

                      0.150000    0.000000    0.000000   clock clk_10mhz (rise edge)
                                  0.000000    0.000000   clock network delay (ideal)
                                  0.250000    0.250000   clock uncertainty
                                  0.000000    0.250000   clock reconvergence pessimism
                                              0.250000 ^ _1619_/CLK (sky130_fd_sc_hd__dfxtp_2)
                                 -0.013936    0.236064   library hold time
                                              0.236064   data required time
---------------------------------------------------------------------------------------------
                                              0.236064   data required time
                                             -0.284211   data arrival time
---------------------------------------------------------------------------------------------
                                              0.048148   slack (MET)


Startpoint: _1620_ (rising edge-triggered flip-flop clocked by clk_10mhz)
Endpoint: _1620_ (rising edge-triggered flip-flop clocked by clk_10mhz)
Path Group: clk_10mhz
Path Type: min

Fanout         Cap        Slew       Delay        Time   Description
---------------------------------------------------------------------------------------------
                      0.150000    0.000000    0.000000   clock clk_10mhz (rise edge)
                                  0.000000    0.000000   clock network delay (ideal)
                      0.150000    0.000000    0.000000 ^ _1620_/CLK (sky130_fd_sc_hd__dfxtp_2)
     2    0.004162    0.026713    0.219591    0.219591 ^ _1620_/Q (sky130_fd_sc_hd__dfxtp_2)
                                                         u_fifo.mem[8][1] (net)
                      0.026713    0.000000    0.219591 ^ _1145_/A0 (sky130_fd_sc_hd__mux2_1)
     1    0.001748    0.023469    0.064621    0.284211 ^ _1145_/X (sky130_fd_sc_hd__mux2_1)
                                                         _0123_ (net)
                      0.023469    0.000000    0.284211 ^ _1620_/D (sky130_fd_sc_hd__dfxtp_2)
                                              0.284211   data arrival time

                      0.150000    0.000000    0.000000   clock clk_10mhz (rise edge)
                                  0.000000    0.000000   clock network delay (ideal)
                                  0.250000    0.250000   clock uncertainty
                                  0.000000    0.250000   clock reconvergence pessimism
                                              0.250000 ^ _1620_/CLK (sky130_fd_sc_hd__dfxtp_2)
                                 -0.013936    0.236064   library hold time
                                              0.236064   data required time
---------------------------------------------------------------------------------------------
                                              0.236064   data required time
                                             -0.284211   data arrival time
---------------------------------------------------------------------------------------------
                                              0.048148   slack (MET)


Startpoint: _1622_ (rising edge-triggered flip-flop clocked by clk_10mhz)
Endpoint: _1622_ (rising edge-triggered flip-flop clocked by clk_10mhz)
Path Group: clk_10mhz
Path Type: min

Fanout         Cap        Slew       Delay        Time   Description
---------------------------------------------------------------------------------------------
                      0.150000    0.000000    0.000000   clock clk_10mhz (rise edge)
                                  0.000000    0.000000   clock network delay (ideal)
                      0.150000    0.000000    0.000000 ^ _1622_/CLK (sky130_fd_sc_hd__dfxtp_2)
     2    0.004162    0.026713    0.219591    0.219591 ^ _1622_/Q (sky130_fd_sc_hd__dfxtp_2)
                                                         u_fifo.mem[8][3] (net)
                      0.026713    0.000000    0.219591 ^ _1147_/A0 (sky130_fd_sc_hd__mux2_1)
     1    0.001748    0.023469    0.064621    0.284211 ^ _1147_/X (sky130_fd_sc_hd__mux2_1)
                                                         _0125_ (net)
                      0.023469    0.000000    0.284211 ^ _1622_/D (sky130_fd_sc_hd__dfxtp_2)
                                              0.284211   data arrival time

                      0.150000    0.000000    0.000000   clock clk_10mhz (rise edge)
                                  0.000000    0.000000   clock network delay (ideal)
                                  0.250000    0.250000   clock uncertainty
                                  0.000000    0.250000   clock reconvergence pessimism
                                              0.250000 ^ _1622_/CLK (sky130_fd_sc_hd__dfxtp_2)
                                 -0.013936    0.236064   library hold time
                                              0.236064   data required time
---------------------------------------------------------------------------------------------
                                              0.236064   data required time
                                             -0.284211   data arrival time
---------------------------------------------------------------------------------------------
                                              0.048148   slack (MET)


Startpoint: _1624_ (rising edge-triggered flip-flop clocked by clk_10mhz)
Endpoint: _1624_ (rising edge-triggered flip-flop clocked by clk_10mhz)
Path Group: clk_10mhz
Path Type: min

Fanout         Cap        Slew       Delay        Time   Description
---------------------------------------------------------------------------------------------
                      0.150000    0.000000    0.000000   clock clk_10mhz (rise edge)
                                  0.000000    0.000000   clock network delay (ideal)
                      0.150000    0.000000    0.000000 ^ _1624_/CLK (sky130_fd_sc_hd__dfxtp_2)
     2    0.004162    0.026713    0.219591    0.219591 ^ _1624_/Q (sky130_fd_sc_hd__dfxtp_2)
                                                         u_fifo.mem[8][5] (net)
                      0.026713    0.000000    0.219591 ^ _1149_/A0 (sky130_fd_sc_hd__mux2_1)
     1    0.001748    0.023469    0.064621    0.284211 ^ _1149_/X (sky130_fd_sc_hd__mux2_1)
                                                         _0127_ (net)
                      0.023469    0.000000    0.284211 ^ _1624_/D (sky130_fd_sc_hd__dfxtp_2)
                                              0.284211   data arrival time

                      0.150000    0.000000    0.000000   clock clk_10mhz (rise edge)
                                  0.000000    0.000000   clock network delay (ideal)
                                  0.250000    0.250000   clock uncertainty
                                  0.000000    0.250000   clock reconvergence pessimism
                                              0.250000 ^ _1624_/CLK (sky130_fd_sc_hd__dfxtp_2)
                                 -0.013936    0.236064   library hold time
                                              0.236064   data required time
---------------------------------------------------------------------------------------------
                                              0.236064   data required time
                                             -0.284211   data arrival time
---------------------------------------------------------------------------------------------
                                              0.048148   slack (MET)


Startpoint: _1643_ (rising edge-triggered flip-flop clocked by clk_10mhz)
Endpoint: _1643_ (rising edge-triggered flip-flop clocked by clk_10mhz)
Path Group: clk_10mhz
Path Type: min

Fanout         Cap        Slew       Delay        Time   Description
---------------------------------------------------------------------------------------------
                      0.150000    0.000000    0.000000   clock clk_10mhz (rise edge)
                                  0.000000    0.000000   clock network delay (ideal)
                      0.150000    0.000000    0.000000 ^ _1643_/CLK (sky130_fd_sc_hd__dfxtp_2)
     2    0.004162    0.026713    0.219591    0.219591 ^ _1643_/Q (sky130_fd_sc_hd__dfxtp_2)
                                                         u_fifo.mem[6][0] (net)
                      0.026713    0.000000    0.219591 ^ _1172_/A0 (sky130_fd_sc_hd__mux2_1)
     1    0.001748    0.023469    0.064621    0.284211 ^ _1172_/X (sky130_fd_sc_hd__mux2_1)
                                                         _0146_ (net)
                      0.023469    0.000000    0.284211 ^ _1643_/D (sky130_fd_sc_hd__dfxtp_2)
                                              0.284211   data arrival time

                      0.150000    0.000000    0.000000   clock clk_10mhz (rise edge)
                                  0.000000    0.000000   clock network delay (ideal)
                                  0.250000    0.250000   clock uncertainty
                                  0.000000    0.250000   clock reconvergence pessimism
                                              0.250000 ^ _1643_/CLK (sky130_fd_sc_hd__dfxtp_2)
                                 -0.013936    0.236064   library hold time
                                              0.236064   data required time
---------------------------------------------------------------------------------------------
                                              0.236064   data required time
                                             -0.284211   data arrival time
---------------------------------------------------------------------------------------------
                                              0.048148   slack (MET)


Startpoint: _1644_ (rising edge-triggered flip-flop clocked by clk_10mhz)
Endpoint: _1644_ (rising edge-triggered flip-flop clocked by clk_10mhz)
Path Group: clk_10mhz
Path Type: min

Fanout         Cap        Slew       Delay        Time   Description
---------------------------------------------------------------------------------------------
                      0.150000    0.000000    0.000000   clock clk_10mhz (rise edge)
                                  0.000000    0.000000   clock network delay (ideal)
                      0.150000    0.000000    0.000000 ^ _1644_/CLK (sky130_fd_sc_hd__dfxtp_2)
     2    0.004162    0.026713    0.219591    0.219591 ^ _1644_/Q (sky130_fd_sc_hd__dfxtp_2)
                                                         u_fifo.mem[6][1] (net)
                      0.026713    0.000000    0.219591 ^ _1173_/A0 (sky130_fd_sc_hd__mux2_1)
     1    0.001748    0.023469    0.064621    0.284211 ^ _1173_/X (sky130_fd_sc_hd__mux2_1)
                                                         _0147_ (net)
                      0.023469    0.000000    0.284211 ^ _1644_/D (sky130_fd_sc_hd__dfxtp_2)
                                              0.284211   data arrival time

                      0.150000    0.000000    0.000000   clock clk_10mhz (rise edge)
                                  0.000000    0.000000   clock network delay (ideal)
                                  0.250000    0.250000   clock uncertainty
                                  0.000000    0.250000   clock reconvergence pessimism
                                              0.250000 ^ _1644_/CLK (sky130_fd_sc_hd__dfxtp_2)
                                 -0.013936    0.236064   library hold time
                                              0.236064   data required time
---------------------------------------------------------------------------------------------
                                              0.236064   data required time
                                             -0.284211   data arrival time
---------------------------------------------------------------------------------------------
                                              0.048148   slack (MET)


Startpoint: _1645_ (rising edge-triggered flip-flop clocked by clk_10mhz)
Endpoint: _1645_ (rising edge-triggered flip-flop clocked by clk_10mhz)
Path Group: clk_10mhz
Path Type: min

Fanout         Cap        Slew       Delay        Time   Description
---------------------------------------------------------------------------------------------
                      0.150000    0.000000    0.000000   clock clk_10mhz (rise edge)
                                  0.000000    0.000000   clock network delay (ideal)
                      0.150000    0.000000    0.000000 ^ _1645_/CLK (sky130_fd_sc_hd__dfxtp_2)
     2    0.004162    0.026713    0.219591    0.219591 ^ _1645_/Q (sky130_fd_sc_hd__dfxtp_2)
                                                         u_fifo.mem[6][2] (net)
                      0.026713    0.000000    0.219591 ^ _1174_/A0 (sky130_fd_sc_hd__mux2_1)
     1    0.001748    0.023469    0.064621    0.284211 ^ _1174_/X (sky130_fd_sc_hd__mux2_1)
                                                         _0148_ (net)
                      0.023469    0.000000    0.284211 ^ _1645_/D (sky130_fd_sc_hd__dfxtp_2)
                                              0.284211   data arrival time

                      0.150000    0.000000    0.000000   clock clk_10mhz (rise edge)
                                  0.000000    0.000000   clock network delay (ideal)
                                  0.250000    0.250000   clock uncertainty
                                  0.000000    0.250000   clock reconvergence pessimism
                                              0.250000 ^ _1645_/CLK (sky130_fd_sc_hd__dfxtp_2)
                                 -0.013936    0.236064   library hold time
                                              0.236064   data required time
---------------------------------------------------------------------------------------------
                                              0.236064   data required time
                                             -0.284211   data arrival time
---------------------------------------------------------------------------------------------
                                              0.048148   slack (MET)


Startpoint: _1646_ (rising edge-triggered flip-flop clocked by clk_10mhz)
Endpoint: _1646_ (rising edge-triggered flip-flop clocked by clk_10mhz)
Path Group: clk_10mhz
Path Type: min

Fanout         Cap        Slew       Delay        Time   Description
---------------------------------------------------------------------------------------------
                      0.150000    0.000000    0.000000   clock clk_10mhz (rise edge)
                                  0.000000    0.000000   clock network delay (ideal)
                      0.150000    0.000000    0.000000 ^ _1646_/CLK (sky130_fd_sc_hd__dfxtp_2)
     2    0.004162    0.026713    0.219591    0.219591 ^ _1646_/Q (sky130_fd_sc_hd__dfxtp_2)
                                                         u_fifo.mem[6][3] (net)
                      0.026713    0.000000    0.219591 ^ _1175_/A0 (sky130_fd_sc_hd__mux2_1)
     1    0.001748    0.023469    0.064621    0.284211 ^ _1175_/X (sky130_fd_sc_hd__mux2_1)
                                                         _0149_ (net)
                      0.023469    0.000000    0.284211 ^ _1646_/D (sky130_fd_sc_hd__dfxtp_2)
                                              0.284211   data arrival time

                      0.150000    0.000000    0.000000   clock clk_10mhz (rise edge)
                                  0.000000    0.000000   clock network delay (ideal)
                                  0.250000    0.250000   clock uncertainty
                                  0.000000    0.250000   clock reconvergence pessimism
                                              0.250000 ^ _1646_/CLK (sky130_fd_sc_hd__dfxtp_2)
                                 -0.013936    0.236064   library hold time
                                              0.236064   data required time
---------------------------------------------------------------------------------------------
                                              0.236064   data required time
                                             -0.284211   data arrival time
---------------------------------------------------------------------------------------------
                                              0.048148   slack (MET)


Startpoint: _1653_ (rising edge-triggered flip-flop clocked by clk_10mhz)
Endpoint: _1653_ (rising edge-triggered flip-flop clocked by clk_10mhz)
Path Group: clk_10mhz
Path Type: min

Fanout         Cap        Slew       Delay        Time   Description
---------------------------------------------------------------------------------------------
                      0.150000    0.000000    0.000000   clock clk_10mhz (rise edge)
                                  0.000000    0.000000   clock network delay (ideal)
                      0.150000    0.000000    0.000000 ^ _1653_/CLK (sky130_fd_sc_hd__dfxtp_2)
     2    0.004162    0.026713    0.219591    0.219591 ^ _1653_/Q (sky130_fd_sc_hd__dfxtp_2)
                                                         u_fifo.mem[5][2] (net)
                      0.026713    0.000000    0.219591 ^ _1183_/A0 (sky130_fd_sc_hd__mux2_1)
     1    0.001748    0.023469    0.064621    0.284211 ^ _1183_/X (sky130_fd_sc_hd__mux2_1)
                                                         _0156_ (net)
                      0.023469    0.000000    0.284211 ^ _1653_/D (sky130_fd_sc_hd__dfxtp_2)
                                              0.284211   data arrival time

                      0.150000    0.000000    0.000000   clock clk_10mhz (rise edge)
                                  0.000000    0.000000   clock network delay (ideal)
                                  0.250000    0.250000   clock uncertainty
                                  0.000000    0.250000   clock reconvergence pessimism
                                              0.250000 ^ _1653_/CLK (sky130_fd_sc_hd__dfxtp_2)
                                 -0.013936    0.236064   library hold time
                                              0.236064   data required time
---------------------------------------------------------------------------------------------
                                              0.236064   data required time
                                             -0.284211   data arrival time
---------------------------------------------------------------------------------------------
                                              0.048148   slack (MET)


Startpoint: _1658_ (rising edge-triggered flip-flop clocked by clk_10mhz)
Endpoint: _1658_ (rising edge-triggered flip-flop clocked by clk_10mhz)
Path Group: clk_10mhz
Path Type: min

Fanout         Cap        Slew       Delay        Time   Description
---------------------------------------------------------------------------------------------
                      0.150000    0.000000    0.000000   clock clk_10mhz (rise edge)
                                  0.000000    0.000000   clock network delay (ideal)
                      0.150000    0.000000    0.000000 ^ _1658_/CLK (sky130_fd_sc_hd__dfxtp_2)
     2    0.004162    0.026713    0.219591    0.219591 ^ _1658_/Q (sky130_fd_sc_hd__dfxtp_2)
                                                         u_fifo.mem[5][7] (net)
                      0.026713    0.000000    0.219591 ^ _1188_/A0 (sky130_fd_sc_hd__mux2_1)
     1    0.001748    0.023469    0.064621    0.284211 ^ _1188_/X (sky130_fd_sc_hd__mux2_1)
                                                         _0161_ (net)
                      0.023469    0.000000    0.284211 ^ _1658_/D (sky130_fd_sc_hd__dfxtp_2)
                                              0.284211   data arrival time

                      0.150000    0.000000    0.000000   clock clk_10mhz (rise edge)
                                  0.000000    0.000000   clock network delay (ideal)
                                  0.250000    0.250000   clock uncertainty
                                  0.000000    0.250000   clock reconvergence pessimism
                                              0.250000 ^ _1658_/CLK (sky130_fd_sc_hd__dfxtp_2)
                                 -0.013936    0.236064   library hold time
                                              0.236064   data required time
---------------------------------------------------------------------------------------------
                                              0.236064   data required time
                                             -0.284211   data arrival time
---------------------------------------------------------------------------------------------
                                              0.048148   slack (MET)


Startpoint: _1661_ (rising edge-triggered flip-flop clocked by clk_10mhz)
Endpoint: _1661_ (rising edge-triggered flip-flop clocked by clk_10mhz)
Path Group: clk_10mhz
Path Type: min

Fanout         Cap        Slew       Delay        Time   Description
---------------------------------------------------------------------------------------------
                      0.150000    0.000000    0.000000   clock clk_10mhz (rise edge)
                                  0.000000    0.000000   clock network delay (ideal)
                      0.150000    0.000000    0.000000 ^ _1661_/CLK (sky130_fd_sc_hd__dfxtp_2)
     2    0.004162    0.026713    0.219591    0.219591 ^ _1661_/Q (sky130_fd_sc_hd__dfxtp_2)
                                                         u_fifo.mem[4][2] (net)
                      0.026713    0.000000    0.219591 ^ _1192_/A0 (sky130_fd_sc_hd__mux2_1)
     1    0.001748    0.023469    0.064621    0.284211 ^ _1192_/X (sky130_fd_sc_hd__mux2_1)
                                                         _0164_ (net)
                      0.023469    0.000000    0.284211 ^ _1661_/D (sky130_fd_sc_hd__dfxtp_2)
                                              0.284211   data arrival time

                      0.150000    0.000000    0.000000   clock clk_10mhz (rise edge)
                                  0.000000    0.000000   clock network delay (ideal)
                                  0.250000    0.250000   clock uncertainty
                                  0.000000    0.250000   clock reconvergence pessimism
                                              0.250000 ^ _1661_/CLK (sky130_fd_sc_hd__dfxtp_2)
                                 -0.013936    0.236064   library hold time
                                              0.236064   data required time
---------------------------------------------------------------------------------------------
                                              0.236064   data required time
                                             -0.284211   data arrival time
---------------------------------------------------------------------------------------------
                                              0.048148   slack (MET)


Startpoint: _1676_ (rising edge-triggered flip-flop clocked by clk_10mhz)
Endpoint: _1676_ (rising edge-triggered flip-flop clocked by clk_10mhz)
Path Group: clk_10mhz
Path Type: min

Fanout         Cap        Slew       Delay        Time   Description
---------------------------------------------------------------------------------------------
                      0.150000    0.000000    0.000000   clock clk_10mhz (rise edge)
                                  0.000000    0.000000   clock network delay (ideal)
                      0.150000    0.000000    0.000000 ^ _1676_/CLK (sky130_fd_sc_hd__dfxtp_2)
     2    0.004162    0.026713    0.219591    0.219591 ^ _1676_/Q (sky130_fd_sc_hd__dfxtp_2)
                                                         u_fifo.mem[12][1] (net)
                      0.026713    0.000000    0.219591 ^ _1210_/A0 (sky130_fd_sc_hd__mux2_1)
     1    0.001748    0.023469    0.064621    0.284211 ^ _1210_/X (sky130_fd_sc_hd__mux2_1)
                                                         _0179_ (net)
                      0.023469    0.000000    0.284211 ^ _1676_/D (sky130_fd_sc_hd__dfxtp_2)
                                              0.284211   data arrival time

                      0.150000    0.000000    0.000000   clock clk_10mhz (rise edge)
                                  0.000000    0.000000   clock network delay (ideal)
                                  0.250000    0.250000   clock uncertainty
                                  0.000000    0.250000   clock reconvergence pessimism
                                              0.250000 ^ _1676_/CLK (sky130_fd_sc_hd__dfxtp_2)
                                 -0.013936    0.236064   library hold time
                                              0.236064   data required time
---------------------------------------------------------------------------------------------
                                              0.236064   data required time
                                             -0.284211   data arrival time
---------------------------------------------------------------------------------------------
                                              0.048148   slack (MET)


Startpoint: _1681_ (rising edge-triggered flip-flop clocked by clk_10mhz)
Endpoint: _1681_ (rising edge-triggered flip-flop clocked by clk_10mhz)
Path Group: clk_10mhz
Path Type: min

Fanout         Cap        Slew       Delay        Time   Description
---------------------------------------------------------------------------------------------
                      0.150000    0.000000    0.000000   clock clk_10mhz (rise edge)
                                  0.000000    0.000000   clock network delay (ideal)
                      0.150000    0.000000    0.000000 ^ _1681_/CLK (sky130_fd_sc_hd__dfxtp_2)
     2    0.004162    0.026713    0.219591    0.219591 ^ _1681_/Q (sky130_fd_sc_hd__dfxtp_2)
                                                         u_fifo.mem[12][6] (net)
                      0.026713    0.000000    0.219591 ^ _1215_/A0 (sky130_fd_sc_hd__mux2_1)
     1    0.001748    0.023469    0.064621    0.284211 ^ _1215_/X (sky130_fd_sc_hd__mux2_1)
                                                         _0184_ (net)
                      0.023469    0.000000    0.284211 ^ _1681_/D (sky130_fd_sc_hd__dfxtp_2)
                                              0.284211   data arrival time

                      0.150000    0.000000    0.000000   clock clk_10mhz (rise edge)
                                  0.000000    0.000000   clock network delay (ideal)
                                  0.250000    0.250000   clock uncertainty
                                  0.000000    0.250000   clock reconvergence pessimism
                                              0.250000 ^ _1681_/CLK (sky130_fd_sc_hd__dfxtp_2)
                                 -0.013936    0.236064   library hold time
                                              0.236064   data required time
---------------------------------------------------------------------------------------------
                                              0.236064   data required time
                                             -0.284211   data arrival time
---------------------------------------------------------------------------------------------
                                              0.048148   slack (MET)


Startpoint: _1694_ (rising edge-triggered flip-flop clocked by clk_10mhz)
Endpoint: _1694_ (rising edge-triggered flip-flop clocked by clk_10mhz)
Path Group: clk_10mhz
Path Type: min

Fanout         Cap        Slew       Delay        Time   Description
---------------------------------------------------------------------------------------------
                      0.150000    0.000000    0.000000   clock clk_10mhz (rise edge)
                                  0.000000    0.000000   clock network delay (ideal)
                      0.150000    0.000000    0.000000 ^ _1694_/CLK (sky130_fd_sc_hd__dfxtp_2)
     2    0.004162    0.026713    0.219591    0.219591 ^ _1694_/Q (sky130_fd_sc_hd__dfxtp_2)
                                                         u_fifo.mem[1][3] (net)
                      0.026713    0.000000    0.219591 ^ _1230_/A0 (sky130_fd_sc_hd__mux2_1)
     1    0.001748    0.023469    0.064621    0.284211 ^ _1230_/X (sky130_fd_sc_hd__mux2_1)
                                                         _0197_ (net)
                      0.023469    0.000000    0.284211 ^ _1694_/D (sky130_fd_sc_hd__dfxtp_2)
                                              0.284211   data arrival time

                      0.150000    0.000000    0.000000   clock clk_10mhz (rise edge)
                                  0.000000    0.000000   clock network delay (ideal)
                                  0.250000    0.250000   clock uncertainty
                                  0.000000    0.250000   clock reconvergence pessimism
                                              0.250000 ^ _1694_/CLK (sky130_fd_sc_hd__dfxtp_2)
                                 -0.013936    0.236064   library hold time
                                              0.236064   data required time
---------------------------------------------------------------------------------------------
                                              0.236064   data required time
                                             -0.284211   data arrival time
---------------------------------------------------------------------------------------------
                                              0.048148   slack (MET)


Startpoint: _1695_ (rising edge-triggered flip-flop clocked by clk_10mhz)
Endpoint: _1695_ (rising edge-triggered flip-flop clocked by clk_10mhz)
Path Group: clk_10mhz
Path Type: min

Fanout         Cap        Slew       Delay        Time   Description
---------------------------------------------------------------------------------------------
                      0.150000    0.000000    0.000000   clock clk_10mhz (rise edge)
                                  0.000000    0.000000   clock network delay (ideal)
                      0.150000    0.000000    0.000000 ^ _1695_/CLK (sky130_fd_sc_hd__dfxtp_2)
     2    0.004162    0.026713    0.219591    0.219591 ^ _1695_/Q (sky130_fd_sc_hd__dfxtp_2)
                                                         u_fifo.mem[1][4] (net)
                      0.026713    0.000000    0.219591 ^ _1231_/A0 (sky130_fd_sc_hd__mux2_1)
     1    0.001748    0.023469    0.064621    0.284211 ^ _1231_/X (sky130_fd_sc_hd__mux2_1)
                                                         _0198_ (net)
                      0.023469    0.000000    0.284211 ^ _1695_/D (sky130_fd_sc_hd__dfxtp_2)
                                              0.284211   data arrival time

                      0.150000    0.000000    0.000000   clock clk_10mhz (rise edge)
                                  0.000000    0.000000   clock network delay (ideal)
                                  0.250000    0.250000   clock uncertainty
                                  0.000000    0.250000   clock reconvergence pessimism
                                              0.250000 ^ _1695_/CLK (sky130_fd_sc_hd__dfxtp_2)
                                 -0.013936    0.236064   library hold time
                                              0.236064   data required time
---------------------------------------------------------------------------------------------
                                              0.236064   data required time
                                             -0.284211   data arrival time
---------------------------------------------------------------------------------------------
                                              0.048148   slack (MET)


Startpoint: _1696_ (rising edge-triggered flip-flop clocked by clk_10mhz)
Endpoint: _1696_ (rising edge-triggered flip-flop clocked by clk_10mhz)
Path Group: clk_10mhz
Path Type: min

Fanout         Cap        Slew       Delay        Time   Description
---------------------------------------------------------------------------------------------
                      0.150000    0.000000    0.000000   clock clk_10mhz (rise edge)
                                  0.000000    0.000000   clock network delay (ideal)
                      0.150000    0.000000    0.000000 ^ _1696_/CLK (sky130_fd_sc_hd__dfxtp_2)
     2    0.004162    0.026713    0.219591    0.219591 ^ _1696_/Q (sky130_fd_sc_hd__dfxtp_2)
                                                         u_fifo.mem[1][5] (net)
                      0.026713    0.000000    0.219591 ^ _1232_/A0 (sky130_fd_sc_hd__mux2_1)
     1    0.001748    0.023469    0.064621    0.284211 ^ _1232_/X (sky130_fd_sc_hd__mux2_1)
                                                         _0199_ (net)
                      0.023469    0.000000    0.284211 ^ _1696_/D (sky130_fd_sc_hd__dfxtp_2)
                                              0.284211   data arrival time

                      0.150000    0.000000    0.000000   clock clk_10mhz (rise edge)
                                  0.000000    0.000000   clock network delay (ideal)
                                  0.250000    0.250000   clock uncertainty
                                  0.000000    0.250000   clock reconvergence pessimism
                                              0.250000 ^ _1696_/CLK (sky130_fd_sc_hd__dfxtp_2)
                                 -0.013936    0.236064   library hold time
                                              0.236064   data required time
---------------------------------------------------------------------------------------------
                                              0.236064   data required time
                                             -0.284211   data arrival time
---------------------------------------------------------------------------------------------
                                              0.048148   slack (MET)


Startpoint: _1698_ (rising edge-triggered flip-flop clocked by clk_10mhz)
Endpoint: _1698_ (rising edge-triggered flip-flop clocked by clk_10mhz)
Path Group: clk_10mhz
Path Type: min

Fanout         Cap        Slew       Delay        Time   Description
---------------------------------------------------------------------------------------------
                      0.150000    0.000000    0.000000   clock clk_10mhz (rise edge)
                                  0.000000    0.000000   clock network delay (ideal)
                      0.150000    0.000000    0.000000 ^ _1698_/CLK (sky130_fd_sc_hd__dfxtp_2)
     2    0.004162    0.026713    0.219591    0.219591 ^ _1698_/Q (sky130_fd_sc_hd__dfxtp_2)
                                                         u_fifo.mem[1][7] (net)
                      0.026713    0.000000    0.219591 ^ _1234_/A0 (sky130_fd_sc_hd__mux2_1)
     1    0.001748    0.023469    0.064621    0.284211 ^ _1234_/X (sky130_fd_sc_hd__mux2_1)
                                                         _0201_ (net)
                      0.023469    0.000000    0.284211 ^ _1698_/D (sky130_fd_sc_hd__dfxtp_2)
                                              0.284211   data arrival time

                      0.150000    0.000000    0.000000   clock clk_10mhz (rise edge)
                                  0.000000    0.000000   clock network delay (ideal)
                                  0.250000    0.250000   clock uncertainty
                                  0.000000    0.250000   clock reconvergence pessimism
                                              0.250000 ^ _1698_/CLK (sky130_fd_sc_hd__dfxtp_2)
                                 -0.013936    0.236064   library hold time
                                              0.236064   data required time
---------------------------------------------------------------------------------------------
                                              0.236064   data required time
                                             -0.284211   data arrival time
---------------------------------------------------------------------------------------------
                                              0.048148   slack (MET)


Startpoint: _1603_ (rising edge-triggered flip-flop clocked by clk_10mhz)
Endpoint: _1603_ (rising edge-triggered flip-flop clocked by clk_10mhz)
Path Group: clk_10mhz
Path Type: min

Fanout         Cap        Slew       Delay        Time   Description
---------------------------------------------------------------------------------------------
                      0.150000    0.000000    0.000000   clock clk_10mhz (rise edge)
                                  0.000000    0.000000   clock network delay (ideal)
                      0.150000    0.000000    0.000000 ^ _1603_/CLK (sky130_fd_sc_hd__dfxtp_2)
     2    0.004164    0.026720    0.219597    0.219597 ^ _1603_/Q (sky130_fd_sc_hd__dfxtp_2)
                                                         u_fifo.mem[10][0] (net)
                      0.026720    0.000000    0.219597 ^ _1124_/A0 (sky130_fd_sc_hd__mux2_1)
     1    0.001748    0.023469    0.064622    0.284219 ^ _1124_/X (sky130_fd_sc_hd__mux2_1)
                                                         _0106_ (net)
                      0.023469    0.000000    0.284219 ^ _1603_/D (sky130_fd_sc_hd__dfxtp_2)
                                              0.284219   data arrival time

                      0.150000    0.000000    0.000000   clock clk_10mhz (rise edge)
                                  0.000000    0.000000   clock network delay (ideal)
                                  0.250000    0.250000   clock uncertainty
                                  0.000000    0.250000   clock reconvergence pessimism
                                              0.250000 ^ _1603_/CLK (sky130_fd_sc_hd__dfxtp_2)
                                 -0.013936    0.236064   library hold time
                                              0.236064   data required time
---------------------------------------------------------------------------------------------
                                              0.236064   data required time
                                             -0.284219   data arrival time
---------------------------------------------------------------------------------------------
                                              0.048156   slack (MET)


Startpoint: _1604_ (rising edge-triggered flip-flop clocked by clk_10mhz)
Endpoint: _1604_ (rising edge-triggered flip-flop clocked by clk_10mhz)
Path Group: clk_10mhz
Path Type: min

Fanout         Cap        Slew       Delay        Time   Description
---------------------------------------------------------------------------------------------
                      0.150000    0.000000    0.000000   clock clk_10mhz (rise edge)
                                  0.000000    0.000000   clock network delay (ideal)
                      0.150000    0.000000    0.000000 ^ _1604_/CLK (sky130_fd_sc_hd__dfxtp_2)
     2    0.004164    0.026720    0.219597    0.219597 ^ _1604_/Q (sky130_fd_sc_hd__dfxtp_2)
                                                         u_fifo.mem[10][1] (net)
                      0.026720    0.000000    0.219597 ^ _1125_/A0 (sky130_fd_sc_hd__mux2_1)
     1    0.001748    0.023469    0.064622    0.284219 ^ _1125_/X (sky130_fd_sc_hd__mux2_1)
                                                         _0107_ (net)
                      0.023469    0.000000    0.284219 ^ _1604_/D (sky130_fd_sc_hd__dfxtp_2)
                                              0.284219   data arrival time

                      0.150000    0.000000    0.000000   clock clk_10mhz (rise edge)
                                  0.000000    0.000000   clock network delay (ideal)
                                  0.250000    0.250000   clock uncertainty
                                  0.000000    0.250000   clock reconvergence pessimism
                                              0.250000 ^ _1604_/CLK (sky130_fd_sc_hd__dfxtp_2)
                                 -0.013936    0.236064   library hold time
                                              0.236064   data required time
---------------------------------------------------------------------------------------------
                                              0.236064   data required time
                                             -0.284219   data arrival time
---------------------------------------------------------------------------------------------
                                              0.048156   slack (MET)


Startpoint: _1607_ (rising edge-triggered flip-flop clocked by clk_10mhz)
Endpoint: _1607_ (rising edge-triggered flip-flop clocked by clk_10mhz)
Path Group: clk_10mhz
Path Type: min

Fanout         Cap        Slew       Delay        Time   Description
---------------------------------------------------------------------------------------------
                      0.150000    0.000000    0.000000   clock clk_10mhz (rise edge)
                                  0.000000    0.000000   clock network delay (ideal)
                      0.150000    0.000000    0.000000 ^ _1607_/CLK (sky130_fd_sc_hd__dfxtp_2)
     2    0.004164    0.026720    0.219597    0.219597 ^ _1607_/Q (sky130_fd_sc_hd__dfxtp_2)
                                                         u_fifo.mem[10][4] (net)
                      0.026720    0.000000    0.219597 ^ _1128_/A0 (sky130_fd_sc_hd__mux2_1)
     1    0.001748    0.023469    0.064622    0.284219 ^ _1128_/X (sky130_fd_sc_hd__mux2_1)
                                                         _0110_ (net)
                      0.023469    0.000000    0.284219 ^ _1607_/D (sky130_fd_sc_hd__dfxtp_2)
                                              0.284219   data arrival time

                      0.150000    0.000000    0.000000   clock clk_10mhz (rise edge)
                                  0.000000    0.000000   clock network delay (ideal)
                                  0.250000    0.250000   clock uncertainty
                                  0.000000    0.250000   clock reconvergence pessimism
                                              0.250000 ^ _1607_/CLK (sky130_fd_sc_hd__dfxtp_2)
                                 -0.013936    0.236064   library hold time
                                              0.236064   data required time
---------------------------------------------------------------------------------------------
                                              0.236064   data required time
                                             -0.284219   data arrival time
---------------------------------------------------------------------------------------------
                                              0.048156   slack (MET)


Startpoint: _1621_ (rising edge-triggered flip-flop clocked by clk_10mhz)
Endpoint: _1621_ (rising edge-triggered flip-flop clocked by clk_10mhz)
Path Group: clk_10mhz
Path Type: min

Fanout         Cap        Slew       Delay        Time   Description
---------------------------------------------------------------------------------------------
                      0.150000    0.000000    0.000000   clock clk_10mhz (rise edge)
                                  0.000000    0.000000   clock network delay (ideal)
                      0.150000    0.000000    0.000000 ^ _1621_/CLK (sky130_fd_sc_hd__dfxtp_2)
     2    0.004164    0.026720    0.219597    0.219597 ^ _1621_/Q (sky130_fd_sc_hd__dfxtp_2)
                                                         u_fifo.mem[8][2] (net)
                      0.026720    0.000000    0.219597 ^ _1146_/A0 (sky130_fd_sc_hd__mux2_1)
     1    0.001748    0.023469    0.064622    0.284219 ^ _1146_/X (sky130_fd_sc_hd__mux2_1)
                                                         _0124_ (net)
                      0.023469    0.000000    0.284219 ^ _1621_/D (sky130_fd_sc_hd__dfxtp_2)
                                              0.284219   data arrival time

                      0.150000    0.000000    0.000000   clock clk_10mhz (rise edge)
                                  0.000000    0.000000   clock network delay (ideal)
                                  0.250000    0.250000   clock uncertainty
                                  0.000000    0.250000   clock reconvergence pessimism
                                              0.250000 ^ _1621_/CLK (sky130_fd_sc_hd__dfxtp_2)
                                 -0.013936    0.236064   library hold time
                                              0.236064   data required time
---------------------------------------------------------------------------------------------
                                              0.236064   data required time
                                             -0.284219   data arrival time
---------------------------------------------------------------------------------------------
                                              0.048156   slack (MET)


Startpoint: _1623_ (rising edge-triggered flip-flop clocked by clk_10mhz)
Endpoint: _1623_ (rising edge-triggered flip-flop clocked by clk_10mhz)
Path Group: clk_10mhz
Path Type: min

Fanout         Cap        Slew       Delay        Time   Description
---------------------------------------------------------------------------------------------
                      0.150000    0.000000    0.000000   clock clk_10mhz (rise edge)
                                  0.000000    0.000000   clock network delay (ideal)
                      0.150000    0.000000    0.000000 ^ _1623_/CLK (sky130_fd_sc_hd__dfxtp_2)
     2    0.004164    0.026720    0.219597    0.219597 ^ _1623_/Q (sky130_fd_sc_hd__dfxtp_2)
                                                         u_fifo.mem[8][4] (net)
                      0.026720    0.000000    0.219597 ^ _1148_/A0 (sky130_fd_sc_hd__mux2_1)
     1    0.001748    0.023469    0.064622    0.284219 ^ _1148_/X (sky130_fd_sc_hd__mux2_1)
                                                         _0126_ (net)
                      0.023469    0.000000    0.284219 ^ _1623_/D (sky130_fd_sc_hd__dfxtp_2)
                                              0.284219   data arrival time

                      0.150000    0.000000    0.000000   clock clk_10mhz (rise edge)
                                  0.000000    0.000000   clock network delay (ideal)
                                  0.250000    0.250000   clock uncertainty
                                  0.000000    0.250000   clock reconvergence pessimism
                                              0.250000 ^ _1623_/CLK (sky130_fd_sc_hd__dfxtp_2)
                                 -0.013936    0.236064   library hold time
                                              0.236064   data required time
---------------------------------------------------------------------------------------------
                                              0.236064   data required time
                                             -0.284219   data arrival time
---------------------------------------------------------------------------------------------
                                              0.048156   slack (MET)


Startpoint: _1632_ (rising edge-triggered flip-flop clocked by clk_10mhz)
Endpoint: _1632_ (rising edge-triggered flip-flop clocked by clk_10mhz)
Path Group: clk_10mhz
Path Type: min

Fanout         Cap        Slew       Delay        Time   Description
---------------------------------------------------------------------------------------------
                      0.150000    0.000000    0.000000   clock clk_10mhz (rise edge)
                                  0.000000    0.000000   clock network delay (ideal)
                      0.150000    0.000000    0.000000 ^ _1632_/CLK (sky130_fd_sc_hd__dfxtp_2)
     2    0.004164    0.026720    0.219597    0.219597 ^ _1632_/Q (sky130_fd_sc_hd__dfxtp_2)
                                                         u_fifo.mem[14][5] (net)
                      0.026720    0.000000    0.219597 ^ _1158_/A0 (sky130_fd_sc_hd__mux2_1)
     1    0.001748    0.023469    0.064622    0.284219 ^ _1158_/X (sky130_fd_sc_hd__mux2_1)
                                                         _0135_ (net)
                      0.023469    0.000000    0.284219 ^ _1632_/D (sky130_fd_sc_hd__dfxtp_2)
                                              0.284219   data arrival time

                      0.150000    0.000000    0.000000   clock clk_10mhz (rise edge)
                                  0.000000    0.000000   clock network delay (ideal)
                                  0.250000    0.250000   clock uncertainty
                                  0.000000    0.250000   clock reconvergence pessimism
                                              0.250000 ^ _1632_/CLK (sky130_fd_sc_hd__dfxtp_2)
                                 -0.013936    0.236064   library hold time
                                              0.236064   data required time
---------------------------------------------------------------------------------------------
                                              0.236064   data required time
                                             -0.284219   data arrival time
---------------------------------------------------------------------------------------------
                                              0.048156   slack (MET)


Startpoint: _1633_ (rising edge-triggered flip-flop clocked by clk_10mhz)
Endpoint: _1633_ (rising edge-triggered flip-flop clocked by clk_10mhz)
Path Group: clk_10mhz
Path Type: min

Fanout         Cap        Slew       Delay        Time   Description
---------------------------------------------------------------------------------------------
                      0.150000    0.000000    0.000000   clock clk_10mhz (rise edge)
                                  0.000000    0.000000   clock network delay (ideal)
                      0.150000    0.000000    0.000000 ^ _1633_/CLK (sky130_fd_sc_hd__dfxtp_2)
     2    0.004164    0.026720    0.219597    0.219597 ^ _1633_/Q (sky130_fd_sc_hd__dfxtp_2)
                                                         u_fifo.mem[14][6] (net)
                      0.026720    0.000000    0.219597 ^ _1159_/A0 (sky130_fd_sc_hd__mux2_1)
     1    0.001748    0.023469    0.064622    0.284219 ^ _1159_/X (sky130_fd_sc_hd__mux2_1)
                                                         _0136_ (net)
                      0.023469    0.000000    0.284219 ^ _1633_/D (sky130_fd_sc_hd__dfxtp_2)
                                              0.284219   data arrival time

                      0.150000    0.000000    0.000000   clock clk_10mhz (rise edge)
                                  0.000000    0.000000   clock network delay (ideal)
                                  0.250000    0.250000   clock uncertainty
                                  0.000000    0.250000   clock reconvergence pessimism
                                              0.250000 ^ _1633_/CLK (sky130_fd_sc_hd__dfxtp_2)
                                 -0.013936    0.236064   library hold time
                                              0.236064   data required time
---------------------------------------------------------------------------------------------
                                              0.236064   data required time
                                             -0.284219   data arrival time
---------------------------------------------------------------------------------------------
                                              0.048156   slack (MET)


Startpoint: _1635_ (rising edge-triggered flip-flop clocked by clk_10mhz)
Endpoint: _1635_ (rising edge-triggered flip-flop clocked by clk_10mhz)
Path Group: clk_10mhz
Path Type: min

Fanout         Cap        Slew       Delay        Time   Description
---------------------------------------------------------------------------------------------
                      0.150000    0.000000    0.000000   clock clk_10mhz (rise edge)
                                  0.000000    0.000000   clock network delay (ideal)
                      0.150000    0.000000    0.000000 ^ _1635_/CLK (sky130_fd_sc_hd__dfxtp_2)
     2    0.004164    0.026720    0.219597    0.219597 ^ _1635_/Q (sky130_fd_sc_hd__dfxtp_2)
                                                         u_fifo.mem[7][0] (net)
                      0.026720    0.000000    0.219597 ^ _1163_/A0 (sky130_fd_sc_hd__mux2_1)
     1    0.001748    0.023469    0.064622    0.284219 ^ _1163_/X (sky130_fd_sc_hd__mux2_1)
                                                         _0138_ (net)
                      0.023469    0.000000    0.284219 ^ _1635_/D (sky130_fd_sc_hd__dfxtp_2)
                                              0.284219   data arrival time

                      0.150000    0.000000    0.000000   clock clk_10mhz (rise edge)
                                  0.000000    0.000000   clock network delay (ideal)
                                  0.250000    0.250000   clock uncertainty
                                  0.000000    0.250000   clock reconvergence pessimism
                                              0.250000 ^ _1635_/CLK (sky130_fd_sc_hd__dfxtp_2)
                                 -0.013936    0.236064   library hold time
                                              0.236064   data required time
---------------------------------------------------------------------------------------------
                                              0.236064   data required time
                                             -0.284219   data arrival time
---------------------------------------------------------------------------------------------
                                              0.048156   slack (MET)


Startpoint: _1638_ (rising edge-triggered flip-flop clocked by clk_10mhz)
Endpoint: _1638_ (rising edge-triggered flip-flop clocked by clk_10mhz)
Path Group: clk_10mhz
Path Type: min

Fanout         Cap        Slew       Delay        Time   Description
---------------------------------------------------------------------------------------------
                      0.150000    0.000000    0.000000   clock clk_10mhz (rise edge)
                                  0.000000    0.000000   clock network delay (ideal)
                      0.150000    0.000000    0.000000 ^ _1638_/CLK (sky130_fd_sc_hd__dfxtp_2)
     2    0.004164    0.026720    0.219597    0.219597 ^ _1638_/Q (sky130_fd_sc_hd__dfxtp_2)
                                                         u_fifo.mem[7][3] (net)
                      0.026720    0.000000    0.219597 ^ _1166_/A0 (sky130_fd_sc_hd__mux2_1)
     1    0.001748    0.023469    0.064622    0.284219 ^ _1166_/X (sky130_fd_sc_hd__mux2_1)
                                                         _0141_ (net)
                      0.023469    0.000000    0.284219 ^ _1638_/D (sky130_fd_sc_hd__dfxtp_2)
                                              0.284219   data arrival time

                      0.150000    0.000000    0.000000   clock clk_10mhz (rise edge)
                                  0.000000    0.000000   clock network delay (ideal)
                                  0.250000    0.250000   clock uncertainty
                                  0.000000    0.250000   clock reconvergence pessimism
                                              0.250000 ^ _1638_/CLK (sky130_fd_sc_hd__dfxtp_2)
                                 -0.013936    0.236064   library hold time
                                              0.236064   data required time
---------------------------------------------------------------------------------------------
                                              0.236064   data required time
                                             -0.284219   data arrival time
---------------------------------------------------------------------------------------------
                                              0.048156   slack (MET)


Startpoint: _1640_ (rising edge-triggered flip-flop clocked by clk_10mhz)
Endpoint: _1640_ (rising edge-triggered flip-flop clocked by clk_10mhz)
Path Group: clk_10mhz
Path Type: min

Fanout         Cap        Slew       Delay        Time   Description
---------------------------------------------------------------------------------------------
                      0.150000    0.000000    0.000000   clock clk_10mhz (rise edge)
                                  0.000000    0.000000   clock network delay (ideal)
                      0.150000    0.000000    0.000000 ^ _1640_/CLK (sky130_fd_sc_hd__dfxtp_2)
     2    0.004164    0.026720    0.219597    0.219597 ^ _1640_/Q (sky130_fd_sc_hd__dfxtp_2)
                                                         u_fifo.mem[7][5] (net)
                      0.026720    0.000000    0.219597 ^ _1168_/A0 (sky130_fd_sc_hd__mux2_1)
     1    0.001748    0.023469    0.064622    0.284219 ^ _1168_/X (sky130_fd_sc_hd__mux2_1)
                                                         _0143_ (net)
                      0.023469    0.000000    0.284219 ^ _1640_/D (sky130_fd_sc_hd__dfxtp_2)
                                              0.284219   data arrival time

                      0.150000    0.000000    0.000000   clock clk_10mhz (rise edge)
                                  0.000000    0.000000   clock network delay (ideal)
                                  0.250000    0.250000   clock uncertainty
                                  0.000000    0.250000   clock reconvergence pessimism
                                              0.250000 ^ _1640_/CLK (sky130_fd_sc_hd__dfxtp_2)
                                 -0.013936    0.236064   library hold time
                                              0.236064   data required time
---------------------------------------------------------------------------------------------
                                              0.236064   data required time
                                             -0.284219   data arrival time
---------------------------------------------------------------------------------------------
                                              0.048156   slack (MET)


Startpoint: _1647_ (rising edge-triggered flip-flop clocked by clk_10mhz)
Endpoint: _1647_ (rising edge-triggered flip-flop clocked by clk_10mhz)
Path Group: clk_10mhz
Path Type: min

Fanout         Cap        Slew       Delay        Time   Description
---------------------------------------------------------------------------------------------
                      0.150000    0.000000    0.000000   clock clk_10mhz (rise edge)
                                  0.000000    0.000000   clock network delay (ideal)
                      0.150000    0.000000    0.000000 ^ _1647_/CLK (sky130_fd_sc_hd__dfxtp_2)
     2    0.004164    0.026720    0.219597    0.219597 ^ _1647_/Q (sky130_fd_sc_hd__dfxtp_2)
                                                         u_fifo.mem[6][4] (net)
                      0.026720    0.000000    0.219597 ^ _1176_/A0 (sky130_fd_sc_hd__mux2_1)
     1    0.001748    0.023469    0.064622    0.284219 ^ _1176_/X (sky130_fd_sc_hd__mux2_1)
                                                         _0150_ (net)
                      0.023469    0.000000    0.284219 ^ _1647_/D (sky130_fd_sc_hd__dfxtp_2)
                                              0.284219   data arrival time

                      0.150000    0.000000    0.000000   clock clk_10mhz (rise edge)
                                  0.000000    0.000000   clock network delay (ideal)
                                  0.250000    0.250000   clock uncertainty
                                  0.000000    0.250000   clock reconvergence pessimism
                                              0.250000 ^ _1647_/CLK (sky130_fd_sc_hd__dfxtp_2)
                                 -0.013936    0.236064   library hold time
                                              0.236064   data required time
---------------------------------------------------------------------------------------------
                                              0.236064   data required time
                                             -0.284219   data arrival time
---------------------------------------------------------------------------------------------
                                              0.048156   slack (MET)


Startpoint: _1649_ (rising edge-triggered flip-flop clocked by clk_10mhz)
Endpoint: _1649_ (rising edge-triggered flip-flop clocked by clk_10mhz)
Path Group: clk_10mhz
Path Type: min

Fanout         Cap        Slew       Delay        Time   Description
---------------------------------------------------------------------------------------------
                      0.150000    0.000000    0.000000   clock clk_10mhz (rise edge)
                                  0.000000    0.000000   clock network delay (ideal)
                      0.150000    0.000000    0.000000 ^ _1649_/CLK (sky130_fd_sc_hd__dfxtp_2)
     2    0.004164    0.026720    0.219597    0.219597 ^ _1649_/Q (sky130_fd_sc_hd__dfxtp_2)
                                                         u_fifo.mem[6][6] (net)
                      0.026720    0.000000    0.219597 ^ _1178_/A0 (sky130_fd_sc_hd__mux2_1)
     1    0.001748    0.023469    0.064622    0.284219 ^ _1178_/X (sky130_fd_sc_hd__mux2_1)
                                                         _0152_ (net)
                      0.023469    0.000000    0.284219 ^ _1649_/D (sky130_fd_sc_hd__dfxtp_2)
                                              0.284219   data arrival time

                      0.150000    0.000000    0.000000   clock clk_10mhz (rise edge)
                                  0.000000    0.000000   clock network delay (ideal)
                                  0.250000    0.250000   clock uncertainty
                                  0.000000    0.250000   clock reconvergence pessimism
                                              0.250000 ^ _1649_/CLK (sky130_fd_sc_hd__dfxtp_2)
                                 -0.013936    0.236064   library hold time
                                              0.236064   data required time
---------------------------------------------------------------------------------------------
                                              0.236064   data required time
                                             -0.284219   data arrival time
---------------------------------------------------------------------------------------------
                                              0.048156   slack (MET)


Startpoint: _1650_ (rising edge-triggered flip-flop clocked by clk_10mhz)
Endpoint: _1650_ (rising edge-triggered flip-flop clocked by clk_10mhz)
Path Group: clk_10mhz
Path Type: min

Fanout         Cap        Slew       Delay        Time   Description
---------------------------------------------------------------------------------------------
                      0.150000    0.000000    0.000000   clock clk_10mhz (rise edge)
                                  0.000000    0.000000   clock network delay (ideal)
                      0.150000    0.000000    0.000000 ^ _1650_/CLK (sky130_fd_sc_hd__dfxtp_2)
     2    0.004164    0.026720    0.219597    0.219597 ^ _1650_/Q (sky130_fd_sc_hd__dfxtp_2)
                                                         u_fifo.mem[6][7] (net)
                      0.026720    0.000000    0.219597 ^ _1179_/A0 (sky130_fd_sc_hd__mux2_1)
     1    0.001748    0.023469    0.064622    0.284219 ^ _1179_/X (sky130_fd_sc_hd__mux2_1)
                                                         _0153_ (net)
                      0.023469    0.000000    0.284219 ^ _1650_/D (sky130_fd_sc_hd__dfxtp_2)
                                              0.284219   data arrival time

                      0.150000    0.000000    0.000000   clock clk_10mhz (rise edge)
                                  0.000000    0.000000   clock network delay (ideal)
                                  0.250000    0.250000   clock uncertainty
                                  0.000000    0.250000   clock reconvergence pessimism
                                              0.250000 ^ _1650_/CLK (sky130_fd_sc_hd__dfxtp_2)
                                 -0.013936    0.236064   library hold time
                                              0.236064   data required time
---------------------------------------------------------------------------------------------
                                              0.236064   data required time
                                             -0.284219   data arrival time
---------------------------------------------------------------------------------------------
                                              0.048156   slack (MET)


Startpoint: _1655_ (rising edge-triggered flip-flop clocked by clk_10mhz)
Endpoint: _1655_ (rising edge-triggered flip-flop clocked by clk_10mhz)
Path Group: clk_10mhz
Path Type: min

Fanout         Cap        Slew       Delay        Time   Description
---------------------------------------------------------------------------------------------
                      0.150000    0.000000    0.000000   clock clk_10mhz (rise edge)
                                  0.000000    0.000000   clock network delay (ideal)
                      0.150000    0.000000    0.000000 ^ _1655_/CLK (sky130_fd_sc_hd__dfxtp_2)
     2    0.004164    0.026720    0.219597    0.219597 ^ _1655_/Q (sky130_fd_sc_hd__dfxtp_2)
                                                         u_fifo.mem[5][4] (net)
                      0.026720    0.000000    0.219597 ^ _1185_/A0 (sky130_fd_sc_hd__mux2_1)
     1    0.001748    0.023469    0.064622    0.284219 ^ _1185_/X (sky130_fd_sc_hd__mux2_1)
                                                         _0158_ (net)
                      0.023469    0.000000    0.284219 ^ _1655_/D (sky130_fd_sc_hd__dfxtp_2)
                                              0.284219   data arrival time

                      0.150000    0.000000    0.000000   clock clk_10mhz (rise edge)
                                  0.000000    0.000000   clock network delay (ideal)
                                  0.250000    0.250000   clock uncertainty
                                  0.000000    0.250000   clock reconvergence pessimism
                                              0.250000 ^ _1655_/CLK (sky130_fd_sc_hd__dfxtp_2)
                                 -0.013936    0.236064   library hold time
                                              0.236064   data required time
---------------------------------------------------------------------------------------------
                                              0.236064   data required time
                                             -0.284219   data arrival time
---------------------------------------------------------------------------------------------
                                              0.048156   slack (MET)


Startpoint: _1657_ (rising edge-triggered flip-flop clocked by clk_10mhz)
Endpoint: _1657_ (rising edge-triggered flip-flop clocked by clk_10mhz)
Path Group: clk_10mhz
Path Type: min

Fanout         Cap        Slew       Delay        Time   Description
---------------------------------------------------------------------------------------------
                      0.150000    0.000000    0.000000   clock clk_10mhz (rise edge)
                                  0.000000    0.000000   clock network delay (ideal)
                      0.150000    0.000000    0.000000 ^ _1657_/CLK (sky130_fd_sc_hd__dfxtp_2)
     2    0.004164    0.026720    0.219597    0.219597 ^ _1657_/Q (sky130_fd_sc_hd__dfxtp_2)
                                                         u_fifo.mem[5][6] (net)
                      0.026720    0.000000    0.219597 ^ _1187_/A0 (sky130_fd_sc_hd__mux2_1)
     1    0.001748    0.023469    0.064622    0.284219 ^ _1187_/X (sky130_fd_sc_hd__mux2_1)
                                                         _0160_ (net)
                      0.023469    0.000000    0.284219 ^ _1657_/D (sky130_fd_sc_hd__dfxtp_2)
                                              0.284219   data arrival time

                      0.150000    0.000000    0.000000   clock clk_10mhz (rise edge)
                                  0.000000    0.000000   clock network delay (ideal)
                                  0.250000    0.250000   clock uncertainty
                                  0.000000    0.250000   clock reconvergence pessimism
                                              0.250000 ^ _1657_/CLK (sky130_fd_sc_hd__dfxtp_2)
                                 -0.013936    0.236064   library hold time
                                              0.236064   data required time
---------------------------------------------------------------------------------------------
                                              0.236064   data required time
                                             -0.284219   data arrival time
---------------------------------------------------------------------------------------------
                                              0.048156   slack (MET)


Startpoint: _1677_ (rising edge-triggered flip-flop clocked by clk_10mhz)
Endpoint: _1677_ (rising edge-triggered flip-flop clocked by clk_10mhz)
Path Group: clk_10mhz
Path Type: min

Fanout         Cap        Slew       Delay        Time   Description
---------------------------------------------------------------------------------------------
                      0.150000    0.000000    0.000000   clock clk_10mhz (rise edge)
                                  0.000000    0.000000   clock network delay (ideal)
                      0.150000    0.000000    0.000000 ^ _1677_/CLK (sky130_fd_sc_hd__dfxtp_2)
     2    0.004164    0.026720    0.219597    0.219597 ^ _1677_/Q (sky130_fd_sc_hd__dfxtp_2)
                                                         u_fifo.mem[12][2] (net)
                      0.026720    0.000000    0.219597 ^ _1211_/A0 (sky130_fd_sc_hd__mux2_1)
     1    0.001748    0.023469    0.064622    0.284219 ^ _1211_/X (sky130_fd_sc_hd__mux2_1)
                                                         _0180_ (net)
                      0.023469    0.000000    0.284219 ^ _1677_/D (sky130_fd_sc_hd__dfxtp_2)
                                              0.284219   data arrival time

                      0.150000    0.000000    0.000000   clock clk_10mhz (rise edge)
                                  0.000000    0.000000   clock network delay (ideal)
                                  0.250000    0.250000   clock uncertainty
                                  0.000000    0.250000   clock reconvergence pessimism
                                              0.250000 ^ _1677_/CLK (sky130_fd_sc_hd__dfxtp_2)
                                 -0.013936    0.236064   library hold time
                                              0.236064   data required time
---------------------------------------------------------------------------------------------
                                              0.236064   data required time
                                             -0.284219   data arrival time
---------------------------------------------------------------------------------------------
                                              0.048156   slack (MET)


Startpoint: _1678_ (rising edge-triggered flip-flop clocked by clk_10mhz)
Endpoint: _1678_ (rising edge-triggered flip-flop clocked by clk_10mhz)
Path Group: clk_10mhz
Path Type: min

Fanout         Cap        Slew       Delay        Time   Description
---------------------------------------------------------------------------------------------
                      0.150000    0.000000    0.000000   clock clk_10mhz (rise edge)
                                  0.000000    0.000000   clock network delay (ideal)
                      0.150000    0.000000    0.000000 ^ _1678_/CLK (sky130_fd_sc_hd__dfxtp_2)
     2    0.004164    0.026720    0.219597    0.219597 ^ _1678_/Q (sky130_fd_sc_hd__dfxtp_2)
                                                         u_fifo.mem[12][3] (net)
                      0.026720    0.000000    0.219597 ^ _1212_/A0 (sky130_fd_sc_hd__mux2_1)
     1    0.001748    0.023469    0.064622    0.284219 ^ _1212_/X (sky130_fd_sc_hd__mux2_1)
                                                         _0181_ (net)
                      0.023469    0.000000    0.284219 ^ _1678_/D (sky130_fd_sc_hd__dfxtp_2)
                                              0.284219   data arrival time

                      0.150000    0.000000    0.000000   clock clk_10mhz (rise edge)
                                  0.000000    0.000000   clock network delay (ideal)
                                  0.250000    0.250000   clock uncertainty
                                  0.000000    0.250000   clock reconvergence pessimism
                                              0.250000 ^ _1678_/CLK (sky130_fd_sc_hd__dfxtp_2)
                                 -0.013936    0.236064   library hold time
                                              0.236064   data required time
---------------------------------------------------------------------------------------------
                                              0.236064   data required time
                                             -0.284219   data arrival time
---------------------------------------------------------------------------------------------
                                              0.048156   slack (MET)


Startpoint: _1680_ (rising edge-triggered flip-flop clocked by clk_10mhz)
Endpoint: _1680_ (rising edge-triggered flip-flop clocked by clk_10mhz)
Path Group: clk_10mhz
Path Type: min

Fanout         Cap        Slew       Delay        Time   Description
---------------------------------------------------------------------------------------------
                      0.150000    0.000000    0.000000   clock clk_10mhz (rise edge)
                                  0.000000    0.000000   clock network delay (ideal)
                      0.150000    0.000000    0.000000 ^ _1680_/CLK (sky130_fd_sc_hd__dfxtp_2)
     2    0.004164    0.026720    0.219597    0.219597 ^ _1680_/Q (sky130_fd_sc_hd__dfxtp_2)
                                                         u_fifo.mem[12][5] (net)
                      0.026720    0.000000    0.219597 ^ _1214_/A0 (sky130_fd_sc_hd__mux2_1)
     1    0.001748    0.023469    0.064622    0.284219 ^ _1214_/X (sky130_fd_sc_hd__mux2_1)
                                                         _0183_ (net)
                      0.023469    0.000000    0.284219 ^ _1680_/D (sky130_fd_sc_hd__dfxtp_2)
                                              0.284219   data arrival time

                      0.150000    0.000000    0.000000   clock clk_10mhz (rise edge)
                                  0.000000    0.000000   clock network delay (ideal)
                                  0.250000    0.250000   clock uncertainty
                                  0.000000    0.250000   clock reconvergence pessimism
                                              0.250000 ^ _1680_/CLK (sky130_fd_sc_hd__dfxtp_2)
                                 -0.013936    0.236064   library hold time
                                              0.236064   data required time
---------------------------------------------------------------------------------------------
                                              0.236064   data required time
                                             -0.284219   data arrival time
---------------------------------------------------------------------------------------------
                                              0.048156   slack (MET)


Startpoint: _1682_ (rising edge-triggered flip-flop clocked by clk_10mhz)
Endpoint: _1682_ (rising edge-triggered flip-flop clocked by clk_10mhz)
Path Group: clk_10mhz
Path Type: min

Fanout         Cap        Slew       Delay        Time   Description
---------------------------------------------------------------------------------------------
                      0.150000    0.000000    0.000000   clock clk_10mhz (rise edge)
                                  0.000000    0.000000   clock network delay (ideal)
                      0.150000    0.000000    0.000000 ^ _1682_/CLK (sky130_fd_sc_hd__dfxtp_2)
     2    0.004164    0.026720    0.219597    0.219597 ^ _1682_/Q (sky130_fd_sc_hd__dfxtp_2)
                                                         u_fifo.mem[12][7] (net)
                      0.026720    0.000000    0.219597 ^ _1216_/A0 (sky130_fd_sc_hd__mux2_1)
     1    0.001748    0.023469    0.064622    0.284219 ^ _1216_/X (sky130_fd_sc_hd__mux2_1)
                                                         _0185_ (net)
                      0.023469    0.000000    0.284219 ^ _1682_/D (sky130_fd_sc_hd__dfxtp_2)
                                              0.284219   data arrival time

                      0.150000    0.000000    0.000000   clock clk_10mhz (rise edge)
                                  0.000000    0.000000   clock network delay (ideal)
                                  0.250000    0.250000   clock uncertainty
                                  0.000000    0.250000   clock reconvergence pessimism
                                              0.250000 ^ _1682_/CLK (sky130_fd_sc_hd__dfxtp_2)
                                 -0.013936    0.236064   library hold time
                                              0.236064   data required time
---------------------------------------------------------------------------------------------
                                              0.236064   data required time
                                             -0.284219   data arrival time
---------------------------------------------------------------------------------------------
                                              0.048156   slack (MET)


Startpoint: _1691_ (rising edge-triggered flip-flop clocked by clk_10mhz)
Endpoint: _1691_ (rising edge-triggered flip-flop clocked by clk_10mhz)
Path Group: clk_10mhz
Path Type: min

Fanout         Cap        Slew       Delay        Time   Description
---------------------------------------------------------------------------------------------
                      0.150000    0.000000    0.000000   clock clk_10mhz (rise edge)
                                  0.000000    0.000000   clock network delay (ideal)
                      0.150000    0.000000    0.000000 ^ _1691_/CLK (sky130_fd_sc_hd__dfxtp_2)
     2    0.004164    0.026720    0.219597    0.219597 ^ _1691_/Q (sky130_fd_sc_hd__dfxtp_2)
                                                         u_fifo.mem[1][0] (net)
                      0.026720    0.000000    0.219597 ^ _1227_/A0 (sky130_fd_sc_hd__mux2_1)
     1    0.001748    0.023469    0.064622    0.284219 ^ _1227_/X (sky130_fd_sc_hd__mux2_1)
                                                         _0194_ (net)
                      0.023469    0.000000    0.284219 ^ _1691_/D (sky130_fd_sc_hd__dfxtp_2)
                                              0.284219   data arrival time

                      0.150000    0.000000    0.000000   clock clk_10mhz (rise edge)
                                  0.000000    0.000000   clock network delay (ideal)
                                  0.250000    0.250000   clock uncertainty
                                  0.000000    0.250000   clock reconvergence pessimism
                                              0.250000 ^ _1691_/CLK (sky130_fd_sc_hd__dfxtp_2)
                                 -0.013936    0.236064   library hold time
                                              0.236064   data required time
---------------------------------------------------------------------------------------------
                                              0.236064   data required time
                                             -0.284219   data arrival time
---------------------------------------------------------------------------------------------
                                              0.048156   slack (MET)


Startpoint: _1692_ (rising edge-triggered flip-flop clocked by clk_10mhz)
Endpoint: _1692_ (rising edge-triggered flip-flop clocked by clk_10mhz)
Path Group: clk_10mhz
Path Type: min

Fanout         Cap        Slew       Delay        Time   Description
---------------------------------------------------------------------------------------------
                      0.150000    0.000000    0.000000   clock clk_10mhz (rise edge)
                                  0.000000    0.000000   clock network delay (ideal)
                      0.150000    0.000000    0.000000 ^ _1692_/CLK (sky130_fd_sc_hd__dfxtp_2)
     2    0.004164    0.026720    0.219597    0.219597 ^ _1692_/Q (sky130_fd_sc_hd__dfxtp_2)
                                                         u_fifo.mem[1][1] (net)
                      0.026720    0.000000    0.219597 ^ _1228_/A0 (sky130_fd_sc_hd__mux2_1)
     1    0.001748    0.023469    0.064622    0.284219 ^ _1228_/X (sky130_fd_sc_hd__mux2_1)
                                                         _0195_ (net)
                      0.023469    0.000000    0.284219 ^ _1692_/D (sky130_fd_sc_hd__dfxtp_2)
                                              0.284219   data arrival time

                      0.150000    0.000000    0.000000   clock clk_10mhz (rise edge)
                                  0.000000    0.000000   clock network delay (ideal)
                                  0.250000    0.250000   clock uncertainty
                                  0.000000    0.250000   clock reconvergence pessimism
                                              0.250000 ^ _1692_/CLK (sky130_fd_sc_hd__dfxtp_2)
                                 -0.013936    0.236064   library hold time
                                              0.236064   data required time
---------------------------------------------------------------------------------------------
                                              0.236064   data required time
                                             -0.284219   data arrival time
---------------------------------------------------------------------------------------------
                                              0.048156   slack (MET)


Startpoint: _1693_ (rising edge-triggered flip-flop clocked by clk_10mhz)
Endpoint: _1693_ (rising edge-triggered flip-flop clocked by clk_10mhz)
Path Group: clk_10mhz
Path Type: min

Fanout         Cap        Slew       Delay        Time   Description
---------------------------------------------------------------------------------------------
                      0.150000    0.000000    0.000000   clock clk_10mhz (rise edge)
                                  0.000000    0.000000   clock network delay (ideal)
                      0.150000    0.000000    0.000000 ^ _1693_/CLK (sky130_fd_sc_hd__dfxtp_2)
     2    0.004164    0.026720    0.219597    0.219597 ^ _1693_/Q (sky130_fd_sc_hd__dfxtp_2)
                                                         u_fifo.mem[1][2] (net)
                      0.026720    0.000000    0.219597 ^ _1229_/A0 (sky130_fd_sc_hd__mux2_1)
     1    0.001748    0.023469    0.064622    0.284219 ^ _1229_/X (sky130_fd_sc_hd__mux2_1)
                                                         _0196_ (net)
                      0.023469    0.000000    0.284219 ^ _1693_/D (sky130_fd_sc_hd__dfxtp_2)
                                              0.284219   data arrival time

                      0.150000    0.000000    0.000000   clock clk_10mhz (rise edge)
                                  0.000000    0.000000   clock network delay (ideal)
                                  0.250000    0.250000   clock uncertainty
                                  0.000000    0.250000   clock reconvergence pessimism
                                              0.250000 ^ _1693_/CLK (sky130_fd_sc_hd__dfxtp_2)
                                 -0.013936    0.236064   library hold time
                                              0.236064   data required time
---------------------------------------------------------------------------------------------
                                              0.236064   data required time
                                             -0.284219   data arrival time
---------------------------------------------------------------------------------------------
                                              0.048156   slack (MET)


Startpoint: _1610_ (rising edge-triggered flip-flop clocked by clk_10mhz)
Endpoint: _1610_ (rising edge-triggered flip-flop clocked by clk_10mhz)
Path Group: clk_10mhz
Path Type: min

Fanout         Cap        Slew       Delay        Time   Description
---------------------------------------------------------------------------------------------
                      0.150000    0.000000    0.000000   clock clk_10mhz (rise edge)
                                  0.000000    0.000000   clock network delay (ideal)
                      0.150000    0.000000    0.000000 ^ _1610_/CLK (sky130_fd_sc_hd__dfxtp_2)
     2    0.004182    0.026777    0.219655    0.219655 ^ _1610_/Q (sky130_fd_sc_hd__dfxtp_2)
                                                         u_fifo.mem[10][7] (net)
                      0.026777    0.000000    0.219655 ^ _1131_/A0 (sky130_fd_sc_hd__mux2_1)
     1    0.001748    0.023469    0.064639    0.284293 ^ _1131_/X (sky130_fd_sc_hd__mux2_1)
                                                         _0113_ (net)
                      0.023469    0.000000    0.284293 ^ _1610_/D (sky130_fd_sc_hd__dfxtp_2)
                                              0.284293   data arrival time

                      0.150000    0.000000    0.000000   clock clk_10mhz (rise edge)
                                  0.000000    0.000000   clock network delay (ideal)
                                  0.250000    0.250000   clock uncertainty
                                  0.000000    0.250000   clock reconvergence pessimism
                                              0.250000 ^ _1610_/CLK (sky130_fd_sc_hd__dfxtp_2)
                                 -0.013936    0.236064   library hold time
                                              0.236064   data required time
---------------------------------------------------------------------------------------------
                                              0.236064   data required time
                                             -0.284293   data arrival time
---------------------------------------------------------------------------------------------
                                              0.048229   slack (MET)


Startpoint: _1665_ (rising edge-triggered flip-flop clocked by clk_10mhz)
Endpoint: _1665_ (rising edge-triggered flip-flop clocked by clk_10mhz)
Path Group: clk_10mhz
Path Type: min

Fanout         Cap        Slew       Delay        Time   Description
---------------------------------------------------------------------------------------------
                      0.150000    0.000000    0.000000   clock clk_10mhz (rise edge)
                                  0.000000    0.000000   clock network delay (ideal)
                      0.150000    0.000000    0.000000 ^ _1665_/CLK (sky130_fd_sc_hd__dfxtp_2)
     2    0.004182    0.026777    0.219655    0.219655 ^ _1665_/Q (sky130_fd_sc_hd__dfxtp_2)
                                                         u_fifo.mem[4][6] (net)
                      0.026777    0.000000    0.219655 ^ _1196_/A0 (sky130_fd_sc_hd__mux2_1)
     1    0.001748    0.023469    0.064639    0.284293 ^ _1196_/X (sky130_fd_sc_hd__mux2_1)
                                                         _0168_ (net)
                      0.023469    0.000000    0.284293 ^ _1665_/D (sky130_fd_sc_hd__dfxtp_2)
                                              0.284293   data arrival time

                      0.150000    0.000000    0.000000   clock clk_10mhz (rise edge)
                                  0.000000    0.000000   clock network delay (ideal)
                                  0.250000    0.250000   clock uncertainty
                                  0.000000    0.250000   clock reconvergence pessimism
                                              0.250000 ^ _1665_/CLK (sky130_fd_sc_hd__dfxtp_2)
                                 -0.013936    0.236064   library hold time
                                              0.236064   data required time
---------------------------------------------------------------------------------------------
                                              0.236064   data required time
                                             -0.284293   data arrival time
---------------------------------------------------------------------------------------------
                                              0.048229   slack (MET)


Startpoint: _1671_ (rising edge-triggered flip-flop clocked by clk_10mhz)
Endpoint: _1671_ (rising edge-triggered flip-flop clocked by clk_10mhz)
Path Group: clk_10mhz
Path Type: min

Fanout         Cap        Slew       Delay        Time   Description
---------------------------------------------------------------------------------------------
                      0.150000    0.000000    0.000000   clock clk_10mhz (rise edge)
                                  0.000000    0.000000   clock network delay (ideal)
                      0.150000    0.000000    0.000000 ^ _1671_/CLK (sky130_fd_sc_hd__dfxtp_2)
     2    0.004182    0.026777    0.219655    0.219655 ^ _1671_/Q (sky130_fd_sc_hd__dfxtp_2)
                                                         u_fifo.mem[3][4] (net)
                      0.026777    0.000000    0.219655 ^ _1204_/A0 (sky130_fd_sc_hd__mux2_1)
     1    0.001748    0.023469    0.064639    0.284293 ^ _1204_/X (sky130_fd_sc_hd__mux2_1)
                                                         _0174_ (net)
                      0.023469    0.000000    0.284293 ^ _1671_/D (sky130_fd_sc_hd__dfxtp_2)
                                              0.284293   data arrival time

                      0.150000    0.000000    0.000000   clock clk_10mhz (rise edge)
                                  0.000000    0.000000   clock network delay (ideal)
                                  0.250000    0.250000   clock uncertainty
                                  0.000000    0.250000   clock reconvergence pessimism
                                              0.250000 ^ _1671_/CLK (sky130_fd_sc_hd__dfxtp_2)
                                 -0.013936    0.236064   library hold time
                                              0.236064   data required time
---------------------------------------------------------------------------------------------
                                              0.236064   data required time
                                             -0.284293   data arrival time
---------------------------------------------------------------------------------------------
                                              0.048229   slack (MET)


Startpoint: _1605_ (rising edge-triggered flip-flop clocked by clk_10mhz)
Endpoint: _1605_ (rising edge-triggered flip-flop clocked by clk_10mhz)
Path Group: clk_10mhz
Path Type: min

Fanout         Cap        Slew       Delay        Time   Description
---------------------------------------------------------------------------------------------
                      0.150000    0.000000    0.000000   clock clk_10mhz (rise edge)
                                  0.000000    0.000000   clock network delay (ideal)
                      0.150000    0.000000    0.000000 ^ _1605_/CLK (sky130_fd_sc_hd__dfxtp_2)
     2    0.004213    0.026876    0.219754    0.219754 ^ _1605_/Q (sky130_fd_sc_hd__dfxtp_2)
                                                         u_fifo.mem[10][2] (net)
                      0.026876    0.000000    0.219754 ^ _1126_/A0 (sky130_fd_sc_hd__mux2_1)
     1    0.001748    0.023469    0.064666    0.284420 ^ _1126_/X (sky130_fd_sc_hd__mux2_1)
                                                         _0108_ (net)
                      0.023469    0.000000    0.284420 ^ _1605_/D (sky130_fd_sc_hd__dfxtp_2)
                                              0.284420   data arrival time

                      0.150000    0.000000    0.000000   clock clk_10mhz (rise edge)
                                  0.000000    0.000000   clock network delay (ideal)
                                  0.250000    0.250000   clock uncertainty
                                  0.000000    0.250000   clock reconvergence pessimism
                                              0.250000 ^ _1605_/CLK (sky130_fd_sc_hd__dfxtp_2)
                                 -0.013936    0.236064   library hold time
                                              0.236064   data required time
---------------------------------------------------------------------------------------------
                                              0.236064   data required time
                                             -0.284420   data arrival time
---------------------------------------------------------------------------------------------
                                              0.048356   slack (MET)


Startpoint: _1606_ (rising edge-triggered flip-flop clocked by clk_10mhz)
Endpoint: _1606_ (rising edge-triggered flip-flop clocked by clk_10mhz)
Path Group: clk_10mhz
Path Type: min

Fanout         Cap        Slew       Delay        Time   Description
---------------------------------------------------------------------------------------------
                      0.150000    0.000000    0.000000   clock clk_10mhz (rise edge)
                                  0.000000    0.000000   clock network delay (ideal)
                      0.150000    0.000000    0.000000 ^ _1606_/CLK (sky130_fd_sc_hd__dfxtp_2)
     2    0.004213    0.026876    0.219754    0.219754 ^ _1606_/Q (sky130_fd_sc_hd__dfxtp_2)
                                                         u_fifo.mem[10][3] (net)
                      0.026876    0.000000    0.219754 ^ _1127_/A0 (sky130_fd_sc_hd__mux2_1)
     1    0.001748    0.023469    0.064666    0.284420 ^ _1127_/X (sky130_fd_sc_hd__mux2_1)
                                                         _0109_ (net)
                      0.023469    0.000000    0.284420 ^ _1606_/D (sky130_fd_sc_hd__dfxtp_2)
                                              0.284420   data arrival time

                      0.150000    0.000000    0.000000   clock clk_10mhz (rise edge)
                                  0.000000    0.000000   clock network delay (ideal)
                                  0.250000    0.250000   clock uncertainty
                                  0.000000    0.250000   clock reconvergence pessimism
                                              0.250000 ^ _1606_/CLK (sky130_fd_sc_hd__dfxtp_2)
                                 -0.013936    0.236064   library hold time
                                              0.236064   data required time
---------------------------------------------------------------------------------------------
                                              0.236064   data required time
                                             -0.284420   data arrival time
---------------------------------------------------------------------------------------------
                                              0.048356   slack (MET)


Startpoint: _1625_ (rising edge-triggered flip-flop clocked by clk_10mhz)
Endpoint: _1625_ (rising edge-triggered flip-flop clocked by clk_10mhz)
Path Group: clk_10mhz
Path Type: min

Fanout         Cap        Slew       Delay        Time   Description
---------------------------------------------------------------------------------------------
                      0.150000    0.000000    0.000000   clock clk_10mhz (rise edge)
                                  0.000000    0.000000   clock network delay (ideal)
                      0.150000    0.000000    0.000000 ^ _1625_/CLK (sky130_fd_sc_hd__dfxtp_2)
     2    0.004213    0.026876    0.219754    0.219754 ^ _1625_/Q (sky130_fd_sc_hd__dfxtp_2)
                                                         u_fifo.mem[8][6] (net)
                      0.026876    0.000000    0.219754 ^ _1150_/A0 (sky130_fd_sc_hd__mux2_1)
     1    0.001748    0.023469    0.064666    0.284420 ^ _1150_/X (sky130_fd_sc_hd__mux2_1)
                                                         _0128_ (net)
                      0.023469    0.000000    0.284420 ^ _1625_/D (sky130_fd_sc_hd__dfxtp_2)
                                              0.284420   data arrival time

                      0.150000    0.000000    0.000000   clock clk_10mhz (rise edge)
                                  0.000000    0.000000   clock network delay (ideal)
                                  0.250000    0.250000   clock uncertainty
                                  0.000000    0.250000   clock reconvergence pessimism
                                              0.250000 ^ _1625_/CLK (sky130_fd_sc_hd__dfxtp_2)
                                 -0.013936    0.236064   library hold time
                                              0.236064   data required time
---------------------------------------------------------------------------------------------
                                              0.236064   data required time
                                             -0.284420   data arrival time
---------------------------------------------------------------------------------------------
                                              0.048356   slack (MET)


Startpoint: _1634_ (rising edge-triggered flip-flop clocked by clk_10mhz)
Endpoint: _1634_ (rising edge-triggered flip-flop clocked by clk_10mhz)
Path Group: clk_10mhz
Path Type: min

Fanout         Cap        Slew       Delay        Time   Description
---------------------------------------------------------------------------------------------
                      0.150000    0.000000    0.000000   clock clk_10mhz (rise edge)
                                  0.000000    0.000000   clock network delay (ideal)
                      0.150000    0.000000    0.000000 ^ _1634_/CLK (sky130_fd_sc_hd__dfxtp_2)
     2    0.004213    0.026876    0.219754    0.219754 ^ _1634_/Q (sky130_fd_sc_hd__dfxtp_2)
                                                         u_fifo.mem[14][7] (net)
                      0.026876    0.000000    0.219754 ^ _1160_/A0 (sky130_fd_sc_hd__mux2_1)
     1    0.001748    0.023469    0.064666    0.284420 ^ _1160_/X (sky130_fd_sc_hd__mux2_1)
                                                         _0137_ (net)
                      0.023469    0.000000    0.284420 ^ _1634_/D (sky130_fd_sc_hd__dfxtp_2)
                                              0.284420   data arrival time

                      0.150000    0.000000    0.000000   clock clk_10mhz (rise edge)
                                  0.000000    0.000000   clock network delay (ideal)
                                  0.250000    0.250000   clock uncertainty
                                  0.000000    0.250000   clock reconvergence pessimism
                                              0.250000 ^ _1634_/CLK (sky130_fd_sc_hd__dfxtp_2)
                                 -0.013936    0.236064   library hold time
                                              0.236064   data required time
---------------------------------------------------------------------------------------------
                                              0.236064   data required time
                                             -0.284420   data arrival time
---------------------------------------------------------------------------------------------
                                              0.048356   slack (MET)


Startpoint: _1636_ (rising edge-triggered flip-flop clocked by clk_10mhz)
Endpoint: _1636_ (rising edge-triggered flip-flop clocked by clk_10mhz)
Path Group: clk_10mhz
Path Type: min

Fanout         Cap        Slew       Delay        Time   Description
---------------------------------------------------------------------------------------------
                      0.150000    0.000000    0.000000   clock clk_10mhz (rise edge)
                                  0.000000    0.000000   clock network delay (ideal)
                      0.150000    0.000000    0.000000 ^ _1636_/CLK (sky130_fd_sc_hd__dfxtp_2)
     2    0.004213    0.026876    0.219754    0.219754 ^ _1636_/Q (sky130_fd_sc_hd__dfxtp_2)
                                                         u_fifo.mem[7][1] (net)
                      0.026876    0.000000    0.219754 ^ _1164_/A0 (sky130_fd_sc_hd__mux2_1)
     1    0.001748    0.023469    0.064666    0.284420 ^ _1164_/X (sky130_fd_sc_hd__mux2_1)
                                                         _0139_ (net)
                      0.023469    0.000000    0.284420 ^ _1636_/D (sky130_fd_sc_hd__dfxtp_2)
                                              0.284420   data arrival time

                      0.150000    0.000000    0.000000   clock clk_10mhz (rise edge)
                                  0.000000    0.000000   clock network delay (ideal)
                                  0.250000    0.250000   clock uncertainty
                                  0.000000    0.250000   clock reconvergence pessimism
                                              0.250000 ^ _1636_/CLK (sky130_fd_sc_hd__dfxtp_2)
                                 -0.013936    0.236064   library hold time
                                              0.236064   data required time
---------------------------------------------------------------------------------------------
                                              0.236064   data required time
                                             -0.284420   data arrival time
---------------------------------------------------------------------------------------------
                                              0.048356   slack (MET)


Startpoint: _1637_ (rising edge-triggered flip-flop clocked by clk_10mhz)
Endpoint: _1637_ (rising edge-triggered flip-flop clocked by clk_10mhz)
Path Group: clk_10mhz
Path Type: min

Fanout         Cap        Slew       Delay        Time   Description
---------------------------------------------------------------------------------------------
                      0.150000    0.000000    0.000000   clock clk_10mhz (rise edge)
                                  0.000000    0.000000   clock network delay (ideal)
                      0.150000    0.000000    0.000000 ^ _1637_/CLK (sky130_fd_sc_hd__dfxtp_2)
     2    0.004213    0.026876    0.219754    0.219754 ^ _1637_/Q (sky130_fd_sc_hd__dfxtp_2)
                                                         u_fifo.mem[7][2] (net)
                      0.026876    0.000000    0.219754 ^ _1165_/A0 (sky130_fd_sc_hd__mux2_1)
     1    0.001748    0.023469    0.064666    0.284420 ^ _1165_/X (sky130_fd_sc_hd__mux2_1)
                                                         _0140_ (net)
                      0.023469    0.000000    0.284420 ^ _1637_/D (sky130_fd_sc_hd__dfxtp_2)
                                              0.284420   data arrival time

                      0.150000    0.000000    0.000000   clock clk_10mhz (rise edge)
                                  0.000000    0.000000   clock network delay (ideal)
                                  0.250000    0.250000   clock uncertainty
                                  0.000000    0.250000   clock reconvergence pessimism
                                              0.250000 ^ _1637_/CLK (sky130_fd_sc_hd__dfxtp_2)
                                 -0.013936    0.236064   library hold time
                                              0.236064   data required time
---------------------------------------------------------------------------------------------
                                              0.236064   data required time
                                             -0.284420   data arrival time
---------------------------------------------------------------------------------------------
                                              0.048356   slack (MET)


Startpoint: _1651_ (rising edge-triggered flip-flop clocked by clk_10mhz)
Endpoint: _1651_ (rising edge-triggered flip-flop clocked by clk_10mhz)
Path Group: clk_10mhz
Path Type: min

Fanout         Cap        Slew       Delay        Time   Description
---------------------------------------------------------------------------------------------
                      0.150000    0.000000    0.000000   clock clk_10mhz (rise edge)
                                  0.000000    0.000000   clock network delay (ideal)
                      0.150000    0.000000    0.000000 ^ _1651_/CLK (sky130_fd_sc_hd__dfxtp_2)
     2    0.004213    0.026876    0.219754    0.219754 ^ _1651_/Q (sky130_fd_sc_hd__dfxtp_2)
                                                         u_fifo.mem[5][0] (net)
                      0.026876    0.000000    0.219754 ^ _1181_/A0 (sky130_fd_sc_hd__mux2_1)
     1    0.001748    0.023469    0.064666    0.284420 ^ _1181_/X (sky130_fd_sc_hd__mux2_1)
                                                         _0154_ (net)
                      0.023469    0.000000    0.284420 ^ _1651_/D (sky130_fd_sc_hd__dfxtp_2)
                                              0.284420   data arrival time

                      0.150000    0.000000    0.000000   clock clk_10mhz (rise edge)
                                  0.000000    0.000000   clock network delay (ideal)
                                  0.250000    0.250000   clock uncertainty
                                  0.000000    0.250000   clock reconvergence pessimism
                                              0.250000 ^ _1651_/CLK (sky130_fd_sc_hd__dfxtp_2)
                                 -0.013936    0.236064   library hold time
                                              0.236064   data required time
---------------------------------------------------------------------------------------------
                                              0.236064   data required time
                                             -0.284420   data arrival time
---------------------------------------------------------------------------------------------
                                              0.048356   slack (MET)


Startpoint: _1656_ (rising edge-triggered flip-flop clocked by clk_10mhz)
Endpoint: _1656_ (rising edge-triggered flip-flop clocked by clk_10mhz)
Path Group: clk_10mhz
Path Type: min

Fanout         Cap        Slew       Delay        Time   Description
---------------------------------------------------------------------------------------------
                      0.150000    0.000000    0.000000   clock clk_10mhz (rise edge)
                                  0.000000    0.000000   clock network delay (ideal)
                      0.150000    0.000000    0.000000 ^ _1656_/CLK (sky130_fd_sc_hd__dfxtp_2)
     2    0.004213    0.026876    0.219754    0.219754 ^ _1656_/Q (sky130_fd_sc_hd__dfxtp_2)
                                                         u_fifo.mem[5][5] (net)
                      0.026876    0.000000    0.219754 ^ _1186_/A0 (sky130_fd_sc_hd__mux2_1)
     1    0.001748    0.023469    0.064666    0.284420 ^ _1186_/X (sky130_fd_sc_hd__mux2_1)
                                                         _0159_ (net)
                      0.023469    0.000000    0.284420 ^ _1656_/D (sky130_fd_sc_hd__dfxtp_2)
                                              0.284420   data arrival time

                      0.150000    0.000000    0.000000   clock clk_10mhz (rise edge)
                                  0.000000    0.000000   clock network delay (ideal)
                                  0.250000    0.250000   clock uncertainty
                                  0.000000    0.250000   clock reconvergence pessimism
                                              0.250000 ^ _1656_/CLK (sky130_fd_sc_hd__dfxtp_2)
                                 -0.013936    0.236064   library hold time
                                              0.236064   data required time
---------------------------------------------------------------------------------------------
                                              0.236064   data required time
                                             -0.284420   data arrival time
---------------------------------------------------------------------------------------------
                                              0.048356   slack (MET)


Startpoint: _1663_ (rising edge-triggered flip-flop clocked by clk_10mhz)
Endpoint: _1663_ (rising edge-triggered flip-flop clocked by clk_10mhz)
Path Group: clk_10mhz
Path Type: min

Fanout         Cap        Slew       Delay        Time   Description
---------------------------------------------------------------------------------------------
                      0.150000    0.000000    0.000000   clock clk_10mhz (rise edge)
                                  0.000000    0.000000   clock network delay (ideal)
                      0.150000    0.000000    0.000000 ^ _1663_/CLK (sky130_fd_sc_hd__dfxtp_2)
     2    0.004213    0.026876    0.219754    0.219754 ^ _1663_/Q (sky130_fd_sc_hd__dfxtp_2)
                                                         u_fifo.mem[4][4] (net)
                      0.026876    0.000000    0.219754 ^ _1194_/A0 (sky130_fd_sc_hd__mux2_1)
     1    0.001748    0.023469    0.064666    0.284420 ^ _1194_/X (sky130_fd_sc_hd__mux2_1)
                                                         _0166_ (net)
                      0.023469    0.000000    0.284420 ^ _1663_/D (sky130_fd_sc_hd__dfxtp_2)
                                              0.284420   data arrival time

                      0.150000    0.000000    0.000000   clock clk_10mhz (rise edge)
                                  0.000000    0.000000   clock network delay (ideal)
                                  0.250000    0.250000   clock uncertainty
                                  0.000000    0.250000   clock reconvergence pessimism
                                              0.250000 ^ _1663_/CLK (sky130_fd_sc_hd__dfxtp_2)
                                 -0.013936    0.236064   library hold time
                                              0.236064   data required time
---------------------------------------------------------------------------------------------
                                              0.236064   data required time
                                             -0.284420   data arrival time
---------------------------------------------------------------------------------------------
                                              0.048356   slack (MET)


Startpoint: _1664_ (rising edge-triggered flip-flop clocked by clk_10mhz)
Endpoint: _1664_ (rising edge-triggered flip-flop clocked by clk_10mhz)
Path Group: clk_10mhz
Path Type: min

Fanout         Cap        Slew       Delay        Time   Description
---------------------------------------------------------------------------------------------
                      0.150000    0.000000    0.000000   clock clk_10mhz (rise edge)
                                  0.000000    0.000000   clock network delay (ideal)
                      0.150000    0.000000    0.000000 ^ _1664_/CLK (sky130_fd_sc_hd__dfxtp_2)
     2    0.004213    0.026876    0.219754    0.219754 ^ _1664_/Q (sky130_fd_sc_hd__dfxtp_2)
                                                         u_fifo.mem[4][5] (net)
                      0.026876    0.000000    0.219754 ^ _1195_/A0 (sky130_fd_sc_hd__mux2_1)
     1    0.001748    0.023469    0.064666    0.284420 ^ _1195_/X (sky130_fd_sc_hd__mux2_1)
                                                         _0167_ (net)
                      0.023469    0.000000    0.284420 ^ _1664_/D (sky130_fd_sc_hd__dfxtp_2)
                                              0.284420   data arrival time

                      0.150000    0.000000    0.000000   clock clk_10mhz (rise edge)
                                  0.000000    0.000000   clock network delay (ideal)
                                  0.250000    0.250000   clock uncertainty
                                  0.000000    0.250000   clock reconvergence pessimism
                                              0.250000 ^ _1664_/CLK (sky130_fd_sc_hd__dfxtp_2)
                                 -0.013936    0.236064   library hold time
                                              0.236064   data required time
---------------------------------------------------------------------------------------------
                                              0.236064   data required time
                                             -0.284420   data arrival time
---------------------------------------------------------------------------------------------
                                              0.048356   slack (MET)


Startpoint: _1666_ (rising edge-triggered flip-flop clocked by clk_10mhz)
Endpoint: _1666_ (rising edge-triggered flip-flop clocked by clk_10mhz)
Path Group: clk_10mhz
Path Type: min

Fanout         Cap        Slew       Delay        Time   Description
---------------------------------------------------------------------------------------------
                      0.150000    0.000000    0.000000   clock clk_10mhz (rise edge)
                                  0.000000    0.000000   clock network delay (ideal)
                      0.150000    0.000000    0.000000 ^ _1666_/CLK (sky130_fd_sc_hd__dfxtp_2)
     2    0.004213    0.026876    0.219754    0.219754 ^ _1666_/Q (sky130_fd_sc_hd__dfxtp_2)
                                                         u_fifo.mem[4][7] (net)
                      0.026876    0.000000    0.219754 ^ _1197_/A0 (sky130_fd_sc_hd__mux2_1)
     1    0.001748    0.023469    0.064666    0.284420 ^ _1197_/X (sky130_fd_sc_hd__mux2_1)
                                                         _0169_ (net)
                      0.023469    0.000000    0.284420 ^ _1666_/D (sky130_fd_sc_hd__dfxtp_2)
                                              0.284420   data arrival time

                      0.150000    0.000000    0.000000   clock clk_10mhz (rise edge)
                                  0.000000    0.000000   clock network delay (ideal)
                                  0.250000    0.250000   clock uncertainty
                                  0.000000    0.250000   clock reconvergence pessimism
                                              0.250000 ^ _1666_/CLK (sky130_fd_sc_hd__dfxtp_2)
                                 -0.013936    0.236064   library hold time
                                              0.236064   data required time
---------------------------------------------------------------------------------------------
                                              0.236064   data required time
                                             -0.284420   data arrival time
---------------------------------------------------------------------------------------------
                                              0.048356   slack (MET)


Startpoint: _1667_ (rising edge-triggered flip-flop clocked by clk_10mhz)
Endpoint: _1667_ (rising edge-triggered flip-flop clocked by clk_10mhz)
Path Group: clk_10mhz
Path Type: min

Fanout         Cap        Slew       Delay        Time   Description
---------------------------------------------------------------------------------------------
                      0.150000    0.000000    0.000000   clock clk_10mhz (rise edge)
                                  0.000000    0.000000   clock network delay (ideal)
                      0.150000    0.000000    0.000000 ^ _1667_/CLK (sky130_fd_sc_hd__dfxtp_2)
     2    0.004213    0.026876    0.219754    0.219754 ^ _1667_/Q (sky130_fd_sc_hd__dfxtp_2)
                                                         u_fifo.mem[3][0] (net)
                      0.026876    0.000000    0.219754 ^ _1200_/A0 (sky130_fd_sc_hd__mux2_1)
     1    0.001748    0.023469    0.064666    0.284420 ^ _1200_/X (sky130_fd_sc_hd__mux2_1)
                                                         _0170_ (net)
                      0.023469    0.000000    0.284420 ^ _1667_/D (sky130_fd_sc_hd__dfxtp_2)
                                              0.284420   data arrival time

                      0.150000    0.000000    0.000000   clock clk_10mhz (rise edge)
                                  0.000000    0.000000   clock network delay (ideal)
                                  0.250000    0.250000   clock uncertainty
                                  0.000000    0.250000   clock reconvergence pessimism
                                              0.250000 ^ _1667_/CLK (sky130_fd_sc_hd__dfxtp_2)
                                 -0.013936    0.236064   library hold time
                                              0.236064   data required time
---------------------------------------------------------------------------------------------
                                              0.236064   data required time
                                             -0.284420   data arrival time
---------------------------------------------------------------------------------------------
                                              0.048356   slack (MET)


Startpoint: _1668_ (rising edge-triggered flip-flop clocked by clk_10mhz)
Endpoint: _1668_ (rising edge-triggered flip-flop clocked by clk_10mhz)
Path Group: clk_10mhz
Path Type: min

Fanout         Cap        Slew       Delay        Time   Description
---------------------------------------------------------------------------------------------
                      0.150000    0.000000    0.000000   clock clk_10mhz (rise edge)
                                  0.000000    0.000000   clock network delay (ideal)
                      0.150000    0.000000    0.000000 ^ _1668_/CLK (sky130_fd_sc_hd__dfxtp_2)
     2    0.004213    0.026876    0.219754    0.219754 ^ _1668_/Q (sky130_fd_sc_hd__dfxtp_2)
                                                         u_fifo.mem[3][1] (net)
                      0.026876    0.000000    0.219754 ^ _1201_/A0 (sky130_fd_sc_hd__mux2_1)
     1    0.001748    0.023469    0.064666    0.284420 ^ _1201_/X (sky130_fd_sc_hd__mux2_1)
                                                         _0171_ (net)
                      0.023469    0.000000    0.284420 ^ _1668_/D (sky130_fd_sc_hd__dfxtp_2)
                                              0.284420   data arrival time

                      0.150000    0.000000    0.000000   clock clk_10mhz (rise edge)
                                  0.000000    0.000000   clock network delay (ideal)
                                  0.250000    0.250000   clock uncertainty
                                  0.000000    0.250000   clock reconvergence pessimism
                                              0.250000 ^ _1668_/CLK (sky130_fd_sc_hd__dfxtp_2)
                                 -0.013936    0.236064   library hold time
                                              0.236064   data required time
---------------------------------------------------------------------------------------------
                                              0.236064   data required time
                                             -0.284420   data arrival time
---------------------------------------------------------------------------------------------
                                              0.048356   slack (MET)


Startpoint: _1670_ (rising edge-triggered flip-flop clocked by clk_10mhz)
Endpoint: _1670_ (rising edge-triggered flip-flop clocked by clk_10mhz)
Path Group: clk_10mhz
Path Type: min

Fanout         Cap        Slew       Delay        Time   Description
---------------------------------------------------------------------------------------------
                      0.150000    0.000000    0.000000   clock clk_10mhz (rise edge)
                                  0.000000    0.000000   clock network delay (ideal)
                      0.150000    0.000000    0.000000 ^ _1670_/CLK (sky130_fd_sc_hd__dfxtp_2)
     2    0.004213    0.026876    0.219754    0.219754 ^ _1670_/Q (sky130_fd_sc_hd__dfxtp_2)
                                                         u_fifo.mem[3][3] (net)
                      0.026876    0.000000    0.219754 ^ _1203_/A0 (sky130_fd_sc_hd__mux2_1)
     1    0.001748    0.023469    0.064666    0.284420 ^ _1203_/X (sky130_fd_sc_hd__mux2_1)
                                                         _0173_ (net)
                      0.023469    0.000000    0.284420 ^ _1670_/D (sky130_fd_sc_hd__dfxtp_2)
                                              0.284420   data arrival time

                      0.150000    0.000000    0.000000   clock clk_10mhz (rise edge)
                                  0.000000    0.000000   clock network delay (ideal)
                                  0.250000    0.250000   clock uncertainty
                                  0.000000    0.250000   clock reconvergence pessimism
                                              0.250000 ^ _1670_/CLK (sky130_fd_sc_hd__dfxtp_2)
                                 -0.013936    0.236064   library hold time
                                              0.236064   data required time
---------------------------------------------------------------------------------------------
                                              0.236064   data required time
                                             -0.284420   data arrival time
---------------------------------------------------------------------------------------------
                                              0.048356   slack (MET)


Startpoint: _1673_ (rising edge-triggered flip-flop clocked by clk_10mhz)
Endpoint: _1673_ (rising edge-triggered flip-flop clocked by clk_10mhz)
Path Group: clk_10mhz
Path Type: min

Fanout         Cap        Slew       Delay        Time   Description
---------------------------------------------------------------------------------------------
                      0.150000    0.000000    0.000000   clock clk_10mhz (rise edge)
                                  0.000000    0.000000   clock network delay (ideal)
                      0.150000    0.000000    0.000000 ^ _1673_/CLK (sky130_fd_sc_hd__dfxtp_2)
     2    0.004213    0.026876    0.219754    0.219754 ^ _1673_/Q (sky130_fd_sc_hd__dfxtp_2)
                                                         u_fifo.mem[3][6] (net)
                      0.026876    0.000000    0.219754 ^ _1206_/A0 (sky130_fd_sc_hd__mux2_1)
     1    0.001748    0.023469    0.064666    0.284420 ^ _1206_/X (sky130_fd_sc_hd__mux2_1)
                                                         _0176_ (net)
                      0.023469    0.000000    0.284420 ^ _1673_/D (sky130_fd_sc_hd__dfxtp_2)
                                              0.284420   data arrival time

                      0.150000    0.000000    0.000000   clock clk_10mhz (rise edge)
                                  0.000000    0.000000   clock network delay (ideal)
                                  0.250000    0.250000   clock uncertainty
                                  0.000000    0.250000   clock reconvergence pessimism
                                              0.250000 ^ _1673_/CLK (sky130_fd_sc_hd__dfxtp_2)
                                 -0.013936    0.236064   library hold time
                                              0.236064   data required time
---------------------------------------------------------------------------------------------
                                              0.236064   data required time
                                             -0.284420   data arrival time
---------------------------------------------------------------------------------------------
                                              0.048356   slack (MET)


Startpoint: _1675_ (rising edge-triggered flip-flop clocked by clk_10mhz)
Endpoint: _1675_ (rising edge-triggered flip-flop clocked by clk_10mhz)
Path Group: clk_10mhz
Path Type: min

Fanout         Cap        Slew       Delay        Time   Description
---------------------------------------------------------------------------------------------
                      0.150000    0.000000    0.000000   clock clk_10mhz (rise edge)
                                  0.000000    0.000000   clock network delay (ideal)
                      0.150000    0.000000    0.000000 ^ _1675_/CLK (sky130_fd_sc_hd__dfxtp_2)
     2    0.004213    0.026876    0.219754    0.219754 ^ _1675_/Q (sky130_fd_sc_hd__dfxtp_2)
                                                         u_fifo.mem[12][0] (net)
                      0.026876    0.000000    0.219754 ^ _1209_/A0 (sky130_fd_sc_hd__mux2_1)
     1    0.001748    0.023469    0.064666    0.284420 ^ _1209_/X (sky130_fd_sc_hd__mux2_1)
                                                         _0178_ (net)
                      0.023469    0.000000    0.284420 ^ _1675_/D (sky130_fd_sc_hd__dfxtp_2)
                                              0.284420   data arrival time

                      0.150000    0.000000    0.000000   clock clk_10mhz (rise edge)
                                  0.000000    0.000000   clock network delay (ideal)
                                  0.250000    0.250000   clock uncertainty
                                  0.000000    0.250000   clock reconvergence pessimism
                                              0.250000 ^ _1675_/CLK (sky130_fd_sc_hd__dfxtp_2)
                                 -0.013936    0.236064   library hold time
                                              0.236064   data required time
---------------------------------------------------------------------------------------------
                                              0.236064   data required time
                                             -0.284420   data arrival time
---------------------------------------------------------------------------------------------
                                              0.048356   slack (MET)


Startpoint: _1627_ (rising edge-triggered flip-flop clocked by clk_10mhz)
Endpoint: _1627_ (rising edge-triggered flip-flop clocked by clk_10mhz)
Path Group: clk_10mhz
Path Type: min

Fanout         Cap        Slew       Delay        Time   Description
---------------------------------------------------------------------------------------------
                      0.150000    0.000000    0.000000   clock clk_10mhz (rise edge)
                                  0.000000    0.000000   clock network delay (ideal)
                      0.150000    0.000000    0.000000 ^ _1627_/CLK (sky130_fd_sc_hd__dfxtp_2)
     2    0.004249    0.026991    0.219869    0.219869 ^ _1627_/Q (sky130_fd_sc_hd__dfxtp_2)
                                                         u_fifo.mem[14][0] (net)
                      0.026991    0.000000    0.219869 ^ _1153_/A0 (sky130_fd_sc_hd__mux2_1)
     1    0.001748    0.023469    0.064698    0.284567 ^ _1153_/X (sky130_fd_sc_hd__mux2_1)
                                                         _0130_ (net)
                      0.023469    0.000000    0.284567 ^ _1627_/D (sky130_fd_sc_hd__dfxtp_2)
                                              0.284567   data arrival time

                      0.150000    0.000000    0.000000   clock clk_10mhz (rise edge)
                                  0.000000    0.000000   clock network delay (ideal)
                                  0.250000    0.250000   clock uncertainty
                                  0.000000    0.250000   clock reconvergence pessimism
                                              0.250000 ^ _1627_/CLK (sky130_fd_sc_hd__dfxtp_2)
                                 -0.013936    0.236064   library hold time
                                              0.236064   data required time
---------------------------------------------------------------------------------------------
                                              0.236064   data required time
                                             -0.284567   data arrival time
---------------------------------------------------------------------------------------------
                                              0.048503   slack (MET)


Startpoint: _1628_ (rising edge-triggered flip-flop clocked by clk_10mhz)
Endpoint: _1628_ (rising edge-triggered flip-flop clocked by clk_10mhz)
Path Group: clk_10mhz
Path Type: min

Fanout         Cap        Slew       Delay        Time   Description
---------------------------------------------------------------------------------------------
                      0.150000    0.000000    0.000000   clock clk_10mhz (rise edge)
                                  0.000000    0.000000   clock network delay (ideal)
                      0.150000    0.000000    0.000000 ^ _1628_/CLK (sky130_fd_sc_hd__dfxtp_2)
     2    0.004249    0.026991    0.219869    0.219869 ^ _1628_/Q (sky130_fd_sc_hd__dfxtp_2)
                                                         u_fifo.mem[14][1] (net)
                      0.026991    0.000000    0.219869 ^ _1154_/A0 (sky130_fd_sc_hd__mux2_1)
     1    0.001748    0.023469    0.064698    0.284567 ^ _1154_/X (sky130_fd_sc_hd__mux2_1)
                                                         _0131_ (net)
                      0.023469    0.000000    0.284567 ^ _1628_/D (sky130_fd_sc_hd__dfxtp_2)
                                              0.284567   data arrival time

                      0.150000    0.000000    0.000000   clock clk_10mhz (rise edge)
                                  0.000000    0.000000   clock network delay (ideal)
                                  0.250000    0.250000   clock uncertainty
                                  0.000000    0.250000   clock reconvergence pessimism
                                              0.250000 ^ _1628_/CLK (sky130_fd_sc_hd__dfxtp_2)
                                 -0.013936    0.236064   library hold time
                                              0.236064   data required time
---------------------------------------------------------------------------------------------
                                              0.236064   data required time
                                             -0.284567   data arrival time
---------------------------------------------------------------------------------------------
                                              0.048503   slack (MET)


Startpoint: _1629_ (rising edge-triggered flip-flop clocked by clk_10mhz)
Endpoint: _1629_ (rising edge-triggered flip-flop clocked by clk_10mhz)
Path Group: clk_10mhz
Path Type: min

Fanout         Cap        Slew       Delay        Time   Description
---------------------------------------------------------------------------------------------
                      0.150000    0.000000    0.000000   clock clk_10mhz (rise edge)
                                  0.000000    0.000000   clock network delay (ideal)
                      0.150000    0.000000    0.000000 ^ _1629_/CLK (sky130_fd_sc_hd__dfxtp_2)
     2    0.004249    0.026991    0.219869    0.219869 ^ _1629_/Q (sky130_fd_sc_hd__dfxtp_2)
                                                         u_fifo.mem[14][2] (net)
                      0.026991    0.000000    0.219869 ^ _1155_/A0 (sky130_fd_sc_hd__mux2_1)
     1    0.001748    0.023469    0.064698    0.284567 ^ _1155_/X (sky130_fd_sc_hd__mux2_1)
                                                         _0132_ (net)
                      0.023469    0.000000    0.284567 ^ _1629_/D (sky130_fd_sc_hd__dfxtp_2)
                                              0.284567   data arrival time

                      0.150000    0.000000    0.000000   clock clk_10mhz (rise edge)
                                  0.000000    0.000000   clock network delay (ideal)
                                  0.250000    0.250000   clock uncertainty
                                  0.000000    0.250000   clock reconvergence pessimism
                                              0.250000 ^ _1629_/CLK (sky130_fd_sc_hd__dfxtp_2)
                                 -0.013936    0.236064   library hold time
                                              0.236064   data required time
---------------------------------------------------------------------------------------------
                                              0.236064   data required time
                                             -0.284567   data arrival time
---------------------------------------------------------------------------------------------
                                              0.048503   slack (MET)


Startpoint: _1630_ (rising edge-triggered flip-flop clocked by clk_10mhz)
Endpoint: _1630_ (rising edge-triggered flip-flop clocked by clk_10mhz)
Path Group: clk_10mhz
Path Type: min

Fanout         Cap        Slew       Delay        Time   Description
---------------------------------------------------------------------------------------------
                      0.150000    0.000000    0.000000   clock clk_10mhz (rise edge)
                                  0.000000    0.000000   clock network delay (ideal)
                      0.150000    0.000000    0.000000 ^ _1630_/CLK (sky130_fd_sc_hd__dfxtp_2)
     2    0.004249    0.026991    0.219869    0.219869 ^ _1630_/Q (sky130_fd_sc_hd__dfxtp_2)
                                                         u_fifo.mem[14][3] (net)
                      0.026991    0.000000    0.219869 ^ _1156_/A0 (sky130_fd_sc_hd__mux2_1)
     1    0.001748    0.023469    0.064698    0.284567 ^ _1156_/X (sky130_fd_sc_hd__mux2_1)
                                                         _0133_ (net)
                      0.023469    0.000000    0.284567 ^ _1630_/D (sky130_fd_sc_hd__dfxtp_2)
                                              0.284567   data arrival time

                      0.150000    0.000000    0.000000   clock clk_10mhz (rise edge)
                                  0.000000    0.000000   clock network delay (ideal)
                                  0.250000    0.250000   clock uncertainty
                                  0.000000    0.250000   clock reconvergence pessimism
                                              0.250000 ^ _1630_/CLK (sky130_fd_sc_hd__dfxtp_2)
                                 -0.013936    0.236064   library hold time
                                              0.236064   data required time
---------------------------------------------------------------------------------------------
                                              0.236064   data required time
                                             -0.284567   data arrival time
---------------------------------------------------------------------------------------------
                                              0.048503   slack (MET)


Startpoint: _1631_ (rising edge-triggered flip-flop clocked by clk_10mhz)
Endpoint: _1631_ (rising edge-triggered flip-flop clocked by clk_10mhz)
Path Group: clk_10mhz
Path Type: min

Fanout         Cap        Slew       Delay        Time   Description
---------------------------------------------------------------------------------------------
                      0.150000    0.000000    0.000000   clock clk_10mhz (rise edge)
                                  0.000000    0.000000   clock network delay (ideal)
                      0.150000    0.000000    0.000000 ^ _1631_/CLK (sky130_fd_sc_hd__dfxtp_2)
     2    0.004249    0.026991    0.219869    0.219869 ^ _1631_/Q (sky130_fd_sc_hd__dfxtp_2)
                                                         u_fifo.mem[14][4] (net)
                      0.026991    0.000000    0.219869 ^ _1157_/A0 (sky130_fd_sc_hd__mux2_1)
     1    0.001748    0.023469    0.064698    0.284567 ^ _1157_/X (sky130_fd_sc_hd__mux2_1)
                                                         _0134_ (net)
                      0.023469    0.000000    0.284567 ^ _1631_/D (sky130_fd_sc_hd__dfxtp_2)
                                              0.284567   data arrival time

                      0.150000    0.000000    0.000000   clock clk_10mhz (rise edge)
                                  0.000000    0.000000   clock network delay (ideal)
                                  0.250000    0.250000   clock uncertainty
                                  0.000000    0.250000   clock reconvergence pessimism
                                              0.250000 ^ _1631_/CLK (sky130_fd_sc_hd__dfxtp_2)
                                 -0.013936    0.236064   library hold time
                                              0.236064   data required time
---------------------------------------------------------------------------------------------
                                              0.236064   data required time
                                             -0.284567   data arrival time
---------------------------------------------------------------------------------------------
                                              0.048503   slack (MET)


Startpoint: _1639_ (rising edge-triggered flip-flop clocked by clk_10mhz)
Endpoint: _1639_ (rising edge-triggered flip-flop clocked by clk_10mhz)
Path Group: clk_10mhz
Path Type: min

Fanout         Cap        Slew       Delay        Time   Description
---------------------------------------------------------------------------------------------
                      0.150000    0.000000    0.000000   clock clk_10mhz (rise edge)
                                  0.000000    0.000000   clock network delay (ideal)
                      0.150000    0.000000    0.000000 ^ _1639_/CLK (sky130_fd_sc_hd__dfxtp_2)
     2    0.004249    0.026991    0.219869    0.219869 ^ _1639_/Q (sky130_fd_sc_hd__dfxtp_2)
                                                         u_fifo.mem[7][4] (net)
                      0.026991    0.000000    0.219869 ^ _1167_/A0 (sky130_fd_sc_hd__mux2_1)
     1    0.001748    0.023469    0.064698    0.284567 ^ _1167_/X (sky130_fd_sc_hd__mux2_1)
                                                         _0142_ (net)
                      0.023469    0.000000    0.284567 ^ _1639_/D (sky130_fd_sc_hd__dfxtp_2)
                                              0.284567   data arrival time

                      0.150000    0.000000    0.000000   clock clk_10mhz (rise edge)
                                  0.000000    0.000000   clock network delay (ideal)
                                  0.250000    0.250000   clock uncertainty
                                  0.000000    0.250000   clock reconvergence pessimism
                                              0.250000 ^ _1639_/CLK (sky130_fd_sc_hd__dfxtp_2)
                                 -0.013936    0.236064   library hold time
                                              0.236064   data required time
---------------------------------------------------------------------------------------------
                                              0.236064   data required time
                                             -0.284567   data arrival time
---------------------------------------------------------------------------------------------
                                              0.048503   slack (MET)


Startpoint: _1642_ (rising edge-triggered flip-flop clocked by clk_10mhz)
Endpoint: _1642_ (rising edge-triggered flip-flop clocked by clk_10mhz)
Path Group: clk_10mhz
Path Type: min

Fanout         Cap        Slew       Delay        Time   Description
---------------------------------------------------------------------------------------------
                      0.150000    0.000000    0.000000   clock clk_10mhz (rise edge)
                                  0.000000    0.000000   clock network delay (ideal)
                      0.150000    0.000000    0.000000 ^ _1642_/CLK (sky130_fd_sc_hd__dfxtp_2)
     2    0.004249    0.026991    0.219869    0.219869 ^ _1642_/Q (sky130_fd_sc_hd__dfxtp_2)
                                                         u_fifo.mem[7][7] (net)
                      0.026991    0.000000    0.219869 ^ _1170_/A0 (sky130_fd_sc_hd__mux2_1)
     1    0.001748    0.023469    0.064698    0.284567 ^ _1170_/X (sky130_fd_sc_hd__mux2_1)
                                                         _0145_ (net)
                      0.023469    0.000000    0.284567 ^ _1642_/D (sky130_fd_sc_hd__dfxtp_2)
                                              0.284567   data arrival time

                      0.150000    0.000000    0.000000   clock clk_10mhz (rise edge)
                                  0.000000    0.000000   clock network delay (ideal)
                                  0.250000    0.250000   clock uncertainty
                                  0.000000    0.250000   clock reconvergence pessimism
                                              0.250000 ^ _1642_/CLK (sky130_fd_sc_hd__dfxtp_2)
                                 -0.013936    0.236064   library hold time
                                              0.236064   data required time
---------------------------------------------------------------------------------------------
                                              0.236064   data required time
                                             -0.284567   data arrival time
---------------------------------------------------------------------------------------------
                                              0.048503   slack (MET)


Startpoint: _1648_ (rising edge-triggered flip-flop clocked by clk_10mhz)
Endpoint: _1648_ (rising edge-triggered flip-flop clocked by clk_10mhz)
Path Group: clk_10mhz
Path Type: min

Fanout         Cap        Slew       Delay        Time   Description
---------------------------------------------------------------------------------------------
                      0.150000    0.000000    0.000000   clock clk_10mhz (rise edge)
                                  0.000000    0.000000   clock network delay (ideal)
                      0.150000    0.000000    0.000000 ^ _1648_/CLK (sky130_fd_sc_hd__dfxtp_2)
     2    0.004249    0.026991    0.219869    0.219869 ^ _1648_/Q (sky130_fd_sc_hd__dfxtp_2)
                                                         u_fifo.mem[6][5] (net)
                      0.026991    0.000000    0.219869 ^ _1177_/A0 (sky130_fd_sc_hd__mux2_1)
     1    0.001748    0.023469    0.064698    0.284567 ^ _1177_/X (sky130_fd_sc_hd__mux2_1)
                                                         _0151_ (net)
                      0.023469    0.000000    0.284567 ^ _1648_/D (sky130_fd_sc_hd__dfxtp_2)
                                              0.284567   data arrival time

                      0.150000    0.000000    0.000000   clock clk_10mhz (rise edge)
                                  0.000000    0.000000   clock network delay (ideal)
                                  0.250000    0.250000   clock uncertainty
                                  0.000000    0.250000   clock reconvergence pessimism
                                              0.250000 ^ _1648_/CLK (sky130_fd_sc_hd__dfxtp_2)
                                 -0.013936    0.236064   library hold time
                                              0.236064   data required time
---------------------------------------------------------------------------------------------
                                              0.236064   data required time
                                             -0.284567   data arrival time
---------------------------------------------------------------------------------------------
                                              0.048503   slack (MET)


Startpoint: _1654_ (rising edge-triggered flip-flop clocked by clk_10mhz)
Endpoint: _1654_ (rising edge-triggered flip-flop clocked by clk_10mhz)
Path Group: clk_10mhz
Path Type: min

Fanout         Cap        Slew       Delay        Time   Description
---------------------------------------------------------------------------------------------
                      0.150000    0.000000    0.000000   clock clk_10mhz (rise edge)
                                  0.000000    0.000000   clock network delay (ideal)
                      0.150000    0.000000    0.000000 ^ _1654_/CLK (sky130_fd_sc_hd__dfxtp_2)
     2    0.004249    0.026991    0.219869    0.219869 ^ _1654_/Q (sky130_fd_sc_hd__dfxtp_2)
                                                         u_fifo.mem[5][3] (net)
                      0.026991    0.000000    0.219869 ^ _1184_/A0 (sky130_fd_sc_hd__mux2_1)
     1    0.001748    0.023469    0.064698    0.284567 ^ _1184_/X (sky130_fd_sc_hd__mux2_1)
                                                         _0157_ (net)
                      0.023469    0.000000    0.284567 ^ _1654_/D (sky130_fd_sc_hd__dfxtp_2)
                                              0.284567   data arrival time

                      0.150000    0.000000    0.000000   clock clk_10mhz (rise edge)
                                  0.000000    0.000000   clock network delay (ideal)
                                  0.250000    0.250000   clock uncertainty
                                  0.000000    0.250000   clock reconvergence pessimism
                                              0.250000 ^ _1654_/CLK (sky130_fd_sc_hd__dfxtp_2)
                                 -0.013936    0.236064   library hold time
                                              0.236064   data required time
---------------------------------------------------------------------------------------------
                                              0.236064   data required time
                                             -0.284567   data arrival time
---------------------------------------------------------------------------------------------
                                              0.048503   slack (MET)


Startpoint: _1659_ (rising edge-triggered flip-flop clocked by clk_10mhz)
Endpoint: _1659_ (rising edge-triggered flip-flop clocked by clk_10mhz)
Path Group: clk_10mhz
Path Type: min

Fanout         Cap        Slew       Delay        Time   Description
---------------------------------------------------------------------------------------------
                      0.150000    0.000000    0.000000   clock clk_10mhz (rise edge)
                                  0.000000    0.000000   clock network delay (ideal)
                      0.150000    0.000000    0.000000 ^ _1659_/CLK (sky130_fd_sc_hd__dfxtp_2)
     2    0.004249    0.026991    0.219869    0.219869 ^ _1659_/Q (sky130_fd_sc_hd__dfxtp_2)
                                                         u_fifo.mem[4][0] (net)
                      0.026991    0.000000    0.219869 ^ _1190_/A0 (sky130_fd_sc_hd__mux2_1)
     1    0.001748    0.023469    0.064698    0.284567 ^ _1190_/X (sky130_fd_sc_hd__mux2_1)
                                                         _0162_ (net)
                      0.023469    0.000000    0.284567 ^ _1659_/D (sky130_fd_sc_hd__dfxtp_2)
                                              0.284567   data arrival time

                      0.150000    0.000000    0.000000   clock clk_10mhz (rise edge)
                                  0.000000    0.000000   clock network delay (ideal)
                                  0.250000    0.250000   clock uncertainty
                                  0.000000    0.250000   clock reconvergence pessimism
                                              0.250000 ^ _1659_/CLK (sky130_fd_sc_hd__dfxtp_2)
                                 -0.013936    0.236064   library hold time
                                              0.236064   data required time
---------------------------------------------------------------------------------------------
                                              0.236064   data required time
                                             -0.284567   data arrival time
---------------------------------------------------------------------------------------------
                                              0.048503   slack (MET)


Startpoint: _1660_ (rising edge-triggered flip-flop clocked by clk_10mhz)
Endpoint: _1660_ (rising edge-triggered flip-flop clocked by clk_10mhz)
Path Group: clk_10mhz
Path Type: min

Fanout         Cap        Slew       Delay        Time   Description
---------------------------------------------------------------------------------------------
                      0.150000    0.000000    0.000000   clock clk_10mhz (rise edge)
                                  0.000000    0.000000   clock network delay (ideal)
                      0.150000    0.000000    0.000000 ^ _1660_/CLK (sky130_fd_sc_hd__dfxtp_2)
     2    0.004249    0.026991    0.219869    0.219869 ^ _1660_/Q (sky130_fd_sc_hd__dfxtp_2)
                                                         u_fifo.mem[4][1] (net)
                      0.026991    0.000000    0.219869 ^ _1191_/A0 (sky130_fd_sc_hd__mux2_1)
     1    0.001748    0.023469    0.064698    0.284567 ^ _1191_/X (sky130_fd_sc_hd__mux2_1)
                                                         _0163_ (net)
                      0.023469    0.000000    0.284567 ^ _1660_/D (sky130_fd_sc_hd__dfxtp_2)
                                              0.284567   data arrival time

                      0.150000    0.000000    0.000000   clock clk_10mhz (rise edge)
                                  0.000000    0.000000   clock network delay (ideal)
                                  0.250000    0.250000   clock uncertainty
                                  0.000000    0.250000   clock reconvergence pessimism
                                              0.250000 ^ _1660_/CLK (sky130_fd_sc_hd__dfxtp_2)
                                 -0.013936    0.236064   library hold time
                                              0.236064   data required time
---------------------------------------------------------------------------------------------
                                              0.236064   data required time
                                             -0.284567   data arrival time
---------------------------------------------------------------------------------------------
                                              0.048503   slack (MET)


Startpoint: _1669_ (rising edge-triggered flip-flop clocked by clk_10mhz)
Endpoint: _1669_ (rising edge-triggered flip-flop clocked by clk_10mhz)
Path Group: clk_10mhz
Path Type: min

Fanout         Cap        Slew       Delay        Time   Description
---------------------------------------------------------------------------------------------
                      0.150000    0.000000    0.000000   clock clk_10mhz (rise edge)
                                  0.000000    0.000000   clock network delay (ideal)
                      0.150000    0.000000    0.000000 ^ _1669_/CLK (sky130_fd_sc_hd__dfxtp_2)
     2    0.004249    0.026991    0.219869    0.219869 ^ _1669_/Q (sky130_fd_sc_hd__dfxtp_2)
                                                         u_fifo.mem[3][2] (net)
                      0.026991    0.000000    0.219869 ^ _1202_/A0 (sky130_fd_sc_hd__mux2_1)
     1    0.001748    0.023469    0.064698    0.284567 ^ _1202_/X (sky130_fd_sc_hd__mux2_1)
                                                         _0172_ (net)
                      0.023469    0.000000    0.284567 ^ _1669_/D (sky130_fd_sc_hd__dfxtp_2)
                                              0.284567   data arrival time

                      0.150000    0.000000    0.000000   clock clk_10mhz (rise edge)
                                  0.000000    0.000000   clock network delay (ideal)
                                  0.250000    0.250000   clock uncertainty
                                  0.000000    0.250000   clock reconvergence pessimism
                                              0.250000 ^ _1669_/CLK (sky130_fd_sc_hd__dfxtp_2)
                                 -0.013936    0.236064   library hold time
                                              0.236064   data required time
---------------------------------------------------------------------------------------------
                                              0.236064   data required time
                                             -0.284567   data arrival time
---------------------------------------------------------------------------------------------
                                              0.048503   slack (MET)


Startpoint: _1672_ (rising edge-triggered flip-flop clocked by clk_10mhz)
Endpoint: _1672_ (rising edge-triggered flip-flop clocked by clk_10mhz)
Path Group: clk_10mhz
Path Type: min

Fanout         Cap        Slew       Delay        Time   Description
---------------------------------------------------------------------------------------------
                      0.150000    0.000000    0.000000   clock clk_10mhz (rise edge)
                                  0.000000    0.000000   clock network delay (ideal)
                      0.150000    0.000000    0.000000 ^ _1672_/CLK (sky130_fd_sc_hd__dfxtp_2)
     2    0.004249    0.026991    0.219869    0.219869 ^ _1672_/Q (sky130_fd_sc_hd__dfxtp_2)
                                                         u_fifo.mem[3][5] (net)
                      0.026991    0.000000    0.219869 ^ _1205_/A0 (sky130_fd_sc_hd__mux2_1)
     1    0.001748    0.023469    0.064698    0.284567 ^ _1205_/X (sky130_fd_sc_hd__mux2_1)
                                                         _0175_ (net)
                      0.023469    0.000000    0.284567 ^ _1672_/D (sky130_fd_sc_hd__dfxtp_2)
                                              0.284567   data arrival time

                      0.150000    0.000000    0.000000   clock clk_10mhz (rise edge)
                                  0.000000    0.000000   clock network delay (ideal)
                                  0.250000    0.250000   clock uncertainty
                                  0.000000    0.250000   clock reconvergence pessimism
                                              0.250000 ^ _1672_/CLK (sky130_fd_sc_hd__dfxtp_2)
                                 -0.013936    0.236064   library hold time
                                              0.236064   data required time
---------------------------------------------------------------------------------------------
                                              0.236064   data required time
                                             -0.284567   data arrival time
---------------------------------------------------------------------------------------------
                                              0.048503   slack (MET)


Startpoint: _1674_ (rising edge-triggered flip-flop clocked by clk_10mhz)
Endpoint: _1674_ (rising edge-triggered flip-flop clocked by clk_10mhz)
Path Group: clk_10mhz
Path Type: min

Fanout         Cap        Slew       Delay        Time   Description
---------------------------------------------------------------------------------------------
                      0.150000    0.000000    0.000000   clock clk_10mhz (rise edge)
                                  0.000000    0.000000   clock network delay (ideal)
                      0.150000    0.000000    0.000000 ^ _1674_/CLK (sky130_fd_sc_hd__dfxtp_2)
     2    0.004249    0.026991    0.219869    0.219869 ^ _1674_/Q (sky130_fd_sc_hd__dfxtp_2)
                                                         u_fifo.mem[3][7] (net)
                      0.026991    0.000000    0.219869 ^ _1207_/A0 (sky130_fd_sc_hd__mux2_1)
     1    0.001748    0.023469    0.064698    0.284567 ^ _1207_/X (sky130_fd_sc_hd__mux2_1)
                                                         _0177_ (net)
                      0.023469    0.000000    0.284567 ^ _1674_/D (sky130_fd_sc_hd__dfxtp_2)
                                              0.284567   data arrival time

                      0.150000    0.000000    0.000000   clock clk_10mhz (rise edge)
                                  0.000000    0.000000   clock network delay (ideal)
                                  0.250000    0.250000   clock uncertainty
                                  0.000000    0.250000   clock reconvergence pessimism
                                              0.250000 ^ _1674_/CLK (sky130_fd_sc_hd__dfxtp_2)
                                 -0.013936    0.236064   library hold time
                                              0.236064   data required time
---------------------------------------------------------------------------------------------
                                              0.236064   data required time
                                             -0.284567   data arrival time
---------------------------------------------------------------------------------------------
                                              0.048503   slack (MET)


Startpoint: _1697_ (rising edge-triggered flip-flop clocked by clk_10mhz)
Endpoint: _1697_ (rising edge-triggered flip-flop clocked by clk_10mhz)
Path Group: clk_10mhz
Path Type: min

Fanout         Cap        Slew       Delay        Time   Description
---------------------------------------------------------------------------------------------
                      0.150000    0.000000    0.000000   clock clk_10mhz (rise edge)
                                  0.000000    0.000000   clock network delay (ideal)
                      0.150000    0.000000    0.000000 ^ _1697_/CLK (sky130_fd_sc_hd__dfxtp_2)
     2    0.004249    0.026991    0.219869    0.219869 ^ _1697_/Q (sky130_fd_sc_hd__dfxtp_2)
                                                         u_fifo.mem[1][6] (net)
                      0.026991    0.000000    0.219869 ^ _1233_/A0 (sky130_fd_sc_hd__mux2_1)
     1    0.001748    0.023469    0.064698    0.284567 ^ _1233_/X (sky130_fd_sc_hd__mux2_1)
                                                         _0200_ (net)
                      0.023469    0.000000    0.284567 ^ _1697_/D (sky130_fd_sc_hd__dfxtp_2)
                                              0.284567   data arrival time

                      0.150000    0.000000    0.000000   clock clk_10mhz (rise edge)
                                  0.000000    0.000000   clock network delay (ideal)
                                  0.250000    0.250000   clock uncertainty
                                  0.000000    0.250000   clock reconvergence pessimism
                                              0.250000 ^ _1697_/CLK (sky130_fd_sc_hd__dfxtp_2)
                                 -0.013936    0.236064   library hold time
                                              0.236064   data required time
---------------------------------------------------------------------------------------------
                                              0.236064   data required time
                                             -0.284567   data arrival time
---------------------------------------------------------------------------------------------
                                              0.048503   slack (MET)


Startpoint: _1699_ (rising edge-triggered flip-flop clocked by clk_10mhz)
Endpoint: _1699_ (rising edge-triggered flip-flop clocked by clk_10mhz)
Path Group: clk_10mhz
Path Type: min

Fanout         Cap        Slew       Delay        Time   Description
---------------------------------------------------------------------------------------------
                      0.150000    0.000000    0.000000   clock clk_10mhz (rise edge)
                                  0.000000    0.000000   clock network delay (ideal)
                      0.150000    0.000000    0.000000 ^ _1699_/CLK (sky130_fd_sc_hd__dfxtp_2)
     2    0.004251    0.026997    0.219875    0.219875 ^ _1699_/Q (sky130_fd_sc_hd__dfxtp_2)
                                                         u_fifo.mem[0][0] (net)
                      0.026997    0.000000    0.219875 ^ _1236_/A0 (sky130_fd_sc_hd__mux2_1)
     1    0.001748    0.023469    0.064700    0.284575 ^ _1236_/X (sky130_fd_sc_hd__mux2_1)
                                                         _0202_ (net)
                      0.023469    0.000000    0.284575 ^ _1699_/D (sky130_fd_sc_hd__dfxtp_2)
                                              0.284575   data arrival time

                      0.150000    0.000000    0.000000   clock clk_10mhz (rise edge)
                                  0.000000    0.000000   clock network delay (ideal)
                                  0.250000    0.250000   clock uncertainty
                                  0.000000    0.250000   clock reconvergence pessimism
                                              0.250000 ^ _1699_/CLK (sky130_fd_sc_hd__dfxtp_2)
                                 -0.013936    0.236064   library hold time
                                              0.236064   data required time
---------------------------------------------------------------------------------------------
                                              0.236064   data required time
                                             -0.284575   data arrival time
---------------------------------------------------------------------------------------------
                                              0.048512   slack (MET)


Startpoint: _1702_ (rising edge-triggered flip-flop clocked by clk_10mhz)
Endpoint: _1702_ (rising edge-triggered flip-flop clocked by clk_10mhz)
Path Group: clk_10mhz
Path Type: min

Fanout         Cap        Slew       Delay        Time   Description
---------------------------------------------------------------------------------------------
                      0.150000    0.000000    0.000000   clock clk_10mhz (rise edge)
                                  0.000000    0.000000   clock network delay (ideal)
                      0.150000    0.000000    0.000000 ^ _1702_/CLK (sky130_fd_sc_hd__dfxtp_2)
     2    0.004258    0.027019    0.219897    0.219897 ^ _1702_/Q (sky130_fd_sc_hd__dfxtp_2)
                                                         u_fifo.mem[0][3] (net)
                      0.027019    0.000000    0.219897 ^ _1239_/A0 (sky130_fd_sc_hd__mux2_1)
     1    0.001748    0.023469    0.064706    0.284604 ^ _1239_/X (sky130_fd_sc_hd__mux2_1)
                                                         _0205_ (net)
                      0.023469    0.000000    0.284604 ^ _1702_/D (sky130_fd_sc_hd__dfxtp_2)
                                              0.284604   data arrival time

                      0.150000    0.000000    0.000000   clock clk_10mhz (rise edge)
                                  0.000000    0.000000   clock network delay (ideal)
                                  0.250000    0.250000   clock uncertainty
                                  0.000000    0.250000   clock reconvergence pessimism
                                              0.250000 ^ _1702_/CLK (sky130_fd_sc_hd__dfxtp_2)
                                 -0.013936    0.236064   library hold time
                                              0.236064   data required time
---------------------------------------------------------------------------------------------
                                              0.236064   data required time
                                             -0.284604   data arrival time
---------------------------------------------------------------------------------------------
                                              0.048540   slack (MET)


Startpoint: _1683_ (rising edge-triggered flip-flop clocked by clk_10mhz)
Endpoint: _1683_ (rising edge-triggered flip-flop clocked by clk_10mhz)
Path Group: clk_10mhz
Path Type: min

Fanout         Cap        Slew       Delay        Time   Description
---------------------------------------------------------------------------------------------
                      0.150000    0.000000    0.000000   clock clk_10mhz (rise edge)
                                  0.000000    0.000000   clock network delay (ideal)
                      0.150000    0.000000    0.000000 ^ _1683_/CLK (sky130_fd_sc_hd__dfxtp_2)
     2    0.004262    0.027032    0.219910    0.219910 ^ _1683_/Q (sky130_fd_sc_hd__dfxtp_2)
                                                         u_fifo.mem[2][0] (net)
                      0.027032    0.000000    0.219910 ^ _1218_/A0 (sky130_fd_sc_hd__mux2_1)
     1    0.001748    0.023469    0.064710    0.284620 ^ _1218_/X (sky130_fd_sc_hd__mux2_1)
                                                         _0186_ (net)
                      0.023469    0.000000    0.284620 ^ _1683_/D (sky130_fd_sc_hd__dfxtp_2)
                                              0.284620   data arrival time

                      0.150000    0.000000    0.000000   clock clk_10mhz (rise edge)
                                  0.000000    0.000000   clock network delay (ideal)
                                  0.250000    0.250000   clock uncertainty
                                  0.000000    0.250000   clock reconvergence pessimism
                                              0.250000 ^ _1683_/CLK (sky130_fd_sc_hd__dfxtp_2)
                                 -0.013936    0.236064   library hold time
                                              0.236064   data required time
---------------------------------------------------------------------------------------------
                                              0.236064   data required time
                                             -0.284620   data arrival time
---------------------------------------------------------------------------------------------
                                              0.048557   slack (MET)


Startpoint: _1685_ (rising edge-triggered flip-flop clocked by clk_10mhz)
Endpoint: _1685_ (rising edge-triggered flip-flop clocked by clk_10mhz)
Path Group: clk_10mhz
Path Type: min

Fanout         Cap        Slew       Delay        Time   Description
---------------------------------------------------------------------------------------------
                      0.150000    0.000000    0.000000   clock clk_10mhz (rise edge)
                                  0.000000    0.000000   clock network delay (ideal)
                      0.150000    0.000000    0.000000 ^ _1685_/CLK (sky130_fd_sc_hd__dfxtp_2)
     2    0.004262    0.027032    0.219910    0.219910 ^ _1685_/Q (sky130_fd_sc_hd__dfxtp_2)
                                                         u_fifo.mem[2][2] (net)
                      0.027032    0.000000    0.219910 ^ _1220_/A0 (sky130_fd_sc_hd__mux2_1)
     1    0.001748    0.023469    0.064710    0.284620 ^ _1220_/X (sky130_fd_sc_hd__mux2_1)
                                                         _0188_ (net)
                      0.023469    0.000000    0.284620 ^ _1685_/D (sky130_fd_sc_hd__dfxtp_2)
                                              0.284620   data arrival time

                      0.150000    0.000000    0.000000   clock clk_10mhz (rise edge)
                                  0.000000    0.000000   clock network delay (ideal)
                                  0.250000    0.250000   clock uncertainty
                                  0.000000    0.250000   clock reconvergence pessimism
                                              0.250000 ^ _1685_/CLK (sky130_fd_sc_hd__dfxtp_2)
                                 -0.013936    0.236064   library hold time
                                              0.236064   data required time
---------------------------------------------------------------------------------------------
                                              0.236064   data required time
                                             -0.284620   data arrival time
---------------------------------------------------------------------------------------------
                                              0.048557   slack (MET)


Startpoint: _1686_ (rising edge-triggered flip-flop clocked by clk_10mhz)
Endpoint: _1686_ (rising edge-triggered flip-flop clocked by clk_10mhz)
Path Group: clk_10mhz
Path Type: min

Fanout         Cap        Slew       Delay        Time   Description
---------------------------------------------------------------------------------------------
                      0.150000    0.000000    0.000000   clock clk_10mhz (rise edge)
                                  0.000000    0.000000   clock network delay (ideal)
                      0.150000    0.000000    0.000000 ^ _1686_/CLK (sky130_fd_sc_hd__dfxtp_2)
     2    0.004262    0.027032    0.219910    0.219910 ^ _1686_/Q (sky130_fd_sc_hd__dfxtp_2)
                                                         u_fifo.mem[2][3] (net)
                      0.027032    0.000000    0.219910 ^ _1221_/A0 (sky130_fd_sc_hd__mux2_1)
     1    0.001748    0.023469    0.064710    0.284620 ^ _1221_/X (sky130_fd_sc_hd__mux2_1)
                                                         _0189_ (net)
                      0.023469    0.000000    0.284620 ^ _1686_/D (sky130_fd_sc_hd__dfxtp_2)
                                              0.284620   data arrival time

                      0.150000    0.000000    0.000000   clock clk_10mhz (rise edge)
                                  0.000000    0.000000   clock network delay (ideal)
                                  0.250000    0.250000   clock uncertainty
                                  0.000000    0.250000   clock reconvergence pessimism
                                              0.250000 ^ _1686_/CLK (sky130_fd_sc_hd__dfxtp_2)
                                 -0.013936    0.236064   library hold time
                                              0.236064   data required time
---------------------------------------------------------------------------------------------
                                              0.236064   data required time
                                             -0.284620   data arrival time
---------------------------------------------------------------------------------------------
                                              0.048557   slack (MET)


Startpoint: _1687_ (rising edge-triggered flip-flop clocked by clk_10mhz)
Endpoint: _1687_ (rising edge-triggered flip-flop clocked by clk_10mhz)
Path Group: clk_10mhz
Path Type: min

Fanout         Cap        Slew       Delay        Time   Description
---------------------------------------------------------------------------------------------
                      0.150000    0.000000    0.000000   clock clk_10mhz (rise edge)
                                  0.000000    0.000000   clock network delay (ideal)
                      0.150000    0.000000    0.000000 ^ _1687_/CLK (sky130_fd_sc_hd__dfxtp_2)
     2    0.004262    0.027032    0.219910    0.219910 ^ _1687_/Q (sky130_fd_sc_hd__dfxtp_2)
                                                         u_fifo.mem[2][4] (net)
                      0.027032    0.000000    0.219910 ^ _1222_/A0 (sky130_fd_sc_hd__mux2_1)
     1    0.001748    0.023469    0.064710    0.284620 ^ _1222_/X (sky130_fd_sc_hd__mux2_1)
                                                         _0190_ (net)
                      0.023469    0.000000    0.284620 ^ _1687_/D (sky130_fd_sc_hd__dfxtp_2)
                                              0.284620   data arrival time

                      0.150000    0.000000    0.000000   clock clk_10mhz (rise edge)
                                  0.000000    0.000000   clock network delay (ideal)
                                  0.250000    0.250000   clock uncertainty
                                  0.000000    0.250000   clock reconvergence pessimism
                                              0.250000 ^ _1687_/CLK (sky130_fd_sc_hd__dfxtp_2)
                                 -0.013936    0.236064   library hold time
                                              0.236064   data required time
---------------------------------------------------------------------------------------------
                                              0.236064   data required time
                                             -0.284620   data arrival time
---------------------------------------------------------------------------------------------
                                              0.048557   slack (MET)


Startpoint: _1688_ (rising edge-triggered flip-flop clocked by clk_10mhz)
Endpoint: _1688_ (rising edge-triggered flip-flop clocked by clk_10mhz)
Path Group: clk_10mhz
Path Type: min

Fanout         Cap        Slew       Delay        Time   Description
---------------------------------------------------------------------------------------------
                      0.150000    0.000000    0.000000   clock clk_10mhz (rise edge)
                                  0.000000    0.000000   clock network delay (ideal)
                      0.150000    0.000000    0.000000 ^ _1688_/CLK (sky130_fd_sc_hd__dfxtp_2)
     2    0.004262    0.027032    0.219910    0.219910 ^ _1688_/Q (sky130_fd_sc_hd__dfxtp_2)
                                                         u_fifo.mem[2][5] (net)
                      0.027032    0.000000    0.219910 ^ _1223_/A0 (sky130_fd_sc_hd__mux2_1)
     1    0.001748    0.023469    0.064710    0.284620 ^ _1223_/X (sky130_fd_sc_hd__mux2_1)
                                                         _0191_ (net)
                      0.023469    0.000000    0.284620 ^ _1688_/D (sky130_fd_sc_hd__dfxtp_2)
                                              0.284620   data arrival time

                      0.150000    0.000000    0.000000   clock clk_10mhz (rise edge)
                                  0.000000    0.000000   clock network delay (ideal)
                                  0.250000    0.250000   clock uncertainty
                                  0.000000    0.250000   clock reconvergence pessimism
                                              0.250000 ^ _1688_/CLK (sky130_fd_sc_hd__dfxtp_2)
                                 -0.013936    0.236064   library hold time
                                              0.236064   data required time
---------------------------------------------------------------------------------------------
                                              0.236064   data required time
                                             -0.284620   data arrival time
---------------------------------------------------------------------------------------------
                                              0.048557   slack (MET)


Startpoint: _1689_ (rising edge-triggered flip-flop clocked by clk_10mhz)
Endpoint: _1689_ (rising edge-triggered flip-flop clocked by clk_10mhz)
Path Group: clk_10mhz
Path Type: min

Fanout         Cap        Slew       Delay        Time   Description
---------------------------------------------------------------------------------------------
                      0.150000    0.000000    0.000000   clock clk_10mhz (rise edge)
                                  0.000000    0.000000   clock network delay (ideal)
                      0.150000    0.000000    0.000000 ^ _1689_/CLK (sky130_fd_sc_hd__dfxtp_2)
     2    0.004262    0.027032    0.219910    0.219910 ^ _1689_/Q (sky130_fd_sc_hd__dfxtp_2)
                                                         u_fifo.mem[2][6] (net)
                      0.027032    0.000000    0.219910 ^ _1224_/A0 (sky130_fd_sc_hd__mux2_1)
     1    0.001748    0.023469    0.064710    0.284620 ^ _1224_/X (sky130_fd_sc_hd__mux2_1)
                                                         _0192_ (net)
                      0.023469    0.000000    0.284620 ^ _1689_/D (sky130_fd_sc_hd__dfxtp_2)
                                              0.284620   data arrival time

                      0.150000    0.000000    0.000000   clock clk_10mhz (rise edge)
                                  0.000000    0.000000   clock network delay (ideal)
                                  0.250000    0.250000   clock uncertainty
                                  0.000000    0.250000   clock reconvergence pessimism
                                              0.250000 ^ _1689_/CLK (sky130_fd_sc_hd__dfxtp_2)
                                 -0.013936    0.236064   library hold time
                                              0.236064   data required time
---------------------------------------------------------------------------------------------
                                              0.236064   data required time
                                             -0.284620   data arrival time
---------------------------------------------------------------------------------------------
                                              0.048557   slack (MET)


Startpoint: _1690_ (rising edge-triggered flip-flop clocked by clk_10mhz)
Endpoint: _1690_ (rising edge-triggered flip-flop clocked by clk_10mhz)
Path Group: clk_10mhz
Path Type: min

Fanout         Cap        Slew       Delay        Time   Description
---------------------------------------------------------------------------------------------
                      0.150000    0.000000    0.000000   clock clk_10mhz (rise edge)
                                  0.000000    0.000000   clock network delay (ideal)
                      0.150000    0.000000    0.000000 ^ _1690_/CLK (sky130_fd_sc_hd__dfxtp_2)
     2    0.004262    0.027032    0.219910    0.219910 ^ _1690_/Q (sky130_fd_sc_hd__dfxtp_2)
                                                         u_fifo.mem[2][7] (net)
                      0.027032    0.000000    0.219910 ^ _1225_/A0 (sky130_fd_sc_hd__mux2_1)
     1    0.001748    0.023469    0.064710    0.284620 ^ _1225_/X (sky130_fd_sc_hd__mux2_1)
                                                         _0193_ (net)
                      0.023469    0.000000    0.284620 ^ _1690_/D (sky130_fd_sc_hd__dfxtp_2)
                                              0.284620   data arrival time

                      0.150000    0.000000    0.000000   clock clk_10mhz (rise edge)
                                  0.000000    0.000000   clock network delay (ideal)
                                  0.250000    0.250000   clock uncertainty
                                  0.000000    0.250000   clock reconvergence pessimism
                                              0.250000 ^ _1690_/CLK (sky130_fd_sc_hd__dfxtp_2)
                                 -0.013936    0.236064   library hold time
                                              0.236064   data required time
---------------------------------------------------------------------------------------------
                                              0.236064   data required time
                                             -0.284620   data arrival time
---------------------------------------------------------------------------------------------
                                              0.048557   slack (MET)


Startpoint: _1626_ (rising edge-triggered flip-flop clocked by clk_10mhz)
Endpoint: _1626_ (rising edge-triggered flip-flop clocked by clk_10mhz)
Path Group: clk_10mhz
Path Type: min

Fanout         Cap        Slew       Delay        Time   Description
---------------------------------------------------------------------------------------------
                      0.150000    0.000000    0.000000   clock clk_10mhz (rise edge)
                                  0.000000    0.000000   clock network delay (ideal)
                      0.150000    0.000000    0.000000 ^ _1626_/CLK (sky130_fd_sc_hd__dfxtp_2)
     2    0.004280    0.027089    0.219968    0.219968 ^ _1626_/Q (sky130_fd_sc_hd__dfxtp_2)
                                                         u_fifo.mem[8][7] (net)
                      0.027089    0.000000    0.219968 ^ _1151_/A0 (sky130_fd_sc_hd__mux2_1)
     1    0.001748    0.023468    0.064726    0.284694 ^ _1151_/X (sky130_fd_sc_hd__mux2_1)
                                                         _0129_ (net)
                      0.023468    0.000000    0.284694 ^ _1626_/D (sky130_fd_sc_hd__dfxtp_2)
                                              0.284694   data arrival time

                      0.150000    0.000000    0.000000   clock clk_10mhz (rise edge)
                                  0.000000    0.000000   clock network delay (ideal)
                                  0.250000    0.250000   clock uncertainty
                                  0.000000    0.250000   clock reconvergence pessimism
                                              0.250000 ^ _1626_/CLK (sky130_fd_sc_hd__dfxtp_2)
                                 -0.013936    0.236064   library hold time
                                              0.236064   data required time
---------------------------------------------------------------------------------------------
                                              0.236064   data required time
                                             -0.284694   data arrival time
---------------------------------------------------------------------------------------------
                                              0.048630   slack (MET)


Startpoint: _1641_ (rising edge-triggered flip-flop clocked by clk_10mhz)
Endpoint: _1641_ (rising edge-triggered flip-flop clocked by clk_10mhz)
Path Group: clk_10mhz
Path Type: min

Fanout         Cap        Slew       Delay        Time   Description
---------------------------------------------------------------------------------------------
                      0.150000    0.000000    0.000000   clock clk_10mhz (rise edge)
                                  0.000000    0.000000   clock network delay (ideal)
                      0.150000    0.000000    0.000000 ^ _1641_/CLK (sky130_fd_sc_hd__dfxtp_2)
     2    0.004280    0.027089    0.219968    0.219968 ^ _1641_/Q (sky130_fd_sc_hd__dfxtp_2)
                                                         u_fifo.mem[7][6] (net)
                      0.027089    0.000000    0.219968 ^ _1169_/A0 (sky130_fd_sc_hd__mux2_1)
     1    0.001748    0.023468    0.064726    0.284694 ^ _1169_/X (sky130_fd_sc_hd__mux2_1)
                                                         _0144_ (net)
                      0.023468    0.000000    0.284694 ^ _1641_/D (sky130_fd_sc_hd__dfxtp_2)
                                              0.284694   data arrival time

                      0.150000    0.000000    0.000000   clock clk_10mhz (rise edge)
                                  0.000000    0.000000   clock network delay (ideal)
                                  0.250000    0.250000   clock uncertainty
                                  0.000000    0.250000   clock reconvergence pessimism
                                              0.250000 ^ _1641_/CLK (sky130_fd_sc_hd__dfxtp_2)
                                 -0.013936    0.236064   library hold time
                                              0.236064   data required time
---------------------------------------------------------------------------------------------
                                              0.236064   data required time
                                             -0.284694   data arrival time
---------------------------------------------------------------------------------------------
                                              0.048630   slack (MET)


Startpoint: _1662_ (rising edge-triggered flip-flop clocked by clk_10mhz)
Endpoint: _1662_ (rising edge-triggered flip-flop clocked by clk_10mhz)
Path Group: clk_10mhz
Path Type: min

Fanout         Cap        Slew       Delay        Time   Description
---------------------------------------------------------------------------------------------
                      0.150000    0.000000    0.000000   clock clk_10mhz (rise edge)
                                  0.000000    0.000000   clock network delay (ideal)
                      0.150000    0.000000    0.000000 ^ _1662_/CLK (sky130_fd_sc_hd__dfxtp_2)
     2    0.004280    0.027089    0.219968    0.219968 ^ _1662_/Q (sky130_fd_sc_hd__dfxtp_2)
                                                         u_fifo.mem[4][3] (net)
                      0.027089    0.000000    0.219968 ^ _1193_/A0 (sky130_fd_sc_hd__mux2_1)
     1    0.001748    0.023468    0.064726    0.284694 ^ _1193_/X (sky130_fd_sc_hd__mux2_1)
                                                         _0165_ (net)
                      0.023468    0.000000    0.284694 ^ _1662_/D (sky130_fd_sc_hd__dfxtp_2)
                                              0.284694   data arrival time

                      0.150000    0.000000    0.000000   clock clk_10mhz (rise edge)
                                  0.000000    0.000000   clock network delay (ideal)
                                  0.250000    0.250000   clock uncertainty
                                  0.000000    0.250000   clock reconvergence pessimism
                                              0.250000 ^ _1662_/CLK (sky130_fd_sc_hd__dfxtp_2)
                                 -0.013936    0.236064   library hold time
                                              0.236064   data required time
---------------------------------------------------------------------------------------------
                                              0.236064   data required time
                                             -0.284694   data arrival time
---------------------------------------------------------------------------------------------
                                              0.048630   slack (MET)


Startpoint: _1679_ (rising edge-triggered flip-flop clocked by clk_10mhz)
Endpoint: _1679_ (rising edge-triggered flip-flop clocked by clk_10mhz)
Path Group: clk_10mhz
Path Type: min

Fanout         Cap        Slew       Delay        Time   Description
---------------------------------------------------------------------------------------------
                      0.150000    0.000000    0.000000   clock clk_10mhz (rise edge)
                                  0.000000    0.000000   clock network delay (ideal)
                      0.150000    0.000000    0.000000 ^ _1679_/CLK (sky130_fd_sc_hd__dfxtp_2)
     2    0.004280    0.027089    0.219968    0.219968 ^ _1679_/Q (sky130_fd_sc_hd__dfxtp_2)
                                                         u_fifo.mem[12][4] (net)
                      0.027089    0.000000    0.219968 ^ _1213_/A0 (sky130_fd_sc_hd__mux2_1)
     1    0.001748    0.023468    0.064726    0.284694 ^ _1213_/X (sky130_fd_sc_hd__mux2_1)
                                                         _0182_ (net)
                      0.023468    0.000000    0.284694 ^ _1679_/D (sky130_fd_sc_hd__dfxtp_2)
                                              0.284694   data arrival time

                      0.150000    0.000000    0.000000   clock clk_10mhz (rise edge)
                                  0.000000    0.000000   clock network delay (ideal)
                                  0.250000    0.250000   clock uncertainty
                                  0.000000    0.250000   clock reconvergence pessimism
                                              0.250000 ^ _1679_/CLK (sky130_fd_sc_hd__dfxtp_2)
                                 -0.013936    0.236064   library hold time
                                              0.236064   data required time
---------------------------------------------------------------------------------------------
                                              0.236064   data required time
                                             -0.284694   data arrival time
---------------------------------------------------------------------------------------------
                                              0.048630   slack (MET)


Startpoint: _1717_ (rising edge-triggered flip-flop clocked by clk_10mhz)
Endpoint: _1717_ (rising edge-triggered flip-flop clocked by clk_10mhz)
Path Group: clk_10mhz
Path Type: min

Fanout         Cap        Slew       Delay        Time   Description
---------------------------------------------------------------------------------------------
                      0.150000    0.000000    0.000000   clock clk_10mhz (rise edge)
                                  0.000000    0.000000   clock network delay (ideal)
                      0.150000    0.000000    0.000000 ^ _1717_/CLK (sky130_fd_sc_hd__dfxtp_2)
     2    0.004138    0.026637    0.219514    0.219514 ^ _1717_/Q (sky130_fd_sc_hd__dfxtp_2)
                                                         fifo_dout[0] (net)
                      0.026637    0.000000    0.219514 ^ _1292_/A1 (sky130_fd_sc_hd__mux2_1)
     1    0.001748    0.023459    0.066158    0.285672 ^ _1292_/X (sky130_fd_sc_hd__mux2_1)
                                                         _0220_ (net)
                      0.023459    0.000000    0.285672 ^ _1717_/D (sky130_fd_sc_hd__dfxtp_2)
                                              0.285672   data arrival time

                      0.150000    0.000000    0.000000   clock clk_10mhz (rise edge)
                                  0.000000    0.000000   clock network delay (ideal)
                                  0.250000    0.250000   clock uncertainty
                                  0.000000    0.250000   clock reconvergence pessimism
                                              0.250000 ^ _1717_/CLK (sky130_fd_sc_hd__dfxtp_2)
                                 -0.013936    0.236064   library hold time
                                              0.236064   data required time
---------------------------------------------------------------------------------------------
                                              0.236064   data required time
                                             -0.285672   data arrival time
---------------------------------------------------------------------------------------------
                                              0.049608   slack (MET)


Startpoint: _1718_ (rising edge-triggered flip-flop clocked by clk_10mhz)
Endpoint: _1718_ (rising edge-triggered flip-flop clocked by clk_10mhz)
Path Group: clk_10mhz
Path Type: min

Fanout         Cap        Slew       Delay        Time   Description
---------------------------------------------------------------------------------------------
                      0.150000    0.000000    0.000000   clock clk_10mhz (rise edge)
                                  0.000000    0.000000   clock network delay (ideal)
                      0.150000    0.000000    0.000000 ^ _1718_/CLK (sky130_fd_sc_hd__dfxtp_2)
     2    0.004138    0.026637    0.219514    0.219514 ^ _1718_/Q (sky130_fd_sc_hd__dfxtp_2)
                                                         fifo_dout[1] (net)
                      0.026637    0.000000    0.219514 ^ _1303_/A1 (sky130_fd_sc_hd__mux2_1)
     1    0.001748    0.023459    0.066158    0.285672 ^ _1303_/X (sky130_fd_sc_hd__mux2_1)
                                                         _0221_ (net)
                      0.023459    0.000000    0.285672 ^ _1718_/D (sky130_fd_sc_hd__dfxtp_2)
                                              0.285672   data arrival time

                      0.150000    0.000000    0.000000   clock clk_10mhz (rise edge)
                                  0.000000    0.000000   clock network delay (ideal)
                                  0.250000    0.250000   clock uncertainty
                                  0.000000    0.250000   clock reconvergence pessimism
                                              0.250000 ^ _1718_/CLK (sky130_fd_sc_hd__dfxtp_2)
                                 -0.013936    0.236064   library hold time
                                              0.236064   data required time
---------------------------------------------------------------------------------------------
                                              0.236064   data required time
                                             -0.285672   data arrival time
---------------------------------------------------------------------------------------------
                                              0.049608   slack (MET)


Startpoint: _1719_ (rising edge-triggered flip-flop clocked by clk_10mhz)
Endpoint: _1719_ (rising edge-triggered flip-flop clocked by clk_10mhz)
Path Group: clk_10mhz
Path Type: min

Fanout         Cap        Slew       Delay        Time   Description
---------------------------------------------------------------------------------------------
                      0.150000    0.000000    0.000000   clock clk_10mhz (rise edge)
                                  0.000000    0.000000   clock network delay (ideal)
                      0.150000    0.000000    0.000000 ^ _1719_/CLK (sky130_fd_sc_hd__dfxtp_2)
     2    0.004138    0.026637    0.219514    0.219514 ^ _1719_/Q (sky130_fd_sc_hd__dfxtp_2)
                                                         fifo_dout[2] (net)
                      0.026637    0.000000    0.219514 ^ _1314_/A1 (sky130_fd_sc_hd__mux2_1)
     1    0.001748    0.023459    0.066158    0.285672 ^ _1314_/X (sky130_fd_sc_hd__mux2_1)
                                                         _0222_ (net)
                      0.023459    0.000000    0.285672 ^ _1719_/D (sky130_fd_sc_hd__dfxtp_2)
                                              0.285672   data arrival time

                      0.150000    0.000000    0.000000   clock clk_10mhz (rise edge)
                                  0.000000    0.000000   clock network delay (ideal)
                                  0.250000    0.250000   clock uncertainty
                                  0.000000    0.250000   clock reconvergence pessimism
                                              0.250000 ^ _1719_/CLK (sky130_fd_sc_hd__dfxtp_2)
                                 -0.013936    0.236064   library hold time
                                              0.236064   data required time
---------------------------------------------------------------------------------------------
                                              0.236064   data required time
                                             -0.285672   data arrival time
---------------------------------------------------------------------------------------------
                                              0.049608   slack (MET)


Startpoint: _1721_ (rising edge-triggered flip-flop clocked by clk_10mhz)
Endpoint: _1721_ (rising edge-triggered flip-flop clocked by clk_10mhz)
Path Group: clk_10mhz
Path Type: min

Fanout         Cap        Slew       Delay        Time   Description
---------------------------------------------------------------------------------------------
                      0.150000    0.000000    0.000000   clock clk_10mhz (rise edge)
                                  0.000000    0.000000   clock network delay (ideal)
                      0.150000    0.000000    0.000000 ^ _1721_/CLK (sky130_fd_sc_hd__dfxtp_2)
     2    0.004138    0.026637    0.219514    0.219514 ^ _1721_/Q (sky130_fd_sc_hd__dfxtp_2)
                                                         fifo_dout[4] (net)
                      0.026637    0.000000    0.219514 ^ _1336_/A1 (sky130_fd_sc_hd__mux2_1)
     1    0.001748    0.023459    0.066158    0.285672 ^ _1336_/X (sky130_fd_sc_hd__mux2_1)
                                                         _0224_ (net)
                      0.023459    0.000000    0.285672 ^ _1721_/D (sky130_fd_sc_hd__dfxtp_2)
                                              0.285672   data arrival time

                      0.150000    0.000000    0.000000   clock clk_10mhz (rise edge)
                                  0.000000    0.000000   clock network delay (ideal)
                                  0.250000    0.250000   clock uncertainty
                                  0.000000    0.250000   clock reconvergence pessimism
                                              0.250000 ^ _1721_/CLK (sky130_fd_sc_hd__dfxtp_2)
                                 -0.013936    0.236064   library hold time
                                              0.236064   data required time
---------------------------------------------------------------------------------------------
                                              0.236064   data required time
                                             -0.285672   data arrival time
---------------------------------------------------------------------------------------------
                                              0.049608   slack (MET)


Startpoint: _1722_ (rising edge-triggered flip-flop clocked by clk_10mhz)
Endpoint: _1722_ (rising edge-triggered flip-flop clocked by clk_10mhz)
Path Group: clk_10mhz
Path Type: min

Fanout         Cap        Slew       Delay        Time   Description
---------------------------------------------------------------------------------------------
                      0.150000    0.000000    0.000000   clock clk_10mhz (rise edge)
                                  0.000000    0.000000   clock network delay (ideal)
                      0.150000    0.000000    0.000000 ^ _1722_/CLK (sky130_fd_sc_hd__dfxtp_2)
     2    0.004138    0.026637    0.219514    0.219514 ^ _1722_/Q (sky130_fd_sc_hd__dfxtp_2)
                                                         fifo_dout[5] (net)
                      0.026637    0.000000    0.219514 ^ _1347_/A1 (sky130_fd_sc_hd__mux2_1)
     1    0.001748    0.023459    0.066158    0.285672 ^ _1347_/X (sky130_fd_sc_hd__mux2_1)
                                                         _0225_ (net)
                      0.023459    0.000000    0.285672 ^ _1722_/D (sky130_fd_sc_hd__dfxtp_2)
                                              0.285672   data arrival time

                      0.150000    0.000000    0.000000   clock clk_10mhz (rise edge)
                                  0.000000    0.000000   clock network delay (ideal)
                                  0.250000    0.250000   clock uncertainty
                                  0.000000    0.250000   clock reconvergence pessimism
                                              0.250000 ^ _1722_/CLK (sky130_fd_sc_hd__dfxtp_2)
                                 -0.013936    0.236064   library hold time
                                              0.236064   data required time
---------------------------------------------------------------------------------------------
                                              0.236064   data required time
                                             -0.285672   data arrival time
---------------------------------------------------------------------------------------------
                                              0.049608   slack (MET)


Startpoint: _1723_ (rising edge-triggered flip-flop clocked by clk_10mhz)
Endpoint: _1723_ (rising edge-triggered flip-flop clocked by clk_10mhz)
Path Group: clk_10mhz
Path Type: min

Fanout         Cap        Slew       Delay        Time   Description
---------------------------------------------------------------------------------------------
                      0.150000    0.000000    0.000000   clock clk_10mhz (rise edge)
                                  0.000000    0.000000   clock network delay (ideal)
                      0.150000    0.000000    0.000000 ^ _1723_/CLK (sky130_fd_sc_hd__dfxtp_2)
     2    0.004138    0.026637    0.219514    0.219514 ^ _1723_/Q (sky130_fd_sc_hd__dfxtp_2)
                                                         fifo_dout[6] (net)
                      0.026637    0.000000    0.219514 ^ _1358_/A1 (sky130_fd_sc_hd__mux2_1)
     1    0.001748    0.023459    0.066158    0.285672 ^ _1358_/X (sky130_fd_sc_hd__mux2_1)
                                                         _0226_ (net)
                      0.023459    0.000000    0.285672 ^ _1723_/D (sky130_fd_sc_hd__dfxtp_2)
                                              0.285672   data arrival time

                      0.150000    0.000000    0.000000   clock clk_10mhz (rise edge)
                                  0.000000    0.000000   clock network delay (ideal)
                                  0.250000    0.250000   clock uncertainty
                                  0.000000    0.250000   clock reconvergence pessimism
                                              0.250000 ^ _1723_/CLK (sky130_fd_sc_hd__dfxtp_2)
                                 -0.013936    0.236064   library hold time
                                              0.236064   data required time
---------------------------------------------------------------------------------------------
                                              0.236064   data required time
                                             -0.285672   data arrival time
---------------------------------------------------------------------------------------------
                                              0.049608   slack (MET)


Startpoint: _1724_ (rising edge-triggered flip-flop clocked by clk_10mhz)
Endpoint: _1724_ (rising edge-triggered flip-flop clocked by clk_10mhz)
Path Group: clk_10mhz
Path Type: min

Fanout         Cap        Slew       Delay        Time   Description
---------------------------------------------------------------------------------------------
                      0.150000    0.000000    0.000000   clock clk_10mhz (rise edge)
                                  0.000000    0.000000   clock network delay (ideal)
                      0.150000    0.000000    0.000000 ^ _1724_/CLK (sky130_fd_sc_hd__dfxtp_2)
     2    0.004138    0.026637    0.219514    0.219514 ^ _1724_/Q (sky130_fd_sc_hd__dfxtp_2)
                                                         fifo_dout[7] (net)
                      0.026637    0.000000    0.219514 ^ _1369_/A1 (sky130_fd_sc_hd__mux2_1)
     1    0.001748    0.023459    0.066158    0.285672 ^ _1369_/X (sky130_fd_sc_hd__mux2_1)
                                                         _0227_ (net)
                      0.023459    0.000000    0.285672 ^ _1724_/D (sky130_fd_sc_hd__dfxtp_2)
                                              0.285672   data arrival time

                      0.150000    0.000000    0.000000   clock clk_10mhz (rise edge)
                                  0.000000    0.000000   clock network delay (ideal)
                                  0.250000    0.250000   clock uncertainty
                                  0.000000    0.250000   clock reconvergence pessimism
                                              0.250000 ^ _1724_/CLK (sky130_fd_sc_hd__dfxtp_2)
                                 -0.013936    0.236064   library hold time
                                              0.236064   data required time
---------------------------------------------------------------------------------------------
                                              0.236064   data required time
                                             -0.285672   data arrival time
---------------------------------------------------------------------------------------------
                                              0.049608   slack (MET)


Startpoint: _1565_ (rising edge-triggered flip-flop clocked by clk_10mhz)
Endpoint: _1565_ (rising edge-triggered flip-flop clocked by clk_10mhz)
Path Group: clk_10mhz
Path Type: min

Fanout         Cap        Slew       Delay        Time   Description
---------------------------------------------------------------------------------------------
                      0.150000    0.000000    0.000000   clock clk_10mhz (rise edge)
                                  0.000000    0.000000   clock network delay (ideal)
                      0.150000    0.000000    0.000000 ^ _1565_/CLK (sky130_fd_sc_hd__dfxtp_2)
     2    0.004536    0.027905    0.220786    0.220786 ^ _1565_/Q (sky130_fd_sc_hd__dfxtp_2)
                                                         u_fifo.mem[15][4] (net)
                      0.027905    0.000000    0.220786 ^ _1069_/A1 (sky130_fd_sc_hd__mux2_1)
     1    0.001748    0.023726    0.066512    0.287298 ^ _1069_/X (sky130_fd_sc_hd__mux2_1)
                                                         _0073_ (net)
                      0.023726    0.000000    0.287298 ^ _1565_/D (sky130_fd_sc_hd__dfxtp_2)
                                              0.287298   data arrival time

                      0.150000    0.000000    0.000000   clock clk_10mhz (rise edge)
                                  0.000000    0.000000   clock network delay (ideal)
                                  0.250000    0.250000   clock uncertainty
                                  0.000000    0.250000   clock reconvergence pessimism
                                              0.250000 ^ _1565_/CLK (sky130_fd_sc_hd__dfxtp_2)
                                 -0.013954    0.236046   library hold time
                                              0.236046   data required time
---------------------------------------------------------------------------------------------
                                              0.236046   data required time
                                             -0.287298   data arrival time
---------------------------------------------------------------------------------------------
                                              0.051252   slack (MET)


Startpoint: _1566_ (rising edge-triggered flip-flop clocked by clk_10mhz)
Endpoint: _1566_ (rising edge-triggered flip-flop clocked by clk_10mhz)
Path Group: clk_10mhz
Path Type: min

Fanout         Cap        Slew       Delay        Time   Description
---------------------------------------------------------------------------------------------
                      0.150000    0.000000    0.000000   clock clk_10mhz (rise edge)
                                  0.000000    0.000000   clock network delay (ideal)
                      0.150000    0.000000    0.000000 ^ _1566_/CLK (sky130_fd_sc_hd__dfxtp_2)
     2    0.004536    0.027905    0.220786    0.220786 ^ _1566_/Q (sky130_fd_sc_hd__dfxtp_2)
                                                         u_fifo.mem[15][5] (net)
                      0.027905    0.000000    0.220786 ^ _1070_/A1 (sky130_fd_sc_hd__mux2_1)
     1    0.001748    0.023726    0.066512    0.287298 ^ _1070_/X (sky130_fd_sc_hd__mux2_1)
                                                         _0074_ (net)
                      0.023726    0.000000    0.287298 ^ _1566_/D (sky130_fd_sc_hd__dfxtp_2)
                                              0.287298   data arrival time

                      0.150000    0.000000    0.000000   clock clk_10mhz (rise edge)
                                  0.000000    0.000000   clock network delay (ideal)
                                  0.250000    0.250000   clock uncertainty
                                  0.000000    0.250000   clock reconvergence pessimism
                                              0.250000 ^ _1566_/CLK (sky130_fd_sc_hd__dfxtp_2)
                                 -0.013954    0.236046   library hold time
                                              0.236046   data required time
---------------------------------------------------------------------------------------------
                                              0.236046   data required time
                                             -0.287298   data arrival time
---------------------------------------------------------------------------------------------
                                              0.051252   slack (MET)


Startpoint: _1611_ (rising edge-triggered flip-flop clocked by clk_10mhz)
Endpoint: _1611_ (rising edge-triggered flip-flop clocked by clk_10mhz)
Path Group: clk_10mhz
Path Type: min

Fanout         Cap        Slew       Delay        Time   Description
---------------------------------------------------------------------------------------------
                      0.150000    0.000000    0.000000   clock clk_10mhz (rise edge)
                                  0.000000    0.000000   clock network delay (ideal)
                      0.150000    0.000000    0.000000 ^ _1611_/CLK (sky130_fd_sc_hd__dfxtp_2)
     2    0.004536    0.027905    0.220786    0.220786 ^ _1611_/Q (sky130_fd_sc_hd__dfxtp_2)
                                                         u_fifo.mem[9][0] (net)
                      0.027905    0.000000    0.220786 ^ _1134_/A1 (sky130_fd_sc_hd__mux2_1)
     1    0.001748    0.023726    0.066512    0.287298 ^ _1134_/X (sky130_fd_sc_hd__mux2_1)
                                                         _0114_ (net)
                      0.023726    0.000000    0.287298 ^ _1611_/D (sky130_fd_sc_hd__dfxtp_2)
                                              0.287298   data arrival time

                      0.150000    0.000000    0.000000   clock clk_10mhz (rise edge)
                                  0.000000    0.000000   clock network delay (ideal)
                                  0.250000    0.250000   clock uncertainty
                                  0.000000    0.250000   clock reconvergence pessimism
                                              0.250000 ^ _1611_/CLK (sky130_fd_sc_hd__dfxtp_2)
                                 -0.013954    0.236046   library hold time
                                              0.236046   data required time
---------------------------------------------------------------------------------------------
                                              0.236046   data required time
                                             -0.287298   data arrival time
---------------------------------------------------------------------------------------------
                                              0.051252   slack (MET)


Startpoint: _1561_ (rising edge-triggered flip-flop clocked by clk_10mhz)
Endpoint: _1561_ (rising edge-triggered flip-flop clocked by clk_10mhz)
Path Group: clk_10mhz
Path Type: min

Fanout         Cap        Slew       Delay        Time   Description
---------------------------------------------------------------------------------------------
                      0.150000    0.000000    0.000000   clock clk_10mhz (rise edge)
                                  0.000000    0.000000   clock network delay (ideal)
                      0.150000    0.000000    0.000000 ^ _1561_/CLK (sky130_fd_sc_hd__dfxtp_2)
     2    0.004538    0.027911    0.220792    0.220792 ^ _1561_/Q (sky130_fd_sc_hd__dfxtp_2)
                                                         u_fifo.mem[15][0] (net)
                      0.027911    0.000000    0.220792 ^ _1065_/A1 (sky130_fd_sc_hd__mux2_1)
     1    0.001748    0.023726    0.066514    0.287306 ^ _1065_/X (sky130_fd_sc_hd__mux2_1)
                                                         _0069_ (net)
                      0.023726    0.000000    0.287306 ^ _1561_/D (sky130_fd_sc_hd__dfxtp_2)
                                              0.287306   data arrival time

                      0.150000    0.000000    0.000000   clock clk_10mhz (rise edge)
                                  0.000000    0.000000   clock network delay (ideal)
                                  0.250000    0.250000   clock uncertainty
                                  0.000000    0.250000   clock reconvergence pessimism
                                              0.250000 ^ _1561_/CLK (sky130_fd_sc_hd__dfxtp_2)
                                 -0.013954    0.236046   library hold time
                                              0.236046   data required time
---------------------------------------------------------------------------------------------
                                              0.236046   data required time
                                             -0.287306   data arrival time
---------------------------------------------------------------------------------------------
                                              0.051260   slack (MET)


Startpoint: _1562_ (rising edge-triggered flip-flop clocked by clk_10mhz)
Endpoint: _1562_ (rising edge-triggered flip-flop clocked by clk_10mhz)
Path Group: clk_10mhz
Path Type: min

Fanout         Cap        Slew       Delay        Time   Description
---------------------------------------------------------------------------------------------
                      0.150000    0.000000    0.000000   clock clk_10mhz (rise edge)
                                  0.000000    0.000000   clock network delay (ideal)
                      0.150000    0.000000    0.000000 ^ _1562_/CLK (sky130_fd_sc_hd__dfxtp_2)
     2    0.004538    0.027911    0.220792    0.220792 ^ _1562_/Q (sky130_fd_sc_hd__dfxtp_2)
                                                         u_fifo.mem[15][1] (net)
                      0.027911    0.000000    0.220792 ^ _1066_/A1 (sky130_fd_sc_hd__mux2_1)
     1    0.001748    0.023726    0.066514    0.287306 ^ _1066_/X (sky130_fd_sc_hd__mux2_1)
                                                         _0070_ (net)
                      0.023726    0.000000    0.287306 ^ _1562_/D (sky130_fd_sc_hd__dfxtp_2)
                                              0.287306   data arrival time

                      0.150000    0.000000    0.000000   clock clk_10mhz (rise edge)
                                  0.000000    0.000000   clock network delay (ideal)
                                  0.250000    0.250000   clock uncertainty
                                  0.000000    0.250000   clock reconvergence pessimism
                                              0.250000 ^ _1562_/CLK (sky130_fd_sc_hd__dfxtp_2)
                                 -0.013954    0.236046   library hold time
                                              0.236046   data required time
---------------------------------------------------------------------------------------------
                                              0.236046   data required time
                                             -0.287306   data arrival time
---------------------------------------------------------------------------------------------
                                              0.051260   slack (MET)


Startpoint: _1563_ (rising edge-triggered flip-flop clocked by clk_10mhz)
Endpoint: _1563_ (rising edge-triggered flip-flop clocked by clk_10mhz)
Path Group: clk_10mhz
Path Type: min

Fanout         Cap        Slew       Delay        Time   Description
---------------------------------------------------------------------------------------------
                      0.150000    0.000000    0.000000   clock clk_10mhz (rise edge)
                                  0.000000    0.000000   clock network delay (ideal)
                      0.150000    0.000000    0.000000 ^ _1563_/CLK (sky130_fd_sc_hd__dfxtp_2)
     2    0.004538    0.027911    0.220792    0.220792 ^ _1563_/Q (sky130_fd_sc_hd__dfxtp_2)
                                                         u_fifo.mem[15][2] (net)
                      0.027911    0.000000    0.220792 ^ _1067_/A1 (sky130_fd_sc_hd__mux2_1)
     1    0.001748    0.023726    0.066514    0.287306 ^ _1067_/X (sky130_fd_sc_hd__mux2_1)
                                                         _0071_ (net)
                      0.023726    0.000000    0.287306 ^ _1563_/D (sky130_fd_sc_hd__dfxtp_2)
                                              0.287306   data arrival time

                      0.150000    0.000000    0.000000   clock clk_10mhz (rise edge)
                                  0.000000    0.000000   clock network delay (ideal)
                                  0.250000    0.250000   clock uncertainty
                                  0.000000    0.250000   clock reconvergence pessimism
                                              0.250000 ^ _1563_/CLK (sky130_fd_sc_hd__dfxtp_2)
                                 -0.013954    0.236046   library hold time
                                              0.236046   data required time
---------------------------------------------------------------------------------------------
                                              0.236046   data required time
                                             -0.287306   data arrival time
---------------------------------------------------------------------------------------------
                                              0.051260   slack (MET)


Startpoint: _1564_ (rising edge-triggered flip-flop clocked by clk_10mhz)
Endpoint: _1564_ (rising edge-triggered flip-flop clocked by clk_10mhz)
Path Group: clk_10mhz
Path Type: min

Fanout         Cap        Slew       Delay        Time   Description
---------------------------------------------------------------------------------------------
                      0.150000    0.000000    0.000000   clock clk_10mhz (rise edge)
                                  0.000000    0.000000   clock network delay (ideal)
                      0.150000    0.000000    0.000000 ^ _1564_/CLK (sky130_fd_sc_hd__dfxtp_2)
     2    0.004538    0.027911    0.220792    0.220792 ^ _1564_/Q (sky130_fd_sc_hd__dfxtp_2)
                                                         u_fifo.mem[15][3] (net)
                      0.027911    0.000000    0.220792 ^ _1068_/A1 (sky130_fd_sc_hd__mux2_1)
     1    0.001748    0.023726    0.066514    0.287306 ^ _1068_/X (sky130_fd_sc_hd__mux2_1)
                                                         _0072_ (net)
                      0.023726    0.000000    0.287306 ^ _1564_/D (sky130_fd_sc_hd__dfxtp_2)
                                              0.287306   data arrival time

                      0.150000    0.000000    0.000000   clock clk_10mhz (rise edge)
                                  0.000000    0.000000   clock network delay (ideal)
                                  0.250000    0.250000   clock uncertainty
                                  0.000000    0.250000   clock reconvergence pessimism
                                              0.250000 ^ _1564_/CLK (sky130_fd_sc_hd__dfxtp_2)
                                 -0.013954    0.236046   library hold time
                                              0.236046   data required time
---------------------------------------------------------------------------------------------
                                              0.236046   data required time
                                             -0.287306   data arrival time
---------------------------------------------------------------------------------------------
                                              0.051260   slack (MET)


Startpoint: _1567_ (rising edge-triggered flip-flop clocked by clk_10mhz)
Endpoint: _1567_ (rising edge-triggered flip-flop clocked by clk_10mhz)
Path Group: clk_10mhz
Path Type: min

Fanout         Cap        Slew       Delay        Time   Description
---------------------------------------------------------------------------------------------
                      0.150000    0.000000    0.000000   clock clk_10mhz (rise edge)
                                  0.000000    0.000000   clock network delay (ideal)
                      0.150000    0.000000    0.000000 ^ _1567_/CLK (sky130_fd_sc_hd__dfxtp_2)
     2    0.004538    0.027911    0.220792    0.220792 ^ _1567_/Q (sky130_fd_sc_hd__dfxtp_2)
                                                         u_fifo.mem[15][6] (net)
                      0.027911    0.000000    0.220792 ^ _1071_/A1 (sky130_fd_sc_hd__mux2_1)
     1    0.001748    0.023726    0.066514    0.287306 ^ _1071_/X (sky130_fd_sc_hd__mux2_1)
                                                         _0075_ (net)
                      0.023726    0.000000    0.287306 ^ _1567_/D (sky130_fd_sc_hd__dfxtp_2)
                                              0.287306   data arrival time

                      0.150000    0.000000    0.000000   clock clk_10mhz (rise edge)
                                  0.000000    0.000000   clock network delay (ideal)
                                  0.250000    0.250000   clock uncertainty
                                  0.000000    0.250000   clock reconvergence pessimism
                                              0.250000 ^ _1567_/CLK (sky130_fd_sc_hd__dfxtp_2)
                                 -0.013954    0.236046   library hold time
                                              0.236046   data required time
---------------------------------------------------------------------------------------------
                                              0.236046   data required time
                                             -0.287306   data arrival time
---------------------------------------------------------------------------------------------
                                              0.051260   slack (MET)


Startpoint: _1568_ (rising edge-triggered flip-flop clocked by clk_10mhz)
Endpoint: _1568_ (rising edge-triggered flip-flop clocked by clk_10mhz)
Path Group: clk_10mhz
Path Type: min

Fanout         Cap        Slew       Delay        Time   Description
---------------------------------------------------------------------------------------------
                      0.150000    0.000000    0.000000   clock clk_10mhz (rise edge)
                                  0.000000    0.000000   clock network delay (ideal)
                      0.150000    0.000000    0.000000 ^ _1568_/CLK (sky130_fd_sc_hd__dfxtp_2)
     2    0.004538    0.027911    0.220792    0.220792 ^ _1568_/Q (sky130_fd_sc_hd__dfxtp_2)
                                                         u_fifo.mem[15][7] (net)
                      0.027911    0.000000    0.220792 ^ _1072_/A1 (sky130_fd_sc_hd__mux2_1)
     1    0.001748    0.023726    0.066514    0.287306 ^ _1072_/X (sky130_fd_sc_hd__mux2_1)
                                                         _0076_ (net)
                      0.023726    0.000000    0.287306 ^ _1568_/D (sky130_fd_sc_hd__dfxtp_2)
                                              0.287306   data arrival time

                      0.150000    0.000000    0.000000   clock clk_10mhz (rise edge)
                                  0.000000    0.000000   clock network delay (ideal)
                                  0.250000    0.250000   clock uncertainty
                                  0.000000    0.250000   clock reconvergence pessimism
                                              0.250000 ^ _1568_/CLK (sky130_fd_sc_hd__dfxtp_2)
                                 -0.013954    0.236046   library hold time
                                              0.236046   data required time
---------------------------------------------------------------------------------------------
                                              0.236046   data required time
                                             -0.287306   data arrival time
---------------------------------------------------------------------------------------------
                                              0.051260   slack (MET)


Startpoint: _1618_ (rising edge-triggered flip-flop clocked by clk_10mhz)
Endpoint: _1618_ (rising edge-triggered flip-flop clocked by clk_10mhz)
Path Group: clk_10mhz
Path Type: min

Fanout         Cap        Slew       Delay        Time   Description
---------------------------------------------------------------------------------------------
                      0.150000    0.000000    0.000000   clock clk_10mhz (rise edge)
                                  0.000000    0.000000   clock network delay (ideal)
                      0.150000    0.000000    0.000000 ^ _1618_/CLK (sky130_fd_sc_hd__dfxtp_2)
     2    0.004538    0.027911    0.220792    0.220792 ^ _1618_/Q (sky130_fd_sc_hd__dfxtp_2)
                                                         u_fifo.mem[9][7] (net)
                      0.027911    0.000000    0.220792 ^ _1141_/A1 (sky130_fd_sc_hd__mux2_1)
     1    0.001748    0.023726    0.066514    0.287306 ^ _1141_/X (sky130_fd_sc_hd__mux2_1)
                                                         _0121_ (net)
                      0.023726    0.000000    0.287306 ^ _1618_/D (sky130_fd_sc_hd__dfxtp_2)
                                              0.287306   data arrival time

                      0.150000    0.000000    0.000000   clock clk_10mhz (rise edge)
                                  0.000000    0.000000   clock network delay (ideal)
                                  0.250000    0.250000   clock uncertainty
                                  0.000000    0.250000   clock reconvergence pessimism
                                              0.250000 ^ _1618_/CLK (sky130_fd_sc_hd__dfxtp_2)
                                 -0.013954    0.236046   library hold time
                                              0.236046   data required time
---------------------------------------------------------------------------------------------
                                              0.236046   data required time
                                             -0.287306   data arrival time
---------------------------------------------------------------------------------------------
                                              0.051260   slack (MET)


Startpoint: _1598_ (rising edge-triggered flip-flop clocked by clk_10mhz)
Endpoint: _1598_ (rising edge-triggered flip-flop clocked by clk_10mhz)
Path Group: clk_10mhz
Path Type: min

Fanout         Cap        Slew       Delay        Time   Description
---------------------------------------------------------------------------------------------
                      0.150000    0.000000    0.000000   clock clk_10mhz (rise edge)
                                  0.000000    0.000000   clock network delay (ideal)
                      0.150000    0.000000    0.000000 ^ _1598_/CLK (sky130_fd_sc_hd__dfxtp_2)
     2    0.004556    0.027969    0.220850    0.220850 ^ _1598_/Q (sky130_fd_sc_hd__dfxtp_2)
                                                         u_fifo.mem[11][3] (net)
                      0.027969    0.000000    0.220850 ^ _1118_/A1 (sky130_fd_sc_hd__mux2_1)
     1    0.001748    0.023726    0.066530    0.287380 ^ _1118_/X (sky130_fd_sc_hd__mux2_1)
                                                         _0101_ (net)
                      0.023726    0.000000    0.287380 ^ _1598_/D (sky130_fd_sc_hd__dfxtp_2)
                                              0.287380   data arrival time

                      0.150000    0.000000    0.000000   clock clk_10mhz (rise edge)
                                  0.000000    0.000000   clock network delay (ideal)
                                  0.250000    0.250000   clock uncertainty
                                  0.000000    0.250000   clock reconvergence pessimism
                                              0.250000 ^ _1598_/CLK (sky130_fd_sc_hd__dfxtp_2)
                                 -0.013954    0.236046   library hold time
                                              0.236046   data required time
---------------------------------------------------------------------------------------------
                                              0.236046   data required time
                                             -0.287380   data arrival time
---------------------------------------------------------------------------------------------
                                              0.051334   slack (MET)


Startpoint: _1595_ (rising edge-triggered flip-flop clocked by clk_10mhz)
Endpoint: _1595_ (rising edge-triggered flip-flop clocked by clk_10mhz)
Path Group: clk_10mhz
Path Type: min

Fanout         Cap        Slew       Delay        Time   Description
---------------------------------------------------------------------------------------------
                      0.150000    0.000000    0.000000   clock clk_10mhz (rise edge)
                                  0.000000    0.000000   clock network delay (ideal)
                      0.150000    0.000000    0.000000 ^ _1595_/CLK (sky130_fd_sc_hd__dfxtp_2)
     2    0.004587    0.028067    0.220949    0.220949 ^ _1595_/Q (sky130_fd_sc_hd__dfxtp_2)
                                                         u_fifo.mem[11][0] (net)
                      0.028067    0.000000    0.220949 ^ _1115_/A1 (sky130_fd_sc_hd__mux2_1)
     1    0.001748    0.023726    0.066557    0.287506 ^ _1115_/X (sky130_fd_sc_hd__mux2_1)
                                                         _0098_ (net)
                      0.023726    0.000000    0.287506 ^ _1595_/D (sky130_fd_sc_hd__dfxtp_2)
                                              0.287506   data arrival time

                      0.150000    0.000000    0.000000   clock clk_10mhz (rise edge)
                                  0.000000    0.000000   clock network delay (ideal)
                                  0.250000    0.250000   clock uncertainty
                                  0.000000    0.250000   clock reconvergence pessimism
                                              0.250000 ^ _1595_/CLK (sky130_fd_sc_hd__dfxtp_2)
                                 -0.013954    0.236046   library hold time
                                              0.236046   data required time
---------------------------------------------------------------------------------------------
                                              0.236046   data required time
                                             -0.287506   data arrival time
---------------------------------------------------------------------------------------------
                                              0.051461   slack (MET)


Startpoint: _1597_ (rising edge-triggered flip-flop clocked by clk_10mhz)
Endpoint: _1597_ (rising edge-triggered flip-flop clocked by clk_10mhz)
Path Group: clk_10mhz
Path Type: min

Fanout         Cap        Slew       Delay        Time   Description
---------------------------------------------------------------------------------------------
                      0.150000    0.000000    0.000000   clock clk_10mhz (rise edge)
                                  0.000000    0.000000   clock network delay (ideal)
                      0.150000    0.000000    0.000000 ^ _1597_/CLK (sky130_fd_sc_hd__dfxtp_2)
     2    0.004587    0.028067    0.220949    0.220949 ^ _1597_/Q (sky130_fd_sc_hd__dfxtp_2)
                                                         u_fifo.mem[11][2] (net)
                      0.028067    0.000000    0.220949 ^ _1117_/A1 (sky130_fd_sc_hd__mux2_1)
     1    0.001748    0.023726    0.066557    0.287506 ^ _1117_/X (sky130_fd_sc_hd__mux2_1)
                                                         _0100_ (net)
                      0.023726    0.000000    0.287506 ^ _1597_/D (sky130_fd_sc_hd__dfxtp_2)
                                              0.287506   data arrival time

                      0.150000    0.000000    0.000000   clock clk_10mhz (rise edge)
                                  0.000000    0.000000   clock network delay (ideal)
                                  0.250000    0.250000   clock uncertainty
                                  0.000000    0.250000   clock reconvergence pessimism
                                              0.250000 ^ _1597_/CLK (sky130_fd_sc_hd__dfxtp_2)
                                 -0.013954    0.236046   library hold time
                                              0.236046   data required time
---------------------------------------------------------------------------------------------
                                              0.236046   data required time
                                             -0.287506   data arrival time
---------------------------------------------------------------------------------------------
                                              0.051461   slack (MET)


Startpoint: _1599_ (rising edge-triggered flip-flop clocked by clk_10mhz)
Endpoint: _1599_ (rising edge-triggered flip-flop clocked by clk_10mhz)
Path Group: clk_10mhz
Path Type: min

Fanout         Cap        Slew       Delay        Time   Description
---------------------------------------------------------------------------------------------
                      0.150000    0.000000    0.000000   clock clk_10mhz (rise edge)
                                  0.000000    0.000000   clock network delay (ideal)
                      0.150000    0.000000    0.000000 ^ _1599_/CLK (sky130_fd_sc_hd__dfxtp_2)
     2    0.004587    0.028067    0.220949    0.220949 ^ _1599_/Q (sky130_fd_sc_hd__dfxtp_2)
                                                         u_fifo.mem[11][4] (net)
                      0.028067    0.000000    0.220949 ^ _1119_/A1 (sky130_fd_sc_hd__mux2_1)
     1    0.001748    0.023726    0.066557    0.287506 ^ _1119_/X (sky130_fd_sc_hd__mux2_1)
                                                         _0102_ (net)
                      0.023726    0.000000    0.287506 ^ _1599_/D (sky130_fd_sc_hd__dfxtp_2)
                                              0.287506   data arrival time

                      0.150000    0.000000    0.000000   clock clk_10mhz (rise edge)
                                  0.000000    0.000000   clock network delay (ideal)
                                  0.250000    0.250000   clock uncertainty
                                  0.000000    0.250000   clock reconvergence pessimism
                                              0.250000 ^ _1599_/CLK (sky130_fd_sc_hd__dfxtp_2)
                                 -0.013954    0.236046   library hold time
                                              0.236046   data required time
---------------------------------------------------------------------------------------------
                                              0.236046   data required time
                                             -0.287506   data arrival time
---------------------------------------------------------------------------------------------
                                              0.051461   slack (MET)


Startpoint: _1602_ (rising edge-triggered flip-flop clocked by clk_10mhz)
Endpoint: _1602_ (rising edge-triggered flip-flop clocked by clk_10mhz)
Path Group: clk_10mhz
Path Type: min

Fanout         Cap        Slew       Delay        Time   Description
---------------------------------------------------------------------------------------------
                      0.150000    0.000000    0.000000   clock clk_10mhz (rise edge)
                                  0.000000    0.000000   clock network delay (ideal)
                      0.150000    0.000000    0.000000 ^ _1602_/CLK (sky130_fd_sc_hd__dfxtp_2)
     2    0.004587    0.028067    0.220949    0.220949 ^ _1602_/Q (sky130_fd_sc_hd__dfxtp_2)
                                                         u_fifo.mem[11][7] (net)
                      0.028067    0.000000    0.220949 ^ _1122_/A1 (sky130_fd_sc_hd__mux2_1)
     1    0.001748    0.023726    0.066557    0.287506 ^ _1122_/X (sky130_fd_sc_hd__mux2_1)
                                                         _0105_ (net)
                      0.023726    0.000000    0.287506 ^ _1602_/D (sky130_fd_sc_hd__dfxtp_2)
                                              0.287506   data arrival time

                      0.150000    0.000000    0.000000   clock clk_10mhz (rise edge)
                                  0.000000    0.000000   clock network delay (ideal)
                                  0.250000    0.250000   clock uncertainty
                                  0.000000    0.250000   clock reconvergence pessimism
                                              0.250000 ^ _1602_/CLK (sky130_fd_sc_hd__dfxtp_2)
                                 -0.013954    0.236046   library hold time
                                              0.236046   data required time
---------------------------------------------------------------------------------------------
                                              0.236046   data required time
                                             -0.287506   data arrival time
---------------------------------------------------------------------------------------------
                                              0.051461   slack (MET)


Startpoint: _1613_ (rising edge-triggered flip-flop clocked by clk_10mhz)
Endpoint: _1613_ (rising edge-triggered flip-flop clocked by clk_10mhz)
Path Group: clk_10mhz
Path Type: min

Fanout         Cap        Slew       Delay        Time   Description
---------------------------------------------------------------------------------------------
                      0.150000    0.000000    0.000000   clock clk_10mhz (rise edge)
                                  0.000000    0.000000   clock network delay (ideal)
                      0.150000    0.000000    0.000000 ^ _1613_/CLK (sky130_fd_sc_hd__dfxtp_2)
     2    0.004587    0.028067    0.220949    0.220949 ^ _1613_/Q (sky130_fd_sc_hd__dfxtp_2)
                                                         u_fifo.mem[9][2] (net)
                      0.028067    0.000000    0.220949 ^ _1136_/A1 (sky130_fd_sc_hd__mux2_1)
     1    0.001748    0.023726    0.066557    0.287506 ^ _1136_/X (sky130_fd_sc_hd__mux2_1)
                                                         _0116_ (net)
                      0.023726    0.000000    0.287506 ^ _1613_/D (sky130_fd_sc_hd__dfxtp_2)
                                              0.287506   data arrival time

                      0.150000    0.000000    0.000000   clock clk_10mhz (rise edge)
                                  0.000000    0.000000   clock network delay (ideal)
                                  0.250000    0.250000   clock uncertainty
                                  0.000000    0.250000   clock reconvergence pessimism
                                              0.250000 ^ _1613_/CLK (sky130_fd_sc_hd__dfxtp_2)
                                 -0.013954    0.236046   library hold time
                                              0.236046   data required time
---------------------------------------------------------------------------------------------
                                              0.236046   data required time
                                             -0.287506   data arrival time
---------------------------------------------------------------------------------------------
                                              0.051461   slack (MET)


Startpoint: _1615_ (rising edge-triggered flip-flop clocked by clk_10mhz)
Endpoint: _1615_ (rising edge-triggered flip-flop clocked by clk_10mhz)
Path Group: clk_10mhz
Path Type: min

Fanout         Cap        Slew       Delay        Time   Description
---------------------------------------------------------------------------------------------
                      0.150000    0.000000    0.000000   clock clk_10mhz (rise edge)
                                  0.000000    0.000000   clock network delay (ideal)
                      0.150000    0.000000    0.000000 ^ _1615_/CLK (sky130_fd_sc_hd__dfxtp_2)
     2    0.004587    0.028067    0.220949    0.220949 ^ _1615_/Q (sky130_fd_sc_hd__dfxtp_2)
                                                         u_fifo.mem[9][4] (net)
                      0.028067    0.000000    0.220949 ^ _1138_/A1 (sky130_fd_sc_hd__mux2_1)
     1    0.001748    0.023726    0.066557    0.287506 ^ _1138_/X (sky130_fd_sc_hd__mux2_1)
                                                         _0118_ (net)
                      0.023726    0.000000    0.287506 ^ _1615_/D (sky130_fd_sc_hd__dfxtp_2)
                                              0.287506   data arrival time

                      0.150000    0.000000    0.000000   clock clk_10mhz (rise edge)
                                  0.000000    0.000000   clock network delay (ideal)
                                  0.250000    0.250000   clock uncertainty
                                  0.000000    0.250000   clock reconvergence pessimism
                                              0.250000 ^ _1615_/CLK (sky130_fd_sc_hd__dfxtp_2)
                                 -0.013954    0.236046   library hold time
                                              0.236046   data required time
---------------------------------------------------------------------------------------------
                                              0.236046   data required time
                                             -0.287506   data arrival time
---------------------------------------------------------------------------------------------
                                              0.051461   slack (MET)


Startpoint: _1616_ (rising edge-triggered flip-flop clocked by clk_10mhz)
Endpoint: _1616_ (rising edge-triggered flip-flop clocked by clk_10mhz)
Path Group: clk_10mhz
Path Type: min

Fanout         Cap        Slew       Delay        Time   Description
---------------------------------------------------------------------------------------------
                      0.150000    0.000000    0.000000   clock clk_10mhz (rise edge)
                                  0.000000    0.000000   clock network delay (ideal)
                      0.150000    0.000000    0.000000 ^ _1616_/CLK (sky130_fd_sc_hd__dfxtp_2)
     2    0.004587    0.028067    0.220949    0.220949 ^ _1616_/Q (sky130_fd_sc_hd__dfxtp_2)
                                                         u_fifo.mem[9][5] (net)
                      0.028067    0.000000    0.220949 ^ _1139_/A1 (sky130_fd_sc_hd__mux2_1)
     1    0.001748    0.023726    0.066557    0.287506 ^ _1139_/X (sky130_fd_sc_hd__mux2_1)
                                                         _0119_ (net)
                      0.023726    0.000000    0.287506 ^ _1616_/D (sky130_fd_sc_hd__dfxtp_2)
                                              0.287506   data arrival time

                      0.150000    0.000000    0.000000   clock clk_10mhz (rise edge)
                                  0.000000    0.000000   clock network delay (ideal)
                                  0.250000    0.250000   clock uncertainty
                                  0.000000    0.250000   clock reconvergence pessimism
                                              0.250000 ^ _1616_/CLK (sky130_fd_sc_hd__dfxtp_2)
                                 -0.013954    0.236046   library hold time
                                              0.236046   data required time
---------------------------------------------------------------------------------------------
                                              0.236046   data required time
                                             -0.287506   data arrival time
---------------------------------------------------------------------------------------------
                                              0.051461   slack (MET)


Startpoint: _1617_ (rising edge-triggered flip-flop clocked by clk_10mhz)
Endpoint: _1617_ (rising edge-triggered flip-flop clocked by clk_10mhz)
Path Group: clk_10mhz
Path Type: min

Fanout         Cap        Slew       Delay        Time   Description
---------------------------------------------------------------------------------------------
                      0.150000    0.000000    0.000000   clock clk_10mhz (rise edge)
                                  0.000000    0.000000   clock network delay (ideal)
                      0.150000    0.000000    0.000000 ^ _1617_/CLK (sky130_fd_sc_hd__dfxtp_2)
     2    0.004587    0.028067    0.220949    0.220949 ^ _1617_/Q (sky130_fd_sc_hd__dfxtp_2)
                                                         u_fifo.mem[9][6] (net)
                      0.028067    0.000000    0.220949 ^ _1140_/A1 (sky130_fd_sc_hd__mux2_1)
     1    0.001748    0.023726    0.066557    0.287506 ^ _1140_/X (sky130_fd_sc_hd__mux2_1)
                                                         _0120_ (net)
                      0.023726    0.000000    0.287506 ^ _1617_/D (sky130_fd_sc_hd__dfxtp_2)
                                              0.287506   data arrival time

                      0.150000    0.000000    0.000000   clock clk_10mhz (rise edge)
                                  0.000000    0.000000   clock network delay (ideal)
                                  0.250000    0.250000   clock uncertainty
                                  0.000000    0.250000   clock reconvergence pessimism
                                              0.250000 ^ _1617_/CLK (sky130_fd_sc_hd__dfxtp_2)
                                 -0.013954    0.236046   library hold time
                                              0.236046   data required time
---------------------------------------------------------------------------------------------
                                              0.236046   data required time
                                             -0.287506   data arrival time
---------------------------------------------------------------------------------------------
                                              0.051461   slack (MET)


Startpoint: _1726_ (rising edge-triggered flip-flop clocked by clk_10mhz)
Endpoint: _1726_ (rising edge-triggered flip-flop clocked by clk_10mhz)
Path Group: clk_10mhz
Path Type: min

Fanout         Cap        Slew       Delay        Time   Description
---------------------------------------------------------------------------------------------
                      0.150000    0.000000    0.000000   clock clk_10mhz (rise edge)
                                  0.000000    0.000000   clock network delay (ideal)
                      0.150000    0.000000    0.000000 ^ _1726_/CLK (sky130_fd_sc_hd__dfxtp_2)
     2    0.004587    0.028067    0.220949    0.220949 ^ _1726_/Q (sky130_fd_sc_hd__dfxtp_2)
                                                         u_fifo.mem[13][1] (net)
                      0.028067    0.000000    0.220949 ^ _1372_/A1 (sky130_fd_sc_hd__mux2_1)
     1    0.001748    0.023726    0.066557    0.287506 ^ _1372_/X (sky130_fd_sc_hd__mux2_1)
                                                         _0229_ (net)
                      0.023726    0.000000    0.287506 ^ _1726_/D (sky130_fd_sc_hd__dfxtp_2)
                                              0.287506   data arrival time

                      0.150000    0.000000    0.000000   clock clk_10mhz (rise edge)
                                  0.000000    0.000000   clock network delay (ideal)
                                  0.250000    0.250000   clock uncertainty
                                  0.000000    0.250000   clock reconvergence pessimism
                                              0.250000 ^ _1726_/CLK (sky130_fd_sc_hd__dfxtp_2)
                                 -0.013954    0.236046   library hold time
                                              0.236046   data required time
---------------------------------------------------------------------------------------------
                                              0.236046   data required time
                                             -0.287506   data arrival time
---------------------------------------------------------------------------------------------
                                              0.051461   slack (MET)


Startpoint: _1728_ (rising edge-triggered flip-flop clocked by clk_10mhz)
Endpoint: _1728_ (rising edge-triggered flip-flop clocked by clk_10mhz)
Path Group: clk_10mhz
Path Type: min

Fanout         Cap        Slew       Delay        Time   Description
---------------------------------------------------------------------------------------------
                      0.150000    0.000000    0.000000   clock clk_10mhz (rise edge)
                                  0.000000    0.000000   clock network delay (ideal)
                      0.150000    0.000000    0.000000 ^ _1728_/CLK (sky130_fd_sc_hd__dfxtp_2)
     2    0.004587    0.028067    0.220949    0.220949 ^ _1728_/Q (sky130_fd_sc_hd__dfxtp_2)
                                                         u_fifo.mem[13][3] (net)
                      0.028067    0.000000    0.220949 ^ _1374_/A1 (sky130_fd_sc_hd__mux2_1)
     1    0.001748    0.023726    0.066557    0.287506 ^ _1374_/X (sky130_fd_sc_hd__mux2_1)
                                                         _0231_ (net)
                      0.023726    0.000000    0.287506 ^ _1728_/D (sky130_fd_sc_hd__dfxtp_2)
                                              0.287506   data arrival time

                      0.150000    0.000000    0.000000   clock clk_10mhz (rise edge)
                                  0.000000    0.000000   clock network delay (ideal)
                                  0.250000    0.250000   clock uncertainty
                                  0.000000    0.250000   clock reconvergence pessimism
                                              0.250000 ^ _1728_/CLK (sky130_fd_sc_hd__dfxtp_2)
                                 -0.013954    0.236046   library hold time
                                              0.236046   data required time
---------------------------------------------------------------------------------------------
                                              0.236046   data required time
                                             -0.287506   data arrival time
---------------------------------------------------------------------------------------------
                                              0.051461   slack (MET)


Startpoint: _1729_ (rising edge-triggered flip-flop clocked by clk_10mhz)
Endpoint: _1729_ (rising edge-triggered flip-flop clocked by clk_10mhz)
Path Group: clk_10mhz
Path Type: min

Fanout         Cap        Slew       Delay        Time   Description
---------------------------------------------------------------------------------------------
                      0.150000    0.000000    0.000000   clock clk_10mhz (rise edge)
                                  0.000000    0.000000   clock network delay (ideal)
                      0.150000    0.000000    0.000000 ^ _1729_/CLK (sky130_fd_sc_hd__dfxtp_2)
     2    0.004587    0.028067    0.220949    0.220949 ^ _1729_/Q (sky130_fd_sc_hd__dfxtp_2)
                                                         u_fifo.mem[13][4] (net)
                      0.028067    0.000000    0.220949 ^ _1375_/A1 (sky130_fd_sc_hd__mux2_1)
     1    0.001748    0.023726    0.066557    0.287506 ^ _1375_/X (sky130_fd_sc_hd__mux2_1)
                                                         _0232_ (net)
                      0.023726    0.000000    0.287506 ^ _1729_/D (sky130_fd_sc_hd__dfxtp_2)
                                              0.287506   data arrival time

                      0.150000    0.000000    0.000000   clock clk_10mhz (rise edge)
                                  0.000000    0.000000   clock network delay (ideal)
                                  0.250000    0.250000   clock uncertainty
                                  0.000000    0.250000   clock reconvergence pessimism
                                              0.250000 ^ _1729_/CLK (sky130_fd_sc_hd__dfxtp_2)
                                 -0.013954    0.236046   library hold time
                                              0.236046   data required time
---------------------------------------------------------------------------------------------
                                              0.236046   data required time
                                             -0.287506   data arrival time
---------------------------------------------------------------------------------------------
                                              0.051461   slack (MET)


Startpoint: _1731_ (rising edge-triggered flip-flop clocked by clk_10mhz)
Endpoint: _1731_ (rising edge-triggered flip-flop clocked by clk_10mhz)
Path Group: clk_10mhz
Path Type: min

Fanout         Cap        Slew       Delay        Time   Description
---------------------------------------------------------------------------------------------
                      0.150000    0.000000    0.000000   clock clk_10mhz (rise edge)
                                  0.000000    0.000000   clock network delay (ideal)
                      0.150000    0.000000    0.000000 ^ _1731_/CLK (sky130_fd_sc_hd__dfxtp_2)
     2    0.004587    0.028067    0.220949    0.220949 ^ _1731_/Q (sky130_fd_sc_hd__dfxtp_2)
                                                         u_fifo.mem[13][6] (net)
                      0.028067    0.000000    0.220949 ^ _1377_/A1 (sky130_fd_sc_hd__mux2_1)
     1    0.001748    0.023726    0.066557    0.287506 ^ _1377_/X (sky130_fd_sc_hd__mux2_1)
                                                         _0234_ (net)
                      0.023726    0.000000    0.287506 ^ _1731_/D (sky130_fd_sc_hd__dfxtp_2)
                                              0.287506   data arrival time

                      0.150000    0.000000    0.000000   clock clk_10mhz (rise edge)
                                  0.000000    0.000000   clock network delay (ideal)
                                  0.250000    0.250000   clock uncertainty
                                  0.000000    0.250000   clock reconvergence pessimism
                                              0.250000 ^ _1731_/CLK (sky130_fd_sc_hd__dfxtp_2)
                                 -0.013954    0.236046   library hold time
                                              0.236046   data required time
---------------------------------------------------------------------------------------------
                                              0.236046   data required time
                                             -0.287506   data arrival time
---------------------------------------------------------------------------------------------
                                              0.051461   slack (MET)


Startpoint: _1732_ (rising edge-triggered flip-flop clocked by clk_10mhz)
Endpoint: _1732_ (rising edge-triggered flip-flop clocked by clk_10mhz)
Path Group: clk_10mhz
Path Type: min

Fanout         Cap        Slew       Delay        Time   Description
---------------------------------------------------------------------------------------------
                      0.150000    0.000000    0.000000   clock clk_10mhz (rise edge)
                                  0.000000    0.000000   clock network delay (ideal)
                      0.150000    0.000000    0.000000 ^ _1732_/CLK (sky130_fd_sc_hd__dfxtp_2)
     2    0.004587    0.028067    0.220949    0.220949 ^ _1732_/Q (sky130_fd_sc_hd__dfxtp_2)
                                                         u_fifo.mem[13][7] (net)
                      0.028067    0.000000    0.220949 ^ _1378_/A1 (sky130_fd_sc_hd__mux2_1)
     1    0.001748    0.023726    0.066557    0.287506 ^ _1378_/X (sky130_fd_sc_hd__mux2_1)
                                                         _0235_ (net)
                      0.023726    0.000000    0.287506 ^ _1732_/D (sky130_fd_sc_hd__dfxtp_2)
                                              0.287506   data arrival time

                      0.150000    0.000000    0.000000   clock clk_10mhz (rise edge)
                                  0.000000    0.000000   clock network delay (ideal)
                                  0.250000    0.250000   clock uncertainty
                                  0.000000    0.250000   clock reconvergence pessimism
                                              0.250000 ^ _1732_/CLK (sky130_fd_sc_hd__dfxtp_2)
                                 -0.013954    0.236046   library hold time
                                              0.236046   data required time
---------------------------------------------------------------------------------------------
                                              0.236046   data required time
                                             -0.287506   data arrival time
---------------------------------------------------------------------------------------------
                                              0.051461   slack (MET)


Startpoint: _1596_ (rising edge-triggered flip-flop clocked by clk_10mhz)
Endpoint: _1596_ (rising edge-triggered flip-flop clocked by clk_10mhz)
Path Group: clk_10mhz
Path Type: min

Fanout         Cap        Slew       Delay        Time   Description
---------------------------------------------------------------------------------------------
                      0.150000    0.000000    0.000000   clock clk_10mhz (rise edge)
                                  0.000000    0.000000   clock network delay (ideal)
                      0.150000    0.000000    0.000000 ^ _1596_/CLK (sky130_fd_sc_hd__dfxtp_2)
     2    0.004623    0.028182    0.221064    0.221064 ^ _1596_/Q (sky130_fd_sc_hd__dfxtp_2)
                                                         u_fifo.mem[11][1] (net)
                      0.028182    0.000000    0.221064 ^ _1116_/A1 (sky130_fd_sc_hd__mux2_1)
     1    0.001748    0.023726    0.066589    0.287653 ^ _1116_/X (sky130_fd_sc_hd__mux2_1)
                                                         _0099_ (net)
                      0.023726    0.000000    0.287653 ^ _1596_/D (sky130_fd_sc_hd__dfxtp_2)
                                              0.287653   data arrival time

                      0.150000    0.000000    0.000000   clock clk_10mhz (rise edge)
                                  0.000000    0.000000   clock network delay (ideal)
                                  0.250000    0.250000   clock uncertainty
                                  0.000000    0.250000   clock reconvergence pessimism
                                              0.250000 ^ _1596_/CLK (sky130_fd_sc_hd__dfxtp_2)
                                 -0.013954    0.236046   library hold time
                                              0.236046   data required time
---------------------------------------------------------------------------------------------
                                              0.236046   data required time
                                             -0.287653   data arrival time
---------------------------------------------------------------------------------------------
                                              0.051608   slack (MET)


Startpoint: _1600_ (rising edge-triggered flip-flop clocked by clk_10mhz)
Endpoint: _1600_ (rising edge-triggered flip-flop clocked by clk_10mhz)
Path Group: clk_10mhz
Path Type: min

Fanout         Cap        Slew       Delay        Time   Description
---------------------------------------------------------------------------------------------
                      0.150000    0.000000    0.000000   clock clk_10mhz (rise edge)
                                  0.000000    0.000000   clock network delay (ideal)
                      0.150000    0.000000    0.000000 ^ _1600_/CLK (sky130_fd_sc_hd__dfxtp_2)
     2    0.004623    0.028182    0.221064    0.221064 ^ _1600_/Q (sky130_fd_sc_hd__dfxtp_2)
                                                         u_fifo.mem[11][5] (net)
                      0.028182    0.000000    0.221064 ^ _1120_/A1 (sky130_fd_sc_hd__mux2_1)
     1    0.001748    0.023726    0.066589    0.287653 ^ _1120_/X (sky130_fd_sc_hd__mux2_1)
                                                         _0103_ (net)
                      0.023726    0.000000    0.287653 ^ _1600_/D (sky130_fd_sc_hd__dfxtp_2)
                                              0.287653   data arrival time

                      0.150000    0.000000    0.000000   clock clk_10mhz (rise edge)
                                  0.000000    0.000000   clock network delay (ideal)
                                  0.250000    0.250000   clock uncertainty
                                  0.000000    0.250000   clock reconvergence pessimism
                                              0.250000 ^ _1600_/CLK (sky130_fd_sc_hd__dfxtp_2)
                                 -0.013954    0.236046   library hold time
                                              0.236046   data required time
---------------------------------------------------------------------------------------------
                                              0.236046   data required time
                                             -0.287653   data arrival time
---------------------------------------------------------------------------------------------
                                              0.051608   slack (MET)


Startpoint: _1601_ (rising edge-triggered flip-flop clocked by clk_10mhz)
Endpoint: _1601_ (rising edge-triggered flip-flop clocked by clk_10mhz)
Path Group: clk_10mhz
Path Type: min

Fanout         Cap        Slew       Delay        Time   Description
---------------------------------------------------------------------------------------------
                      0.150000    0.000000    0.000000   clock clk_10mhz (rise edge)
                                  0.000000    0.000000   clock network delay (ideal)
                      0.150000    0.000000    0.000000 ^ _1601_/CLK (sky130_fd_sc_hd__dfxtp_2)
     2    0.004623    0.028182    0.221064    0.221064 ^ _1601_/Q (sky130_fd_sc_hd__dfxtp_2)
                                                         u_fifo.mem[11][6] (net)
                      0.028182    0.000000    0.221064 ^ _1121_/A1 (sky130_fd_sc_hd__mux2_1)
     1    0.001748    0.023726    0.066589    0.287653 ^ _1121_/X (sky130_fd_sc_hd__mux2_1)
                                                         _0104_ (net)
                      0.023726    0.000000    0.287653 ^ _1601_/D (sky130_fd_sc_hd__dfxtp_2)
                                              0.287653   data arrival time

                      0.150000    0.000000    0.000000   clock clk_10mhz (rise edge)
                                  0.000000    0.000000   clock network delay (ideal)
                                  0.250000    0.250000   clock uncertainty
                                  0.000000    0.250000   clock reconvergence pessimism
                                              0.250000 ^ _1601_/CLK (sky130_fd_sc_hd__dfxtp_2)
                                 -0.013954    0.236046   library hold time
                                              0.236046   data required time
---------------------------------------------------------------------------------------------
                                              0.236046   data required time
                                             -0.287653   data arrival time
---------------------------------------------------------------------------------------------
                                              0.051608   slack (MET)


Startpoint: _1614_ (rising edge-triggered flip-flop clocked by clk_10mhz)
Endpoint: _1614_ (rising edge-triggered flip-flop clocked by clk_10mhz)
Path Group: clk_10mhz
Path Type: min

Fanout         Cap        Slew       Delay        Time   Description
---------------------------------------------------------------------------------------------
                      0.150000    0.000000    0.000000   clock clk_10mhz (rise edge)
                                  0.000000    0.000000   clock network delay (ideal)
                      0.150000    0.000000    0.000000 ^ _1614_/CLK (sky130_fd_sc_hd__dfxtp_2)
     2    0.004623    0.028182    0.221064    0.221064 ^ _1614_/Q (sky130_fd_sc_hd__dfxtp_2)
                                                         u_fifo.mem[9][3] (net)
                      0.028182    0.000000    0.221064 ^ _1137_/A1 (sky130_fd_sc_hd__mux2_1)
     1    0.001748    0.023726    0.066589    0.287653 ^ _1137_/X (sky130_fd_sc_hd__mux2_1)
                                                         _0117_ (net)
                      0.023726    0.000000    0.287653 ^ _1614_/D (sky130_fd_sc_hd__dfxtp_2)
                                              0.287653   data arrival time

                      0.150000    0.000000    0.000000   clock clk_10mhz (rise edge)
                                  0.000000    0.000000   clock network delay (ideal)
                                  0.250000    0.250000   clock uncertainty
                                  0.000000    0.250000   clock reconvergence pessimism
                                              0.250000 ^ _1614_/CLK (sky130_fd_sc_hd__dfxtp_2)
                                 -0.013954    0.236046   library hold time
                                              0.236046   data required time
---------------------------------------------------------------------------------------------
                                              0.236046   data required time
                                             -0.287653   data arrival time
---------------------------------------------------------------------------------------------
                                              0.051608   slack (MET)


Startpoint: _1725_ (rising edge-triggered flip-flop clocked by clk_10mhz)
Endpoint: _1725_ (rising edge-triggered flip-flop clocked by clk_10mhz)
Path Group: clk_10mhz
Path Type: min

Fanout         Cap        Slew       Delay        Time   Description
---------------------------------------------------------------------------------------------
                      0.150000    0.000000    0.000000   clock clk_10mhz (rise edge)
                                  0.000000    0.000000   clock network delay (ideal)
                      0.150000    0.000000    0.000000 ^ _1725_/CLK (sky130_fd_sc_hd__dfxtp_2)
     2    0.004623    0.028182    0.221064    0.221064 ^ _1725_/Q (sky130_fd_sc_hd__dfxtp_2)
                                                         u_fifo.mem[13][0] (net)
                      0.028182    0.000000    0.221064 ^ _1371_/A1 (sky130_fd_sc_hd__mux2_1)
     1    0.001748    0.023726    0.066589    0.287653 ^ _1371_/X (sky130_fd_sc_hd__mux2_1)
                                                         _0228_ (net)
                      0.023726    0.000000    0.287653 ^ _1725_/D (sky130_fd_sc_hd__dfxtp_2)
                                              0.287653   data arrival time

                      0.150000    0.000000    0.000000   clock clk_10mhz (rise edge)
                                  0.000000    0.000000   clock network delay (ideal)
                                  0.250000    0.250000   clock uncertainty
                                  0.000000    0.250000   clock reconvergence pessimism
                                              0.250000 ^ _1725_/CLK (sky130_fd_sc_hd__dfxtp_2)
                                 -0.013954    0.236046   library hold time
                                              0.236046   data required time
---------------------------------------------------------------------------------------------
                                              0.236046   data required time
                                             -0.287653   data arrival time
---------------------------------------------------------------------------------------------
                                              0.051608   slack (MET)


Startpoint: _1727_ (rising edge-triggered flip-flop clocked by clk_10mhz)
Endpoint: _1727_ (rising edge-triggered flip-flop clocked by clk_10mhz)
Path Group: clk_10mhz
Path Type: min

Fanout         Cap        Slew       Delay        Time   Description
---------------------------------------------------------------------------------------------
                      0.150000    0.000000    0.000000   clock clk_10mhz (rise edge)
                                  0.000000    0.000000   clock network delay (ideal)
                      0.150000    0.000000    0.000000 ^ _1727_/CLK (sky130_fd_sc_hd__dfxtp_2)
     2    0.004623    0.028182    0.221064    0.221064 ^ _1727_/Q (sky130_fd_sc_hd__dfxtp_2)
                                                         u_fifo.mem[13][2] (net)
                      0.028182    0.000000    0.221064 ^ _1373_/A1 (sky130_fd_sc_hd__mux2_1)
     1    0.001748    0.023726    0.066589    0.287653 ^ _1373_/X (sky130_fd_sc_hd__mux2_1)
                                                         _0230_ (net)
                      0.023726    0.000000    0.287653 ^ _1727_/D (sky130_fd_sc_hd__dfxtp_2)
                                              0.287653   data arrival time

                      0.150000    0.000000    0.000000   clock clk_10mhz (rise edge)
                                  0.000000    0.000000   clock network delay (ideal)
                                  0.250000    0.250000   clock uncertainty
                                  0.000000    0.250000   clock reconvergence pessimism
                                              0.250000 ^ _1727_/CLK (sky130_fd_sc_hd__dfxtp_2)
                                 -0.013954    0.236046   library hold time
                                              0.236046   data required time
---------------------------------------------------------------------------------------------
                                              0.236046   data required time
                                             -0.287653   data arrival time
---------------------------------------------------------------------------------------------
                                              0.051608   slack (MET)


Startpoint: _1730_ (rising edge-triggered flip-flop clocked by clk_10mhz)
Endpoint: _1730_ (rising edge-triggered flip-flop clocked by clk_10mhz)
Path Group: clk_10mhz
Path Type: min

Fanout         Cap        Slew       Delay        Time   Description
---------------------------------------------------------------------------------------------
                      0.150000    0.000000    0.000000   clock clk_10mhz (rise edge)
                                  0.000000    0.000000   clock network delay (ideal)
                      0.150000    0.000000    0.000000 ^ _1730_/CLK (sky130_fd_sc_hd__dfxtp_2)
     2    0.004623    0.028182    0.221064    0.221064 ^ _1730_/Q (sky130_fd_sc_hd__dfxtp_2)
                                                         u_fifo.mem[13][5] (net)
                      0.028182    0.000000    0.221064 ^ _1376_/A1 (sky130_fd_sc_hd__mux2_1)
     1    0.001748    0.023726    0.066589    0.287653 ^ _1376_/X (sky130_fd_sc_hd__mux2_1)
                                                         _0233_ (net)
                      0.023726    0.000000    0.287653 ^ _1730_/D (sky130_fd_sc_hd__dfxtp_2)
                                              0.287653   data arrival time

                      0.150000    0.000000    0.000000   clock clk_10mhz (rise edge)
                                  0.000000    0.000000   clock network delay (ideal)
                                  0.250000    0.250000   clock uncertainty
                                  0.000000    0.250000   clock reconvergence pessimism
                                              0.250000 ^ _1730_/CLK (sky130_fd_sc_hd__dfxtp_2)
                                 -0.013954    0.236046   library hold time
                                              0.236046   data required time
---------------------------------------------------------------------------------------------
                                              0.236046   data required time
                                             -0.287653   data arrival time
---------------------------------------------------------------------------------------------
                                              0.051608   slack (MET)


Startpoint: _1612_ (rising edge-triggered flip-flop clocked by clk_10mhz)
Endpoint: _1612_ (rising edge-triggered flip-flop clocked by clk_10mhz)
Path Group: clk_10mhz
Path Type: min

Fanout         Cap        Slew       Delay        Time   Description
---------------------------------------------------------------------------------------------
                      0.150000    0.000000    0.000000   clock clk_10mhz (rise edge)
                                  0.000000    0.000000   clock network delay (ideal)
                      0.150000    0.000000    0.000000 ^ _1612_/CLK (sky130_fd_sc_hd__dfxtp_2)
     2    0.004654    0.028283    0.221159    0.221159 ^ _1612_/Q (sky130_fd_sc_hd__dfxtp_2)
                                                         u_fifo.mem[9][1] (net)
                      0.028283    0.000000    0.221159 ^ _1135_/A1 (sky130_fd_sc_hd__mux2_1)
     1    0.001748    0.023726    0.066618    0.287776 ^ _1135_/X (sky130_fd_sc_hd__mux2_1)
                                                         _0115_ (net)
                      0.023726    0.000000    0.287776 ^ _1612_/D (sky130_fd_sc_hd__dfxtp_2)
                                              0.287776   data arrival time

                      0.150000    0.000000    0.000000   clock clk_10mhz (rise edge)
                                  0.000000    0.000000   clock network delay (ideal)
                                  0.250000    0.250000   clock uncertainty
                                  0.000000    0.250000   clock reconvergence pessimism
                                              0.250000 ^ _1612_/CLK (sky130_fd_sc_hd__dfxtp_2)
                                 -0.013954    0.236046   library hold time
                                              0.236046   data required time
---------------------------------------------------------------------------------------------
                                              0.236046   data required time
                                             -0.287776   data arrival time
---------------------------------------------------------------------------------------------
                                              0.051730   slack (MET)


Startpoint: _1720_ (rising edge-triggered flip-flop clocked by clk_10mhz)
Endpoint: _1720_ (rising edge-triggered flip-flop clocked by clk_10mhz)
Path Group: clk_10mhz
Path Type: min

Fanout         Cap        Slew       Delay        Time   Description
---------------------------------------------------------------------------------------------
                      0.150000    0.000000    0.000000   clock clk_10mhz (rise edge)
                                  0.000000    0.000000   clock network delay (ideal)
                      0.150000    0.000000    0.000000 ^ _1720_/CLK (sky130_fd_sc_hd__dfxtp_2)
     2    0.004538    0.027911    0.220792    0.220792 ^ _1720_/Q (sky130_fd_sc_hd__dfxtp_2)
                                                         fifo_dout[3] (net)
                      0.027911    0.000000    0.220792 ^ _1325_/A1 (sky130_fd_sc_hd__a22o_2)
     1    0.001748    0.018403    0.067404    0.288196 ^ _1325_/X (sky130_fd_sc_hd__a22o_2)
                                                         _0223_ (net)
                      0.018403    0.000000    0.288196 ^ _1720_/D (sky130_fd_sc_hd__dfxtp_2)
                                              0.288196   data arrival time

                      0.150000    0.000000    0.000000   clock clk_10mhz (rise edge)
                                  0.000000    0.000000   clock network delay (ideal)
                                  0.250000    0.250000   clock uncertainty
                                  0.000000    0.250000   clock reconvergence pessimism
                                              0.250000 ^ _1720_/CLK (sky130_fd_sc_hd__dfxtp_2)
                                 -0.013584    0.236416   library hold time
                                              0.236416   data required time
---------------------------------------------------------------------------------------------
                                              0.236416   data required time
                                             -0.288196   data arrival time
---------------------------------------------------------------------------------------------
                                              0.051780   slack (MET)


Startpoint: _1724_ (rising edge-triggered flip-flop clocked by clk_10mhz)
Endpoint: _1576_ (rising edge-triggered flip-flop clocked by clk_10mhz)
Path Group: clk_10mhz
Path Type: min

Fanout         Cap        Slew       Delay        Time   Description
---------------------------------------------------------------------------------------------
                      0.150000    0.000000    0.000000   clock clk_10mhz (rise edge)
                                  0.000000    0.000000   clock network delay (ideal)
                      0.150000    0.000000    0.000000 ^ _1724_/CLK (sky130_fd_sc_hd__dfxtp_2)
     2    0.004138    0.026637    0.219514    0.219514 ^ _1724_/Q (sky130_fd_sc_hd__dfxtp_2)
                                                         fifo_dout[7] (net)
                      0.026637    0.000000    0.219514 ^ _1080_/A1 (sky130_fd_sc_hd__mux2_1)
     1    0.002087    0.025488    0.067899    0.287413 ^ _1080_/X (sky130_fd_sc_hd__mux2_1)
                                                         _0084_ (net)
                      0.025488    0.000000    0.287413 ^ _1576_/D (sky130_fd_sc_hd__dfrtp_2)
                                              0.287413   data arrival time

                      0.150000    0.000000    0.000000   clock clk_10mhz (rise edge)
                                  0.000000    0.000000   clock network delay (ideal)
                                  0.250000    0.250000   clock uncertainty
                                  0.000000    0.250000   clock reconvergence pessimism
                                              0.250000 ^ _1576_/CLK (sky130_fd_sc_hd__dfrtp_2)
                                 -0.016208    0.233792   library hold time
                                              0.233792   data required time
---------------------------------------------------------------------------------------------
                                              0.233792   data required time
                                             -0.287413   data arrival time
---------------------------------------------------------------------------------------------
                                              0.053621   slack (MET)


Startpoint: _1717_ (rising edge-triggered flip-flop clocked by clk_10mhz)
Endpoint: _1569_ (rising edge-triggered flip-flop clocked by clk_10mhz)
Path Group: clk_10mhz
Path Type: min

Fanout         Cap        Slew       Delay        Time   Description
---------------------------------------------------------------------------------------------
                      0.150000    0.000000    0.000000   clock clk_10mhz (rise edge)
                                  0.000000    0.000000   clock network delay (ideal)
                      0.150000    0.000000    0.000000 ^ _1717_/CLK (sky130_fd_sc_hd__dfxtp_2)
     2    0.004138    0.026637    0.219514    0.219514 ^ _1717_/Q (sky130_fd_sc_hd__dfxtp_2)
                                                         fifo_dout[0] (net)
                      0.026637    0.000000    0.219514 ^ _1073_/A1 (sky130_fd_sc_hd__mux2_1)
     1    0.002087    0.025489    0.067899    0.287413 ^ _1073_/X (sky130_fd_sc_hd__mux2_1)
                                                         _0077_ (net)
                      0.025489    0.000000    0.287413 ^ _1569_/D (sky130_fd_sc_hd__dfrtp_2)
                                              0.287413   data arrival time

                      0.150000    0.000000    0.000000   clock clk_10mhz (rise edge)
                                  0.000000    0.000000   clock network delay (ideal)
                                  0.250000    0.250000   clock uncertainty
                                  0.000000    0.250000   clock reconvergence pessimism
                                              0.250000 ^ _1569_/CLK (sky130_fd_sc_hd__dfrtp_2)
                                 -0.016208    0.233792   library hold time
                                              0.233792   data required time
---------------------------------------------------------------------------------------------
                                              0.233792   data required time
                                             -0.287413   data arrival time
---------------------------------------------------------------------------------------------
                                              0.053621   slack (MET)


Startpoint: _1718_ (rising edge-triggered flip-flop clocked by clk_10mhz)
Endpoint: _1570_ (rising edge-triggered flip-flop clocked by clk_10mhz)
Path Group: clk_10mhz
Path Type: min

Fanout         Cap        Slew       Delay        Time   Description
---------------------------------------------------------------------------------------------
                      0.150000    0.000000    0.000000   clock clk_10mhz (rise edge)
                                  0.000000    0.000000   clock network delay (ideal)
                      0.150000    0.000000    0.000000 ^ _1718_/CLK (sky130_fd_sc_hd__dfxtp_2)
     2    0.004138    0.026637    0.219514    0.219514 ^ _1718_/Q (sky130_fd_sc_hd__dfxtp_2)
                                                         fifo_dout[1] (net)
                      0.026637    0.000000    0.219514 ^ _1074_/A1 (sky130_fd_sc_hd__mux2_1)
     1    0.002087    0.025489    0.067899    0.287413 ^ _1074_/X (sky130_fd_sc_hd__mux2_1)
                                                         _0078_ (net)
                      0.025489    0.000000    0.287413 ^ _1570_/D (sky130_fd_sc_hd__dfrtp_2)
                                              0.287413   data arrival time

                      0.150000    0.000000    0.000000   clock clk_10mhz (rise edge)
                                  0.000000    0.000000   clock network delay (ideal)
                                  0.250000    0.250000   clock uncertainty
                                  0.000000    0.250000   clock reconvergence pessimism
                                              0.250000 ^ _1570_/CLK (sky130_fd_sc_hd__dfrtp_2)
                                 -0.016208    0.233792   library hold time
                                              0.233792   data required time
---------------------------------------------------------------------------------------------
                                              0.233792   data required time
                                             -0.287413   data arrival time
---------------------------------------------------------------------------------------------
                                              0.053621   slack (MET)


Startpoint: _1722_ (rising edge-triggered flip-flop clocked by clk_10mhz)
Endpoint: _1574_ (rising edge-triggered flip-flop clocked by clk_10mhz)
Path Group: clk_10mhz
Path Type: min

Fanout         Cap        Slew       Delay        Time   Description
---------------------------------------------------------------------------------------------
                      0.150000    0.000000    0.000000   clock clk_10mhz (rise edge)
                                  0.000000    0.000000   clock network delay (ideal)
                      0.150000    0.000000    0.000000 ^ _1722_/CLK (sky130_fd_sc_hd__dfxtp_2)
     2    0.004138    0.026637    0.219514    0.219514 ^ _1722_/Q (sky130_fd_sc_hd__dfxtp_2)
                                                         fifo_dout[5] (net)
                      0.026637    0.000000    0.219514 ^ _1078_/A1 (sky130_fd_sc_hd__mux2_1)
     1    0.002087    0.025489    0.067899    0.287413 ^ _1078_/X (sky130_fd_sc_hd__mux2_1)
                                                         _0082_ (net)
                      0.025489    0.000000    0.287413 ^ _1574_/D (sky130_fd_sc_hd__dfrtp_2)
                                              0.287413   data arrival time

                      0.150000    0.000000    0.000000   clock clk_10mhz (rise edge)
                                  0.000000    0.000000   clock network delay (ideal)
                                  0.250000    0.250000   clock uncertainty
                                  0.000000    0.250000   clock reconvergence pessimism
                                              0.250000 ^ _1574_/CLK (sky130_fd_sc_hd__dfrtp_2)
                                 -0.016208    0.233792   library hold time
                                              0.233792   data required time
---------------------------------------------------------------------------------------------
                                              0.233792   data required time
                                             -0.287413   data arrival time
---------------------------------------------------------------------------------------------
                                              0.053621   slack (MET)


Startpoint: _1719_ (rising edge-triggered flip-flop clocked by clk_10mhz)
Endpoint: _1571_ (rising edge-triggered flip-flop clocked by clk_10mhz)
Path Group: clk_10mhz
Path Type: min

Fanout         Cap        Slew       Delay        Time   Description
---------------------------------------------------------------------------------------------
                      0.150000    0.000000    0.000000   clock clk_10mhz (rise edge)
                                  0.000000    0.000000   clock network delay (ideal)
                      0.150000    0.000000    0.000000 ^ _1719_/CLK (sky130_fd_sc_hd__dfxtp_2)
     2    0.004138    0.026637    0.219514    0.219514 ^ _1719_/Q (sky130_fd_sc_hd__dfxtp_2)
                                                         fifo_dout[2] (net)
                      0.026637    0.000000    0.219514 ^ _1075_/A1 (sky130_fd_sc_hd__mux2_1)
     1    0.002087    0.025489    0.067899    0.287413 ^ _1075_/X (sky130_fd_sc_hd__mux2_1)
                                                         _0079_ (net)
                      0.025489    0.000000    0.287413 ^ _1571_/D (sky130_fd_sc_hd__dfrtp_2)
                                              0.287413   data arrival time

                      0.150000    0.000000    0.000000   clock clk_10mhz (rise edge)
                                  0.000000    0.000000   clock network delay (ideal)
                                  0.250000    0.250000   clock uncertainty
                                  0.000000    0.250000   clock reconvergence pessimism
                                              0.250000 ^ _1571_/CLK (sky130_fd_sc_hd__dfrtp_2)
                                 -0.016208    0.233792   library hold time
                                              0.233792   data required time
---------------------------------------------------------------------------------------------
                                              0.233792   data required time
                                             -0.287413   data arrival time
---------------------------------------------------------------------------------------------
                                              0.053621   slack (MET)


Startpoint: _1721_ (rising edge-triggered flip-flop clocked by clk_10mhz)
Endpoint: _1573_ (rising edge-triggered flip-flop clocked by clk_10mhz)
Path Group: clk_10mhz
Path Type: min

Fanout         Cap        Slew       Delay        Time   Description
---------------------------------------------------------------------------------------------
                      0.150000    0.000000    0.000000   clock clk_10mhz (rise edge)
                                  0.000000    0.000000   clock network delay (ideal)
                      0.150000    0.000000    0.000000 ^ _1721_/CLK (sky130_fd_sc_hd__dfxtp_2)
     2    0.004138    0.026637    0.219514    0.219514 ^ _1721_/Q (sky130_fd_sc_hd__dfxtp_2)
                                                         fifo_dout[4] (net)
                      0.026637    0.000000    0.219514 ^ _1077_/A1 (sky130_fd_sc_hd__mux2_1)
     1    0.002087    0.025490    0.067899    0.287413 ^ _1077_/X (sky130_fd_sc_hd__mux2_1)
                                                         _0081_ (net)
                      0.025490    0.000000    0.287413 ^ _1573_/D (sky130_fd_sc_hd__dfrtp_2)
                                              0.287413   data arrival time

                      0.150000    0.000000    0.000000   clock clk_10mhz (rise edge)
                                  0.000000    0.000000   clock network delay (ideal)
                                  0.250000    0.250000   clock uncertainty
                                  0.000000    0.250000   clock reconvergence pessimism
                                              0.250000 ^ _1573_/CLK (sky130_fd_sc_hd__dfrtp_2)
                                 -0.016208    0.233792   library hold time
                                              0.233792   data required time
---------------------------------------------------------------------------------------------
                                              0.233792   data required time
                                             -0.287413   data arrival time
---------------------------------------------------------------------------------------------
                                              0.053621   slack (MET)


Startpoint: _1723_ (rising edge-triggered flip-flop clocked by clk_10mhz)
Endpoint: _1575_ (rising edge-triggered flip-flop clocked by clk_10mhz)
Path Group: clk_10mhz
Path Type: min

Fanout         Cap        Slew       Delay        Time   Description
---------------------------------------------------------------------------------------------
                      0.150000    0.000000    0.000000   clock clk_10mhz (rise edge)
                                  0.000000    0.000000   clock network delay (ideal)
                      0.150000    0.000000    0.000000 ^ _1723_/CLK (sky130_fd_sc_hd__dfxtp_2)
     2    0.004138    0.026637    0.219514    0.219514 ^ _1723_/Q (sky130_fd_sc_hd__dfxtp_2)
                                                         fifo_dout[6] (net)
                      0.026637    0.000000    0.219514 ^ _1079_/A1 (sky130_fd_sc_hd__mux2_1)
     1    0.002087    0.025490    0.067899    0.287413 ^ _1079_/X (sky130_fd_sc_hd__mux2_1)
                                                         _0083_ (net)
                      0.025490    0.000000    0.287413 ^ _1575_/D (sky130_fd_sc_hd__dfrtp_2)
                                              0.287413   data arrival time

                      0.150000    0.000000    0.000000   clock clk_10mhz (rise edge)
                                  0.000000    0.000000   clock network delay (ideal)
                                  0.250000    0.250000   clock uncertainty
                                  0.000000    0.250000   clock reconvergence pessimism
                                              0.250000 ^ _1575_/CLK (sky130_fd_sc_hd__dfrtp_2)
                                 -0.016208    0.233792   library hold time
                                              0.233792   data required time
---------------------------------------------------------------------------------------------
                                              0.233792   data required time
                                             -0.287413   data arrival time
---------------------------------------------------------------------------------------------
                                              0.053621   slack (MET)


Startpoint: _1720_ (rising edge-triggered flip-flop clocked by clk_10mhz)
Endpoint: _1572_ (rising edge-triggered flip-flop clocked by clk_10mhz)
Path Group: clk_10mhz
Path Type: min

Fanout         Cap        Slew       Delay        Time   Description
---------------------------------------------------------------------------------------------
                      0.150000    0.000000    0.000000   clock clk_10mhz (rise edge)
                                  0.000000    0.000000   clock network delay (ideal)
                      0.150000    0.000000    0.000000 ^ _1720_/CLK (sky130_fd_sc_hd__dfxtp_2)
     2    0.004538    0.027911    0.220792    0.220792 ^ _1720_/Q (sky130_fd_sc_hd__dfxtp_2)
                                                         fifo_dout[3] (net)
                      0.027911    0.000000    0.220792 ^ _1076_/A1 (sky130_fd_sc_hd__mux2_1)
     1    0.002087    0.025489    0.068255    0.289047 ^ _1076_/X (sky130_fd_sc_hd__mux2_1)
                                                         _0080_ (net)
                      0.025489    0.000000    0.289047 ^ _1572_/D (sky130_fd_sc_hd__dfrtp_2)
                                              0.289047   data arrival time

                      0.150000    0.000000    0.000000   clock clk_10mhz (rise edge)
                                  0.000000    0.000000   clock network delay (ideal)
                                  0.250000    0.250000   clock uncertainty
                                  0.000000    0.250000   clock reconvergence pessimism
                                              0.250000 ^ _1572_/CLK (sky130_fd_sc_hd__dfrtp_2)
                                 -0.016208    0.233792   library hold time
                                              0.233792   data required time
---------------------------------------------------------------------------------------------
                                              0.233792   data required time
                                             -0.289047   data arrival time
---------------------------------------------------------------------------------------------
                                              0.055255   slack (MET)


Startpoint: _1684_ (rising edge-triggered flip-flop clocked by clk_10mhz)
Endpoint: _1684_ (rising edge-triggered flip-flop clocked by clk_10mhz)
Path Group: clk_10mhz
Path Type: min

Fanout         Cap        Slew       Delay        Time   Description
---------------------------------------------------------------------------------------------
                      0.150000    0.000000    0.000000   clock clk_10mhz (rise edge)
                                  0.000000    0.000000   clock network delay (ideal)
                      0.150000    0.000000    0.000000 ^ _1684_/CLK (sky130_fd_sc_hd__dfxtp_2)
     2    0.006468    0.034541    0.226008    0.226008 ^ _1684_/Q (sky130_fd_sc_hd__dfxtp_2)
                                                         u_fifo.mem[2][1] (net)
                      0.034541    0.000000    0.226008 ^ _1219_/A0 (sky130_fd_sc_hd__mux2_1)
     1    0.001748    0.023462    0.066817    0.292825 ^ _1219_/X (sky130_fd_sc_hd__mux2_1)
                                                         _0187_ (net)
                      0.023462    0.000000    0.292825 ^ _1684_/D (sky130_fd_sc_hd__dfxtp_2)
                                              0.292825   data arrival time

                      0.150000    0.000000    0.000000   clock clk_10mhz (rise edge)
                                  0.000000    0.000000   clock network delay (ideal)
                                  0.250000    0.250000   clock uncertainty
                                  0.000000    0.250000   clock reconvergence pessimism
                                              0.250000 ^ _1684_/CLK (sky130_fd_sc_hd__dfxtp_2)
                                 -0.013936    0.236064   library hold time
                                              0.236064   data required time
---------------------------------------------------------------------------------------------
                                              0.236064   data required time
                                             -0.292825   data arrival time
---------------------------------------------------------------------------------------------
                                              0.056761   slack (MET)


Startpoint: _1545_ (rising edge-triggered flip-flop clocked by clk_10mhz)
Endpoint: _1545_ (rising edge-triggered flip-flop clocked by clk_10mhz)
Path Group: clk_10mhz
Path Type: min

Fanout         Cap        Slew       Delay        Time   Description
---------------------------------------------------------------------------------------------
                      0.150000    0.000000    0.000000   clock clk_10mhz (rise edge)
                                  0.000000    0.000000   clock network delay (ideal)
                      0.150000    0.000000    0.000000 ^ _1545_/CLK (sky130_fd_sc_hd__dfrtp_2)
     6    0.019540    0.081420    0.283177    0.283177 ^ _1545_/Q (sky130_fd_sc_hd__dfrtp_2)
                                                         u_max30102_ctrl.clk_div[0] (net)
                      0.081420    0.000000    0.283177 ^ _0757_/A (sky130_fd_sc_hd__inv_2)
     1    0.002059    0.017655    0.012205    0.295382 v _0757_/Y (sky130_fd_sc_hd__inv_2)
                                                         _0005_ (net)
                      0.017655    0.000000    0.295382 v _1545_/D (sky130_fd_sc_hd__dfrtp_2)
                                              0.295382   data arrival time

                      0.150000    0.000000    0.000000   clock clk_10mhz (rise edge)
                                  0.000000    0.000000   clock network delay (ideal)
                                  0.250000    0.250000   clock uncertainty
                                  0.000000    0.250000   clock reconvergence pessimism
                                              0.250000 ^ _1545_/CLK (sky130_fd_sc_hd__dfrtp_2)
                                 -0.013188    0.236812   library hold time
                                              0.236812   data required time
---------------------------------------------------------------------------------------------
                                              0.236812   data required time
                                             -0.295382   data arrival time
---------------------------------------------------------------------------------------------
                                              0.058570   slack (MET)


Startpoint: _1560_ (rising edge-triggered flip-flop clocked by clk_10mhz)
Endpoint: _1560_ (rising edge-triggered flip-flop clocked by clk_10mhz)
Path Group: clk_10mhz
Path Type: min

Fanout         Cap        Slew       Delay        Time   Description
---------------------------------------------------------------------------------------------
                      0.150000    0.000000    0.000000   clock clk_10mhz (rise edge)
                                  0.000000    0.000000   clock network delay (ideal)
                      0.150000    0.000000    0.000000 ^ _1560_/CLK (sky130_fd_sc_hd__dfrtp_2)
     2    0.011049    0.053437    0.260660    0.260660 ^ _1560_/Q (sky130_fd_sc_hd__dfrtp_2)
                                                         u_max30102_ctrl.clk_div[15] (net)
                      0.053437    0.000000    0.260660 ^ _0847_/A (sky130_fd_sc_hd__xor2_2)
     1    0.002059    0.020028    0.036943    0.297603 v _0847_/X (sky130_fd_sc_hd__xor2_2)
                                                         _0011_ (net)
                      0.020028    0.000000    0.297603 v _1560_/D (sky130_fd_sc_hd__dfrtp_2)
                                              0.297603   data arrival time

                      0.150000    0.000000    0.000000   clock clk_10mhz (rise edge)
                                  0.000000    0.000000   clock network delay (ideal)
                                  0.250000    0.250000   clock uncertainty
                                  0.000000    0.250000   clock reconvergence pessimism
                                              0.250000 ^ _1560_/CLK (sky130_fd_sc_hd__dfrtp_2)
                                 -0.013950    0.236050   library hold time
                                              0.236050   data required time
---------------------------------------------------------------------------------------------
                                              0.236050   data required time
                                             -0.297603   data arrival time
---------------------------------------------------------------------------------------------
                                              0.061553   slack (MET)


Startpoint: _1740_ (rising edge-triggered flip-flop clocked by clk_10mhz)
Endpoint: _1740_ (rising edge-triggered flip-flop clocked by clk_10mhz)
Path Group: clk_10mhz
Path Type: min

Fanout         Cap        Slew       Delay        Time   Description
---------------------------------------------------------------------------------------------
                      0.150000    0.000000    0.000000   clock clk_10mhz (rise edge)
                                  0.000000    0.000000   clock network delay (ideal)
                      0.150000    0.000000    0.000000 ^ _1740_/CLK (sky130_fd_sc_hd__dfrtp_2)
     4    0.015640    0.068286    0.273539    0.273539 ^ _1740_/Q (sky130_fd_sc_hd__dfrtp_2)
                                                         u_uart.clk_count[0] (net)
                      0.068286    0.000000    0.273539 ^ _1399_/A1 (sky130_fd_sc_hd__a21oi_2)
     1    0.002059    0.014697    0.026773    0.300311 v _1399_/Y (sky130_fd_sc_hd__a21oi_2)
                                                         _0243_ (net)
                      0.014697    0.000000    0.300311 v _1740_/D (sky130_fd_sc_hd__dfrtp_2)
                                              0.300311   data arrival time

                      0.150000    0.000000    0.000000   clock clk_10mhz (rise edge)
                                  0.000000    0.000000   clock network delay (ideal)
                                  0.250000    0.250000   clock uncertainty
                                  0.000000    0.250000   clock reconvergence pessimism
                                              0.250000 ^ _1740_/CLK (sky130_fd_sc_hd__dfrtp_2)
                                 -0.012239    0.237761   library hold time
                                              0.237761   data required time
---------------------------------------------------------------------------------------------
                                              0.237761   data required time
                                             -0.300311   data arrival time
---------------------------------------------------------------------------------------------
                                              0.062551   slack (MET)


Startpoint: _1496_ (rising edge-triggered flip-flop clocked by clk_10mhz)
Endpoint: _1496_ (rising edge-triggered flip-flop clocked by clk_10mhz)
Path Group: clk_10mhz
Path Type: min

Fanout         Cap        Slew       Delay        Time   Description
---------------------------------------------------------------------------------------------
                      0.150000    0.000000    0.000000   clock clk_10mhz (rise edge)
                                  0.000000    0.000000   clock network delay (ideal)
                      0.150000    0.000000    0.000000 ^ _1496_/CLK (sky130_fd_sc_hd__dfrtp_2)
     6    0.017335    0.073994    0.277728    0.277728 ^ _1496_/Q (sky130_fd_sc_hd__dfrtp_2)
                                                         u_srf_ctrl.timer[0] (net)
                      0.073994    0.000000    0.277728 ^ _0862_/A1 (sky130_fd_sc_hd__a21oi_2)
     1    0.002059    0.010918    0.027002    0.304730 v _0862_/Y (sky130_fd_sc_hd__a21oi_2)
                                                         _0022_ (net)
                      0.010918    0.000000    0.304730 v _1496_/D (sky130_fd_sc_hd__dfrtp_2)
                                              0.304730   data arrival time

                      0.150000    0.000000    0.000000   clock clk_10mhz (rise edge)
                                  0.000000    0.000000   clock network delay (ideal)
                                  0.250000    0.250000   clock uncertainty
                                  0.000000    0.250000   clock reconvergence pessimism
                                              0.250000 ^ _1496_/CLK (sky130_fd_sc_hd__dfrtp_2)
                                 -0.011027    0.238973   library hold time
                                              0.238973   data required time
---------------------------------------------------------------------------------------------
                                              0.238973   data required time
                                             -0.304730   data arrival time
---------------------------------------------------------------------------------------------
                                              0.065757   slack (MET)


Startpoint: _1737_ (rising edge-triggered flip-flop clocked by clk_10mhz)
Endpoint: _1737_ (rising edge-triggered flip-flop clocked by clk_10mhz)
Path Group: clk_10mhz
Path Type: min

Fanout         Cap        Slew       Delay        Time   Description
---------------------------------------------------------------------------------------------
                      0.150000    0.000000    0.000000   clock clk_10mhz (rise edge)
                                  0.000000    0.000000   clock network delay (ideal)
                      0.150000    0.000000    0.000000 ^ _1737_/CLK (sky130_fd_sc_hd__dfrtp_2)
     2    0.004244    0.031573    0.240420    0.240420 ^ _1737_/Q (sky130_fd_sc_hd__dfrtp_2)
                                                         distance_out[4] (net)
                      0.031573    0.000000    0.240420 ^ _1388_/A2 (sky130_fd_sc_hd__o21a_2)
     1    0.002087    0.017542    0.061330    0.301750 ^ _1388_/X (sky130_fd_sc_hd__o21a_2)
                                                         _0240_ (net)
                      0.017542    0.000000    0.301750 ^ _1737_/D (sky130_fd_sc_hd__dfrtp_2)
                                              0.301750   data arrival time

                      0.150000    0.000000    0.000000   clock clk_10mhz (rise edge)
                                  0.000000    0.000000   clock network delay (ideal)
                                  0.250000    0.250000   clock uncertainty
                                  0.000000    0.250000   clock reconvergence pessimism
                                              0.250000 ^ _1737_/CLK (sky130_fd_sc_hd__dfrtp_2)
                                 -0.015636    0.234364   library hold time
                                              0.234364   data required time
---------------------------------------------------------------------------------------------
                                              0.234364   data required time
                                             -0.301750   data arrival time
---------------------------------------------------------------------------------------------
                                              0.067386   slack (MET)


Startpoint: _1739_ (rising edge-triggered flip-flop clocked by clk_10mhz)
Endpoint: _1739_ (rising edge-triggered flip-flop clocked by clk_10mhz)
Path Group: clk_10mhz
Path Type: min

Fanout         Cap        Slew       Delay        Time   Description
---------------------------------------------------------------------------------------------
                      0.150000    0.000000    0.000000   clock clk_10mhz (rise edge)
                                  0.000000    0.000000   clock network delay (ideal)
                      0.150000    0.000000    0.000000 ^ _1739_/CLK (sky130_fd_sc_hd__dfrtp_2)
     2    0.004345    0.031921    0.240810    0.240810 ^ _1739_/Q (sky130_fd_sc_hd__dfrtp_2)
                                                         u_uart.busy (net)
                      0.031921    0.000000    0.240810 ^ _1390_/A1 (sky130_fd_sc_hd__a21o_2)
     1    0.002087    0.018735    0.062133    0.302943 ^ _1390_/X (sky130_fd_sc_hd__a21o_2)
                                                         _0242_ (net)
                      0.018735    0.000000    0.302943 ^ _1739_/D (sky130_fd_sc_hd__dfrtp_2)
                                              0.302943   data arrival time

                      0.150000    0.000000    0.000000   clock clk_10mhz (rise edge)
                                  0.000000    0.000000   clock network delay (ideal)
                                  0.250000    0.250000   clock uncertainty
                                  0.000000    0.250000   clock reconvergence pessimism
                                              0.250000 ^ _1739_/CLK (sky130_fd_sc_hd__dfrtp_2)
                                 -0.015722    0.234278   library hold time
                                              0.234278   data required time
---------------------------------------------------------------------------------------------
                                              0.234278   data required time
                                             -0.302943   data arrival time
---------------------------------------------------------------------------------------------
                                              0.068665   slack (MET)


Startpoint: _1733_ (rising edge-triggered flip-flop clocked by clk_10mhz)
Endpoint: _1733_ (rising edge-triggered flip-flop clocked by clk_10mhz)
Path Group: clk_10mhz
Path Type: min

Fanout         Cap        Slew       Delay        Time   Description
---------------------------------------------------------------------------------------------
                      0.150000    0.000000    0.000000   clock clk_10mhz (rise edge)
                                  0.000000    0.000000   clock network delay (ideal)
                      0.150000    0.000000    0.000000 ^ _1733_/CLK (sky130_fd_sc_hd__dfrtp_2)
     2    0.007240    0.041269    0.249597    0.249597 ^ _1733_/Q (sky130_fd_sc_hd__dfrtp_2)
                                                         distance_out[0] (net)
                      0.041269    0.000000    0.249597 ^ _1379_/B (sky130_fd_sc_hd__nor2_2)
     1    0.004215    0.016502    0.020163    0.269760 v _1379_/Y (sky130_fd_sc_hd__nor2_2)
                                                         _0395_ (net)
                      0.016502    0.000000    0.269760 v _1380_/B1 (sky130_fd_sc_hd__a21oi_2)
     1    0.002087    0.030911    0.032899    0.302659 ^ _1380_/Y (sky130_fd_sc_hd__a21oi_2)
                                                         _0236_ (net)
                      0.030911    0.000000    0.302659 ^ _1733_/D (sky130_fd_sc_hd__dfrtp_2)
                                              0.302659   data arrival time

                      0.150000    0.000000    0.000000   clock clk_10mhz (rise edge)
                                  0.000000    0.000000   clock network delay (ideal)
                                  0.250000    0.250000   clock uncertainty
                                  0.000000    0.250000   clock reconvergence pessimism
                                              0.250000 ^ _1733_/CLK (sky130_fd_sc_hd__dfrtp_2)
                                 -0.016599    0.233401   library hold time
                                              0.233401   data required time
---------------------------------------------------------------------------------------------
                                              0.233401   data required time
                                             -0.302659   data arrival time
---------------------------------------------------------------------------------------------
                                              0.069258   slack (MET)


Startpoint: _1743_ (rising edge-triggered flip-flop clocked by clk_10mhz)
Endpoint: _1743_ (rising edge-triggered flip-flop clocked by clk_10mhz)
Path Group: clk_10mhz
Path Type: min

Fanout         Cap        Slew       Delay        Time   Description
---------------------------------------------------------------------------------------------
                      0.150000    0.000000    0.000000   clock clk_10mhz (rise edge)
                                  0.000000    0.000000   clock network delay (ideal)
                      0.150000    0.000000    0.000000 ^ _1743_/CLK (sky130_fd_sc_hd__dfrtp_2)
     5    0.018567    0.078143    0.280773    0.280773 ^ _1743_/Q (sky130_fd_sc_hd__dfrtp_2)
                                                         u_uart.clk_count[3] (net)
                      0.078143    0.000000    0.280773 ^ _1407_/A1 (sky130_fd_sc_hd__a21oi_2)
     1    0.002059    0.011854    0.027169    0.307941 v _1407_/Y (sky130_fd_sc_hd__a21oi_2)
                                                         _0246_ (net)
                      0.011854    0.000000    0.307941 v _1743_/D (sky130_fd_sc_hd__dfrtp_2)
                                              0.307941   data arrival time

                      0.150000    0.000000    0.000000   clock clk_10mhz (rise edge)
                                  0.000000    0.000000   clock network delay (ideal)
                                  0.250000    0.250000   clock uncertainty
                                  0.000000    0.250000   clock reconvergence pessimism
                                              0.250000 ^ _1743_/CLK (sky130_fd_sc_hd__dfrtp_2)
                                 -0.011327    0.238673   library hold time
                                              0.238673   data required time
---------------------------------------------------------------------------------------------
                                              0.238673   data required time
                                             -0.307941   data arrival time
---------------------------------------------------------------------------------------------
                                              0.069269   slack (MET)


Startpoint: _1550_ (rising edge-triggered flip-flop clocked by clk_10mhz)
Endpoint: _1550_ (rising edge-triggered flip-flop clocked by clk_10mhz)
Path Group: clk_10mhz
Path Type: min

Fanout         Cap        Slew       Delay        Time   Description
---------------------------------------------------------------------------------------------
                      0.150000    0.000000    0.000000   clock clk_10mhz (rise edge)
                                  0.000000    0.000000   clock network delay (ideal)
                      0.150000    0.000000    0.000000 ^ _1550_/CLK (sky130_fd_sc_hd__dfrtp_2)
     4    0.014690    0.065086    0.271191    0.271191 ^ _1550_/Q (sky130_fd_sc_hd__dfrtp_2)
                                                         u_max30102_ctrl.clk_div[5] (net)
                      0.065086    0.000000    0.271191 ^ _0825_/A (sky130_fd_sc_hd__xnor2_2)
     1    0.002059    0.018272    0.037068    0.308259 v _0825_/Y (sky130_fd_sc_hd__xnor2_2)
                                                         _0016_ (net)
                      0.018272    0.000000    0.308259 v _1550_/D (sky130_fd_sc_hd__dfrtp_2)
                                              0.308259   data arrival time

                      0.150000    0.000000    0.000000   clock clk_10mhz (rise edge)
                                  0.000000    0.000000   clock network delay (ideal)
                                  0.250000    0.250000   clock uncertainty
                                  0.000000    0.250000   clock reconvergence pessimism
                                              0.250000 ^ _1550_/CLK (sky130_fd_sc_hd__dfrtp_2)
                                 -0.013386    0.236614   library hold time
                                              0.236614   data required time
---------------------------------------------------------------------------------------------
                                              0.236614   data required time
                                             -0.308259   data arrival time
---------------------------------------------------------------------------------------------
                                              0.071646   slack (MET)


Startpoint: _1547_ (rising edge-triggered flip-flop clocked by clk_10mhz)
Endpoint: _1547_ (rising edge-triggered flip-flop clocked by clk_10mhz)
Path Group: clk_10mhz
Path Type: min

Fanout         Cap        Slew       Delay        Time   Description
---------------------------------------------------------------------------------------------
                      0.150000    0.000000    0.000000   clock clk_10mhz (rise edge)
                                  0.000000    0.000000   clock network delay (ideal)
                      0.150000    0.000000    0.000000 ^ _1547_/CLK (sky130_fd_sc_hd__dfrtp_2)
     4    0.015036    0.066252    0.272046    0.272046 ^ _1547_/Q (sky130_fd_sc_hd__dfrtp_2)
                                                         u_max30102_ctrl.clk_div[2] (net)
                      0.066252    0.000000    0.272046 ^ _0817_/A (sky130_fd_sc_hd__xnor2_2)
     1    0.002059    0.018260    0.037155    0.309201 v _0817_/Y (sky130_fd_sc_hd__xnor2_2)
                                                         _0013_ (net)
                      0.018260    0.000000    0.309201 v _1547_/D (sky130_fd_sc_hd__dfrtp_2)
                                              0.309201   data arrival time

                      0.150000    0.000000    0.000000   clock clk_10mhz (rise edge)
                                  0.000000    0.000000   clock network delay (ideal)
                                  0.250000    0.250000   clock uncertainty
                                  0.000000    0.250000   clock reconvergence pessimism
                                              0.250000 ^ _1547_/CLK (sky130_fd_sc_hd__dfrtp_2)
                                 -0.013382    0.236618   library hold time
                                              0.236618   data required time
---------------------------------------------------------------------------------------------
                                              0.236618   data required time
                                             -0.309201   data arrival time
---------------------------------------------------------------------------------------------
                                              0.072583   slack (MET)


Startpoint: _1736_ (rising edge-triggered flip-flop clocked by clk_10mhz)
Endpoint: _1736_ (rising edge-triggered flip-flop clocked by clk_10mhz)
Path Group: clk_10mhz
Path Type: min

Fanout         Cap        Slew       Delay        Time   Description
---------------------------------------------------------------------------------------------
                      0.150000    0.000000    0.000000   clock clk_10mhz (rise edge)
                                  0.000000    0.000000   clock network delay (ideal)
                      0.150000    0.000000    0.000000 ^ _1736_/CLK (sky130_fd_sc_hd__dfrtp_2)
     2    0.004144    0.031229    0.240033    0.240033 ^ _1736_/Q (sky130_fd_sc_hd__dfrtp_2)
                                                         distance_out[3] (net)
                      0.031229    0.000000    0.240033 ^ _1386_/A2 (sky130_fd_sc_hd__o21ba_2)
     1    0.002087    0.020681    0.066950    0.306984 ^ _1386_/X (sky130_fd_sc_hd__o21ba_2)
                                                         _0239_ (net)
                      0.020681    0.000000    0.306984 ^ _1736_/D (sky130_fd_sc_hd__dfrtp_2)
                                              0.306984   data arrival time

                      0.150000    0.000000    0.000000   clock clk_10mhz (rise edge)
                                  0.000000    0.000000   clock network delay (ideal)
                                  0.250000    0.250000   clock uncertainty
                                  0.000000    0.250000   clock reconvergence pessimism
                                              0.250000 ^ _1736_/CLK (sky130_fd_sc_hd__dfrtp_2)
                                 -0.015862    0.234138   library hold time
                                              0.234138   data required time
---------------------------------------------------------------------------------------------
                                              0.234138   data required time
                                             -0.306984   data arrival time
---------------------------------------------------------------------------------------------
                                              0.072845   slack (MET)


Startpoint: _1517_ (rising edge-triggered flip-flop clocked by clk_10mhz)
Endpoint: _1517_ (rising edge-triggered flip-flop clocked by clk_10mhz)
Path Group: clk_10mhz
Path Type: min

Fanout         Cap        Slew       Delay        Time   Description
---------------------------------------------------------------------------------------------
                      0.150000    0.000000    0.000000   clock clk_10mhz (rise edge)
                                  0.000000    0.000000   clock network delay (ideal)
                      0.150000    0.000000    0.000000 ^ _1517_/CLK (sky130_fd_sc_hd__dfrtp_2)
     3    0.006372    0.038496    0.247076    0.247076 ^ _1517_/Q (sky130_fd_sc_hd__dfrtp_2)
                                                         u_pmu.user_detected (net)
                      0.038496    0.000000    0.247076 ^ _0989_/B1 (sky130_fd_sc_hd__o32a_2)
     1    0.002087    0.018208    0.060396    0.307472 ^ _0989_/X (sky130_fd_sc_hd__o32a_2)
                                                         _0043_ (net)
                      0.018208    0.000000    0.307472 ^ _1517_/D (sky130_fd_sc_hd__dfrtp_2)
                                              0.307472   data arrival time

                      0.150000    0.000000    0.000000   clock clk_10mhz (rise edge)
                                  0.000000    0.000000   clock network delay (ideal)
                                  0.250000    0.250000   clock uncertainty
                                  0.000000    0.250000   clock reconvergence pessimism
                                              0.250000 ^ _1517_/CLK (sky130_fd_sc_hd__dfrtp_2)
                                 -0.015684    0.234316   library hold time
                                              0.234316   data required time
---------------------------------------------------------------------------------------------
                                              0.234316   data required time
                                             -0.307472   data arrival time
---------------------------------------------------------------------------------------------
                                              0.073155   slack (MET)


Startpoint: _1540_ (rising edge-triggered flip-flop clocked by clk_10mhz)
Endpoint: _1540_ (rising edge-triggered flip-flop clocked by clk_10mhz)
Path Group: clk_10mhz
Path Type: min

Fanout         Cap        Slew       Delay        Time   Description
---------------------------------------------------------------------------------------------
                      0.150000    0.000000    0.000000   clock clk_10mhz (rise edge)
                                  0.000000    0.000000   clock network delay (ideal)
                      0.150000    0.000000    0.000000 ^ _1540_/CLK (sky130_fd_sc_hd__dfrtp_2)
     2    0.003096    0.027619    0.235983    0.235983 ^ _1540_/Q (sky130_fd_sc_hd__dfrtp_2)
                                                         u_packet_assembler.timer[20] (net)
                      0.027619    0.000000    0.235983 ^ _1057_/A (sky130_fd_sc_hd__and2_2)
     1    0.002087    0.022960    0.071357    0.307340 ^ _1057_/X (sky130_fd_sc_hd__and2_2)
                                                         _0065_ (net)
                      0.022960    0.000000    0.307340 ^ _1540_/D (sky130_fd_sc_hd__dfrtp_2)
                                              0.307340   data arrival time

                      0.150000    0.000000    0.000000   clock clk_10mhz (rise edge)
                                  0.000000    0.000000   clock network delay (ideal)
                                  0.250000    0.250000   clock uncertainty
                                  0.000000    0.250000   clock reconvergence pessimism
                                              0.250000 ^ _1540_/CLK (sky130_fd_sc_hd__dfrtp_2)
                                 -0.016026    0.233974   library hold time
                                              0.233974   data required time
---------------------------------------------------------------------------------------------
                                              0.233974   data required time
                                             -0.307340   data arrival time
---------------------------------------------------------------------------------------------
                                              0.073366   slack (MET)


Startpoint: _1750_ (rising edge-triggered flip-flop clocked by clk_10mhz)
Endpoint: _1750_ (rising edge-triggered flip-flop clocked by clk_10mhz)
Path Group: clk_10mhz
Path Type: min

Fanout         Cap        Slew       Delay        Time   Description
---------------------------------------------------------------------------------------------
                      0.150000    0.000000    0.000000   clock clk_10mhz (rise edge)
                                  0.000000    0.000000   clock network delay (ideal)
                      0.150000    0.000000    0.000000 ^ _1750_/CLK (sky130_fd_sc_hd__dfrtp_2)
     2    0.003096    0.027619    0.235983    0.235983 ^ _1750_/Q (sky130_fd_sc_hd__dfrtp_2)
                                                         u_uart.clk_count[10] (net)
                      0.027619    0.000000    0.235983 ^ _1418_/A (sky130_fd_sc_hd__and2_2)
     1    0.002087    0.022960    0.071357    0.307340 ^ _1418_/X (sky130_fd_sc_hd__and2_2)
                                                         _0253_ (net)
                      0.022960    0.000000    0.307340 ^ _1750_/D (sky130_fd_sc_hd__dfrtp_2)
                                              0.307340   data arrival time

                      0.150000    0.000000    0.000000   clock clk_10mhz (rise edge)
                                  0.000000    0.000000   clock network delay (ideal)
                                  0.250000    0.250000   clock uncertainty
                                  0.000000    0.250000   clock reconvergence pessimism
                                              0.250000 ^ _1750_/CLK (sky130_fd_sc_hd__dfrtp_2)
                                 -0.016026    0.233974   library hold time
                                              0.233974   data required time
---------------------------------------------------------------------------------------------
                                              0.233974   data required time
                                             -0.307340   data arrival time
---------------------------------------------------------------------------------------------
                                              0.073366   slack (MET)


Startpoint: _1539_ (rising edge-triggered flip-flop clocked by clk_10mhz)
Endpoint: _1539_ (rising edge-triggered flip-flop clocked by clk_10mhz)
Path Group: clk_10mhz
Path Type: min

Fanout         Cap        Slew       Delay        Time   Description
---------------------------------------------------------------------------------------------
                      0.150000    0.000000    0.000000   clock clk_10mhz (rise edge)
                                  0.000000    0.000000   clock network delay (ideal)
                      0.150000    0.000000    0.000000 ^ _1539_/CLK (sky130_fd_sc_hd__dfrtp_2)
     2    0.003180    0.027908    0.236308    0.236308 ^ _1539_/Q (sky130_fd_sc_hd__dfrtp_2)
                                                         u_packet_assembler.timer[19] (net)
                      0.027908    0.000000    0.236308 ^ _1056_/A (sky130_fd_sc_hd__and2_2)
     1    0.002087    0.022960    0.071437    0.307745 ^ _1056_/X (sky130_fd_sc_hd__and2_2)
                                                         _0064_ (net)
                      0.022960    0.000000    0.307745 ^ _1539_/D (sky130_fd_sc_hd__dfrtp_2)
                                              0.307745   data arrival time

                      0.150000    0.000000    0.000000   clock clk_10mhz (rise edge)
                                  0.000000    0.000000   clock network delay (ideal)
                                  0.250000    0.250000   clock uncertainty
                                  0.000000    0.250000   clock reconvergence pessimism
                                              0.250000 ^ _1539_/CLK (sky130_fd_sc_hd__dfrtp_2)
                                 -0.016026    0.233974   library hold time
                                              0.233974   data required time
---------------------------------------------------------------------------------------------
                                              0.233974   data required time
                                             -0.307745   data arrival time
---------------------------------------------------------------------------------------------
                                              0.073771   slack (MET)


Startpoint: _1543_ (rising edge-triggered flip-flop clocked by clk_10mhz)
Endpoint: _1543_ (rising edge-triggered flip-flop clocked by clk_10mhz)
Path Group: clk_10mhz
Path Type: min

Fanout         Cap        Slew       Delay        Time   Description
---------------------------------------------------------------------------------------------
                      0.150000    0.000000    0.000000   clock clk_10mhz (rise edge)
                                  0.000000    0.000000   clock network delay (ideal)
                      0.150000    0.000000    0.000000 ^ _1543_/CLK (sky130_fd_sc_hd__dfrtp_2)
     2    0.003180    0.027908    0.236308    0.236308 ^ _1543_/Q (sky130_fd_sc_hd__dfrtp_2)
                                                         u_packet_assembler.timer[23] (net)
                      0.027908    0.000000    0.236308 ^ _1060_/A (sky130_fd_sc_hd__and2_2)
     1    0.002087    0.022960    0.071437    0.307745 ^ _1060_/X (sky130_fd_sc_hd__and2_2)
                                                         _0068_ (net)
                      0.022960    0.000000    0.307745 ^ _1543_/D (sky130_fd_sc_hd__dfrtp_2)
                                              0.307745   data arrival time

                      0.150000    0.000000    0.000000   clock clk_10mhz (rise edge)
                                  0.000000    0.000000   clock network delay (ideal)
                                  0.250000    0.250000   clock uncertainty
                                  0.000000    0.250000   clock reconvergence pessimism
                                              0.250000 ^ _1543_/CLK (sky130_fd_sc_hd__dfrtp_2)
                                 -0.016026    0.233974   library hold time
                                              0.233974   data required time
---------------------------------------------------------------------------------------------
                                              0.233974   data required time
                                             -0.307745   data arrival time
---------------------------------------------------------------------------------------------
                                              0.073771   slack (MET)


Startpoint: _1749_ (rising edge-triggered flip-flop clocked by clk_10mhz)
Endpoint: _1749_ (rising edge-triggered flip-flop clocked by clk_10mhz)
Path Group: clk_10mhz
Path Type: min

Fanout         Cap        Slew       Delay        Time   Description
---------------------------------------------------------------------------------------------
                      0.150000    0.000000    0.000000   clock clk_10mhz (rise edge)
                                  0.000000    0.000000   clock network delay (ideal)
                      0.150000    0.000000    0.000000 ^ _1749_/CLK (sky130_fd_sc_hd__dfrtp_2)
     2    0.003180    0.027908    0.236308    0.236308 ^ _1749_/Q (sky130_fd_sc_hd__dfrtp_2)
                                                         u_uart.clk_count[9] (net)
                      0.027908    0.000000    0.236308 ^ _1417_/A (sky130_fd_sc_hd__and2_2)
     1    0.002087    0.022960    0.071437    0.307745 ^ _1417_/X (sky130_fd_sc_hd__and2_2)
                                                         _0252_ (net)
                      0.022960    0.000000    0.307745 ^ _1749_/D (sky130_fd_sc_hd__dfrtp_2)
                                              0.307745   data arrival time

                      0.150000    0.000000    0.000000   clock clk_10mhz (rise edge)
                                  0.000000    0.000000   clock network delay (ideal)
                                  0.250000    0.250000   clock uncertainty
                                  0.000000    0.250000   clock reconvergence pessimism
                                              0.250000 ^ _1749_/CLK (sky130_fd_sc_hd__dfrtp_2)
                                 -0.016026    0.233974   library hold time
                                              0.233974   data required time
---------------------------------------------------------------------------------------------
                                              0.233974   data required time
                                             -0.307745   data arrival time
---------------------------------------------------------------------------------------------
                                              0.073771   slack (MET)


Startpoint: _1753_ (rising edge-triggered flip-flop clocked by clk_10mhz)
Endpoint: _1753_ (rising edge-triggered flip-flop clocked by clk_10mhz)
Path Group: clk_10mhz
Path Type: min

Fanout         Cap        Slew       Delay        Time   Description
---------------------------------------------------------------------------------------------
                      0.150000    0.000000    0.000000   clock clk_10mhz (rise edge)
                                  0.000000    0.000000   clock network delay (ideal)
                      0.150000    0.000000    0.000000 ^ _1753_/CLK (sky130_fd_sc_hd__dfrtp_2)
     2    0.003180    0.027908    0.236308    0.236308 ^ _1753_/Q (sky130_fd_sc_hd__dfrtp_2)
                                                         u_uart.clk_count[13] (net)
                      0.027908    0.000000    0.236308 ^ _1421_/A (sky130_fd_sc_hd__and2_2)
     1    0.002087    0.022960    0.071437    0.307745 ^ _1421_/X (sky130_fd_sc_hd__and2_2)
                                                         _0256_ (net)
                      0.022960    0.000000    0.307745 ^ _1753_/D (sky130_fd_sc_hd__dfrtp_2)
                                              0.307745   data arrival time

                      0.150000    0.000000    0.000000   clock clk_10mhz (rise edge)
                                  0.000000    0.000000   clock network delay (ideal)
                                  0.250000    0.250000   clock uncertainty
                                  0.000000    0.250000   clock reconvergence pessimism
                                              0.250000 ^ _1753_/CLK (sky130_fd_sc_hd__dfrtp_2)
                                 -0.016026    0.233974   library hold time
                                              0.233974   data required time
---------------------------------------------------------------------------------------------
                                              0.233974   data required time
                                             -0.307745   data arrival time
---------------------------------------------------------------------------------------------
                                              0.073771   slack (MET)


Startpoint: _1537_ (rising edge-triggered flip-flop clocked by clk_10mhz)
Endpoint: _1537_ (rising edge-triggered flip-flop clocked by clk_10mhz)
Path Group: clk_10mhz
Path Type: min

Fanout         Cap        Slew       Delay        Time   Description
---------------------------------------------------------------------------------------------
                      0.150000    0.000000    0.000000   clock clk_10mhz (rise edge)
                                  0.000000    0.000000   clock network delay (ideal)
                      0.150000    0.000000    0.000000 ^ _1537_/CLK (sky130_fd_sc_hd__dfrtp_2)
     2    0.003277    0.028242    0.236683    0.236683 ^ _1537_/Q (sky130_fd_sc_hd__dfrtp_2)
                                                         u_packet_assembler.timer[17] (net)
                      0.028242    0.000000    0.236683 ^ _1054_/A (sky130_fd_sc_hd__and2_2)
     1    0.002087    0.022960    0.071530    0.308213 ^ _1054_/X (sky130_fd_sc_hd__and2_2)
                                                         _0062_ (net)
                      0.022960    0.000000    0.308213 ^ _1537_/D (sky130_fd_sc_hd__dfrtp_2)
                                              0.308213   data arrival time

                      0.150000    0.000000    0.000000   clock clk_10mhz (rise edge)
                                  0.000000    0.000000   clock network delay (ideal)
                                  0.250000    0.250000   clock uncertainty
                                  0.000000    0.250000   clock reconvergence pessimism
                                              0.250000 ^ _1537_/CLK (sky130_fd_sc_hd__dfrtp_2)
                                 -0.016026    0.233974   library hold time
                                              0.233974   data required time
---------------------------------------------------------------------------------------------
                                              0.233974   data required time
                                             -0.308213   data arrival time
---------------------------------------------------------------------------------------------
                                              0.074239   slack (MET)


Startpoint: _1541_ (rising edge-triggered flip-flop clocked by clk_10mhz)
Endpoint: _1541_ (rising edge-triggered flip-flop clocked by clk_10mhz)
Path Group: clk_10mhz
Path Type: min

Fanout         Cap        Slew       Delay        Time   Description
---------------------------------------------------------------------------------------------
                      0.150000    0.000000    0.000000   clock clk_10mhz (rise edge)
                                  0.000000    0.000000   clock network delay (ideal)
                      0.150000    0.000000    0.000000 ^ _1541_/CLK (sky130_fd_sc_hd__dfrtp_2)
     2    0.003277    0.028242    0.236683    0.236683 ^ _1541_/Q (sky130_fd_sc_hd__dfrtp_2)
                                                         u_packet_assembler.timer[21] (net)
                      0.028242    0.000000    0.236683 ^ _1058_/A (sky130_fd_sc_hd__and2_2)
     1    0.002087    0.022960    0.071530    0.308213 ^ _1058_/X (sky130_fd_sc_hd__and2_2)
                                                         _0066_ (net)
                      0.022960    0.000000    0.308213 ^ _1541_/D (sky130_fd_sc_hd__dfrtp_2)
                                              0.308213   data arrival time

                      0.150000    0.000000    0.000000   clock clk_10mhz (rise edge)
                                  0.000000    0.000000   clock network delay (ideal)
                                  0.250000    0.250000   clock uncertainty
                                  0.000000    0.250000   clock reconvergence pessimism
                                              0.250000 ^ _1541_/CLK (sky130_fd_sc_hd__dfrtp_2)
                                 -0.016026    0.233974   library hold time
                                              0.233974   data required time
---------------------------------------------------------------------------------------------
                                              0.233974   data required time
                                             -0.308213   data arrival time
---------------------------------------------------------------------------------------------
                                              0.074239   slack (MET)


Startpoint: _1747_ (rising edge-triggered flip-flop clocked by clk_10mhz)
Endpoint: _1747_ (rising edge-triggered flip-flop clocked by clk_10mhz)
Path Group: clk_10mhz
Path Type: min

Fanout         Cap        Slew       Delay        Time   Description
---------------------------------------------------------------------------------------------
                      0.150000    0.000000    0.000000   clock clk_10mhz (rise edge)
                                  0.000000    0.000000   clock network delay (ideal)
                      0.150000    0.000000    0.000000 ^ _1747_/CLK (sky130_fd_sc_hd__dfrtp_2)
     2    0.003277    0.028242    0.236683    0.236683 ^ _1747_/Q (sky130_fd_sc_hd__dfrtp_2)
                                                         u_uart.clk_count[7] (net)
                      0.028242    0.000000    0.236683 ^ _1415_/A (sky130_fd_sc_hd__and2_2)
     1    0.002087    0.022960    0.071530    0.308213 ^ _1415_/X (sky130_fd_sc_hd__and2_2)
                                                         _0250_ (net)
                      0.022960    0.000000    0.308213 ^ _1747_/D (sky130_fd_sc_hd__dfrtp_2)
                                              0.308213   data arrival time

                      0.150000    0.000000    0.000000   clock clk_10mhz (rise edge)
                                  0.000000    0.000000   clock network delay (ideal)
                                  0.250000    0.250000   clock uncertainty
                                  0.000000    0.250000   clock reconvergence pessimism
                                              0.250000 ^ _1747_/CLK (sky130_fd_sc_hd__dfrtp_2)
                                 -0.016026    0.233974   library hold time
                                              0.233974   data required time
---------------------------------------------------------------------------------------------
                                              0.233974   data required time
                                             -0.308213   data arrival time
---------------------------------------------------------------------------------------------
                                              0.074239   slack (MET)


Startpoint: _1751_ (rising edge-triggered flip-flop clocked by clk_10mhz)
Endpoint: _1751_ (rising edge-triggered flip-flop clocked by clk_10mhz)
Path Group: clk_10mhz
Path Type: min

Fanout         Cap        Slew       Delay        Time   Description
---------------------------------------------------------------------------------------------
                      0.150000    0.000000    0.000000   clock clk_10mhz (rise edge)
                                  0.000000    0.000000   clock network delay (ideal)
                      0.150000    0.000000    0.000000 ^ _1751_/CLK (sky130_fd_sc_hd__dfrtp_2)
     2    0.003277    0.028242    0.236683    0.236683 ^ _1751_/Q (sky130_fd_sc_hd__dfrtp_2)
                                                         u_uart.clk_count[11] (net)
                      0.028242    0.000000    0.236683 ^ _1419_/A (sky130_fd_sc_hd__and2_2)
     1    0.002087    0.022960    0.071530    0.308213 ^ _1419_/X (sky130_fd_sc_hd__and2_2)
                                                         _0254_ (net)
                      0.022960    0.000000    0.308213 ^ _1751_/D (sky130_fd_sc_hd__dfrtp_2)
                                              0.308213   data arrival time

                      0.150000    0.000000    0.000000   clock clk_10mhz (rise edge)
                                  0.000000    0.000000   clock network delay (ideal)
                                  0.250000    0.250000   clock uncertainty
                                  0.000000    0.250000   clock reconvergence pessimism
                                              0.250000 ^ _1751_/CLK (sky130_fd_sc_hd__dfrtp_2)
                                 -0.016026    0.233974   library hold time
                                              0.233974   data required time
---------------------------------------------------------------------------------------------
                                              0.233974   data required time
                                             -0.308213   data arrival time
---------------------------------------------------------------------------------------------
                                              0.074239   slack (MET)


Startpoint: _1735_ (rising edge-triggered flip-flop clocked by clk_10mhz)
Endpoint: _1735_ (rising edge-triggered flip-flop clocked by clk_10mhz)
Path Group: clk_10mhz
Path Type: min

Fanout         Cap        Slew       Delay        Time   Description
---------------------------------------------------------------------------------------------
                      0.150000    0.000000    0.000000   clock clk_10mhz (rise edge)
                                  0.000000    0.000000   clock network delay (ideal)
                      0.150000    0.000000    0.000000 ^ _1735_/CLK (sky130_fd_sc_hd__dfrtp_2)
     2    0.007083    0.040767    0.249141    0.249141 ^ _1735_/Q (sky130_fd_sc_hd__dfrtp_2)
                                                         distance_out[2] (net)
                      0.040767    0.000000    0.249141 ^ _1383_/B (sky130_fd_sc_hd__nand2_2)
     1    0.004310    0.020684    0.030229    0.279369 v _1383_/Y (sky130_fd_sc_hd__nand2_2)
                                                         _0397_ (net)
                      0.020684    0.000000    0.279369 v _1384_/B1 (sky130_fd_sc_hd__o31ai_2)
     1    0.002087    0.021186    0.029056    0.308426 ^ _1384_/Y (sky130_fd_sc_hd__o31ai_2)
                                                         _0238_ (net)
                      0.021186    0.000000    0.308426 ^ _1735_/D (sky130_fd_sc_hd__dfrtp_2)
                                              0.308426   data arrival time

                      0.150000    0.000000    0.000000   clock clk_10mhz (rise edge)
                                  0.000000    0.000000   clock network delay (ideal)
                                  0.250000    0.250000   clock uncertainty
                                  0.000000    0.250000   clock reconvergence pessimism
                                              0.250000 ^ _1735_/CLK (sky130_fd_sc_hd__dfrtp_2)
                                 -0.015898    0.234102   library hold time
                                              0.234102   data required time
---------------------------------------------------------------------------------------------
                                              0.234102   data required time
                                             -0.308426   data arrival time
---------------------------------------------------------------------------------------------
                                              0.074324   slack (MET)


Startpoint: _1734_ (rising edge-triggered flip-flop clocked by clk_10mhz)
Endpoint: _1734_ (rising edge-triggered flip-flop clocked by clk_10mhz)
Path Group: clk_10mhz
Path Type: min

Fanout         Cap        Slew       Delay        Time   Description
---------------------------------------------------------------------------------------------
                      0.150000    0.000000    0.000000   clock clk_10mhz (rise edge)
                                  0.000000    0.000000   clock network delay (ideal)
                      0.150000    0.000000    0.000000 ^ _1734_/CLK (sky130_fd_sc_hd__dfrtp_2)
     2    0.007319    0.041521    0.249826    0.249826 ^ _1734_/Q (sky130_fd_sc_hd__dfrtp_2)
                                                         distance_out[1] (net)
                      0.041521    0.000000    0.249826 ^ _1381_/B (sky130_fd_sc_hd__nand2_2)
     1    0.004310    0.020803    0.030357    0.280183 v _1381_/Y (sky130_fd_sc_hd__nand2_2)
                                                         _0396_ (net)
                      0.020803    0.000000    0.280183 v _1382_/B1 (sky130_fd_sc_hd__o31ai_2)
     1    0.002087    0.021187    0.029099    0.309282 ^ _1382_/Y (sky130_fd_sc_hd__o31ai_2)
                                                         _0237_ (net)
                      0.021187    0.000000    0.309282 ^ _1734_/D (sky130_fd_sc_hd__dfrtp_2)
                                              0.309282   data arrival time

                      0.150000    0.000000    0.000000   clock clk_10mhz (rise edge)
                                  0.000000    0.000000   clock network delay (ideal)
                                  0.250000    0.250000   clock uncertainty
                                  0.000000    0.250000   clock reconvergence pessimism
                                              0.250000 ^ _1734_/CLK (sky130_fd_sc_hd__dfrtp_2)
                                 -0.015898    0.234102   library hold time
                                              0.234102   data required time
---------------------------------------------------------------------------------------------
                                              0.234102   data required time
                                             -0.309282   data arrival time
---------------------------------------------------------------------------------------------
                                              0.075181   slack (MET)


Startpoint: _1538_ (rising edge-triggered flip-flop clocked by clk_10mhz)
Endpoint: _1538_ (rising edge-triggered flip-flop clocked by clk_10mhz)
Path Group: clk_10mhz
Path Type: min

Fanout         Cap        Slew       Delay        Time   Description
---------------------------------------------------------------------------------------------
                      0.150000    0.000000    0.000000   clock clk_10mhz (rise edge)
                                  0.000000    0.000000   clock network delay (ideal)
                      0.150000    0.000000    0.000000 ^ _1538_/CLK (sky130_fd_sc_hd__dfrtp_2)
     2    0.003479    0.028938    0.237464    0.237464 ^ _1538_/Q (sky130_fd_sc_hd__dfrtp_2)
                                                         u_packet_assembler.timer[18] (net)
                      0.028938    0.000000    0.237464 ^ _1055_/A (sky130_fd_sc_hd__and2_2)
     1    0.002087    0.022959    0.071724    0.309188 ^ _1055_/X (sky130_fd_sc_hd__and2_2)
                                                         _0063_ (net)
                      0.022959    0.000000    0.309188 ^ _1538_/D (sky130_fd_sc_hd__dfrtp_2)
                                              0.309188   data arrival time

                      0.150000    0.000000    0.000000   clock clk_10mhz (rise edge)
                                  0.000000    0.000000   clock network delay (ideal)
                                  0.250000    0.250000   clock uncertainty
                                  0.000000    0.250000   clock reconvergence pessimism
                                              0.250000 ^ _1538_/CLK (sky130_fd_sc_hd__dfrtp_2)
                                 -0.016026    0.233974   library hold time
                                              0.233974   data required time
---------------------------------------------------------------------------------------------
                                              0.233974   data required time
                                             -0.309188   data arrival time
---------------------------------------------------------------------------------------------
                                              0.075214   slack (MET)


Startpoint: _1542_ (rising edge-triggered flip-flop clocked by clk_10mhz)
Endpoint: _1542_ (rising edge-triggered flip-flop clocked by clk_10mhz)
Path Group: clk_10mhz
Path Type: min

Fanout         Cap        Slew       Delay        Time   Description
---------------------------------------------------------------------------------------------
                      0.150000    0.000000    0.000000   clock clk_10mhz (rise edge)
                                  0.000000    0.000000   clock network delay (ideal)
                      0.150000    0.000000    0.000000 ^ _1542_/CLK (sky130_fd_sc_hd__dfrtp_2)
     2    0.003479    0.028938    0.237464    0.237464 ^ _1542_/Q (sky130_fd_sc_hd__dfrtp_2)
                                                         u_packet_assembler.timer[22] (net)
                      0.028938    0.000000    0.237464 ^ _1059_/A (sky130_fd_sc_hd__and2_2)
     1    0.002087    0.022959    0.071724    0.309188 ^ _1059_/X (sky130_fd_sc_hd__and2_2)
                                                         _0067_ (net)
                      0.022959    0.000000    0.309188 ^ _1542_/D (sky130_fd_sc_hd__dfrtp_2)
                                              0.309188   data arrival time

                      0.150000    0.000000    0.000000   clock clk_10mhz (rise edge)
                                  0.000000    0.000000   clock network delay (ideal)
                                  0.250000    0.250000   clock uncertainty
                                  0.000000    0.250000   clock reconvergence pessimism
                                              0.250000 ^ _1542_/CLK (sky130_fd_sc_hd__dfrtp_2)
                                 -0.016026    0.233974   library hold time
                                              0.233974   data required time
---------------------------------------------------------------------------------------------
                                              0.233974   data required time
                                             -0.309188   data arrival time
---------------------------------------------------------------------------------------------
                                              0.075214   slack (MET)


Startpoint: _1748_ (rising edge-triggered flip-flop clocked by clk_10mhz)
Endpoint: _1748_ (rising edge-triggered flip-flop clocked by clk_10mhz)
Path Group: clk_10mhz
Path Type: min

Fanout         Cap        Slew       Delay        Time   Description
---------------------------------------------------------------------------------------------
                      0.150000    0.000000    0.000000   clock clk_10mhz (rise edge)
                                  0.000000    0.000000   clock network delay (ideal)
                      0.150000    0.000000    0.000000 ^ _1748_/CLK (sky130_fd_sc_hd__dfrtp_2)
     2    0.003479    0.028938    0.237464    0.237464 ^ _1748_/Q (sky130_fd_sc_hd__dfrtp_2)
                                                         u_uart.clk_count[8] (net)
                      0.028938    0.000000    0.237464 ^ _1416_/A (sky130_fd_sc_hd__and2_2)
     1    0.002087    0.022959    0.071724    0.309188 ^ _1416_/X (sky130_fd_sc_hd__and2_2)
                                                         _0251_ (net)
                      0.022959    0.000000    0.309188 ^ _1748_/D (sky130_fd_sc_hd__dfrtp_2)
                                              0.309188   data arrival time

                      0.150000    0.000000    0.000000   clock clk_10mhz (rise edge)
                                  0.000000    0.000000   clock network delay (ideal)
                                  0.250000    0.250000   clock uncertainty
                                  0.000000    0.250000   clock reconvergence pessimism
                                              0.250000 ^ _1748_/CLK (sky130_fd_sc_hd__dfrtp_2)
                                 -0.016026    0.233974   library hold time
                                              0.233974   data required time
---------------------------------------------------------------------------------------------
                                              0.233974   data required time
                                             -0.309188   data arrival time
---------------------------------------------------------------------------------------------
                                              0.075214   slack (MET)


Startpoint: _1752_ (rising edge-triggered flip-flop clocked by clk_10mhz)
Endpoint: _1752_ (rising edge-triggered flip-flop clocked by clk_10mhz)
Path Group: clk_10mhz
Path Type: min

Fanout         Cap        Slew       Delay        Time   Description
---------------------------------------------------------------------------------------------
                      0.150000    0.000000    0.000000   clock clk_10mhz (rise edge)
                                  0.000000    0.000000   clock network delay (ideal)
                      0.150000    0.000000    0.000000 ^ _1752_/CLK (sky130_fd_sc_hd__dfrtp_2)
     2    0.003479    0.028938    0.237464    0.237464 ^ _1752_/Q (sky130_fd_sc_hd__dfrtp_2)
                                                         u_uart.clk_count[12] (net)
                      0.028938    0.000000    0.237464 ^ _1420_/A (sky130_fd_sc_hd__and2_2)
     1    0.002087    0.022959    0.071724    0.309188 ^ _1420_/X (sky130_fd_sc_hd__and2_2)
                                                         _0255_ (net)
                      0.022959    0.000000    0.309188 ^ _1752_/D (sky130_fd_sc_hd__dfrtp_2)
                                              0.309188   data arrival time

                      0.150000    0.000000    0.000000   clock clk_10mhz (rise edge)
                                  0.000000    0.000000   clock network delay (ideal)
                                  0.250000    0.250000   clock uncertainty
                                  0.000000    0.250000   clock reconvergence pessimism
                                              0.250000 ^ _1752_/CLK (sky130_fd_sc_hd__dfrtp_2)
                                 -0.016026    0.233974   library hold time
                                              0.233974   data required time
---------------------------------------------------------------------------------------------
                                              0.233974   data required time
                                             -0.309188   data arrival time
---------------------------------------------------------------------------------------------
                                              0.075214   slack (MET)


Startpoint: _1559_ (rising edge-triggered flip-flop clocked by clk_10mhz)
Endpoint: _1559_ (rising edge-triggered flip-flop clocked by clk_10mhz)
Path Group: clk_10mhz
Path Type: min

Fanout         Cap        Slew       Delay        Time   Description
---------------------------------------------------------------------------------------------
                      0.150000    0.000000    0.000000   clock clk_10mhz (rise edge)
                                  0.000000    0.000000   clock network delay (ideal)
                      0.150000    0.000000    0.000000 ^ _1559_/CLK (sky130_fd_sc_hd__dfrtp_2)
     3    0.007903    0.043387    0.251522    0.251522 ^ _1559_/Q (sky130_fd_sc_hd__dfrtp_2)
                                                         u_max30102_ctrl.clk_div[14] (net)
                      0.043387    0.000000    0.251522 ^ _0845_/B1 (sky130_fd_sc_hd__a21oi_2)
     1    0.004145    0.016648    0.019559    0.271082 v _0845_/Y (sky130_fd_sc_hd__a21oi_2)
                                                         _0543_ (net)
                      0.016648    0.000000    0.271082 v _0846_/B (sky130_fd_sc_hd__nor2_2)
     1    0.002087    0.038739    0.037753    0.308834 ^ _0846_/Y (sky130_fd_sc_hd__nor2_2)
                                                         _0010_ (net)
                      0.038739    0.000000    0.308834 ^ _1559_/D (sky130_fd_sc_hd__dfrtp_2)
                                              0.308834   data arrival time

                      0.150000    0.000000    0.000000   clock clk_10mhz (rise edge)
                                  0.000000    0.000000   clock network delay (ideal)
                                  0.250000    0.250000   clock uncertainty
                                  0.000000    0.250000   clock reconvergence pessimism
                                              0.250000 ^ _1559_/CLK (sky130_fd_sc_hd__dfrtp_2)
                                 -0.017163    0.232837   library hold time
                                              0.232837   data required time
---------------------------------------------------------------------------------------------
                                              0.232837   data required time
                                             -0.308834   data arrival time
---------------------------------------------------------------------------------------------
                                              0.075997   slack (MET)


Startpoint: _1556_ (rising edge-triggered flip-flop clocked by clk_10mhz)
Endpoint: _1556_ (rising edge-triggered flip-flop clocked by clk_10mhz)
Path Group: clk_10mhz
Path Type: min

Fanout         Cap        Slew       Delay        Time   Description
---------------------------------------------------------------------------------------------
                      0.150000    0.000000    0.000000   clock clk_10mhz (rise edge)
                                  0.000000    0.000000   clock network delay (ideal)
                      0.150000    0.000000    0.000000 ^ _1556_/CLK (sky130_fd_sc_hd__dfrtp_2)
     3    0.008015    0.043744    0.251848    0.251848 ^ _1556_/Q (sky130_fd_sc_hd__dfrtp_2)
                                                         u_max30102_ctrl.clk_div[11] (net)
                      0.043744    0.000000    0.251848 ^ _0838_/B1 (sky130_fd_sc_hd__a21oi_2)
     1    0.004145    0.016728    0.019594    0.271442 v _0838_/Y (sky130_fd_sc_hd__a21oi_2)
                                                         _0539_ (net)
                      0.016728    0.000000    0.271442 v _0839_/B (sky130_fd_sc_hd__nor2_2)
     1    0.002087    0.038737    0.037774    0.309217 ^ _0839_/Y (sky130_fd_sc_hd__nor2_2)
                                                         _0007_ (net)
                      0.038737    0.000000    0.309217 ^ _1556_/D (sky130_fd_sc_hd__dfrtp_2)
                                              0.309217   data arrival time

                      0.150000    0.000000    0.000000   clock clk_10mhz (rise edge)
                                  0.000000    0.000000   clock network delay (ideal)
                                  0.250000    0.250000   clock uncertainty
                                  0.000000    0.250000   clock reconvergence pessimism
                                              0.250000 ^ _1556_/CLK (sky130_fd_sc_hd__dfrtp_2)
                                 -0.017163    0.232837   library hold time
                                              0.232837   data required time
---------------------------------------------------------------------------------------------
                                              0.232837   data required time
                                             -0.309217   data arrival time
---------------------------------------------------------------------------------------------
                                              0.076379   slack (MET)


Startpoint: _1516_ (rising edge-triggered flip-flop clocked by clk_10mhz)
Endpoint: _1516_ (rising edge-triggered flip-flop clocked by clk_10mhz)
Path Group: clk_10mhz
Path Type: min

Fanout         Cap        Slew       Delay        Time   Description
---------------------------------------------------------------------------------------------
                      0.150000    0.000000    0.000000   clock clk_10mhz (rise edge)
                                  0.000000    0.000000   clock network delay (ideal)
                      0.150000    0.000000    0.000000 ^ _1516_/CLK (sky130_fd_sc_hd__dfrtp_2)
     4    0.015683    0.068430    0.273645    0.273645 ^ _1516_/Q (sky130_fd_sc_hd__dfrtp_2)
                                                         u_srf_ctrl.timer[20] (net)
                      0.068430    0.000000    0.273645 ^ _0927_/A1 (sky130_fd_sc_hd__o31ai_2)
     1    0.002059    0.012481    0.042041    0.315686 v _0927_/Y (sky130_fd_sc_hd__o31ai_2)
                                                         _0042_ (net)
                      0.012481    0.000000    0.315686 v _1516_/D (sky130_fd_sc_hd__dfrtp_2)
                                              0.315686   data arrival time

                      0.150000    0.000000    0.000000   clock clk_10mhz (rise edge)
                                  0.000000    0.000000   clock network delay (ideal)
                                  0.250000    0.250000   clock uncertainty
                                  0.000000    0.250000   clock reconvergence pessimism
                                              0.250000 ^ _1516_/CLK (sky130_fd_sc_hd__dfrtp_2)
                                 -0.011528    0.238472   library hold time
                                              0.238472   data required time
---------------------------------------------------------------------------------------------
                                              0.238472   data required time
                                             -0.315686   data arrival time
---------------------------------------------------------------------------------------------
                                              0.077215   slack (MET)


Startpoint: _1553_ (rising edge-triggered flip-flop clocked by clk_10mhz)
Endpoint: _1553_ (rising edge-triggered flip-flop clocked by clk_10mhz)
Path Group: clk_10mhz
Path Type: min

Fanout         Cap        Slew       Delay        Time   Description
---------------------------------------------------------------------------------------------
                      0.150000    0.000000    0.000000   clock clk_10mhz (rise edge)
                                  0.000000    0.000000   clock network delay (ideal)
                      0.150000    0.000000    0.000000 ^ _1553_/CLK (sky130_fd_sc_hd__dfrtp_2)
     3    0.008286    0.044610    0.252635    0.252635 ^ _1553_/Q (sky130_fd_sc_hd__dfrtp_2)
                                                         u_max30102_ctrl.clk_div[8] (net)
                      0.044610    0.000000    0.252635 ^ _0831_/B1 (sky130_fd_sc_hd__a21oi_2)
     1    0.004145    0.016920    0.019680    0.272315 v _0831_/Y (sky130_fd_sc_hd__a21oi_2)
                                                         _0535_ (net)
                      0.016920    0.000000    0.272315 v _0832_/B (sky130_fd_sc_hd__nor2_2)
     1    0.002087    0.038732    0.037827    0.310142 ^ _0832_/Y (sky130_fd_sc_hd__nor2_2)
                                                         _0019_ (net)
                      0.038732    0.000000    0.310142 ^ _1553_/D (sky130_fd_sc_hd__dfrtp_2)
                                              0.310142   data arrival time

                      0.150000    0.000000    0.000000   clock clk_10mhz (rise edge)
                                  0.000000    0.000000   clock network delay (ideal)
                                  0.250000    0.250000   clock uncertainty
                                  0.000000    0.250000   clock reconvergence pessimism
                                              0.250000 ^ _1553_/CLK (sky130_fd_sc_hd__dfrtp_2)
                                 -0.017162    0.232838   library hold time
                                              0.232838   data required time
---------------------------------------------------------------------------------------------
                                              0.232838   data required time
                                             -0.310142   data arrival time
---------------------------------------------------------------------------------------------
                                              0.077304   slack (MET)


Startpoint: _1523_ (rising edge-triggered flip-flop clocked by clk_10mhz)
Endpoint: _1523_ (rising edge-triggered flip-flop clocked by clk_10mhz)
Path Group: clk_10mhz
Path Type: min

Fanout         Cap        Slew       Delay        Time   Description
---------------------------------------------------------------------------------------------
                      0.150000    0.000000    0.000000   clock clk_10mhz (rise edge)
                                  0.000000    0.000000   clock network delay (ideal)
                      0.150000    0.000000    0.000000 ^ _1523_/CLK (sky130_fd_sc_hd__dfrtp_2)
     3    0.006877    0.040109    0.248543    0.248543 ^ _1523_/Q (sky130_fd_sc_hd__dfrtp_2)
                                                         u_packet_assembler.timer[3] (net)
                      0.040109    0.000000    0.248543 ^ _1011_/B2 (sky130_fd_sc_hd__a32o_2)
     1    0.002087    0.022504    0.063954    0.312496 ^ _1011_/X (sky130_fd_sc_hd__a32o_2)
                                                         _0048_ (net)
                      0.022504    0.000000    0.312496 ^ _1523_/D (sky130_fd_sc_hd__dfrtp_2)
                                              0.312496   data arrival time

                      0.150000    0.000000    0.000000   clock clk_10mhz (rise edge)
                                  0.000000    0.000000   clock network delay (ideal)
                                  0.250000    0.250000   clock uncertainty
                                  0.000000    0.250000   clock reconvergence pessimism
                                              0.250000 ^ _1523_/CLK (sky130_fd_sc_hd__dfrtp_2)
                                 -0.015993    0.234007   library hold time
                                              0.234007   data required time
---------------------------------------------------------------------------------------------
                                              0.234007   data required time
                                             -0.312496   data arrival time
---------------------------------------------------------------------------------------------
                                              0.078489   slack (MET)


Startpoint: _1536_ (rising edge-triggered flip-flop clocked by clk_10mhz)
Endpoint: _1536_ (rising edge-triggered flip-flop clocked by clk_10mhz)
Path Group: clk_10mhz
Path Type: min

Fanout         Cap        Slew       Delay        Time   Description
---------------------------------------------------------------------------------------------
                      0.150000    0.000000    0.000000   clock clk_10mhz (rise edge)
                                  0.000000    0.000000   clock network delay (ideal)
                      0.150000    0.000000    0.000000 ^ _1536_/CLK (sky130_fd_sc_hd__dfrtp_2)
     2    0.004965    0.034001    0.242989    0.242989 ^ _1536_/Q (sky130_fd_sc_hd__dfrtp_2)
                                                         u_packet_assembler.timer[16] (net)
                      0.034001    0.000000    0.242989 ^ _1053_/A1 (sky130_fd_sc_hd__a22o_2)
     1    0.002087    0.019580    0.070127    0.313116 ^ _1053_/X (sky130_fd_sc_hd__a22o_2)
                                                         _0061_ (net)
                      0.019580    0.000000    0.313116 ^ _1536_/D (sky130_fd_sc_hd__dfrtp_2)
                                              0.313116   data arrival time

                      0.150000    0.000000    0.000000   clock clk_10mhz (rise edge)
                                  0.000000    0.000000   clock network delay (ideal)
                                  0.250000    0.250000   clock uncertainty
                                  0.000000    0.250000   clock reconvergence pessimism
                                              0.250000 ^ _1536_/CLK (sky130_fd_sc_hd__dfrtp_2)
                                 -0.015782    0.234218   library hold time
                                              0.234218   data required time
---------------------------------------------------------------------------------------------
                                              0.234218   data required time
                                             -0.313116   data arrival time
---------------------------------------------------------------------------------------------
                                              0.078899   slack (MET)


Startpoint: _1555_ (rising edge-triggered flip-flop clocked by clk_10mhz)
Endpoint: _1555_ (rising edge-triggered flip-flop clocked by clk_10mhz)
Path Group: clk_10mhz
Path Type: min

Fanout         Cap        Slew       Delay        Time   Description
---------------------------------------------------------------------------------------------
                      0.150000    0.000000    0.000000   clock clk_10mhz (rise edge)
                                  0.000000    0.000000   clock network delay (ideal)
                      0.150000    0.000000    0.000000 ^ _1555_/CLK (sky130_fd_sc_hd__dfrtp_2)
     4    0.017116    0.073257    0.277187    0.277187 ^ _1555_/Q (sky130_fd_sc_hd__dfrtp_2)
                                                         u_max30102_ctrl.clk_div[10] (net)
                      0.073257    0.000000    0.277187 ^ _0836_/A (sky130_fd_sc_hd__xor2_2)
     1    0.002059    0.020003    0.038886    0.316073 v _0836_/X (sky130_fd_sc_hd__xor2_2)
                                                         _0006_ (net)
                      0.020003    0.000000    0.316073 v _1555_/D (sky130_fd_sc_hd__dfrtp_2)
                                              0.316073   data arrival time

                      0.150000    0.000000    0.000000   clock clk_10mhz (rise edge)
                                  0.000000    0.000000   clock network delay (ideal)
                                  0.250000    0.250000   clock uncertainty
                                  0.000000    0.250000   clock reconvergence pessimism
                                              0.250000 ^ _1555_/CLK (sky130_fd_sc_hd__dfrtp_2)
                                 -0.013942    0.236058   library hold time
                                              0.236058   data required time
---------------------------------------------------------------------------------------------
                                              0.236058   data required time
                                             -0.316073   data arrival time
---------------------------------------------------------------------------------------------
                                              0.080014   slack (MET)


Startpoint: _1558_ (rising edge-triggered flip-flop clocked by clk_10mhz)
Endpoint: _1558_ (rising edge-triggered flip-flop clocked by clk_10mhz)
Path Group: clk_10mhz
Path Type: min

Fanout         Cap        Slew       Delay        Time   Description
---------------------------------------------------------------------------------------------
                      0.150000    0.000000    0.000000   clock clk_10mhz (rise edge)
                                  0.000000    0.000000   clock network delay (ideal)
                      0.150000    0.000000    0.000000 ^ _1558_/CLK (sky130_fd_sc_hd__dfrtp_2)
     4    0.017131    0.073307    0.277224    0.277224 ^ _1558_/Q (sky130_fd_sc_hd__dfrtp_2)
                                                         u_max30102_ctrl.clk_div[13] (net)
                      0.073307    0.000000    0.277224 ^ _0843_/A (sky130_fd_sc_hd__xor2_2)
     1    0.002059    0.020002    0.038891    0.316115 v _0843_/X (sky130_fd_sc_hd__xor2_2)
                                                         _0009_ (net)
                      0.020002    0.000000    0.316115 v _1558_/D (sky130_fd_sc_hd__dfrtp_2)
                                              0.316115   data arrival time

                      0.150000    0.000000    0.000000   clock clk_10mhz (rise edge)
                                  0.000000    0.000000   clock network delay (ideal)
                                  0.250000    0.250000   clock uncertainty
                                  0.000000    0.250000   clock reconvergence pessimism
                                              0.250000 ^ _1558_/CLK (sky130_fd_sc_hd__dfrtp_2)
                                 -0.013942    0.236058   library hold time
                                              0.236058   data required time
---------------------------------------------------------------------------------------------
                                              0.236058   data required time
                                             -0.316115   data arrival time
---------------------------------------------------------------------------------------------
                                              0.080056   slack (MET)


Startpoint: _1552_ (rising edge-triggered flip-flop clocked by clk_10mhz)
Endpoint: _1552_ (rising edge-triggered flip-flop clocked by clk_10mhz)
Path Group: clk_10mhz
Path Type: min

Fanout         Cap        Slew       Delay        Time   Description
---------------------------------------------------------------------------------------------
                      0.150000    0.000000    0.000000   clock clk_10mhz (rise edge)
                                  0.000000    0.000000   clock network delay (ideal)
                      0.150000    0.000000    0.000000 ^ _1552_/CLK (sky130_fd_sc_hd__dfrtp_2)
     4    0.017228    0.073634    0.277463    0.277463 ^ _1552_/Q (sky130_fd_sc_hd__dfrtp_2)
                                                         u_max30102_ctrl.clk_div[7] (net)
                      0.073634    0.000000    0.277463 ^ _0829_/A (sky130_fd_sc_hd__xor2_2)
     1    0.002059    0.020002    0.038923    0.316387 v _0829_/X (sky130_fd_sc_hd__xor2_2)
                                                         _0018_ (net)
                      0.020002    0.000000    0.316387 v _1552_/D (sky130_fd_sc_hd__dfrtp_2)
                                              0.316387   data arrival time

                      0.150000    0.000000    0.000000   clock clk_10mhz (rise edge)
                                  0.000000    0.000000   clock network delay (ideal)
                                  0.250000    0.250000   clock uncertainty
                                  0.000000    0.250000   clock reconvergence pessimism
                                              0.250000 ^ _1552_/CLK (sky130_fd_sc_hd__dfrtp_2)
                                 -0.013941    0.236059   library hold time
                                              0.236059   data required time
---------------------------------------------------------------------------------------------
                                              0.236059   data required time
                                             -0.316387   data arrival time
---------------------------------------------------------------------------------------------
                                              0.080328   slack (MET)


Startpoint: _1711_ (rising edge-triggered flip-flop clocked by clk_10mhz)
Endpoint: _1711_ (rising edge-triggered flip-flop clocked by clk_10mhz)
Path Group: clk_10mhz
Path Type: min

Fanout         Cap        Slew       Delay        Time   Description
---------------------------------------------------------------------------------------------
                      0.150000    0.000000    0.000000   clock clk_10mhz (rise edge)
                                  0.000000    0.000000   clock network delay (ideal)
                      0.150000    0.000000    0.000000 ^ _1711_/CLK (sky130_fd_sc_hd__dfrtp_2)
     2    0.017954    0.076079    0.279258    0.279258 ^ _1711_/Q (sky130_fd_sc_hd__dfrtp_2)
                                                         u_fifo.rd_ptr[4] (net)
                      0.076079    0.000000    0.279258 ^ _1255_/A (sky130_fd_sc_hd__xnor2_2)
     1    0.002059    0.017672    0.037882    0.317140 v _1255_/Y (sky130_fd_sc_hd__xnor2_2)
                                                         _0214_ (net)
                      0.017672    0.000000    0.317140 v _1711_/D (sky130_fd_sc_hd__dfrtp_2)
                                              0.317140   data arrival time

                      0.150000    0.000000    0.000000   clock clk_10mhz (rise edge)
                                  0.000000    0.000000   clock network delay (ideal)
                                  0.250000    0.250000   clock uncertainty
                                  0.000000    0.250000   clock reconvergence pessimism
                                              0.250000 ^ _1711_/CLK (sky130_fd_sc_hd__dfrtp_2)
                                 -0.013194    0.236806   library hold time
                                              0.236806   data required time
---------------------------------------------------------------------------------------------
                                              0.236806   data required time
                                             -0.317140   data arrival time
---------------------------------------------------------------------------------------------
                                              0.080334   slack (MET)


Startpoint: _1554_ (rising edge-triggered flip-flop clocked by clk_10mhz)
Endpoint: _1554_ (rising edge-triggered flip-flop clocked by clk_10mhz)
Path Group: clk_10mhz
Path Type: min

Fanout         Cap        Slew       Delay        Time   Description
---------------------------------------------------------------------------------------------
                      0.150000    0.000000    0.000000   clock clk_10mhz (rise edge)
                                  0.000000    0.000000   clock network delay (ideal)
                      0.150000    0.000000    0.000000 ^ _1554_/CLK (sky130_fd_sc_hd__dfrtp_2)
     3    0.007802    0.043064    0.251229    0.251229 ^ _1554_/Q (sky130_fd_sc_hd__dfrtp_2)
                                                         u_max30102_ctrl.clk_div[9] (net)
                      0.043064    0.000000    0.251229 ^ _0834_/A (sky130_fd_sc_hd__nor2_2)
     1    0.004145    0.019567    0.024359    0.275588 v _0834_/Y (sky130_fd_sc_hd__nor2_2)
                                                         _0537_ (net)
                      0.019567    0.000000    0.275588 v _0835_/B (sky130_fd_sc_hd__nor2_2)
     1    0.002087    0.038669    0.038550    0.314138 ^ _0835_/Y (sky130_fd_sc_hd__nor2_2)
                                                         _0020_ (net)
                      0.038669    0.000000    0.314138 ^ _1554_/D (sky130_fd_sc_hd__dfrtp_2)
                                              0.314138   data arrival time

                      0.150000    0.000000    0.000000   clock clk_10mhz (rise edge)
                                  0.000000    0.000000   clock network delay (ideal)
                                  0.250000    0.250000   clock uncertainty
                                  0.000000    0.250000   clock reconvergence pessimism
                                              0.250000 ^ _1554_/CLK (sky130_fd_sc_hd__dfrtp_2)
                                 -0.017158    0.232842   library hold time
                                              0.232842   data required time
---------------------------------------------------------------------------------------------
                                              0.232842   data required time
                                             -0.314138   data arrival time
---------------------------------------------------------------------------------------------
                                              0.081296   slack (MET)


Startpoint: _1532_ (rising edge-triggered flip-flop clocked by clk_10mhz)
Endpoint: _1532_ (rising edge-triggered flip-flop clocked by clk_10mhz)
Path Group: clk_10mhz
Path Type: min

Fanout         Cap        Slew       Delay        Time   Description
---------------------------------------------------------------------------------------------
                      0.150000    0.000000    0.000000   clock clk_10mhz (rise edge)
                                  0.000000    0.000000   clock network delay (ideal)
                      0.150000    0.000000    0.000000 ^ _1532_/CLK (sky130_fd_sc_hd__dfrtp_2)
     4    0.007689    0.042703    0.250901    0.250901 ^ _1532_/Q (sky130_fd_sc_hd__dfrtp_2)
                                                         u_packet_assembler.timer[12] (net)
                      0.042703    0.000000    0.250901 ^ _1041_/B2 (sky130_fd_sc_hd__a32o_2)
     1    0.002087    0.022511    0.064518    0.315419 ^ _1041_/X (sky130_fd_sc_hd__a32o_2)
                                                         _0057_ (net)
                      0.022511    0.000000    0.315419 ^ _1532_/D (sky130_fd_sc_hd__dfrtp_2)
                                              0.315419   data arrival time

                      0.150000    0.000000    0.000000   clock clk_10mhz (rise edge)
                                  0.000000    0.000000   clock network delay (ideal)
                                  0.250000    0.250000   clock uncertainty
                                  0.000000    0.250000   clock reconvergence pessimism
                                              0.250000 ^ _1532_/CLK (sky130_fd_sc_hd__dfrtp_2)
                                 -0.015994    0.234006   library hold time
                                              0.234006   data required time
---------------------------------------------------------------------------------------------
                                              0.234006   data required time
                                             -0.315419   data arrival time
---------------------------------------------------------------------------------------------
                                              0.081413   slack (MET)


Startpoint: _1716_ (rising edge-triggered flip-flop clocked by clk_10mhz)
Endpoint: _1716_ (rising edge-triggered flip-flop clocked by clk_10mhz)
Path Group: clk_10mhz
Path Type: min

Fanout         Cap        Slew       Delay        Time   Description
---------------------------------------------------------------------------------------------
                      0.150000    0.000000    0.000000   clock clk_10mhz (rise edge)
                                  0.000000    0.000000   clock network delay (ideal)
                      0.150000    0.000000    0.000000 ^ _1716_/CLK (sky130_fd_sc_hd__dfrtp_2)
     2    0.017744    0.075372    0.278739    0.278739 ^ _1716_/Q (sky130_fd_sc_hd__dfrtp_2)
                                                         u_fifo.wr_ptr[4] (net)
                      0.075372    0.000000    0.278739 ^ _1263_/A (sky130_fd_sc_hd__xor2_2)
     1    0.002059    0.020003    0.039094    0.317832 v _1263_/X (sky130_fd_sc_hd__xor2_2)
                                                         _0219_ (net)
                      0.020003    0.000000    0.317832 v _1716_/D (sky130_fd_sc_hd__dfrtp_2)
                                              0.317832   data arrival time

                      0.150000    0.000000    0.000000   clock clk_10mhz (rise edge)
                                  0.000000    0.000000   clock network delay (ideal)
                                  0.250000    0.250000   clock uncertainty
                                  0.000000    0.250000   clock reconvergence pessimism
                                              0.250000 ^ _1716_/CLK (sky130_fd_sc_hd__dfrtp_2)
                                 -0.013942    0.236058   library hold time
                                              0.236058   data required time
---------------------------------------------------------------------------------------------
                                              0.236058   data required time
                                             -0.317832   data arrival time
---------------------------------------------------------------------------------------------
                                              0.081774   slack (MET)


Startpoint: _1557_ (rising edge-triggered flip-flop clocked by clk_10mhz)
Endpoint: _1557_ (rising edge-triggered flip-flop clocked by clk_10mhz)
Path Group: clk_10mhz
Path Type: min

Fanout         Cap        Slew       Delay        Time   Description
---------------------------------------------------------------------------------------------
                      0.150000    0.000000    0.000000   clock clk_10mhz (rise edge)
                                  0.000000    0.000000   clock network delay (ideal)
                      0.150000    0.000000    0.000000 ^ _1557_/CLK (sky130_fd_sc_hd__dfrtp_2)
     3    0.008101    0.044019    0.252097    0.252097 ^ _1557_/Q (sky130_fd_sc_hd__dfrtp_2)
                                                         u_max30102_ctrl.clk_div[12] (net)
                      0.044019    0.000000    0.252097 ^ _0841_/A (sky130_fd_sc_hd__nor2_2)
     1    0.004145    0.019564    0.024534    0.276631 v _0841_/Y (sky130_fd_sc_hd__nor2_2)
                                                         _0541_ (net)
                      0.019564    0.000000    0.276631 v _0842_/B (sky130_fd_sc_hd__nor2_2)
     1    0.002087    0.038669    0.038550    0.315181 ^ _0842_/Y (sky130_fd_sc_hd__nor2_2)
                                                         _0008_ (net)
                      0.038669    0.000000    0.315181 ^ _1557_/D (sky130_fd_sc_hd__dfrtp_2)
                                              0.315181   data arrival time

                      0.150000    0.000000    0.000000   clock clk_10mhz (rise edge)
                                  0.000000    0.000000   clock network delay (ideal)
                                  0.250000    0.250000   clock uncertainty
                                  0.000000    0.250000   clock reconvergence pessimism
                                              0.250000 ^ _1557_/CLK (sky130_fd_sc_hd__dfrtp_2)
                                 -0.017158    0.232842   library hold time
                                              0.232842   data required time
---------------------------------------------------------------------------------------------
                                              0.232842   data required time
                                             -0.315181   data arrival time
---------------------------------------------------------------------------------------------
                                              0.082339   slack (MET)


Startpoint: _1775_ (rising edge-triggered flip-flop clocked by clk_10mhz)
Endpoint: _1775_ (rising edge-triggered flip-flop clocked by clk_10mhz)
Path Group: clk_10mhz
Path Type: min

Fanout         Cap        Slew       Delay        Time   Description
---------------------------------------------------------------------------------------------
                      0.150000    0.000000    0.000000   clock clk_10mhz (rise edge)
                                  0.000000    0.000000   clock network delay (ideal)
                      0.150000    0.000000    0.000000 ^ _1775_/CLK (sky130_fd_sc_hd__dfrtp_2)
     4    0.019989    0.082932    0.284287    0.284287 ^ _1775_/Q (sky130_fd_sc_hd__dfrtp_2)
                                                         u_uart.state[0] (net)
                      0.082932    0.000000    0.284287 ^ _1492_/A (sky130_fd_sc_hd__xnor2_2)
     1    0.002059    0.018454    0.038390    0.322676 v _1492_/Y (sky130_fd_sc_hd__xnor2_2)
                                                         _0277_ (net)
                      0.018454    0.000000    0.322676 v _1775_/D (sky130_fd_sc_hd__dfrtp_2)
                                              0.322676   data arrival time

                      0.150000    0.000000    0.000000   clock clk_10mhz (rise edge)
                                  0.000000    0.000000   clock network delay (ideal)
                                  0.250000    0.250000   clock uncertainty
                                  0.000000    0.250000   clock reconvergence pessimism
                                              0.250000 ^ _1775_/CLK (sky130_fd_sc_hd__dfrtp_2)
                                 -0.013445    0.236555   library hold time
                                              0.236555   data required time
---------------------------------------------------------------------------------------------
                                              0.236555   data required time
                                             -0.322676   data arrival time
---------------------------------------------------------------------------------------------
                                              0.086121   slack (MET)


Startpoint: _1581_ (rising edge-triggered flip-flop clocked by clk_10mhz)
Endpoint: _1581_ (rising edge-triggered flip-flop clocked by clk_10mhz)
Path Group: clk_10mhz
Path Type: min

Fanout         Cap        Slew       Delay        Time   Description
---------------------------------------------------------------------------------------------
                      0.150000    0.000000    0.000000   clock clk_10mhz (rise edge)
                                  0.000000    0.000000   clock network delay (ideal)
                      0.150000    0.000000    0.000000 ^ _1581_/CLK (sky130_fd_sc_hd__dfstp_2)
     2    0.010341    0.027055    0.261468    0.261468 v _1581_/Q (sky130_fd_sc_hd__dfstp_2)
                                                         u_max30102_ctrl.scl_internal (net)
                      0.027055    0.000000    0.261468 v _1081_/A (sky130_fd_sc_hd__xnor2_2)
     1    0.002259    0.019078    0.079138    0.340605 v _1081_/Y (sky130_fd_sc_hd__xnor2_2)
                                                         _0085_ (net)
                      0.019078    0.000000    0.340605 v _1581_/D (sky130_fd_sc_hd__dfstp_2)
                                              0.340605   data arrival time

                      0.150000    0.000000    0.000000   clock clk_10mhz (rise edge)
                                  0.000000    0.000000   clock network delay (ideal)
                                  0.250000    0.250000   clock uncertainty
                                  0.000000    0.250000   clock reconvergence pessimism
                                              0.250000 ^ _1581_/CLK (sky130_fd_sc_hd__dfstp_2)
                                  0.004162    0.254162   library hold time
                                              0.254162   data required time
---------------------------------------------------------------------------------------------
                                              0.254162   data required time
                                             -0.340605   data arrival time
---------------------------------------------------------------------------------------------
                                              0.086443   slack (MET)


Startpoint: _1577_ (rising edge-triggered flip-flop clocked by clk_10mhz)
Endpoint: _1577_ (rising edge-triggered flip-flop clocked by clk_10mhz)
Path Group: clk_10mhz
Path Type: min

Fanout         Cap        Slew       Delay        Time   Description
---------------------------------------------------------------------------------------------
                      0.150000    0.000000    0.000000   clock clk_10mhz (rise edge)
                                  0.000000    0.000000   clock network delay (ideal)
                      0.150000    0.000000    0.000000 ^ _1577_/CLK (sky130_fd_sc_hd__dfstp_2)
     3    0.012875    0.030642    0.265530    0.265530 v _1577_/Q (sky130_fd_sc_hd__dfstp_2)
                                                         u_srf_ctrl.state[0] (net)
                      0.030642    0.000000    0.265530 v _0768_/A (sky130_fd_sc_hd__nand2_2)
     2    0.009335    0.045191    0.049804    0.315334 ^ _0768_/Y (sky130_fd_sc_hd__nand2_2)
                                                         _0486_ (net)
                      0.045191    0.000000    0.315334 ^ _0769_/B (sky130_fd_sc_hd__nand2_2)
     1    0.002259    0.017099    0.026026    0.341360 v _0769_/Y (sky130_fd_sc_hd__nand2_2)
                                                         _0000_ (net)
                      0.017099    0.000000    0.341360 v _1577_/D (sky130_fd_sc_hd__dfstp_2)
                                              0.341360   data arrival time

                      0.150000    0.000000    0.000000   clock clk_10mhz (rise edge)
                                  0.000000    0.000000   clock network delay (ideal)
                                  0.250000    0.250000   clock uncertainty
                                  0.000000    0.250000   clock reconvergence pessimism
                                              0.250000 ^ _1577_/CLK (sky130_fd_sc_hd__dfstp_2)
                                  0.004679    0.254679   library hold time
                                              0.254679   data required time
---------------------------------------------------------------------------------------------
                                              0.254679   data required time
                                             -0.341360   data arrival time
---------------------------------------------------------------------------------------------
                                              0.086681   slack (MET)


Startpoint: _1526_ (rising edge-triggered flip-flop clocked by clk_10mhz)
Endpoint: _1526_ (rising edge-triggered flip-flop clocked by clk_10mhz)
Path Group: clk_10mhz
Path Type: min

Fanout         Cap        Slew       Delay        Time   Description
---------------------------------------------------------------------------------------------
                      0.150000    0.000000    0.000000   clock clk_10mhz (rise edge)
                                  0.000000    0.000000   clock network delay (ideal)
                      0.150000    0.000000    0.000000 ^ _1526_/CLK (sky130_fd_sc_hd__dfrtp_2)
     4    0.009317    0.047904    0.255629    0.255629 ^ _1526_/Q (sky130_fd_sc_hd__dfrtp_2)
                                                         u_packet_assembler.timer[6] (net)
                      0.047904    0.000000    0.255629 ^ _1020_/B2 (sky130_fd_sc_hd__a32o_2)
     1    0.002087    0.022525    0.065650    0.321280 ^ _1020_/X (sky130_fd_sc_hd__a32o_2)
                                                         _0051_ (net)
                      0.022525    0.000000    0.321280 ^ _1526_/D (sky130_fd_sc_hd__dfrtp_2)
                                              0.321280   data arrival time

                      0.150000    0.000000    0.000000   clock clk_10mhz (rise edge)
                                  0.000000    0.000000   clock network delay (ideal)
                                  0.250000    0.250000   clock uncertainty
                                  0.000000    0.250000   clock reconvergence pessimism
                                              0.250000 ^ _1526_/CLK (sky130_fd_sc_hd__dfrtp_2)
                                 -0.015995    0.234005   library hold time
                                              0.234005   data required time
---------------------------------------------------------------------------------------------
                                              0.234005   data required time
                                             -0.321280   data arrival time
---------------------------------------------------------------------------------------------
                                              0.087274   slack (MET)


Startpoint: _1531_ (rising edge-triggered flip-flop clocked by clk_10mhz)
Endpoint: _1531_ (rising edge-triggered flip-flop clocked by clk_10mhz)
Path Group: clk_10mhz
Path Type: min

Fanout         Cap        Slew       Delay        Time   Description
---------------------------------------------------------------------------------------------
                      0.150000    0.000000    0.000000   clock clk_10mhz (rise edge)
                                  0.000000    0.000000   clock network delay (ideal)
                      0.150000    0.000000    0.000000 ^ _1531_/CLK (sky130_fd_sc_hd__dfrtp_2)
     5    0.010034    0.050195    0.257712    0.257712 ^ _1531_/Q (sky130_fd_sc_hd__dfrtp_2)
                                                         u_packet_assembler.timer[11] (net)
                      0.050195    0.000000    0.257712 ^ _1037_/B2 (sky130_fd_sc_hd__a32o_2)
     1    0.002087    0.022531    0.066149    0.323860 ^ _1037_/X (sky130_fd_sc_hd__a32o_2)
                                                         _0056_ (net)
                      0.022531    0.000000    0.323860 ^ _1531_/D (sky130_fd_sc_hd__dfrtp_2)
                                              0.323860   data arrival time

                      0.150000    0.000000    0.000000   clock clk_10mhz (rise edge)
                                  0.000000    0.000000   clock network delay (ideal)
                                  0.250000    0.250000   clock uncertainty
                                  0.000000    0.250000   clock reconvergence pessimism
                                              0.250000 ^ _1531_/CLK (sky130_fd_sc_hd__dfrtp_2)
                                 -0.015995    0.234005   library hold time
                                              0.234005   data required time
---------------------------------------------------------------------------------------------
                                              0.234005   data required time
                                             -0.323860   data arrival time
---------------------------------------------------------------------------------------------
                                              0.089856   slack (MET)


Startpoint: _1738_ (rising edge-triggered flip-flop clocked by clk_10mhz)
Endpoint: _1738_ (rising edge-triggered flip-flop clocked by clk_10mhz)
Path Group: clk_10mhz
Path Type: min

Fanout         Cap        Slew       Delay        Time   Description
---------------------------------------------------------------------------------------------
                      0.150000    0.000000    0.000000   clock clk_10mhz (rise edge)
                                  0.000000    0.000000   clock network delay (ideal)
                      0.150000    0.000000    0.000000 ^ _1738_/CLK (sky130_fd_sc_hd__dfrtp_2)
     2    0.004537    0.032583    0.241552    0.241552 ^ _1738_/Q (sky130_fd_sc_hd__dfrtp_2)
                                                         distance_out[5] (net)
                      0.032583    0.000000    0.241552 ^ _1389_/B1 (sky130_fd_sc_hd__a2bb2o_2)
     1    0.002087    0.020003    0.084829    0.326382 ^ _1389_/X (sky130_fd_sc_hd__a2bb2o_2)
                                                         _0241_ (net)
                      0.020003    0.000000    0.326382 ^ _1738_/D (sky130_fd_sc_hd__dfrtp_2)
                                              0.326382   data arrival time

                      0.150000    0.000000    0.000000   clock clk_10mhz (rise edge)
                                  0.000000    0.000000   clock network delay (ideal)
                                  0.250000    0.250000   clock uncertainty
                                  0.000000    0.250000   clock reconvergence pessimism
                                              0.250000 ^ _1738_/CLK (sky130_fd_sc_hd__dfrtp_2)
                                 -0.015813    0.234187   library hold time
                                              0.234187   data required time
---------------------------------------------------------------------------------------------
                                              0.234187   data required time
                                             -0.326382   data arrival time
---------------------------------------------------------------------------------------------
                                              0.092194   slack (MET)


Startpoint: _1502_ (rising edge-triggered flip-flop clocked by clk_10mhz)
Endpoint: _1502_ (rising edge-triggered flip-flop clocked by clk_10mhz)
Path Group: clk_10mhz
Path Type: min

Fanout         Cap        Slew       Delay        Time   Description
---------------------------------------------------------------------------------------------
                      0.150000    0.000000    0.000000   clock clk_10mhz (rise edge)
                                  0.000000    0.000000   clock network delay (ideal)
                      0.150000    0.000000    0.000000 ^ _1502_/CLK (sky130_fd_sc_hd__dfrtp_2)
     5    0.010894    0.052942    0.260209    0.260209 ^ _1502_/Q (sky130_fd_sc_hd__dfrtp_2)
                                                         u_srf_ctrl.timer[6] (net)
                      0.052942    0.000000    0.260209 ^ _0881_/B2 (sky130_fd_sc_hd__a32o_2)
     1    0.002087    0.022538    0.066747    0.326956 ^ _0881_/X (sky130_fd_sc_hd__a32o_2)
                                                         _0028_ (net)
                      0.022538    0.000000    0.326956 ^ _1502_/D (sky130_fd_sc_hd__dfrtp_2)
                                              0.326956   data arrival time

                      0.150000    0.000000    0.000000   clock clk_10mhz (rise edge)
                                  0.000000    0.000000   clock network delay (ideal)
                                  0.250000    0.250000   clock uncertainty
                                  0.000000    0.250000   clock reconvergence pessimism
                                              0.250000 ^ _1502_/CLK (sky130_fd_sc_hd__dfrtp_2)
                                 -0.015996    0.234004   library hold time
                                              0.234004   data required time
---------------------------------------------------------------------------------------------
                                              0.234004   data required time
                                             -0.326956   data arrival time
---------------------------------------------------------------------------------------------
                                              0.092952   slack (MET)


Startpoint: _1528_ (rising edge-triggered flip-flop clocked by clk_10mhz)
Endpoint: _1528_ (rising edge-triggered flip-flop clocked by clk_10mhz)
Path Group: clk_10mhz
Path Type: min

Fanout         Cap        Slew       Delay        Time   Description
---------------------------------------------------------------------------------------------
                      0.150000    0.000000    0.000000   clock clk_10mhz (rise edge)
                                  0.000000    0.000000   clock network delay (ideal)
                      0.150000    0.000000    0.000000 ^ _1528_/CLK (sky130_fd_sc_hd__dfrtp_2)
     5    0.011147    0.053750    0.260944    0.260944 ^ _1528_/Q (sky130_fd_sc_hd__dfrtp_2)
                                                         u_packet_assembler.timer[8] (net)
                      0.053750    0.000000    0.260944 ^ _1027_/B2 (sky130_fd_sc_hd__a32o_2)
     1    0.002087    0.022554    0.066872    0.327816 ^ _1027_/X (sky130_fd_sc_hd__a32o_2)
                                                         _0053_ (net)
                      0.022554    0.000000    0.327816 ^ _1528_/D (sky130_fd_sc_hd__dfrtp_2)
                                              0.327816   data arrival time

                      0.150000    0.000000    0.000000   clock clk_10mhz (rise edge)
                                  0.000000    0.000000   clock network delay (ideal)
                                  0.250000    0.250000   clock uncertainty
                                  0.000000    0.250000   clock reconvergence pessimism
                                              0.250000 ^ _1528_/CLK (sky130_fd_sc_hd__dfrtp_2)
                                 -0.015997    0.234003   library hold time
                                              0.234003   data required time
---------------------------------------------------------------------------------------------
                                              0.234003   data required time
                                             -0.327816   data arrival time
---------------------------------------------------------------------------------------------
                                              0.093813   slack (MET)


Startpoint: _1511_ (rising edge-triggered flip-flop clocked by clk_10mhz)
Endpoint: _1511_ (rising edge-triggered flip-flop clocked by clk_10mhz)
Path Group: clk_10mhz
Path Type: min

Fanout         Cap        Slew       Delay        Time   Description
---------------------------------------------------------------------------------------------
                      0.150000    0.000000    0.000000   clock clk_10mhz (rise edge)
                                  0.000000    0.000000   clock network delay (ideal)
                      0.150000    0.000000    0.000000 ^ _1511_/CLK (sky130_fd_sc_hd__dfrtp_2)
     6    0.011744    0.055657    0.262678    0.262678 ^ _1511_/Q (sky130_fd_sc_hd__dfrtp_2)
                                                         u_srf_ctrl.timer[15] (net)
                      0.055657    0.000000    0.262678 ^ _0910_/B2 (sky130_fd_sc_hd__a32o_2)
     1    0.002087    0.022599    0.067129    0.329807 ^ _0910_/X (sky130_fd_sc_hd__a32o_2)
                                                         _0037_ (net)
                      0.022599    0.000000    0.329807 ^ _1511_/D (sky130_fd_sc_hd__dfrtp_2)
                                              0.329807   data arrival time

                      0.150000    0.000000    0.000000   clock clk_10mhz (rise edge)
                                  0.000000    0.000000   clock network delay (ideal)
                                  0.250000    0.250000   clock uncertainty
                                  0.000000    0.250000   clock reconvergence pessimism
                                              0.250000 ^ _1511_/CLK (sky130_fd_sc_hd__dfrtp_2)
                                 -0.016000    0.234000   library hold time
                                              0.234000   data required time
---------------------------------------------------------------------------------------------
                                              0.234000   data required time
                                             -0.329807   data arrival time
---------------------------------------------------------------------------------------------
                                              0.095807   slack (MET)


Startpoint: _1744_ (rising edge-triggered flip-flop clocked by clk_10mhz)
Endpoint: _1744_ (rising edge-triggered flip-flop clocked by clk_10mhz)
Path Group: clk_10mhz
Path Type: min

Fanout         Cap        Slew       Delay        Time   Description
---------------------------------------------------------------------------------------------
                      0.150000    0.000000    0.000000   clock clk_10mhz (rise edge)
                                  0.000000    0.000000   clock network delay (ideal)
                      0.150000    0.000000    0.000000 ^ _1744_/CLK (sky130_fd_sc_hd__dfrtp_2)
     3    0.008782    0.046195    0.254075    0.254075 ^ _1744_/Q (sky130_fd_sc_hd__dfrtp_2)
                                                         u_uart.clk_count[4] (net)
                      0.046195    0.000000    0.254075 ^ _1409_/B1 (sky130_fd_sc_hd__a21oi_2)
     1    0.003999    0.017086    0.019591    0.273666 v _1409_/Y (sky130_fd_sc_hd__a21oi_2)
                                                         _0414_ (net)
                      0.017086    0.000000    0.273666 v _1410_/C (sky130_fd_sc_hd__nor3_2)
     1    0.002087    0.072032    0.052968    0.326634 ^ _1410_/Y (sky130_fd_sc_hd__nor3_2)
                                                         _0247_ (net)
                      0.072032    0.000000    0.326634 ^ _1744_/D (sky130_fd_sc_hd__dfrtp_2)
                                              0.326634   data arrival time

                      0.150000    0.000000    0.000000   clock clk_10mhz (rise edge)
                                  0.000000    0.000000   clock network delay (ideal)
                                  0.250000    0.250000   clock uncertainty
                                  0.000000    0.250000   clock reconvergence pessimism
                                              0.250000 ^ _1744_/CLK (sky130_fd_sc_hd__dfrtp_2)
                                 -0.019562    0.230438   library hold time
                                              0.230438   data required time
---------------------------------------------------------------------------------------------
                                              0.230438   data required time
                                             -0.326634   data arrival time
---------------------------------------------------------------------------------------------
                                              0.096196   slack (MET)


Startpoint: _1774_ (rising edge-triggered flip-flop clocked by clk_10mhz)
Endpoint: _1774_ (rising edge-triggered flip-flop clocked by clk_10mhz)
Path Group: clk_10mhz
Path Type: min

Fanout         Cap        Slew       Delay        Time   Description
---------------------------------------------------------------------------------------------
                      0.150000    0.000000    0.000000   clock clk_10mhz (rise edge)
                                  0.000000    0.000000   clock network delay (ideal)
                      0.150000    0.000000    0.000000 ^ _1774_/CLK (sky130_fd_sc_hd__dfrtp_2)
     4    0.014403    0.064152    0.270401    0.270401 ^ _1774_/Q (sky130_fd_sc_hd__dfrtp_2)
                                                         u_uart.bit_index[2] (net)
                      0.064152    0.000000    0.270401 ^ _1488_/B1 (sky130_fd_sc_hd__a21oi_2)
     1    0.004145    0.020576    0.020341    0.290741 v _1488_/Y (sky130_fd_sc_hd__a21oi_2)
                                                         _0464_ (net)
                      0.020576    0.000000    0.290741 v _1489_/B (sky130_fd_sc_hd__nor2_2)
     1    0.002087    0.038645    0.038826    0.329567 ^ _1489_/Y (sky130_fd_sc_hd__nor2_2)
                                                         _0276_ (net)
                      0.038645    0.000000    0.329567 ^ _1774_/D (sky130_fd_sc_hd__dfrtp_2)
                                              0.329567   data arrival time

                      0.150000    0.000000    0.000000   clock clk_10mhz (rise edge)
                                  0.000000    0.000000   clock network delay (ideal)
                                  0.250000    0.250000   clock uncertainty
                                  0.000000    0.250000   clock reconvergence pessimism
                                              0.250000 ^ _1774_/CLK (sky130_fd_sc_hd__dfrtp_2)
                                 -0.017156    0.232844   library hold time
                                              0.232844   data required time
---------------------------------------------------------------------------------------------
                                              0.232844   data required time
                                             -0.329567   data arrival time
---------------------------------------------------------------------------------------------
                                              0.096724   slack (MET)


Startpoint: _1742_ (rising edge-triggered flip-flop clocked by clk_10mhz)
Endpoint: _1742_ (rising edge-triggered flip-flop clocked by clk_10mhz)
Path Group: clk_10mhz
Path Type: min

Fanout         Cap        Slew       Delay        Time   Description
---------------------------------------------------------------------------------------------
                      0.150000    0.000000    0.000000   clock clk_10mhz (rise edge)
                                  0.000000    0.000000   clock network delay (ideal)
                      0.150000    0.000000    0.000000 ^ _1742_/CLK (sky130_fd_sc_hd__dfrtp_2)
     3    0.009119    0.047271    0.255054    0.255054 ^ _1742_/Q (sky130_fd_sc_hd__dfrtp_2)
                                                         u_uart.clk_count[2] (net)
                      0.047271    0.000000    0.255054 ^ _1404_/A1 (sky130_fd_sc_hd__o21ai_2)
     1    0.004145    0.022043    0.036238    0.291292 v _1404_/Y (sky130_fd_sc_hd__o21ai_2)
                                                         _0411_ (net)
                      0.022043    0.000000    0.291292 v _1405_/B (sky130_fd_sc_hd__nor2_2)
     1    0.002087    0.038610    0.039227    0.330519 ^ _1405_/Y (sky130_fd_sc_hd__nor2_2)
                                                         _0245_ (net)
                      0.038610    0.000000    0.330519 ^ _1742_/D (sky130_fd_sc_hd__dfrtp_2)
                                              0.330519   data arrival time

                      0.150000    0.000000    0.000000   clock clk_10mhz (rise edge)
                                  0.000000    0.000000   clock network delay (ideal)
                                  0.250000    0.250000   clock uncertainty
                                  0.000000    0.250000   clock reconvergence pessimism
                                              0.250000 ^ _1742_/CLK (sky130_fd_sc_hd__dfrtp_2)
                                 -0.017154    0.232846   library hold time
                                              0.232846   data required time
---------------------------------------------------------------------------------------------
                                              0.232846   data required time
                                             -0.330519   data arrival time
---------------------------------------------------------------------------------------------
                                              0.097672   slack (MET)


Startpoint: _1746_ (rising edge-triggered flip-flop clocked by clk_10mhz)
Endpoint: _1746_ (rising edge-triggered flip-flop clocked by clk_10mhz)
Path Group: clk_10mhz
Path Type: min

Fanout         Cap        Slew       Delay        Time   Description
---------------------------------------------------------------------------------------------
                      0.150000    0.000000    0.000000   clock clk_10mhz (rise edge)
                                  0.000000    0.000000   clock network delay (ideal)
                      0.150000    0.000000    0.000000 ^ _1746_/CLK (sky130_fd_sc_hd__dfrtp_2)
     2    0.008567    0.039696    0.279662    0.279662 v _1746_/Q (sky130_fd_sc_hd__dfrtp_2)
                                                         u_uart.clk_count[6] (net)
                      0.039696    0.000000    0.279662 v _0752_/A (sky130_fd_sc_hd__inv_2)
     1    0.004628    0.024191    0.035626    0.315289 ^ _0752_/Y (sky130_fd_sc_hd__inv_2)
                                                         _0471_ (net)
                      0.024191    0.000000    0.315289 ^ _1414_/A1 (sky130_fd_sc_hd__a21oi_2)
     1    0.002059    0.016810    0.020960    0.336248 v _1414_/Y (sky130_fd_sc_hd__a21oi_2)
                                                         _0249_ (net)
                      0.016810    0.000000    0.336248 v _1746_/D (sky130_fd_sc_hd__dfrtp_2)
                                              0.336248   data arrival time

                      0.150000    0.000000    0.000000   clock clk_10mhz (rise edge)
                                  0.000000    0.000000   clock network delay (ideal)
                                  0.250000    0.250000   clock uncertainty
                                  0.000000    0.250000   clock reconvergence pessimism
                                              0.250000 ^ _1746_/CLK (sky130_fd_sc_hd__dfrtp_2)
                                 -0.012917    0.237083   library hold time
                                              0.237083   data required time
---------------------------------------------------------------------------------------------
                                              0.237083   data required time
                                             -0.336248   data arrival time
---------------------------------------------------------------------------------------------
                                              0.099166   slack (MET)


Startpoint: _1524_ (rising edge-triggered flip-flop clocked by clk_10mhz)
Endpoint: _1524_ (rising edge-triggered flip-flop clocked by clk_10mhz)
Path Group: clk_10mhz
Path Type: min

Fanout         Cap        Slew       Delay        Time   Description
---------------------------------------------------------------------------------------------
                      0.150000    0.000000    0.000000   clock clk_10mhz (rise edge)
                                  0.000000    0.000000   clock network delay (ideal)
                      0.150000    0.000000    0.000000 ^ _1524_/CLK (sky130_fd_sc_hd__dfrtp_2)
     5    0.013093    0.059967    0.266596    0.266596 ^ _1524_/Q (sky130_fd_sc_hd__dfrtp_2)
                                                         u_packet_assembler.timer[4] (net)
                      0.059967    0.000000    0.266596 ^ _1014_/B2 (sky130_fd_sc_hd__a32o_2)
     1    0.002087    0.022703    0.067710    0.334306 ^ _1014_/X (sky130_fd_sc_hd__a32o_2)
                                                         _0049_ (net)
                      0.022703    0.000000    0.334306 ^ _1524_/D (sky130_fd_sc_hd__dfrtp_2)
                                              0.334306   data arrival time

                      0.150000    0.000000    0.000000   clock clk_10mhz (rise edge)
                                  0.000000    0.000000   clock network delay (ideal)
                                  0.250000    0.250000   clock uncertainty
                                  0.000000    0.250000   clock reconvergence pessimism
                                              0.250000 ^ _1524_/CLK (sky130_fd_sc_hd__dfrtp_2)
                                 -0.016007    0.233993   library hold time
                                              0.233993   data required time
---------------------------------------------------------------------------------------------
                                              0.233993   data required time
                                             -0.334306   data arrival time
---------------------------------------------------------------------------------------------
                                              0.100313   slack (MET)


Startpoint: _1534_ (rising edge-triggered flip-flop clocked by clk_10mhz)
Endpoint: _1534_ (rising edge-triggered flip-flop clocked by clk_10mhz)
Path Group: clk_10mhz
Path Type: min

Fanout         Cap        Slew       Delay        Time   Description
---------------------------------------------------------------------------------------------
                      0.150000    0.000000    0.000000   clock clk_10mhz (rise edge)
                                  0.000000    0.000000   clock network delay (ideal)
                      0.150000    0.000000    0.000000 ^ _1534_/CLK (sky130_fd_sc_hd__dfrtp_2)
     4    0.012546    0.058220    0.265007    0.265007 ^ _1534_/Q (sky130_fd_sc_hd__dfrtp_2)
                                                         u_packet_assembler.timer[14] (net)
                      0.058220    0.000000    0.265007 ^ _1048_/A1 (sky130_fd_sc_hd__a21oi_2)
     1    0.004145    0.015786    0.031133    0.296140 v _1048_/Y (sky130_fd_sc_hd__a21oi_2)
                                                         _0706_ (net)
                      0.015786    0.000000    0.296140 v _1049_/B (sky130_fd_sc_hd__nor2_2)
     1    0.002087    0.038759    0.037517    0.333657 ^ _1049_/Y (sky130_fd_sc_hd__nor2_2)
                                                         _0059_ (net)
                      0.038759    0.000000    0.333657 ^ _1534_/D (sky130_fd_sc_hd__dfrtp_2)
                                              0.333657   data arrival time

                      0.150000    0.000000    0.000000   clock clk_10mhz (rise edge)
                                  0.000000    0.000000   clock network delay (ideal)
                                  0.250000    0.250000   clock uncertainty
                                  0.000000    0.250000   clock reconvergence pessimism
                                              0.250000 ^ _1534_/CLK (sky130_fd_sc_hd__dfrtp_2)
                                 -0.017164    0.232836   library hold time
                                              0.232836   data required time
---------------------------------------------------------------------------------------------
                                              0.232836   data required time
                                             -0.333657   data arrival time
---------------------------------------------------------------------------------------------
                                              0.100822   slack (MET)


Startpoint: _1757_ (rising edge-triggered flip-flop clocked by clk_10mhz)
Endpoint: _1757_ (rising edge-triggered flip-flop clocked by clk_10mhz)
Path Group: clk_10mhz
Path Type: min

Fanout         Cap        Slew       Delay        Time   Description
---------------------------------------------------------------------------------------------
                      0.150000    0.000000    0.000000   clock clk_10mhz (rise edge)
                                  0.000000    0.000000   clock network delay (ideal)
                      0.150000    0.000000    0.000000 ^ _1757_/CLK (sky130_fd_sc_hd__dfrtp_2)
     6    0.013485    0.061219    0.267735    0.267735 ^ _1757_/Q (sky130_fd_sc_hd__dfrtp_2)
                                                         u_srf_ctrl.echo_counter[2] (net)
                      0.061219    0.000000    0.267735 ^ _1440_/B2 (sky130_fd_sc_hd__a32o_2)
     1    0.002087    0.022733    0.067878    0.335613 ^ _1440_/X (sky130_fd_sc_hd__a32o_2)
                                                         _0260_ (net)
                      0.022733    0.000000    0.335613 ^ _1757_/D (sky130_fd_sc_hd__dfrtp_2)
                                              0.335613   data arrival time

                      0.150000    0.000000    0.000000   clock clk_10mhz (rise edge)
                                  0.000000    0.000000   clock network delay (ideal)
                                  0.250000    0.250000   clock uncertainty
                                  0.000000    0.250000   clock reconvergence pessimism
                                              0.250000 ^ _1757_/CLK (sky130_fd_sc_hd__dfrtp_2)
                                 -0.016010    0.233990   library hold time
                                              0.233990   data required time
---------------------------------------------------------------------------------------------
                                              0.233990   data required time
                                             -0.335613   data arrival time
---------------------------------------------------------------------------------------------
                                              0.101623   slack (MET)


Startpoint: _1505_ (rising edge-triggered flip-flop clocked by clk_10mhz)
Endpoint: _1505_ (rising edge-triggered flip-flop clocked by clk_10mhz)
Path Group: clk_10mhz
Path Type: min

Fanout         Cap        Slew       Delay        Time   Description
---------------------------------------------------------------------------------------------
                      0.150000    0.000000    0.000000   clock clk_10mhz (rise edge)
                                  0.000000    0.000000   clock network delay (ideal)
                      0.150000    0.000000    0.000000 ^ _1505_/CLK (sky130_fd_sc_hd__dfrtp_2)
     6    0.013862    0.062424    0.268829    0.268829 ^ _1505_/Q (sky130_fd_sc_hd__dfrtp_2)
                                                         u_srf_ctrl.timer[9] (net)
                      0.062424    0.000000    0.268829 ^ _0890_/B2 (sky130_fd_sc_hd__a32o_2)
     1    0.002087    0.022762    0.068041    0.336870 ^ _0890_/X (sky130_fd_sc_hd__a32o_2)
                                                         _0031_ (net)
                      0.022762    0.000000    0.336870 ^ _1505_/D (sky130_fd_sc_hd__dfrtp_2)
                                              0.336870   data arrival time

                      0.150000    0.000000    0.000000   clock clk_10mhz (rise edge)
                                  0.000000    0.000000   clock network delay (ideal)
                                  0.250000    0.250000   clock uncertainty
                                  0.000000    0.250000   clock reconvergence pessimism
                                              0.250000 ^ _1505_/CLK (sky130_fd_sc_hd__dfrtp_2)
                                 -0.016012    0.233988   library hold time
                                              0.233988   data required time
---------------------------------------------------------------------------------------------
                                              0.233988   data required time
                                             -0.336870   data arrival time
---------------------------------------------------------------------------------------------
                                              0.102882   slack (MET)


Startpoint: _1522_ (rising edge-triggered flip-flop clocked by clk_10mhz)
Endpoint: _1522_ (rising edge-triggered flip-flop clocked by clk_10mhz)
Path Group: clk_10mhz
Path Type: min

Fanout         Cap        Slew       Delay        Time   Description
---------------------------------------------------------------------------------------------
                      0.150000    0.000000    0.000000   clock clk_10mhz (rise edge)
                                  0.000000    0.000000   clock network delay (ideal)
                      0.150000    0.000000    0.000000 ^ _1522_/CLK (sky130_fd_sc_hd__dfrtp_2)
     5    0.013870    0.062449    0.268853    0.268853 ^ _1522_/Q (sky130_fd_sc_hd__dfrtp_2)
                                                         u_packet_assembler.timer[2] (net)
                      0.062449    0.000000    0.268853 ^ _1007_/B2 (sky130_fd_sc_hd__a32o_2)
     1    0.002087    0.022762    0.068044    0.336897 ^ _1007_/X (sky130_fd_sc_hd__a32o_2)
                                                         _0047_ (net)
                      0.022762    0.000000    0.336897 ^ _1522_/D (sky130_fd_sc_hd__dfrtp_2)
                                              0.336897   data arrival time

                      0.150000    0.000000    0.000000   clock clk_10mhz (rise edge)
                                  0.000000    0.000000   clock network delay (ideal)
                                  0.250000    0.250000   clock uncertainty
                                  0.000000    0.250000   clock reconvergence pessimism
                                              0.250000 ^ _1522_/CLK (sky130_fd_sc_hd__dfrtp_2)
                                 -0.016012    0.233988   library hold time
                                              0.233988   data required time
---------------------------------------------------------------------------------------------
                                              0.233988   data required time
                                             -0.336897   data arrival time
---------------------------------------------------------------------------------------------
                                              0.102909   slack (MET)


Startpoint: _1769_ (rising edge-triggered flip-flop clocked by clk_10mhz)
Endpoint: _1769_ (rising edge-triggered flip-flop clocked by clk_10mhz)
Path Group: clk_10mhz
Path Type: min

Fanout         Cap        Slew       Delay        Time   Description
---------------------------------------------------------------------------------------------
                      0.150000    0.000000    0.000000   clock clk_10mhz (rise edge)
                                  0.000000    0.000000   clock network delay (ideal)
                      0.150000    0.000000    0.000000 ^ _1769_/CLK (sky130_fd_sc_hd__dfrtp_2)
     5    0.011844    0.055977    0.262968    0.262968 ^ _1769_/Q (sky130_fd_sc_hd__dfrtp_2)
                                                         u_srf_ctrl.echo_counter[14] (net)
                      0.055977    0.000000    0.262968 ^ _1479_/A1 (sky130_fd_sc_hd__o21a_2)
     1    0.002087    0.017916    0.075886    0.338854 ^ _1479_/X (sky130_fd_sc_hd__o21a_2)
                                                         _0272_ (net)
                      0.017916    0.000000    0.338854 ^ _1769_/D (sky130_fd_sc_hd__dfrtp_2)
                                              0.338854   data arrival time

                      0.150000    0.000000    0.000000   clock clk_10mhz (rise edge)
                                  0.000000    0.000000   clock network delay (ideal)
                                  0.250000    0.250000   clock uncertainty
                                  0.000000    0.250000   clock reconvergence pessimism
                                              0.250000 ^ _1769_/CLK (sky130_fd_sc_hd__dfrtp_2)
                                 -0.015663    0.234337   library hold time
                                              0.234337   data required time
---------------------------------------------------------------------------------------------
                                              0.234337   data required time
                                             -0.338854   data arrival time
---------------------------------------------------------------------------------------------
                                              0.104517   slack (MET)


Startpoint: _1508_ (rising edge-triggered flip-flop clocked by clk_10mhz)
Endpoint: _1508_ (rising edge-triggered flip-flop clocked by clk_10mhz)
Path Group: clk_10mhz
Path Type: min

Fanout         Cap        Slew       Delay        Time   Description
---------------------------------------------------------------------------------------------
                      0.150000    0.000000    0.000000   clock clk_10mhz (rise edge)
                                  0.000000    0.000000   clock network delay (ideal)
                      0.150000    0.000000    0.000000 ^ _1508_/CLK (sky130_fd_sc_hd__dfrtp_2)
     4    0.009094    0.040651    0.280964    0.280964 v _1508_/Q (sky130_fd_sc_hd__dfrtp_2)
                                                         u_srf_ctrl.timer[12] (net)
                      0.040651    0.000000    0.280964 v _0749_/A (sky130_fd_sc_hd__inv_2)
     2    0.006465    0.029967    0.040483    0.321446 ^ _0749_/Y (sky130_fd_sc_hd__inv_2)
                                                         _0468_ (net)
                      0.029967    0.000000    0.321446 ^ _0899_/A1 (sky130_fd_sc_hd__a21oi_2)
     1    0.002059    0.011319    0.021998    0.343445 v _0899_/Y (sky130_fd_sc_hd__a21oi_2)
                                                         _0034_ (net)
                      0.011319    0.000000    0.343445 v _1508_/D (sky130_fd_sc_hd__dfrtp_2)
                                              0.343445   data arrival time

                      0.150000    0.000000    0.000000   clock clk_10mhz (rise edge)
                                  0.000000    0.000000   clock network delay (ideal)
                                  0.250000    0.250000   clock uncertainty
                                  0.000000    0.250000   clock reconvergence pessimism
                                              0.250000 ^ _1508_/CLK (sky130_fd_sc_hd__dfrtp_2)
                                 -0.011156    0.238844   library hold time
                                              0.238844   data required time
---------------------------------------------------------------------------------------------
                                              0.238844   data required time
                                             -0.343445   data arrival time
---------------------------------------------------------------------------------------------
                                              0.104601   slack (MET)


Startpoint: _1767_ (rising edge-triggered flip-flop clocked by clk_10mhz)
Endpoint: _1767_ (rising edge-triggered flip-flop clocked by clk_10mhz)
Path Group: clk_10mhz
Path Type: min

Fanout         Cap        Slew       Delay        Time   Description
---------------------------------------------------------------------------------------------
                      0.150000    0.000000    0.000000   clock clk_10mhz (rise edge)
                                  0.000000    0.000000   clock network delay (ideal)
                      0.150000    0.000000    0.000000 ^ _1767_/CLK (sky130_fd_sc_hd__dfrtp_2)
     5    0.011967    0.056370    0.263326    0.263326 ^ _1767_/Q (sky130_fd_sc_hd__dfrtp_2)
                                                         u_srf_ctrl.echo_counter[12] (net)
                      0.056370    0.000000    0.263326 ^ _1474_/A1 (sky130_fd_sc_hd__o21a_2)
     1    0.002087    0.017916    0.075956    0.339281 ^ _1474_/X (sky130_fd_sc_hd__o21a_2)
                                                         _0270_ (net)
                      0.017916    0.000000    0.339281 ^ _1767_/D (sky130_fd_sc_hd__dfrtp_2)
                                              0.339281   data arrival time

                      0.150000    0.000000    0.000000   clock clk_10mhz (rise edge)
                                  0.000000    0.000000   clock network delay (ideal)
                                  0.250000    0.250000   clock uncertainty
                                  0.000000    0.250000   clock reconvergence pessimism
                                              0.250000 ^ _1767_/CLK (sky130_fd_sc_hd__dfrtp_2)
                                 -0.015663    0.234337   library hold time
                                              0.234337   data required time
---------------------------------------------------------------------------------------------
                                              0.234337   data required time
                                             -0.339281   data arrival time
---------------------------------------------------------------------------------------------
                                              0.104944   slack (MET)


Startpoint: _1535_ (rising edge-triggered flip-flop clocked by clk_10mhz)
Endpoint: _1535_ (rising edge-triggered flip-flop clocked by clk_10mhz)
Path Group: clk_10mhz
Path Type: min

Fanout         Cap        Slew       Delay        Time   Description
---------------------------------------------------------------------------------------------
                      0.150000    0.000000    0.000000   clock clk_10mhz (rise edge)
                                  0.000000    0.000000   clock network delay (ideal)
                      0.150000    0.000000    0.000000 ^ _1535_/CLK (sky130_fd_sc_hd__dfrtp_2)
     4    0.012080    0.056731    0.263654    0.263654 ^ _1535_/Q (sky130_fd_sc_hd__dfrtp_2)
                                                         u_packet_assembler.timer[15] (net)
                      0.056731    0.000000    0.263654 ^ _1052_/A1 (sky130_fd_sc_hd__o21a_2)
     1    0.002087    0.017508    0.076020    0.339674 ^ _1052_/X (sky130_fd_sc_hd__o21a_2)
                                                         _0060_ (net)
                      0.017508    0.000000    0.339674 ^ _1535_/D (sky130_fd_sc_hd__dfrtp_2)
                                              0.339674   data arrival time

                      0.150000    0.000000    0.000000   clock clk_10mhz (rise edge)
                                  0.000000    0.000000   clock network delay (ideal)
                                  0.250000    0.250000   clock uncertainty
                                  0.000000    0.250000   clock reconvergence pessimism
                                              0.250000 ^ _1535_/CLK (sky130_fd_sc_hd__dfrtp_2)
                                 -0.015633    0.234367   library hold time
                                              0.234367   data required time
---------------------------------------------------------------------------------------------
                                              0.234367   data required time
                                             -0.339674   data arrival time
---------------------------------------------------------------------------------------------
                                              0.105307   slack (MET)


Startpoint: _1515_ (rising edge-triggered flip-flop clocked by clk_10mhz)
Endpoint: _1515_ (rising edge-triggered flip-flop clocked by clk_10mhz)
Path Group: clk_10mhz
Path Type: min

Fanout         Cap        Slew       Delay        Time   Description
---------------------------------------------------------------------------------------------
                      0.150000    0.000000    0.000000   clock clk_10mhz (rise edge)
                                  0.000000    0.000000   clock network delay (ideal)
                      0.150000    0.000000    0.000000 ^ _1515_/CLK (sky130_fd_sc_hd__dfrtp_2)
     6    0.014860    0.065659    0.271611    0.271611 ^ _1515_/Q (sky130_fd_sc_hd__dfrtp_2)
                                                         u_srf_ctrl.timer[19] (net)
                      0.065659    0.000000    0.271611 ^ _0924_/B2 (sky130_fd_sc_hd__a32o_2)
     1    0.002087    0.022840    0.068477    0.340088 ^ _0924_/X (sky130_fd_sc_hd__a32o_2)
                                                         _0041_ (net)
                      0.022840    0.000000    0.340088 ^ _1515_/D (sky130_fd_sc_hd__dfrtp_2)
                                              0.340088   data arrival time

                      0.150000    0.000000    0.000000   clock clk_10mhz (rise edge)
                                  0.000000    0.000000   clock network delay (ideal)
                                  0.250000    0.250000   clock uncertainty
                                  0.000000    0.250000   clock reconvergence pessimism
                                              0.250000 ^ _1515_/CLK (sky130_fd_sc_hd__dfrtp_2)
                                 -0.016017    0.233983   library hold time
                                              0.233983   data required time
---------------------------------------------------------------------------------------------
                                              0.233983   data required time
                                             -0.340088   data arrival time
---------------------------------------------------------------------------------------------
                                              0.106105   slack (MET)


Startpoint: _1776_ (rising edge-triggered flip-flop clocked by clk_10mhz)
Endpoint: _1776_ (rising edge-triggered flip-flop clocked by clk_10mhz)
Path Group: clk_10mhz
Path Type: min

Fanout         Cap        Slew       Delay        Time   Description
---------------------------------------------------------------------------------------------
                      0.150000    0.000000    0.000000   clock clk_10mhz (rise edge)
                                  0.000000    0.000000   clock network delay (ideal)
                      0.150000    0.000000    0.000000 ^ _1776_/CLK (sky130_fd_sc_hd__dfrtp_2)
     5    0.015008    0.066157    0.271977    0.271977 ^ _1776_/Q (sky130_fd_sc_hd__dfrtp_2)
                                                         u_uart.state[1] (net)
                      0.066157    0.000000    0.271977 ^ _1493_/A1 (sky130_fd_sc_hd__a21o_2)
     1    0.002087    0.018698    0.069847    0.341824 ^ _1493_/X (sky130_fd_sc_hd__a21o_2)
                                                         _0278_ (net)
                      0.018698    0.000000    0.341824 ^ _1776_/D (sky130_fd_sc_hd__dfrtp_2)
                                              0.341824   data arrival time

                      0.150000    0.000000    0.000000   clock clk_10mhz (rise edge)
                                  0.000000    0.000000   clock network delay (ideal)
                                  0.250000    0.250000   clock uncertainty
                                  0.000000    0.250000   clock reconvergence pessimism
                                              0.250000 ^ _1776_/CLK (sky130_fd_sc_hd__dfrtp_2)
                                 -0.015719    0.234281   library hold time
                                              0.234281   data required time
---------------------------------------------------------------------------------------------
                                              0.234281   data required time
                                             -0.341824   data arrival time
---------------------------------------------------------------------------------------------
                                              0.107543   slack (MET)


Startpoint: _1768_ (rising edge-triggered flip-flop clocked by clk_10mhz)
Endpoint: _1768_ (rising edge-triggered flip-flop clocked by clk_10mhz)
Path Group: clk_10mhz
Path Type: min

Fanout         Cap        Slew       Delay        Time   Description
---------------------------------------------------------------------------------------------
                      0.150000    0.000000    0.000000   clock clk_10mhz (rise edge)
                                  0.000000    0.000000   clock network delay (ideal)
                      0.150000    0.000000    0.000000 ^ _1768_/CLK (sky130_fd_sc_hd__dfrtp_2)
     4    0.011838    0.055958    0.262951    0.262951 ^ _1768_/Q (sky130_fd_sc_hd__dfrtp_2)
                                                         u_srf_ctrl.echo_counter[13] (net)
                      0.055958    0.000000    0.262951 ^ _1475_/S (sky130_fd_sc_hd__mux2_1)
     1    0.002087    0.025482    0.079533    0.342484 ^ _1475_/X (sky130_fd_sc_hd__mux2_1)
                                                         _0271_ (net)
                      0.025482    0.000000    0.342484 ^ _1768_/D (sky130_fd_sc_hd__dfrtp_2)
                                              0.342484   data arrival time

                      0.150000    0.000000    0.000000   clock clk_10mhz (rise edge)
                                  0.000000    0.000000   clock network delay (ideal)
                                  0.250000    0.250000   clock uncertainty
                                  0.000000    0.250000   clock reconvergence pessimism
                                              0.250000 ^ _1768_/CLK (sky130_fd_sc_hd__dfrtp_2)
                                 -0.016208    0.233792   library hold time
                                              0.233792   data required time
---------------------------------------------------------------------------------------------
                                              0.233792   data required time
                                             -0.342484   data arrival time
---------------------------------------------------------------------------------------------
                                              0.108692   slack (MET)


Startpoint: _1500_ (rising edge-triggered flip-flop clocked by clk_10mhz)
Endpoint: _1500_ (rising edge-triggered flip-flop clocked by clk_10mhz)
Path Group: clk_10mhz
Path Type: min

Fanout         Cap        Slew       Delay        Time   Description
---------------------------------------------------------------------------------------------
                      0.150000    0.000000    0.000000   clock clk_10mhz (rise edge)
                                  0.000000    0.000000   clock network delay (ideal)
                      0.150000    0.000000    0.000000 ^ _1500_/CLK (sky130_fd_sc_hd__dfrtp_2)
     7    0.016994    0.072846    0.276885    0.276885 ^ _1500_/Q (sky130_fd_sc_hd__dfrtp_2)
                                                         u_srf_ctrl.timer[4] (net)
                      0.072846    0.000000    0.276885 ^ _0875_/B2 (sky130_fd_sc_hd__a32o_2)
     1    0.002087    0.023012    0.069445    0.346331 ^ _0875_/X (sky130_fd_sc_hd__a32o_2)
                                                         _0026_ (net)
                      0.023012    0.000000    0.346331 ^ _1500_/D (sky130_fd_sc_hd__dfrtp_2)
                                              0.346331   data arrival time

                      0.150000    0.000000    0.000000   clock clk_10mhz (rise edge)
                                  0.000000    0.000000   clock network delay (ideal)
                                  0.250000    0.250000   clock uncertainty
                                  0.000000    0.250000   clock reconvergence pessimism
                                              0.250000 ^ _1500_/CLK (sky130_fd_sc_hd__dfrtp_2)
                                 -0.016030    0.233970   library hold time
                                              0.233970   data required time
---------------------------------------------------------------------------------------------
                                              0.233970   data required time
                                             -0.346331   data arrival time
---------------------------------------------------------------------------------------------
                                              0.112360   slack (MET)


Startpoint: _1510_ (rising edge-triggered flip-flop clocked by clk_10mhz)
Endpoint: _1510_ (rising edge-triggered flip-flop clocked by clk_10mhz)
Path Group: clk_10mhz
Path Type: min

Fanout         Cap        Slew       Delay        Time   Description
---------------------------------------------------------------------------------------------
                      0.150000    0.000000    0.000000   clock clk_10mhz (rise edge)
                                  0.000000    0.000000   clock network delay (ideal)
                      0.150000    0.000000    0.000000 ^ _1510_/CLK (sky130_fd_sc_hd__dfrtp_2)
     7    0.016996    0.072852    0.276890    0.276890 ^ _1510_/Q (sky130_fd_sc_hd__dfrtp_2)
                                                         u_srf_ctrl.timer[14] (net)
                      0.072852    0.000000    0.276890 ^ _0906_/B2 (sky130_fd_sc_hd__a32o_2)
     1    0.002087    0.023012    0.069446    0.346336 ^ _0906_/X (sky130_fd_sc_hd__a32o_2)
                                                         _0036_ (net)
                      0.023012    0.000000    0.346336 ^ _1510_/D (sky130_fd_sc_hd__dfrtp_2)
                                              0.346336   data arrival time

                      0.150000    0.000000    0.000000   clock clk_10mhz (rise edge)
                                  0.000000    0.000000   clock network delay (ideal)
                                  0.250000    0.250000   clock uncertainty
                                  0.000000    0.250000   clock reconvergence pessimism
                                              0.250000 ^ _1510_/CLK (sky130_fd_sc_hd__dfrtp_2)
                                 -0.016030    0.233970   library hold time
                                              0.233970   data required time
---------------------------------------------------------------------------------------------
                                              0.233970   data required time
                                             -0.346336   data arrival time
---------------------------------------------------------------------------------------------
                                              0.112366   slack (MET)


Startpoint: _1533_ (rising edge-triggered flip-flop clocked by clk_10mhz)
Endpoint: _1533_ (rising edge-triggered flip-flop clocked by clk_10mhz)
Path Group: clk_10mhz
Path Type: min

Fanout         Cap        Slew       Delay        Time   Description
---------------------------------------------------------------------------------------------
                      0.150000    0.000000    0.000000   clock clk_10mhz (rise edge)
                                  0.000000    0.000000   clock network delay (ideal)
                      0.150000    0.000000    0.000000 ^ _1533_/CLK (sky130_fd_sc_hd__dfrtp_2)
     6    0.017105    0.073219    0.277159    0.277159 ^ _1533_/Q (sky130_fd_sc_hd__dfrtp_2)
                                                         u_packet_assembler.timer[13] (net)
                      0.073219    0.000000    0.277159 ^ _1044_/B2 (sky130_fd_sc_hd__a32o_2)
     1    0.002087    0.023021    0.069496    0.346655 ^ _1044_/X (sky130_fd_sc_hd__a32o_2)
                                                         _0058_ (net)
                      0.023021    0.000000    0.346655 ^ _1533_/D (sky130_fd_sc_hd__dfrtp_2)
                                              0.346655   data arrival time

                      0.150000    0.000000    0.000000   clock clk_10mhz (rise edge)
                                  0.000000    0.000000   clock network delay (ideal)
                                  0.250000    0.250000   clock uncertainty
                                  0.000000    0.250000   clock reconvergence pessimism
                                              0.250000 ^ _1533_/CLK (sky130_fd_sc_hd__dfrtp_2)
                                 -0.016030    0.233970   library hold time
                                              0.233970   data required time
---------------------------------------------------------------------------------------------
                                              0.233970   data required time
                                             -0.346655   data arrival time
---------------------------------------------------------------------------------------------
                                              0.112686   slack (MET)


Startpoint: _1530_ (rising edge-triggered flip-flop clocked by clk_10mhz)
Endpoint: _1530_ (rising edge-triggered flip-flop clocked by clk_10mhz)
Path Group: clk_10mhz
Path Type: min

Fanout         Cap        Slew       Delay        Time   Description
---------------------------------------------------------------------------------------------
                      0.150000    0.000000    0.000000   clock clk_10mhz (rise edge)
                                  0.000000    0.000000   clock network delay (ideal)
                      0.150000    0.000000    0.000000 ^ _1530_/CLK (sky130_fd_sc_hd__dfrtp_2)
     7    0.017167    0.073428    0.277313    0.277313 ^ _1530_/Q (sky130_fd_sc_hd__dfrtp_2)
                                                         u_packet_assembler.timer[10] (net)
                      0.073428    0.000000    0.277313 ^ _1033_/B2 (sky130_fd_sc_hd__a32o_2)
     1    0.002087    0.023026    0.069524    0.346837 ^ _1033_/X (sky130_fd_sc_hd__a32o_2)
                                                         _0055_ (net)
                      0.023026    0.000000    0.346837 ^ _1530_/D (sky130_fd_sc_hd__dfrtp_2)
                                              0.346837   data arrival time

                      0.150000    0.000000    0.000000   clock clk_10mhz (rise edge)
                                  0.000000    0.000000   clock network delay (ideal)
                                  0.250000    0.250000   clock uncertainty
                                  0.000000    0.250000   clock reconvergence pessimism
                                              0.250000 ^ _1530_/CLK (sky130_fd_sc_hd__dfrtp_2)
                                 -0.016031    0.233969   library hold time
                                              0.233969   data required time
---------------------------------------------------------------------------------------------
                                              0.233969   data required time
                                             -0.346837   data arrival time
---------------------------------------------------------------------------------------------
                                              0.112867   slack (MET)


Startpoint: _1527_ (rising edge-triggered flip-flop clocked by clk_10mhz)
Endpoint: _1527_ (rising edge-triggered flip-flop clocked by clk_10mhz)
Path Group: clk_10mhz
Path Type: min

Fanout         Cap        Slew       Delay        Time   Description
---------------------------------------------------------------------------------------------
                      0.150000    0.000000    0.000000   clock clk_10mhz (rise edge)
                                  0.000000    0.000000   clock network delay (ideal)
                      0.150000    0.000000    0.000000 ^ _1527_/CLK (sky130_fd_sc_hd__dfrtp_2)
     7    0.017188    0.073499    0.277365    0.277365 ^ _1527_/Q (sky130_fd_sc_hd__dfrtp_2)
                                                         u_packet_assembler.timer[7] (net)
                      0.073499    0.000000    0.277365 ^ _1023_/B2 (sky130_fd_sc_hd__a32o_2)
     1    0.002087    0.023028    0.069533    0.346898 ^ _1023_/X (sky130_fd_sc_hd__a32o_2)
                                                         _0052_ (net)
                      0.023028    0.000000    0.346898 ^ _1527_/D (sky130_fd_sc_hd__dfrtp_2)
                                              0.346898   data arrival time

                      0.150000    0.000000    0.000000   clock clk_10mhz (rise edge)
                                  0.000000    0.000000   clock network delay (ideal)
                                  0.250000    0.250000   clock uncertainty
                                  0.000000    0.250000   clock reconvergence pessimism
                                              0.250000 ^ _1527_/CLK (sky130_fd_sc_hd__dfrtp_2)
                                 -0.016031    0.233969   library hold time
                                              0.233969   data required time
---------------------------------------------------------------------------------------------
                                              0.233969   data required time
                                             -0.346898   data arrival time
---------------------------------------------------------------------------------------------
                                              0.112929   slack (MET)


Startpoint: _1503_ (rising edge-triggered flip-flop clocked by clk_10mhz)
Endpoint: _1503_ (rising edge-triggered flip-flop clocked by clk_10mhz)
Path Group: clk_10mhz
Path Type: min

Fanout         Cap        Slew       Delay        Time   Description
---------------------------------------------------------------------------------------------
                      0.150000    0.000000    0.000000   clock clk_10mhz (rise edge)
                                  0.000000    0.000000   clock network delay (ideal)
                      0.150000    0.000000    0.000000 ^ _1503_/CLK (sky130_fd_sc_hd__dfrtp_2)
     7    0.017302    0.073883    0.277646    0.277646 ^ _1503_/Q (sky130_fd_sc_hd__dfrtp_2)
                                                         u_srf_ctrl.timer[7] (net)
                      0.073883    0.000000    0.277646 ^ _0884_/B2 (sky130_fd_sc_hd__a32o_2)
     1    0.002087    0.023037    0.069585    0.347232 ^ _0884_/X (sky130_fd_sc_hd__a32o_2)
                                                         _0029_ (net)
                      0.023037    0.000000    0.347232 ^ _1503_/D (sky130_fd_sc_hd__dfrtp_2)
                                              0.347232   data arrival time

                      0.150000    0.000000    0.000000   clock clk_10mhz (rise edge)
                                  0.000000    0.000000   clock network delay (ideal)
                                  0.250000    0.250000   clock uncertainty
                                  0.000000    0.250000   clock reconvergence pessimism
                                              0.250000 ^ _1503_/CLK (sky130_fd_sc_hd__dfrtp_2)
                                 -0.016032    0.233968   library hold time
                                              0.233968   data required time
---------------------------------------------------------------------------------------------
                                              0.233968   data required time
                                             -0.347232   data arrival time
---------------------------------------------------------------------------------------------
                                              0.113263   slack (MET)


Startpoint: _1507_ (rising edge-triggered flip-flop clocked by clk_10mhz)
Endpoint: _1507_ (rising edge-triggered flip-flop clocked by clk_10mhz)
Path Group: clk_10mhz
Path Type: min

Fanout         Cap        Slew       Delay        Time   Description
---------------------------------------------------------------------------------------------
                      0.150000    0.000000    0.000000   clock clk_10mhz (rise edge)
                                  0.000000    0.000000   clock network delay (ideal)
                      0.150000    0.000000    0.000000 ^ _1507_/CLK (sky130_fd_sc_hd__dfrtp_2)
     7    0.017306    0.073896    0.277656    0.277656 ^ _1507_/Q (sky130_fd_sc_hd__dfrtp_2)
                                                         u_srf_ctrl.timer[11] (net)
                      0.073896    0.000000    0.277656 ^ _0895_/B2 (sky130_fd_sc_hd__a32o_2)
     1    0.002087    0.023037    0.069587    0.347243 ^ _0895_/X (sky130_fd_sc_hd__a32o_2)
                                                         _0033_ (net)
                      0.023037    0.000000    0.347243 ^ _1507_/D (sky130_fd_sc_hd__dfrtp_2)
                                              0.347243   data arrival time

                      0.150000    0.000000    0.000000   clock clk_10mhz (rise edge)
                                  0.000000    0.000000   clock network delay (ideal)
                                  0.250000    0.250000   clock uncertainty
                                  0.000000    0.250000   clock reconvergence pessimism
                                              0.250000 ^ _1507_/CLK (sky130_fd_sc_hd__dfrtp_2)
                                 -0.016032    0.233968   library hold time
                                              0.233968   data required time
---------------------------------------------------------------------------------------------
                                              0.233968   data required time
                                             -0.347243   data arrival time
---------------------------------------------------------------------------------------------
                                              0.113275   slack (MET)


Startpoint: _1512_ (rising edge-triggered flip-flop clocked by clk_10mhz)
Endpoint: _1512_ (rising edge-triggered flip-flop clocked by clk_10mhz)
Path Group: clk_10mhz
Path Type: min

Fanout         Cap        Slew       Delay        Time   Description
---------------------------------------------------------------------------------------------
                      0.150000    0.000000    0.000000   clock clk_10mhz (rise edge)
                                  0.000000    0.000000   clock network delay (ideal)
                      0.150000    0.000000    0.000000 ^ _1512_/CLK (sky130_fd_sc_hd__dfrtp_2)
     6    0.014534    0.064571    0.270781    0.270781 ^ _1512_/Q (sky130_fd_sc_hd__dfrtp_2)
                                                         u_srf_ctrl.timer[16] (net)
                      0.064571    0.000000    0.270781 ^ _0913_/A1 (sky130_fd_sc_hd__a22o_2)
     1    0.002087    0.019579    0.077700    0.348481 ^ _0913_/X (sky130_fd_sc_hd__a22o_2)
                                                         _0038_ (net)
                      0.019579    0.000000    0.348481 ^ _1512_/D (sky130_fd_sc_hd__dfrtp_2)
                                              0.348481   data arrival time

                      0.150000    0.000000    0.000000   clock clk_10mhz (rise edge)
                                  0.000000    0.000000   clock network delay (ideal)
                                  0.250000    0.250000   clock uncertainty
                                  0.000000    0.250000   clock reconvergence pessimism
                                              0.250000 ^ _1512_/CLK (sky130_fd_sc_hd__dfrtp_2)
                                 -0.015782    0.234218   library hold time
                                              0.234218   data required time
---------------------------------------------------------------------------------------------
                                              0.234218   data required time
                                             -0.348481   data arrival time
---------------------------------------------------------------------------------------------
                                              0.114263   slack (MET)


Startpoint: _1593_ (rising edge-triggered flip-flop clocked by clk_10mhz)
Endpoint: _1593_ (rising edge-triggered flip-flop clocked by clk_10mhz)
Path Group: clk_10mhz
Path Type: min

Fanout         Cap        Slew       Delay        Time   Description
---------------------------------------------------------------------------------------------
                      0.150000    0.000000    0.000000   clock clk_10mhz (rise edge)
                                  0.000000    0.000000   clock network delay (ideal)
                      0.150000    0.000000    0.000000 ^ _1593_/CLK (sky130_fd_sc_hd__dfrtp_2)
     5    0.015222    0.066878    0.272506    0.272506 ^ _1593_/Q (sky130_fd_sc_hd__dfrtp_2)
                                                         u_packet_assembler.state[2] (net)
                      0.066878    0.000000    0.272506 ^ _1111_/A0 (sky130_fd_sc_hd__mux2_1)
     1    0.002087    0.025733    0.076646    0.349151 ^ _1111_/X (sky130_fd_sc_hd__mux2_1)
                                                         _0096_ (net)
                      0.025733    0.000000    0.349151 ^ _1593_/D (sky130_fd_sc_hd__dfrtp_2)
                                              0.349151   data arrival time

                      0.150000    0.000000    0.000000   clock clk_10mhz (rise edge)
                                  0.000000    0.000000   clock network delay (ideal)
                                  0.250000    0.250000   clock uncertainty
                                  0.000000    0.250000   clock reconvergence pessimism
                                              0.250000 ^ _1593_/CLK (sky130_fd_sc_hd__dfrtp_2)
                                 -0.016226    0.233774   library hold time
                                              0.233774   data required time
---------------------------------------------------------------------------------------------
                                              0.233774   data required time
                                             -0.349151   data arrival time
---------------------------------------------------------------------------------------------
                                              0.115377   slack (MET)


Startpoint: _1773_ (rising edge-triggered flip-flop clocked by clk_10mhz)
Endpoint: _1773_ (rising edge-triggered flip-flop clocked by clk_10mhz)
Path Group: clk_10mhz
Path Type: min

Fanout         Cap        Slew       Delay        Time   Description
---------------------------------------------------------------------------------------------
                      0.150000    0.000000    0.000000   clock clk_10mhz (rise edge)
                                  0.000000    0.000000   clock network delay (ideal)
                      0.150000    0.000000    0.000000 ^ _1773_/CLK (sky130_fd_sc_hd__dfrtp_2)
     5    0.013819    0.062286    0.268705    0.268705 ^ _1773_/Q (sky130_fd_sc_hd__dfrtp_2)
                                                         u_uart.bit_index[1] (net)
                      0.062286    0.000000    0.268705 ^ _1487_/A1 (sky130_fd_sc_hd__o21ba_2)
     1    0.002087    0.020676    0.081972    0.350677 ^ _1487_/X (sky130_fd_sc_hd__o21ba_2)
                                                         _0275_ (net)
                      0.020676    0.000000    0.350677 ^ _1773_/D (sky130_fd_sc_hd__dfrtp_2)
                                              0.350677   data arrival time

                      0.150000    0.000000    0.000000   clock clk_10mhz (rise edge)
                                  0.000000    0.000000   clock network delay (ideal)
                                  0.250000    0.250000   clock uncertainty
                                  0.000000    0.250000   clock reconvergence pessimism
                                              0.250000 ^ _1773_/CLK (sky130_fd_sc_hd__dfrtp_2)
                                 -0.015861    0.234139   library hold time
                                              0.234139   data required time
---------------------------------------------------------------------------------------------
                                              0.234139   data required time
                                             -0.350677   data arrival time
---------------------------------------------------------------------------------------------
                                              0.116538   slack (MET)


Startpoint: _1529_ (rising edge-triggered flip-flop clocked by clk_10mhz)
Endpoint: _1529_ (rising edge-triggered flip-flop clocked by clk_10mhz)
Path Group: clk_10mhz
Path Type: min

Fanout         Cap        Slew       Delay        Time   Description
---------------------------------------------------------------------------------------------
                      0.150000    0.000000    0.000000   clock clk_10mhz (rise edge)
                                  0.000000    0.000000   clock network delay (ideal)
                      0.150000    0.000000    0.000000 ^ _1529_/CLK (sky130_fd_sc_hd__dfrtp_2)
     4    0.011006    0.053300    0.260535    0.260535 ^ _1529_/Q (sky130_fd_sc_hd__dfrtp_2)
                                                         u_packet_assembler.timer[9] (net)
                      0.053300    0.000000    0.260535 ^ _1030_/B1 (sky130_fd_sc_hd__a2bb2o_2)
     1    0.002087    0.020000    0.090370    0.350905 ^ _1030_/X (sky130_fd_sc_hd__a2bb2o_2)
                                                         _0054_ (net)
                      0.020000    0.000000    0.350905 ^ _1529_/D (sky130_fd_sc_hd__dfrtp_2)
                                              0.350905   data arrival time

                      0.150000    0.000000    0.000000   clock clk_10mhz (rise edge)
                                  0.000000    0.000000   clock network delay (ideal)
                                  0.250000    0.250000   clock uncertainty
                                  0.000000    0.250000   clock reconvergence pessimism
                                              0.250000 ^ _1529_/CLK (sky130_fd_sc_hd__dfrtp_2)
                                 -0.015813    0.234187   library hold time
                                              0.234187   data required time
---------------------------------------------------------------------------------------------
                                              0.234187   data required time
                                             -0.350905   data arrival time
---------------------------------------------------------------------------------------------
                                              0.116717   slack (MET)


Startpoint: _1770_ (rising edge-triggered flip-flop clocked by clk_10mhz)
Endpoint: _1770_ (rising edge-triggered flip-flop clocked by clk_10mhz)
Path Group: clk_10mhz
Path Type: min

Fanout         Cap        Slew       Delay        Time   Description
---------------------------------------------------------------------------------------------
                      0.150000    0.000000    0.000000   clock clk_10mhz (rise edge)
                                  0.000000    0.000000   clock network delay (ideal)
                      0.150000    0.000000    0.000000 ^ _1770_/CLK (sky130_fd_sc_hd__dfrtp_2)
     3    0.014638    0.064911    0.271062    0.271062 ^ _1770_/Q (sky130_fd_sc_hd__dfrtp_2)
                                                         u_srf_ctrl.echo_counter[15] (net)
                      0.064911    0.000000    0.271062 ^ _1480_/S (sky130_fd_sc_hd__mux2_1)
     1    0.002087    0.025480    0.081314    0.352376 ^ _1480_/X (sky130_fd_sc_hd__mux2_1)
                                                         _0273_ (net)
                      0.025480    0.000000    0.352376 ^ _1770_/D (sky130_fd_sc_hd__dfrtp_2)
                                              0.352376   data arrival time

                      0.150000    0.000000    0.000000   clock clk_10mhz (rise edge)
                                  0.000000    0.000000   clock network delay (ideal)
                                  0.250000    0.250000   clock uncertainty
                                  0.000000    0.250000   clock reconvergence pessimism
                                              0.250000 ^ _1770_/CLK (sky130_fd_sc_hd__dfrtp_2)
                                 -0.016208    0.233792   library hold time
                                              0.233792   data required time
---------------------------------------------------------------------------------------------
                                              0.233792   data required time
                                             -0.352376   data arrival time
---------------------------------------------------------------------------------------------
                                              0.118584   slack (MET)


Startpoint: _1741_ (rising edge-triggered flip-flop clocked by clk_10mhz)
Endpoint: _1741_ (rising edge-triggered flip-flop clocked by clk_10mhz)
Path Group: clk_10mhz
Path Type: min

Fanout         Cap        Slew       Delay        Time   Description
---------------------------------------------------------------------------------------------
                      0.150000    0.000000    0.000000   clock clk_10mhz (rise edge)
                                  0.000000    0.000000   clock network delay (ideal)
                      0.150000    0.000000    0.000000 ^ _1741_/CLK (sky130_fd_sc_hd__dfrtp_2)
     3    0.007917    0.038517    0.278058    0.278058 v _1741_/Q (sky130_fd_sc_hd__dfrtp_2)
                                                         u_uart.clk_count[1] (net)
                      0.038517    0.000000    0.278058 v _1400_/B1 (sky130_fd_sc_hd__a21oi_2)
     1    0.004698    0.047880    0.053057    0.331115 ^ _1400_/Y (sky130_fd_sc_hd__a21oi_2)
                                                         _0408_ (net)
                      0.047880    0.000000    0.331115 ^ _1402_/B (sky130_fd_sc_hd__nor3_2)
     1    0.002059    0.017399    0.024370    0.355485 v _1402_/Y (sky130_fd_sc_hd__nor3_2)
                                                         _0244_ (net)
                      0.017399    0.000000    0.355485 v _1741_/D (sky130_fd_sc_hd__dfrtp_2)
                                              0.355485   data arrival time

                      0.150000    0.000000    0.000000   clock clk_10mhz (rise edge)
                                  0.000000    0.000000   clock network delay (ideal)
                                  0.250000    0.250000   clock uncertainty
                                  0.000000    0.250000   clock reconvergence pessimism
                                              0.250000 ^ _1741_/CLK (sky130_fd_sc_hd__dfrtp_2)
                                 -0.013106    0.236894   library hold time
                                              0.236894   data required time
---------------------------------------------------------------------------------------------
                                              0.236894   data required time
                                             -0.355485   data arrival time
---------------------------------------------------------------------------------------------
                                              0.118592   slack (MET)


Startpoint: _1513_ (rising edge-triggered flip-flop clocked by clk_10mhz)
Endpoint: _1513_ (rising edge-triggered flip-flop clocked by clk_10mhz)
Path Group: clk_10mhz
Path Type: min

Fanout         Cap        Slew       Delay        Time   Description
---------------------------------------------------------------------------------------------
                      0.150000    0.000000    0.000000   clock clk_10mhz (rise edge)
                                  0.000000    0.000000   clock network delay (ideal)
                      0.150000    0.000000    0.000000 ^ _1513_/CLK (sky130_fd_sc_hd__dfrtp_2)
     7    0.019312    0.080652    0.282614    0.282614 ^ _1513_/Q (sky130_fd_sc_hd__dfrtp_2)
                                                         u_srf_ctrl.timer[17] (net)
                      0.080652    0.000000    0.282614 ^ _0916_/B2 (sky130_fd_sc_hd__a32o_2)
     1    0.002087    0.023200    0.070498    0.353111 ^ _0916_/X (sky130_fd_sc_hd__a32o_2)
                                                         _0039_ (net)
                      0.023200    0.000000    0.353111 ^ _1513_/D (sky130_fd_sc_hd__dfrtp_2)
                                              0.353111   data arrival time

                      0.150000    0.000000    0.000000   clock clk_10mhz (rise edge)
                                  0.000000    0.000000   clock network delay (ideal)
                                  0.250000    0.250000   clock uncertainty
                                  0.000000    0.250000   clock reconvergence pessimism
                                              0.250000 ^ _1513_/CLK (sky130_fd_sc_hd__dfrtp_2)
                                 -0.016043    0.233957   library hold time
                                              0.233957   data required time
---------------------------------------------------------------------------------------------
                                              0.233957   data required time
                                             -0.353111   data arrival time
---------------------------------------------------------------------------------------------
                                              0.119155   slack (MET)


Startpoint: _1714_ (rising edge-triggered flip-flop clocked by clk_10mhz)
Endpoint: _1714_ (rising edge-triggered flip-flop clocked by clk_10mhz)
Path Group: clk_10mhz
Path Type: min

Fanout         Cap        Slew       Delay        Time   Description
---------------------------------------------------------------------------------------------
                      0.150000    0.000000    0.000000   clock clk_10mhz (rise edge)
                                  0.000000    0.000000   clock network delay (ideal)
                      0.150000    0.000000    0.000000 ^ _1714_/CLK (sky130_fd_sc_hd__dfrtp_2)
     8    0.031182    0.120628    0.311949    0.311949 ^ _1714_/Q (sky130_fd_sc_hd__dfrtp_2)
                                                         u_fifo.wr_ptr[2] (net)
                      0.120628    0.000000    0.311949 ^ _1259_/A (sky130_fd_sc_hd__xor2_2)
     1    0.002059    0.020108    0.043530    0.355479 v _1259_/X (sky130_fd_sc_hd__xor2_2)
                                                         _0217_ (net)
                      0.020108    0.000000    0.355479 v _1714_/D (sky130_fd_sc_hd__dfrtp_2)
                                              0.355479   data arrival time

                      0.150000    0.000000    0.000000   clock clk_10mhz (rise edge)
                                  0.000000    0.000000   clock network delay (ideal)
                                  0.250000    0.250000   clock uncertainty
                                  0.000000    0.250000   clock reconvergence pessimism
                                              0.250000 ^ _1714_/CLK (sky130_fd_sc_hd__dfrtp_2)
                                 -0.013975    0.236025   library hold time
                                              0.236025   data required time
---------------------------------------------------------------------------------------------
                                              0.236025   data required time
                                             -0.355479   data arrival time
---------------------------------------------------------------------------------------------
                                              0.119454   slack (MET)


Startpoint: _1756_ (rising edge-triggered flip-flop clocked by clk_10mhz)
Endpoint: _1756_ (rising edge-triggered flip-flop clocked by clk_10mhz)
Path Group: clk_10mhz
Path Type: min

Fanout         Cap        Slew       Delay        Time   Description
---------------------------------------------------------------------------------------------
                      0.150000    0.000000    0.000000   clock clk_10mhz (rise edge)
                                  0.000000    0.000000   clock network delay (ideal)
                      0.150000    0.000000    0.000000 ^ _1756_/CLK (sky130_fd_sc_hd__dfrtp_2)
     8    0.019799    0.082292    0.283817    0.283817 ^ _1756_/Q (sky130_fd_sc_hd__dfrtp_2)
                                                         u_srf_ctrl.echo_counter[1] (net)
                      0.082292    0.000000    0.283817 ^ _1436_/B2 (sky130_fd_sc_hd__a32o_2)
     1    0.002087    0.023239    0.070719    0.354536 ^ _1436_/X (sky130_fd_sc_hd__a32o_2)
                                                         _0259_ (net)
                      0.023239    0.000000    0.354536 ^ _1756_/D (sky130_fd_sc_hd__dfrtp_2)
                                              0.354536   data arrival time

                      0.150000    0.000000    0.000000   clock clk_10mhz (rise edge)
                                  0.000000    0.000000   clock network delay (ideal)
                                  0.250000    0.250000   clock uncertainty
                                  0.000000    0.250000   clock reconvergence pessimism
                                              0.250000 ^ _1756_/CLK (sky130_fd_sc_hd__dfrtp_2)
                                 -0.016046    0.233954   library hold time
                                              0.233954   data required time
---------------------------------------------------------------------------------------------
                                              0.233954   data required time
                                             -0.354536   data arrival time
---------------------------------------------------------------------------------------------
                                              0.120582   slack (MET)


Startpoint: _1521_ (rising edge-triggered flip-flop clocked by clk_10mhz)
Endpoint: _1521_ (rising edge-triggered flip-flop clocked by clk_10mhz)
Path Group: clk_10mhz
Path Type: min

Fanout         Cap        Slew       Delay        Time   Description
---------------------------------------------------------------------------------------------
                      0.150000    0.000000    0.000000   clock clk_10mhz (rise edge)
                                  0.000000    0.000000   clock network delay (ideal)
                      0.150000    0.000000    0.000000 ^ _1521_/CLK (sky130_fd_sc_hd__dfrtp_2)
     7    0.020100    0.083306    0.284561    0.284561 ^ _1521_/Q (sky130_fd_sc_hd__dfrtp_2)
                                                         u_packet_assembler.timer[1] (net)
                      0.083306    0.000000    0.284561 ^ _1004_/B2 (sky130_fd_sc_hd__a32o_2)
     1    0.002087    0.023263    0.070855    0.355417 ^ _1004_/X (sky130_fd_sc_hd__a32o_2)
                                                         _0046_ (net)
                      0.023263    0.000000    0.355417 ^ _1521_/D (sky130_fd_sc_hd__dfrtp_2)
                                              0.355417   data arrival time

                      0.150000    0.000000    0.000000   clock clk_10mhz (rise edge)
                                  0.000000    0.000000   clock network delay (ideal)
                                  0.250000    0.250000   clock uncertainty
                                  0.000000    0.250000   clock reconvergence pessimism
                                              0.250000 ^ _1521_/CLK (sky130_fd_sc_hd__dfrtp_2)
                                 -0.016048    0.233952   library hold time
                                              0.233952   data required time
---------------------------------------------------------------------------------------------
                                              0.233952   data required time
                                             -0.355417   data arrival time
---------------------------------------------------------------------------------------------
                                              0.121464   slack (MET)


Startpoint: _1774_ (rising edge-triggered flip-flop clocked by clk_10mhz)
Endpoint: _1754_ (rising edge-triggered flip-flop clocked by clk_10mhz)
Path Group: clk_10mhz
Path Type: min

Fanout         Cap        Slew       Delay        Time   Description
---------------------------------------------------------------------------------------------
                      0.150000    0.000000    0.000000   clock clk_10mhz (rise edge)
                                  0.000000    0.000000   clock network delay (ideal)
                      0.150000    0.000000    0.000000 ^ _1774_/CLK (sky130_fd_sc_hd__dfrtp_2)
     4    0.014403    0.064152    0.270401    0.270401 ^ _1774_/Q (sky130_fd_sc_hd__dfrtp_2)
                                                         u_uart.bit_index[2] (net)
                      0.064152    0.000000    0.270401 ^ _1430_/A1 (sky130_fd_sc_hd__o31a_2)
     1    0.002517    0.020747    0.085351    0.355752 ^ _1430_/X (sky130_fd_sc_hd__o31a_2)
                                                         _0257_ (net)
                      0.020747    0.000000    0.355752 ^ _1754_/D (sky130_fd_sc_hd__dfstp_2)
                                              0.355752   data arrival time

                      0.150000    0.000000    0.000000   clock clk_10mhz (rise edge)
                                  0.000000    0.000000   clock network delay (ideal)
                                  0.250000    0.250000   clock uncertainty
                                  0.000000    0.250000   clock reconvergence pessimism
                                              0.250000 ^ _1754_/CLK (sky130_fd_sc_hd__dfstp_2)
                                 -0.015719    0.234281   library hold time
                                              0.234281   data required time
---------------------------------------------------------------------------------------------
                                              0.234281   data required time
                                             -0.355752   data arrival time
---------------------------------------------------------------------------------------------
                                              0.121471   slack (MET)


Startpoint: _1738_ (rising edge-triggered flip-flop clocked by clk_10mhz)
Endpoint: _1587_ (rising edge-triggered flip-flop clocked by clk_10mhz)
Path Group: clk_10mhz
Path Type: min

Fanout         Cap        Slew       Delay        Time   Description
---------------------------------------------------------------------------------------------
                      0.150000    0.000000    0.000000   clock clk_10mhz (rise edge)
                                  0.000000    0.000000   clock network delay (ideal)
                      0.150000    0.000000    0.000000 ^ _1738_/CLK (sky130_fd_sc_hd__dfrtp_2)
     2    0.004537    0.032583    0.241552    0.241552 ^ _1738_/Q (sky130_fd_sc_hd__dfrtp_2)
                                                         distance_out[5] (net)
                      0.032583    0.000000    0.241552 ^ _1101_/B2 (sky130_fd_sc_hd__a32o_2)
     1    0.002556    0.024397    0.063959    0.305511 ^ _1101_/X (sky130_fd_sc_hd__a32o_2)
                                                         _0727_ (net)
                      0.024397    0.000000    0.305511 ^ _1102_/B2 (sky130_fd_sc_hd__o22a_2)
     1    0.002087    0.017092    0.051283    0.356794 ^ _1102_/X (sky130_fd_sc_hd__o22a_2)
                                                         _0091_ (net)
                      0.017092    0.000000    0.356794 ^ _1587_/D (sky130_fd_sc_hd__dfrtp_2)
                                              0.356794   data arrival time

                      0.150000    0.000000    0.000000   clock clk_10mhz (rise edge)
                                  0.000000    0.000000   clock network delay (ideal)
                                  0.250000    0.250000   clock uncertainty
                                  0.000000    0.250000   clock reconvergence pessimism
                                              0.250000 ^ _1587_/CLK (sky130_fd_sc_hd__dfrtp_2)
                                 -0.015603    0.234397   library hold time
                                              0.234397   data required time
---------------------------------------------------------------------------------------------
                                              0.234397   data required time
                                             -0.356794   data arrival time
---------------------------------------------------------------------------------------------
                                              0.122397   slack (MET)


Startpoint: _1509_ (rising edge-triggered flip-flop clocked by clk_10mhz)
Endpoint: _1509_ (rising edge-triggered flip-flop clocked by clk_10mhz)
Path Group: clk_10mhz
Path Type: min

Fanout         Cap        Slew       Delay        Time   Description
---------------------------------------------------------------------------------------------
                      0.150000    0.000000    0.000000   clock clk_10mhz (rise edge)
                                  0.000000    0.000000   clock network delay (ideal)
                      0.150000    0.000000    0.000000 ^ _1509_/CLK (sky130_fd_sc_hd__dfrtp_2)
     8    0.020860    0.085866    0.286440    0.286440 ^ _1509_/Q (sky130_fd_sc_hd__dfrtp_2)
                                                         u_srf_ctrl.timer[13] (net)
                      0.085866    0.000000    0.286440 ^ _0902_/B2 (sky130_fd_sc_hd__a32o_2)
     1    0.002087    0.023325    0.071200    0.357640 ^ _0902_/X (sky130_fd_sc_hd__a32o_2)
                                                         _0035_ (net)
                      0.023325    0.000000    0.357640 ^ _1509_/D (sky130_fd_sc_hd__dfrtp_2)
                                              0.357640   data arrival time

                      0.150000    0.000000    0.000000   clock clk_10mhz (rise edge)
                                  0.000000    0.000000   clock network delay (ideal)
                                  0.250000    0.250000   clock uncertainty
                                  0.000000    0.250000   clock reconvergence pessimism
                                              0.250000 ^ _1509_/CLK (sky130_fd_sc_hd__dfrtp_2)
                                 -0.016052    0.233948   library hold time
                                              0.233948   data required time
---------------------------------------------------------------------------------------------
                                              0.233948   data required time
                                             -0.357640   data arrival time
---------------------------------------------------------------------------------------------
                                              0.123692   slack (MET)


Startpoint: _1525_ (rising edge-triggered flip-flop clocked by clk_10mhz)
Endpoint: _1525_ (rising edge-triggered flip-flop clocked by clk_10mhz)
Path Group: clk_10mhz
Path Type: min

Fanout         Cap        Slew       Delay        Time   Description
---------------------------------------------------------------------------------------------
                      0.150000    0.000000    0.000000   clock clk_10mhz (rise edge)
                                  0.000000    0.000000   clock network delay (ideal)
                      0.150000    0.000000    0.000000 ^ _1525_/CLK (sky130_fd_sc_hd__dfrtp_2)
     5    0.018113    0.076614    0.279651    0.279651 ^ _1525_/Q (sky130_fd_sc_hd__dfrtp_2)
                                                         u_packet_assembler.timer[5] (net)
                      0.076614    0.000000    0.279651 ^ _1016_/A1 (sky130_fd_sc_hd__a22o_2)
     1    0.002087    0.019577    0.080409    0.360059 ^ _1016_/X (sky130_fd_sc_hd__a22o_2)
                                                         _0050_ (net)
                      0.019577    0.000000    0.360059 ^ _1525_/D (sky130_fd_sc_hd__dfrtp_2)
                                              0.360059   data arrival time

                      0.150000    0.000000    0.000000   clock clk_10mhz (rise edge)
                                  0.000000    0.000000   clock network delay (ideal)
                                  0.250000    0.250000   clock uncertainty
                                  0.000000    0.250000   clock reconvergence pessimism
                                              0.250000 ^ _1525_/CLK (sky130_fd_sc_hd__dfrtp_2)
                                 -0.015782    0.234218   library hold time
                                              0.234218   data required time
---------------------------------------------------------------------------------------------
                                              0.234218   data required time
                                             -0.360059   data arrival time
---------------------------------------------------------------------------------------------
                                              0.125842   slack (MET)


Startpoint: _1755_ (rising edge-triggered flip-flop clocked by clk_10mhz)
Endpoint: _1755_ (rising edge-triggered flip-flop clocked by clk_10mhz)
Path Group: clk_10mhz
Path Type: min

Fanout         Cap        Slew       Delay        Time   Description
---------------------------------------------------------------------------------------------
                      0.150000    0.000000    0.000000   clock clk_10mhz (rise edge)
                                  0.000000    0.000000   clock network delay (ideal)
                      0.150000    0.000000    0.000000 ^ _1755_/CLK (sky130_fd_sc_hd__dfrtp_2)
     7    0.017994    0.076213    0.279356    0.279356 ^ _1755_/Q (sky130_fd_sc_hd__dfrtp_2)
                                                         u_srf_ctrl.echo_counter[0] (net)
                      0.076213    0.000000    0.279356 ^ _1434_/S (sky130_fd_sc_hd__mux2_1)
     1    0.002087    0.025726    0.083562    0.362919 ^ _1434_/X (sky130_fd_sc_hd__mux2_1)
                                                         _0258_ (net)
                      0.025726    0.000000    0.362919 ^ _1755_/D (sky130_fd_sc_hd__dfrtp_2)
                                              0.362919   data arrival time

                      0.150000    0.000000    0.000000   clock clk_10mhz (rise edge)
                                  0.000000    0.000000   clock network delay (ideal)
                                  0.250000    0.250000   clock uncertainty
                                  0.000000    0.250000   clock reconvergence pessimism
                                              0.250000 ^ _1755_/CLK (sky130_fd_sc_hd__dfrtp_2)
                                 -0.016225    0.233775   library hold time
                                              0.233775   data required time
---------------------------------------------------------------------------------------------
                                              0.233775   data required time
                                             -0.362919   data arrival time
---------------------------------------------------------------------------------------------
                                              0.129144   slack (MET)


Startpoint: _1772_ (rising edge-triggered flip-flop clocked by clk_10mhz)
Endpoint: _1772_ (rising edge-triggered flip-flop clocked by clk_10mhz)
Path Group: clk_10mhz
Path Type: min

Fanout         Cap        Slew       Delay        Time   Description
---------------------------------------------------------------------------------------------
                      0.150000    0.000000    0.000000   clock clk_10mhz (rise edge)
                                  0.000000    0.000000   clock network delay (ideal)
                      0.150000    0.000000    0.000000 ^ _1772_/CLK (sky130_fd_sc_hd__dfrtp_2)
     6    0.018035    0.076352    0.279458    0.279458 ^ _1772_/Q (sky130_fd_sc_hd__dfrtp_2)
                                                         u_uart.bit_index[0] (net)
                      0.076352    0.000000    0.279458 ^ _1485_/A1 (sky130_fd_sc_hd__o21ba_2)
     1    0.002087    0.020666    0.084267    0.363724 ^ _1485_/X (sky130_fd_sc_hd__o21ba_2)
                                                         _0274_ (net)
                      0.020666    0.000000    0.363724 ^ _1772_/D (sky130_fd_sc_hd__dfrtp_2)
                                              0.363724   data arrival time

                      0.150000    0.000000    0.000000   clock clk_10mhz (rise edge)
                                  0.000000    0.000000   clock network delay (ideal)
                                  0.250000    0.250000   clock uncertainty
                                  0.000000    0.250000   clock reconvergence pessimism
                                              0.250000 ^ _1772_/CLK (sky130_fd_sc_hd__dfrtp_2)
                                 -0.015861    0.234139   library hold time
                                              0.234139   data required time
---------------------------------------------------------------------------------------------
                                              0.234139   data required time
                                             -0.363724   data arrival time
---------------------------------------------------------------------------------------------
                                              0.129585   slack (MET)


Startpoint: _1501_ (rising edge-triggered flip-flop clocked by clk_10mhz)
Endpoint: _1501_ (rising edge-triggered flip-flop clocked by clk_10mhz)
Path Group: clk_10mhz
Path Type: min

Fanout         Cap        Slew       Delay        Time   Description
---------------------------------------------------------------------------------------------
                      0.150000    0.000000    0.000000   clock clk_10mhz (rise edge)
                                  0.000000    0.000000   clock network delay (ideal)
                      0.150000    0.000000    0.000000 ^ _1501_/CLK (sky130_fd_sc_hd__dfrtp_2)
     6    0.019672    0.081865    0.283504    0.283504 ^ _1501_/Q (sky130_fd_sc_hd__dfrtp_2)
                                                         u_srf_ctrl.timer[5] (net)
                      0.081865    0.000000    0.283504 ^ _0877_/A1 (sky130_fd_sc_hd__a22o_2)
     1    0.002087    0.019577    0.081590    0.365093 ^ _0877_/X (sky130_fd_sc_hd__a22o_2)
                                                         _0027_ (net)
                      0.019577    0.000000    0.365093 ^ _1501_/D (sky130_fd_sc_hd__dfrtp_2)
                                              0.365093   data arrival time

                      0.150000    0.000000    0.000000   clock clk_10mhz (rise edge)
                                  0.000000    0.000000   clock network delay (ideal)
                                  0.250000    0.250000   clock uncertainty
                                  0.000000    0.250000   clock reconvergence pessimism
                                              0.250000 ^ _1501_/CLK (sky130_fd_sc_hd__dfrtp_2)
                                 -0.015782    0.234218   library hold time
                                              0.234218   data required time
---------------------------------------------------------------------------------------------
                                              0.234218   data required time
                                             -0.365093   data arrival time
---------------------------------------------------------------------------------------------
                                              0.130876   slack (MET)


Startpoint: _1736_ (rising edge-triggered flip-flop clocked by clk_10mhz)
Endpoint: _1585_ (rising edge-triggered flip-flop clocked by clk_10mhz)
Path Group: clk_10mhz
Path Type: min

Fanout         Cap        Slew       Delay        Time   Description
---------------------------------------------------------------------------------------------
                      0.150000    0.000000    0.000000   clock clk_10mhz (rise edge)
                                  0.000000    0.000000   clock network delay (ideal)
                      0.150000    0.000000    0.000000 ^ _1736_/CLK (sky130_fd_sc_hd__dfrtp_2)
     2    0.004144    0.031229    0.240033    0.240033 ^ _1736_/Q (sky130_fd_sc_hd__dfrtp_2)
                                                         distance_out[3] (net)
                      0.031229    0.000000    0.240033 ^ _1095_/A (sky130_fd_sc_hd__and2_2)
     1    0.002556    0.024575    0.073974    0.314007 ^ _1095_/X (sky130_fd_sc_hd__and2_2)
                                                         _0723_ (net)
                      0.024575    0.000000    0.314007 ^ _1096_/B2 (sky130_fd_sc_hd__o22a_2)
     1    0.002087    0.017094    0.051329    0.365337 ^ _1096_/X (sky130_fd_sc_hd__o22a_2)
                                                         _0089_ (net)
                      0.017094    0.000000    0.365337 ^ _1585_/D (sky130_fd_sc_hd__dfrtp_2)
                                              0.365337   data arrival time

                      0.150000    0.000000    0.000000   clock clk_10mhz (rise edge)
                                  0.000000    0.000000   clock network delay (ideal)
                                  0.250000    0.250000   clock uncertainty
                                  0.000000    0.250000   clock reconvergence pessimism
                                              0.250000 ^ _1585_/CLK (sky130_fd_sc_hd__dfrtp_2)
                                 -0.015603    0.234397   library hold time
                                              0.234397   data required time
---------------------------------------------------------------------------------------------
                                              0.234397   data required time
                                             -0.365337   data arrival time
---------------------------------------------------------------------------------------------
                                              0.130940   slack (MET)


Startpoint: _1504_ (rising edge-triggered flip-flop clocked by clk_10mhz)
Endpoint: _1504_ (rising edge-triggered flip-flop clocked by clk_10mhz)
Path Group: clk_10mhz
Path Type: min

Fanout         Cap        Slew       Delay        Time   Description
---------------------------------------------------------------------------------------------
                      0.150000    0.000000    0.000000   clock clk_10mhz (rise edge)
                                  0.000000    0.000000   clock network delay (ideal)
                      0.150000    0.000000    0.000000 ^ _1504_/CLK (sky130_fd_sc_hd__dfrtp_2)
     6    0.019809    0.082326    0.283842    0.283842 ^ _1504_/Q (sky130_fd_sc_hd__dfrtp_2)
                                                         u_srf_ctrl.timer[8] (net)
                      0.082326    0.000000    0.283842 ^ _0886_/A1 (sky130_fd_sc_hd__a22o_2)
     1    0.002087    0.019577    0.081694    0.365536 ^ _0886_/X (sky130_fd_sc_hd__a22o_2)
                                                         _0030_ (net)
                      0.019577    0.000000    0.365536 ^ _1504_/D (sky130_fd_sc_hd__dfrtp_2)
                                              0.365536   data arrival time

                      0.150000    0.000000    0.000000   clock clk_10mhz (rise edge)
                                  0.000000    0.000000   clock network delay (ideal)
                                  0.250000    0.250000   clock uncertainty
                                  0.000000    0.250000   clock reconvergence pessimism
                                              0.250000 ^ _1504_/CLK (sky130_fd_sc_hd__dfrtp_2)
                                 -0.015782    0.234218   library hold time
                                              0.234218   data required time
---------------------------------------------------------------------------------------------
                                              0.234218   data required time
                                             -0.365536   data arrival time
---------------------------------------------------------------------------------------------
                                              0.131318   slack (MET)


Startpoint: _1592_ (rising edge-triggered flip-flop clocked by clk_10mhz)
Endpoint: _1592_ (rising edge-triggered flip-flop clocked by clk_10mhz)
Path Group: clk_10mhz
Path Type: min

Fanout         Cap        Slew       Delay        Time   Description
---------------------------------------------------------------------------------------------
                      0.150000    0.000000    0.000000   clock clk_10mhz (rise edge)
                                  0.000000    0.000000   clock network delay (ideal)
                      0.150000    0.000000    0.000000 ^ _1592_/CLK (sky130_fd_sc_hd__dfrtp_2)
     8    0.023891    0.096073    0.293930    0.293930 ^ _1592_/Q (sky130_fd_sc_hd__dfrtp_2)
                                                         u_packet_assembler.state[1] (net)
                      0.096073    0.000000    0.293930 ^ _1110_/B2 (sky130_fd_sc_hd__a32o_2)
     1    0.002087    0.022507    0.072576    0.366507 ^ _1110_/X (sky130_fd_sc_hd__a32o_2)
                                                         _0095_ (net)
                      0.022507    0.000000    0.366507 ^ _1592_/D (sky130_fd_sc_hd__dfrtp_2)
                                              0.366507   data arrival time

                      0.150000    0.000000    0.000000   clock clk_10mhz (rise edge)
                                  0.000000    0.000000   clock network delay (ideal)
                                  0.250000    0.250000   clock uncertainty
                                  0.000000    0.250000   clock reconvergence pessimism
                                              0.250000 ^ _1592_/CLK (sky130_fd_sc_hd__dfrtp_2)
                                 -0.015993    0.234007   library hold time
                                              0.234007   data required time
---------------------------------------------------------------------------------------------
                                              0.234007   data required time
                                             -0.366507   data arrival time
---------------------------------------------------------------------------------------------
                                              0.132500   slack (MET)


Startpoint: _1734_ (rising edge-triggered flip-flop clocked by clk_10mhz)
Endpoint: _1583_ (rising edge-triggered flip-flop clocked by clk_10mhz)
Path Group: clk_10mhz
Path Type: min

Fanout         Cap        Slew       Delay        Time   Description
---------------------------------------------------------------------------------------------
                      0.150000    0.000000    0.000000   clock clk_10mhz (rise edge)
                                  0.000000    0.000000   clock network delay (ideal)
                      0.150000    0.000000    0.000000 ^ _1734_/CLK (sky130_fd_sc_hd__dfrtp_2)
     2    0.007319    0.041521    0.249826    0.249826 ^ _1734_/Q (sky130_fd_sc_hd__dfrtp_2)
                                                         distance_out[1] (net)
                      0.041521    0.000000    0.249826 ^ _1089_/B2 (sky130_fd_sc_hd__a32o_2)
     1    0.002556    0.024420    0.065903    0.315730 ^ _1089_/X (sky130_fd_sc_hd__a32o_2)
                                                         _0719_ (net)
                      0.024420    0.000000    0.315730 ^ _1090_/B2 (sky130_fd_sc_hd__o22a_2)
     1    0.002087    0.017092    0.051289    0.367018 ^ _1090_/X (sky130_fd_sc_hd__o22a_2)
                                                         _0087_ (net)
                      0.017092    0.000000    0.367018 ^ _1583_/D (sky130_fd_sc_hd__dfrtp_2)
                                              0.367018   data arrival time

                      0.150000    0.000000    0.000000   clock clk_10mhz (rise edge)
                                  0.000000    0.000000   clock network delay (ideal)
                                  0.250000    0.250000   clock uncertainty
                                  0.000000    0.250000   clock reconvergence pessimism
                                              0.250000 ^ _1583_/CLK (sky130_fd_sc_hd__dfrtp_2)
                                 -0.015603    0.234397   library hold time
                                              0.234397   data required time
---------------------------------------------------------------------------------------------
                                              0.234397   data required time
                                             -0.367018   data arrival time
---------------------------------------------------------------------------------------------
                                              0.132622   slack (MET)


Startpoint: _1551_ (rising edge-triggered flip-flop clocked by clk_10mhz)
Endpoint: _1551_ (rising edge-triggered flip-flop clocked by clk_10mhz)
Path Group: clk_10mhz
Path Type: min

Fanout         Cap        Slew       Delay        Time   Description
---------------------------------------------------------------------------------------------
                      0.150000    0.000000    0.000000   clock clk_10mhz (rise edge)
                                  0.000000    0.000000   clock network delay (ideal)
                      0.150000    0.000000    0.000000 ^ _1551_/CLK (sky130_fd_sc_hd__dfrtp_2)
     3    0.005705    0.036365    0.245139    0.245139 ^ _1551_/Q (sky130_fd_sc_hd__dfrtp_2)
                                                         u_max30102_ctrl.clk_div[6] (net)
                      0.036365    0.000000    0.245139 ^ _0827_/B1 (sky130_fd_sc_hd__a31o_2)
     1    0.001786    0.017175    0.050795    0.295934 ^ _0827_/X (sky130_fd_sc_hd__a31o_2)
                                                         _0533_ (net)
                      0.017175    0.000000    0.295934 ^ _0828_/B (sky130_fd_sc_hd__and2b_2)
     1    0.002087    0.021550    0.072822    0.368756 ^ _0828_/X (sky130_fd_sc_hd__and2b_2)
                                                         _0017_ (net)
                      0.021550    0.000000    0.368756 ^ _1551_/D (sky130_fd_sc_hd__dfrtp_2)
                                              0.368756   data arrival time

                      0.150000    0.000000    0.000000   clock clk_10mhz (rise edge)
                                  0.000000    0.000000   clock network delay (ideal)
                                  0.250000    0.250000   clock uncertainty
                                  0.000000    0.250000   clock reconvergence pessimism
                                              0.250000 ^ _1551_/CLK (sky130_fd_sc_hd__dfrtp_2)
                                 -0.015924    0.234076   library hold time
                                              0.234076   data required time
---------------------------------------------------------------------------------------------
                                              0.234076   data required time
                                             -0.368756   data arrival time
---------------------------------------------------------------------------------------------
                                              0.134680   slack (MET)


Startpoint: _1761_ (rising edge-triggered flip-flop clocked by clk_10mhz)
Endpoint: _1761_ (rising edge-triggered flip-flop clocked by clk_10mhz)
Path Group: clk_10mhz
Path Type: min

Fanout         Cap        Slew       Delay        Time   Description
---------------------------------------------------------------------------------------------
                      0.150000    0.000000    0.000000   clock clk_10mhz (rise edge)
                                  0.000000    0.000000   clock network delay (ideal)
                      0.150000    0.000000    0.000000 ^ _1761_/CLK (sky130_fd_sc_hd__dfrtp_2)
     8    0.025504    0.101506    0.297917    0.297917 ^ _1761_/Q (sky130_fd_sc_hd__dfrtp_2)
                                                         u_srf_ctrl.echo_counter[6] (net)
                      0.101506    0.000000    0.297917 ^ _1454_/B2 (sky130_fd_sc_hd__a32o_2)
     1    0.002087    0.023701    0.073308    0.371225 ^ _1454_/X (sky130_fd_sc_hd__a32o_2)
                                                         _0264_ (net)
                      0.023701    0.000000    0.371225 ^ _1761_/D (sky130_fd_sc_hd__dfrtp_2)
                                              0.371225   data arrival time

                      0.150000    0.000000    0.000000   clock clk_10mhz (rise edge)
                                  0.000000    0.000000   clock network delay (ideal)
                                  0.250000    0.250000   clock uncertainty
                                  0.000000    0.250000   clock reconvergence pessimism
                                              0.250000 ^ _1761_/CLK (sky130_fd_sc_hd__dfrtp_2)
                                 -0.016079    0.233921   library hold time
                                              0.233921   data required time
---------------------------------------------------------------------------------------------
                                              0.233921   data required time
                                             -0.371225   data arrival time
---------------------------------------------------------------------------------------------
                                              0.137304   slack (MET)


Startpoint: _1544_ (rising edge-triggered flip-flop clocked by clk_10mhz)
Endpoint: _1578_ (rising edge-triggered flip-flop clocked by clk_10mhz)
Path Group: clk_10mhz
Path Type: min

Fanout         Cap        Slew       Delay        Time   Description
---------------------------------------------------------------------------------------------
                      0.150000    0.000000    0.000000   clock clk_10mhz (rise edge)
                                  0.000000    0.000000   clock network delay (ideal)
                      0.150000    0.000000    0.000000 ^ _1544_/CLK (sky130_fd_sc_hd__dfrtp_2)
     2    0.008267    0.044550    0.252580    0.252580 ^ _1544_/Q (sky130_fd_sc_hd__dfrtp_2)
                                                         u_srf_ctrl.echo_sync_1 (net)
                      0.044550    0.000000    0.252580 ^ _0796_/S (sky130_fd_sc_hd__mux2_1)
     2    0.006353    0.051498    0.097266    0.349845 ^ _0796_/X (sky130_fd_sc_hd__mux2_1)
                                                         _0511_ (net)
                      0.051498    0.000000    0.349845 ^ _0806_/A2 (sky130_fd_sc_hd__o21ai_2)
     1    0.002059    0.016920    0.026358    0.376203 v _0806_/Y (sky130_fd_sc_hd__o21ai_2)
                                                         _0001_ (net)
                      0.016920    0.000000    0.376203 v _1578_/D (sky130_fd_sc_hd__dfrtp_2)
                                              0.376203   data arrival time

                      0.150000    0.000000    0.000000   clock clk_10mhz (rise edge)
                                  0.000000    0.000000   clock network delay (ideal)
                                  0.250000    0.250000   clock uncertainty
                                  0.000000    0.250000   clock reconvergence pessimism
                                              0.250000 ^ _1578_/CLK (sky130_fd_sc_hd__dfrtp_2)
                                 -0.012953    0.237047   library hold time
                                              0.237047   data required time
---------------------------------------------------------------------------------------------
                                              0.237047   data required time
                                             -0.376203   data arrival time
---------------------------------------------------------------------------------------------
                                              0.139156   slack (MET)


Startpoint: _1520_ (rising edge-triggered flip-flop clocked by clk_10mhz)
Endpoint: _1520_ (rising edge-triggered flip-flop clocked by clk_10mhz)
Path Group: clk_10mhz
Path Type: min

Fanout         Cap        Slew       Delay        Time   Description
---------------------------------------------------------------------------------------------
                      0.150000    0.000000    0.000000   clock clk_10mhz (rise edge)
                                  0.000000    0.000000   clock network delay (ideal)
                      0.150000    0.000000    0.000000 ^ _1520_/CLK (sky130_fd_sc_hd__dfrtp_2)
     7    0.021254    0.087192    0.287413    0.287413 ^ _1520_/Q (sky130_fd_sc_hd__dfrtp_2)
                                                         u_packet_assembler.timer[0] (net)
                      0.087192    0.000000    0.287413 ^ _1001_/S (sky130_fd_sc_hd__mux2_1)
     1    0.002087    0.025726    0.085746    0.373160 ^ _1001_/X (sky130_fd_sc_hd__mux2_1)
                                                         _0045_ (net)
                      0.025726    0.000000    0.373160 ^ _1520_/D (sky130_fd_sc_hd__dfrtp_2)
                                              0.373160   data arrival time

                      0.150000    0.000000    0.000000   clock clk_10mhz (rise edge)
                                  0.000000    0.000000   clock network delay (ideal)
                                  0.250000    0.250000   clock uncertainty
                                  0.000000    0.250000   clock reconvergence pessimism
                                              0.250000 ^ _1520_/CLK (sky130_fd_sc_hd__dfrtp_2)
                                 -0.016225    0.233775   library hold time
                                              0.233775   data required time
---------------------------------------------------------------------------------------------
                                              0.233775   data required time
                                             -0.373160   data arrival time
---------------------------------------------------------------------------------------------
                                              0.139385   slack (MET)


Startpoint: _1760_ (rising edge-triggered flip-flop clocked by clk_10mhz)
Endpoint: _1760_ (rising edge-triggered flip-flop clocked by clk_10mhz)
Path Group: clk_10mhz
Path Type: min

Fanout         Cap        Slew       Delay        Time   Description
---------------------------------------------------------------------------------------------
                      0.150000    0.000000    0.000000   clock clk_10mhz (rise edge)
                                  0.000000    0.000000   clock network delay (ideal)
                      0.150000    0.000000    0.000000 ^ _1760_/CLK (sky130_fd_sc_hd__dfrtp_2)
     8    0.026570    0.105096    0.300551    0.300551 ^ _1760_/Q (sky130_fd_sc_hd__dfrtp_2)
                                                         u_srf_ctrl.echo_counter[5] (net)
                      0.105096    0.000000    0.300551 ^ _1450_/B2 (sky130_fd_sc_hd__a32o_2)
     1    0.002087    0.023787    0.073792    0.374343 ^ _1450_/X (sky130_fd_sc_hd__a32o_2)
                                                         _0263_ (net)
                      0.023787    0.000000    0.374343 ^ _1760_/D (sky130_fd_sc_hd__dfrtp_2)
                                              0.374343   data arrival time

                      0.150000    0.000000    0.000000   clock clk_10mhz (rise edge)
                                  0.000000    0.000000   clock network delay (ideal)
                                  0.250000    0.250000   clock uncertainty
                                  0.000000    0.250000   clock reconvergence pessimism
                                              0.250000 ^ _1760_/CLK (sky130_fd_sc_hd__dfrtp_2)
                                 -0.016086    0.233914   library hold time
                                              0.233914   data required time
---------------------------------------------------------------------------------------------
                                              0.233914   data required time
                                             -0.374343   data arrival time
---------------------------------------------------------------------------------------------
                                              0.140429   slack (MET)


Startpoint: _1594_ (rising edge-triggered flip-flop clocked by clk_10mhz)
Endpoint: _1594_ (rising edge-triggered flip-flop clocked by clk_10mhz)
Path Group: clk_10mhz
Path Type: min

Fanout         Cap        Slew       Delay        Time   Description
---------------------------------------------------------------------------------------------
                      0.150000    0.000000    0.000000   clock clk_10mhz (rise edge)
                                  0.000000    0.000000   clock network delay (ideal)
                      0.150000    0.000000    0.000000 ^ _1594_/CLK (sky130_fd_sc_hd__dfrtp_2)
     8    0.022769    0.092295    0.291157    0.291157 ^ _1594_/Q (sky130_fd_sc_hd__dfrtp_2)
                                                         u_packet_assembler.state[3] (net)
                      0.092295    0.000000    0.291157 ^ _1112_/A1 (sky130_fd_sc_hd__a22o_2)
     1    0.002087    0.019567    0.083936    0.375093 ^ _1112_/X (sky130_fd_sc_hd__a22o_2)
                                                         _0097_ (net)
                      0.019567    0.000000    0.375093 ^ _1594_/D (sky130_fd_sc_hd__dfrtp_2)
                                              0.375093   data arrival time

                      0.150000    0.000000    0.000000   clock clk_10mhz (rise edge)
                                  0.000000    0.000000   clock network delay (ideal)
                                  0.250000    0.250000   clock uncertainty
                                  0.000000    0.250000   clock reconvergence pessimism
                                              0.250000 ^ _1594_/CLK (sky130_fd_sc_hd__dfrtp_2)
                                 -0.015782    0.234218   library hold time
                                              0.234218   data required time
---------------------------------------------------------------------------------------------
                                              0.234218   data required time
                                             -0.375093   data arrival time
---------------------------------------------------------------------------------------------
                                              0.140875   slack (MET)


Startpoint: _1733_ (rising edge-triggered flip-flop clocked by clk_10mhz)
Endpoint: _1582_ (rising edge-triggered flip-flop clocked by clk_10mhz)
Path Group: clk_10mhz
Path Type: min

Fanout         Cap        Slew       Delay        Time   Description
---------------------------------------------------------------------------------------------
                      0.150000    0.000000    0.000000   clock clk_10mhz (rise edge)
                                  0.000000    0.000000   clock network delay (ideal)
                      0.150000    0.000000    0.000000 ^ _1733_/CLK (sky130_fd_sc_hd__dfrtp_2)
     2    0.007240    0.041269    0.249597    0.249597 ^ _1733_/Q (sky130_fd_sc_hd__dfrtp_2)
                                                         distance_out[0] (net)
                      0.041269    0.000000    0.249597 ^ _1085_/A1 (sky130_fd_sc_hd__a21o_2)
     1    0.002069    0.016157    0.064417    0.314013 ^ _1085_/X (sky130_fd_sc_hd__a21o_2)
                                                         _0716_ (net)
                      0.016157    0.000000    0.314013 ^ _1086_/A1 (sky130_fd_sc_hd__mux2_1)
     1    0.002087    0.025726    0.065100    0.379113 ^ _1086_/X (sky130_fd_sc_hd__mux2_1)
                                                         _0086_ (net)
                      0.025726    0.000000    0.379113 ^ _1582_/D (sky130_fd_sc_hd__dfrtp_2)
                                              0.379113   data arrival time

                      0.150000    0.000000    0.000000   clock clk_10mhz (rise edge)
                                  0.000000    0.000000   clock network delay (ideal)
                                  0.250000    0.250000   clock uncertainty
                                  0.000000    0.250000   clock reconvergence pessimism
                                              0.250000 ^ _1582_/CLK (sky130_fd_sc_hd__dfrtp_2)
                                 -0.016225    0.233775   library hold time
                                              0.233775   data required time
---------------------------------------------------------------------------------------------
                                              0.233775   data required time
                                             -0.379113   data arrival time
---------------------------------------------------------------------------------------------
                                              0.145338   slack (MET)


Startpoint: _1579_ (rising edge-triggered flip-flop clocked by clk_10mhz)
Endpoint: _1579_ (rising edge-triggered flip-flop clocked by clk_10mhz)
Path Group: clk_10mhz
Path Type: min

Fanout         Cap        Slew       Delay        Time   Description
---------------------------------------------------------------------------------------------
                      0.150000    0.000000    0.000000   clock clk_10mhz (rise edge)
                                  0.000000    0.000000   clock network delay (ideal)
                      0.150000    0.000000    0.000000 ^ _1579_/CLK (sky130_fd_sc_hd__dfrtp_2)
     7    0.026409    0.104553    0.300153    0.300153 ^ _1579_/Q (sky130_fd_sc_hd__dfrtp_2)
                                                         u_srf_ctrl.state[2] (net)
                      0.104553    0.000000    0.300153 ^ _0804_/A1 (sky130_fd_sc_hd__a21bo_2)
     1    0.002087    0.019159    0.080474    0.380627 ^ _0804_/X (sky130_fd_sc_hd__a21bo_2)
                                                         _0002_ (net)
                      0.019159    0.000000    0.380627 ^ _1579_/D (sky130_fd_sc_hd__dfrtp_2)
                                              0.380627   data arrival time

                      0.150000    0.000000    0.000000   clock clk_10mhz (rise edge)
                                  0.000000    0.000000   clock network delay (ideal)
                                  0.250000    0.250000   clock uncertainty
                                  0.000000    0.250000   clock reconvergence pessimism
                                              0.250000 ^ _1579_/CLK (sky130_fd_sc_hd__dfrtp_2)
                                 -0.015752    0.234248   library hold time
                                              0.234248   data required time
---------------------------------------------------------------------------------------------
                                              0.234248   data required time
                                             -0.380627   data arrival time
---------------------------------------------------------------------------------------------
                                              0.146379   slack (MET)


Startpoint: _1514_ (rising edge-triggered flip-flop clocked by clk_10mhz)
Endpoint: _1514_ (rising edge-triggered flip-flop clocked by clk_10mhz)
Path Group: clk_10mhz
Path Type: min

Fanout         Cap        Slew       Delay        Time   Description
---------------------------------------------------------------------------------------------
                      0.150000    0.000000    0.000000   clock clk_10mhz (rise edge)
                                  0.000000    0.000000   clock network delay (ideal)
                      0.150000    0.000000    0.000000 ^ _1514_/CLK (sky130_fd_sc_hd__dfrtp_2)
     5    0.009125    0.047291    0.255072    0.255072 ^ _1514_/Q (sky130_fd_sc_hd__dfrtp_2)
                                                         u_srf_ctrl.timer[18] (net)
                      0.047291    0.000000    0.255072 ^ _0917_/B1 (sky130_fd_sc_hd__a21o_2)
     1    0.002463    0.017792    0.051405    0.306476 ^ _0917_/X (sky130_fd_sc_hd__a21o_2)
                                                         _0594_ (net)
                      0.017792    0.000000    0.306476 ^ _0921_/A2 (sky130_fd_sc_hd__a31o_2)
     1    0.002087    0.018240    0.075173    0.381649 ^ _0921_/X (sky130_fd_sc_hd__a31o_2)
                                                         _0040_ (net)
                      0.018240    0.000000    0.381649 ^ _1514_/D (sky130_fd_sc_hd__dfrtp_2)
                                              0.381649   data arrival time

                      0.150000    0.000000    0.000000   clock clk_10mhz (rise edge)
                                  0.000000    0.000000   clock network delay (ideal)
                                  0.250000    0.250000   clock uncertainty
                                  0.000000    0.250000   clock reconvergence pessimism
                                              0.250000 ^ _1514_/CLK (sky130_fd_sc_hd__dfrtp_2)
                                 -0.015686    0.234314   library hold time
                                              0.234314   data required time
---------------------------------------------------------------------------------------------
                                              0.234314   data required time
                                             -0.381649   data arrival time
---------------------------------------------------------------------------------------------
                                              0.147335   slack (MET)


Startpoint: _1506_ (rising edge-triggered flip-flop clocked by clk_10mhz)
Endpoint: _1506_ (rising edge-triggered flip-flop clocked by clk_10mhz)
Path Group: clk_10mhz
Path Type: min

Fanout         Cap        Slew       Delay        Time   Description
---------------------------------------------------------------------------------------------
                      0.150000    0.000000    0.000000   clock clk_10mhz (rise edge)
                                  0.000000    0.000000   clock network delay (ideal)
                      0.150000    0.000000    0.000000 ^ _1506_/CLK (sky130_fd_sc_hd__dfrtp_2)
     8    0.026129    0.103610    0.299461    0.299461 ^ _1506_/Q (sky130_fd_sc_hd__dfrtp_2)
                                                         u_srf_ctrl.timer[10] (net)
                      0.103610    0.000000    0.299461 ^ _0892_/A1 (sky130_fd_sc_hd__a22o_2)
     1    0.002087    0.019541    0.086481    0.385942 ^ _0892_/X (sky130_fd_sc_hd__a22o_2)
                                                         _0032_ (net)
                      0.019541    0.000000    0.385942 ^ _1506_/D (sky130_fd_sc_hd__dfrtp_2)
                                              0.385942   data arrival time

                      0.150000    0.000000    0.000000   clock clk_10mhz (rise edge)
                                  0.000000    0.000000   clock network delay (ideal)
                                  0.250000    0.250000   clock uncertainty
                                  0.000000    0.250000   clock reconvergence pessimism
                                              0.250000 ^ _1506_/CLK (sky130_fd_sc_hd__dfrtp_2)
                                 -0.015780    0.234220   library hold time
                                              0.234220   data required time
---------------------------------------------------------------------------------------------
                                              0.234220   data required time
                                             -0.385942   data arrival time
---------------------------------------------------------------------------------------------
                                              0.151722   slack (MET)


Startpoint: _1758_ (rising edge-triggered flip-flop clocked by clk_10mhz)
Endpoint: _1758_ (rising edge-triggered flip-flop clocked by clk_10mhz)
Path Group: clk_10mhz
Path Type: min

Fanout         Cap        Slew       Delay        Time   Description
---------------------------------------------------------------------------------------------
                      0.150000    0.000000    0.000000   clock clk_10mhz (rise edge)
                                  0.000000    0.000000   clock network delay (ideal)
                      0.150000    0.000000    0.000000 ^ _1758_/CLK (sky130_fd_sc_hd__dfrtp_2)
    11    0.030558    0.118526    0.310407    0.310407 ^ _1758_/Q (sky130_fd_sc_hd__dfrtp_2)
                                                         u_srf_ctrl.echo_counter[3] (net)
                      0.118526    0.000000    0.310407 ^ _1443_/B2 (sky130_fd_sc_hd__a32o_2)
     1    0.002087    0.024109    0.075602    0.386010 ^ _1443_/X (sky130_fd_sc_hd__a32o_2)
                                                         _0261_ (net)
                      0.024109    0.000000    0.386010 ^ _1758_/D (sky130_fd_sc_hd__dfrtp_2)
                                              0.386010   data arrival time

                      0.150000    0.000000    0.000000   clock clk_10mhz (rise edge)
                                  0.000000    0.000000   clock network delay (ideal)
                                  0.250000    0.250000   clock uncertainty
                                  0.000000    0.250000   clock reconvergence pessimism
                                              0.250000 ^ _1758_/CLK (sky130_fd_sc_hd__dfrtp_2)
                                 -0.016109    0.233891   library hold time
                                              0.233891   data required time
---------------------------------------------------------------------------------------------
                                              0.233891   data required time
                                             -0.386010   data arrival time
---------------------------------------------------------------------------------------------
                                              0.152118   slack (MET)


Startpoint: _1590_ (rising edge-triggered flip-flop clocked by clk_10mhz)
Endpoint: _1712_ (rising edge-triggered flip-flop clocked by clk_10mhz)
Path Group: clk_10mhz
Path Type: min

Fanout         Cap        Slew       Delay        Time   Description
---------------------------------------------------------------------------------------------
                      0.150000    0.000000    0.000000   clock clk_10mhz (rise edge)
                                  0.000000    0.000000   clock network delay (ideal)
                      0.150000    0.000000    0.000000 ^ _1590_/CLK (sky130_fd_sc_hd__dfrtp_2)
     1    0.002600    0.025910    0.234067    0.234067 ^ _1590_/Q (sky130_fd_sc_hd__dfrtp_2)
                                                         fifo_wr_en (net)
                      0.025910    0.000000    0.234067 ^ _1061_/B1 (sky130_fd_sc_hd__o21a_2)
    10    0.026206    0.107834    0.117655    0.351721 ^ _1061_/X (sky130_fd_sc_hd__o21a_2)
                                                         _0709_ (net)
                      0.107834    0.000000    0.351721 ^ _1256_/B (sky130_fd_sc_hd__xor2_2)
     1    0.002059    0.020127    0.036661    0.388382 v _1256_/X (sky130_fd_sc_hd__xor2_2)
                                                         _0215_ (net)
                      0.020127    0.000000    0.388382 v _1712_/D (sky130_fd_sc_hd__dfrtp_2)
                                              0.388382   data arrival time

                      0.150000    0.000000    0.000000   clock clk_10mhz (rise edge)
                                  0.000000    0.000000   clock network delay (ideal)
                                  0.250000    0.250000   clock uncertainty
                                  0.000000    0.250000   clock reconvergence pessimism
                                              0.250000 ^ _1712_/CLK (sky130_fd_sc_hd__dfrtp_2)
                                 -0.013981    0.236019   library hold time
                                              0.236019   data required time
---------------------------------------------------------------------------------------------
                                              0.236019   data required time
                                             -0.388382   data arrival time
---------------------------------------------------------------------------------------------
                                              0.152364   slack (MET)


Startpoint: _1579_ (rising edge-triggered flip-flop clocked by clk_10mhz)
Endpoint: _1518_ (rising edge-triggered flip-flop clocked by clk_10mhz)
Path Group: clk_10mhz
Path Type: min

Fanout         Cap        Slew       Delay        Time   Description
---------------------------------------------------------------------------------------------
                      0.150000    0.000000    0.000000   clock clk_10mhz (rise edge)
                                  0.000000    0.000000   clock network delay (ideal)
                      0.150000    0.000000    0.000000 ^ _1579_/CLK (sky130_fd_sc_hd__dfrtp_2)
     7    0.026409    0.104553    0.300153    0.300153 ^ _1579_/Q (sky130_fd_sc_hd__dfrtp_2)
                                                         u_srf_ctrl.state[2] (net)
                      0.104553    0.000000    0.300153 ^ _0990_/A1 (sky130_fd_sc_hd__a22o_2)
     1    0.002087    0.020535    0.086693    0.386847 ^ _0990_/X (sky130_fd_sc_hd__a22o_2)
                                                         _0044_ (net)
                      0.020535    0.000000    0.386847 ^ _1518_/D (sky130_fd_sc_hd__dfrtp_2)
                                              0.386847   data arrival time

                      0.150000    0.000000    0.000000   clock clk_10mhz (rise edge)
                                  0.000000    0.000000   clock network delay (ideal)
                                  0.250000    0.250000   clock uncertainty
                                  0.000000    0.250000   clock reconvergence pessimism
                                              0.250000 ^ _1518_/CLK (sky130_fd_sc_hd__dfrtp_2)
                                 -0.015851    0.234149   library hold time
                                              0.234149   data required time
---------------------------------------------------------------------------------------------
                                              0.234149   data required time
                                             -0.386847   data arrival time
---------------------------------------------------------------------------------------------
                                              0.152698   slack (MET)


Startpoint: _1735_ (rising edge-triggered flip-flop clocked by clk_10mhz)
Endpoint: _1584_ (rising edge-triggered flip-flop clocked by clk_10mhz)
Path Group: clk_10mhz
Path Type: min

Fanout         Cap        Slew       Delay        Time   Description
---------------------------------------------------------------------------------------------
                      0.150000    0.000000    0.000000   clock clk_10mhz (rise edge)
                                  0.000000    0.000000   clock network delay (ideal)
                      0.150000    0.000000    0.000000 ^ _1735_/CLK (sky130_fd_sc_hd__dfrtp_2)
     2    0.007083    0.040767    0.249141    0.249141 ^ _1735_/Q (sky130_fd_sc_hd__dfrtp_2)
                                                         distance_out[2] (net)
                      0.040767    0.000000    0.249141 ^ _1093_/A1 (sky130_fd_sc_hd__a22o_2)
     1    0.002069    0.019498    0.071835    0.320976 ^ _1093_/X (sky130_fd_sc_hd__a22o_2)
                                                         _0722_ (net)
                      0.019498    0.000000    0.320976 ^ _1094_/A1 (sky130_fd_sc_hd__mux2_1)
     1    0.002087    0.025726    0.065972    0.386947 ^ _1094_/X (sky130_fd_sc_hd__mux2_1)
                                                         _0088_ (net)
                      0.025726    0.000000    0.386947 ^ _1584_/D (sky130_fd_sc_hd__dfrtp_2)
                                              0.386947   data arrival time

                      0.150000    0.000000    0.000000   clock clk_10mhz (rise edge)
                                  0.000000    0.000000   clock network delay (ideal)
                                  0.250000    0.250000   clock uncertainty
                                  0.000000    0.250000   clock reconvergence pessimism
                                              0.250000 ^ _1584_/CLK (sky130_fd_sc_hd__dfrtp_2)
                                 -0.016225    0.233775   library hold time
                                              0.233775   data required time
---------------------------------------------------------------------------------------------
                                              0.233775   data required time
                                             -0.386947   data arrival time
---------------------------------------------------------------------------------------------
                                              0.153173   slack (MET)


Startpoint: _1766_ (rising edge-triggered flip-flop clocked by clk_10mhz)
Endpoint: _1766_ (rising edge-triggered flip-flop clocked by clk_10mhz)
Path Group: clk_10mhz
Path Type: min

Fanout         Cap        Slew       Delay        Time   Description
---------------------------------------------------------------------------------------------
                      0.150000    0.000000    0.000000   clock clk_10mhz (rise edge)
                                  0.000000    0.000000   clock network delay (ideal)
                      0.150000    0.000000    0.000000 ^ _1766_/CLK (sky130_fd_sc_hd__dfrtp_2)
     7    0.030115    0.117034    0.309312    0.309312 ^ _1766_/Q (sky130_fd_sc_hd__dfrtp_2)
                                                         u_srf_ctrl.echo_counter[11] (net)
                      0.117034    0.000000    0.309312 ^ _1469_/A1 (sky130_fd_sc_hd__a21o_2)
     1    0.002087    0.016167    0.079220    0.388532 ^ _1469_/X (sky130_fd_sc_hd__a21o_2)
                                                         _0269_ (net)
                      0.016167    0.000000    0.388532 ^ _1766_/D (sky130_fd_sc_hd__dfrtp_2)
                                              0.388532   data arrival time

                      0.150000    0.000000    0.000000   clock clk_10mhz (rise edge)
                                  0.000000    0.000000   clock network delay (ideal)
                                  0.250000    0.250000   clock uncertainty
                                  0.000000    0.250000   clock reconvergence pessimism
                                              0.250000 ^ _1766_/CLK (sky130_fd_sc_hd__dfrtp_2)
                                 -0.015537    0.234463   library hold time
                                              0.234463   data required time
---------------------------------------------------------------------------------------------
                                              0.234463   data required time
                                             -0.388532   data arrival time
---------------------------------------------------------------------------------------------
                                              0.154068   slack (MET)


Startpoint: _1759_ (rising edge-triggered flip-flop clocked by clk_10mhz)
Endpoint: _1759_ (rising edge-triggered flip-flop clocked by clk_10mhz)
Path Group: clk_10mhz
Path Type: min

Fanout         Cap        Slew       Delay        Time   Description
---------------------------------------------------------------------------------------------
                      0.150000    0.000000    0.000000   clock clk_10mhz (rise edge)
                                  0.000000    0.000000   clock network delay (ideal)
                      0.150000    0.000000    0.000000 ^ _1759_/CLK (sky130_fd_sc_hd__dfrtp_2)
     9    0.031291    0.120995    0.312219    0.312219 ^ _1759_/Q (sky130_fd_sc_hd__dfrtp_2)
                                                         u_srf_ctrl.echo_counter[4] (net)
                      0.120995    0.000000    0.312219 ^ _1446_/B2 (sky130_fd_sc_hd__a32o_2)
     1    0.002087    0.024169    0.075935    0.388154 ^ _1446_/X (sky130_fd_sc_hd__a32o_2)
                                                         _0262_ (net)
                      0.024169    0.000000    0.388154 ^ _1759_/D (sky130_fd_sc_hd__dfrtp_2)
                                              0.388154   data arrival time

                      0.150000    0.000000    0.000000   clock clk_10mhz (rise edge)
                                  0.000000    0.000000   clock network delay (ideal)
                                  0.250000    0.250000   clock uncertainty
                                  0.000000    0.250000   clock reconvergence pessimism
                                              0.250000 ^ _1759_/CLK (sky130_fd_sc_hd__dfrtp_2)
                                 -0.016113    0.233887   library hold time
                                              0.233887   data required time
---------------------------------------------------------------------------------------------
                                              0.233887   data required time
                                             -0.388154   data arrival time
---------------------------------------------------------------------------------------------
                                              0.154267   slack (MET)


Startpoint: _1709_ (rising edge-triggered flip-flop clocked by clk_10mhz)
Endpoint: _1709_ (rising edge-triggered flip-flop clocked by clk_10mhz)
Path Group: clk_10mhz
Path Type: min

Fanout         Cap        Slew       Delay        Time   Description
---------------------------------------------------------------------------------------------
                      0.150000    0.000000    0.000000   clock clk_10mhz (rise edge)
                                  0.000000    0.000000   clock network delay (ideal)
                      0.150000    0.000000    0.000000 ^ _1709_/CLK (sky130_fd_sc_hd__dfrtp_2)
    16    0.037608    0.142269    0.327831    0.327831 ^ _1709_/Q (sky130_fd_sc_hd__dfrtp_2)
                                                         u_fifo.rd_ptr[2] (net)
                      0.142269    0.000000    0.327831 ^ _1250_/B1 (sky130_fd_sc_hd__a21oi_2)
     1    0.004145    0.029799    0.017747    0.345578 v _1250_/Y (sky130_fd_sc_hd__a21oi_2)
                                                         _0290_ (net)
                      0.029799    0.000000    0.345578 v _1251_/B (sky130_fd_sc_hd__nor2_2)
     1    0.002087    0.038990    0.042140    0.387718 ^ _1251_/Y (sky130_fd_sc_hd__nor2_2)
                                                         _0212_ (net)
                      0.038990    0.000000    0.387718 ^ _1709_/D (sky130_fd_sc_hd__dfrtp_2)
                                              0.387718   data arrival time

                      0.150000    0.000000    0.000000   clock clk_10mhz (rise edge)
                                  0.000000    0.000000   clock network delay (ideal)
                                  0.250000    0.250000   clock uncertainty
                                  0.000000    0.250000   clock reconvergence pessimism
                                              0.250000 ^ _1709_/CLK (sky130_fd_sc_hd__dfrtp_2)
                                 -0.017181    0.232819   library hold time
                                              0.232819   data required time
---------------------------------------------------------------------------------------------
                                              0.232819   data required time
                                             -0.387718   data arrival time
---------------------------------------------------------------------------------------------
                                              0.154899   slack (MET)


Startpoint: _1578_ (rising edge-triggered flip-flop clocked by clk_10mhz)
Endpoint: _1580_ (rising edge-triggered flip-flop clocked by clk_10mhz)
Path Group: clk_10mhz
Path Type: min

Fanout         Cap        Slew       Delay        Time   Description
---------------------------------------------------------------------------------------------
                      0.150000    0.000000    0.000000   clock clk_10mhz (rise edge)
                                  0.000000    0.000000   clock network delay (ideal)
                      0.150000    0.000000    0.000000 ^ _1578_/CLK (sky130_fd_sc_hd__dfrtp_2)
     8    0.026704    0.105547    0.300882    0.300882 ^ _1578_/Q (sky130_fd_sc_hd__dfrtp_2)
                                                         u_srf_ctrl.state[1] (net)
                      0.105547    0.000000    0.300882 ^ _0797_/A (sky130_fd_sc_hd__and2_2)
     1    0.002087    0.022941    0.091553    0.392436 ^ _0797_/X (sky130_fd_sc_hd__and2_2)
                                                         _0003_ (net)
                      0.022941    0.000000    0.392436 ^ _1580_/D (sky130_fd_sc_hd__dfrtp_2)
                                              0.392436   data arrival time

                      0.150000    0.000000    0.000000   clock clk_10mhz (rise edge)
                                  0.000000    0.000000   clock network delay (ideal)
                                  0.250000    0.250000   clock uncertainty
                                  0.000000    0.250000   clock reconvergence pessimism
                                              0.250000 ^ _1580_/CLK (sky130_fd_sc_hd__dfrtp_2)
                                 -0.016025    0.233975   library hold time
                                              0.233975   data required time
---------------------------------------------------------------------------------------------
                                              0.233975   data required time
                                             -0.392436   data arrival time
---------------------------------------------------------------------------------------------
                                              0.158461   slack (MET)


Startpoint: _1707_ (rising edge-triggered flip-flop clocked by clk_10mhz)
Endpoint: _1707_ (rising edge-triggered flip-flop clocked by clk_10mhz)
Path Group: clk_10mhz
Path Type: min

Fanout         Cap        Slew       Delay        Time   Description
---------------------------------------------------------------------------------------------
                      0.150000    0.000000    0.000000   clock clk_10mhz (rise edge)
                                  0.000000    0.000000   clock network delay (ideal)
                      0.150000    0.000000    0.000000 ^ _1707_/CLK (sky130_fd_sc_hd__dfrtp_2)
    16    0.036344    0.138012    0.324707    0.324707 ^ _1707_/Q (sky130_fd_sc_hd__dfrtp_2)
                                                         u_fifo.rd_ptr[0] (net)
                      0.138012    0.000000    0.324707 ^ _1246_/A (sky130_fd_sc_hd__nor2_2)
     1    0.004145    0.022261    0.028351    0.353058 v _1246_/Y (sky130_fd_sc_hd__nor2_2)
                                                         _0288_ (net)
                      0.022261    0.000000    0.353058 v _1247_/B (sky130_fd_sc_hd__nor2_2)
     1    0.002087    0.038605    0.039286    0.392344 ^ _1247_/Y (sky130_fd_sc_hd__nor2_2)
                                                         _0210_ (net)
                      0.038605    0.000000    0.392344 ^ _1707_/D (sky130_fd_sc_hd__dfrtp_2)
                                              0.392344   data arrival time

                      0.150000    0.000000    0.000000   clock clk_10mhz (rise edge)
                                  0.000000    0.000000   clock network delay (ideal)
                                  0.250000    0.250000   clock uncertainty
                                  0.000000    0.250000   clock reconvergence pessimism
                                              0.250000 ^ _1707_/CLK (sky130_fd_sc_hd__dfrtp_2)
                                 -0.017153    0.232847   library hold time
                                              0.232847   data required time
---------------------------------------------------------------------------------------------
                                              0.232847   data required time
                                             -0.392344   data arrival time
---------------------------------------------------------------------------------------------
                                              0.159497   slack (MET)


Startpoint: _1765_ (rising edge-triggered flip-flop clocked by clk_10mhz)
Endpoint: _1765_ (rising edge-triggered flip-flop clocked by clk_10mhz)
Path Group: clk_10mhz
Path Type: min

Fanout         Cap        Slew       Delay        Time   Description
---------------------------------------------------------------------------------------------
                      0.150000    0.000000    0.000000   clock clk_10mhz (rise edge)
                                  0.000000    0.000000   clock network delay (ideal)
                      0.150000    0.000000    0.000000 ^ _1765_/CLK (sky130_fd_sc_hd__dfrtp_2)
     8    0.029895    0.116294    0.308769    0.308769 ^ _1765_/Q (sky130_fd_sc_hd__dfrtp_2)
                                                         u_srf_ctrl.echo_counter[10] (net)
                      0.116294    0.000000    0.308769 ^ _1467_/A1 (sky130_fd_sc_hd__o21a_2)
     1    0.002087    0.017698    0.086668    0.395437 ^ _1467_/X (sky130_fd_sc_hd__o21a_2)
                                                         _0268_ (net)
                      0.017698    0.000000    0.395437 ^ _1765_/D (sky130_fd_sc_hd__dfrtp_2)
                                              0.395437   data arrival time

                      0.150000    0.000000    0.000000   clock clk_10mhz (rise edge)
                                  0.000000    0.000000   clock network delay (ideal)
                                  0.250000    0.250000   clock uncertainty
                                  0.000000    0.250000   clock reconvergence pessimism
                                              0.250000 ^ _1765_/CLK (sky130_fd_sc_hd__dfrtp_2)
                                 -0.015647    0.234353   library hold time
                                              0.234353   data required time
---------------------------------------------------------------------------------------------
                                              0.234353   data required time
                                             -0.395437   data arrival time
---------------------------------------------------------------------------------------------
                                              0.161083   slack (MET)


Startpoint: _1497_ (rising edge-triggered flip-flop clocked by clk_10mhz)
Endpoint: _1497_ (rising edge-triggered flip-flop clocked by clk_10mhz)
Path Group: clk_10mhz
Path Type: min

Fanout         Cap        Slew       Delay        Time   Description
---------------------------------------------------------------------------------------------
                      0.150000    0.000000    0.000000   clock clk_10mhz (rise edge)
                                  0.000000    0.000000   clock network delay (ideal)
                      0.150000    0.000000    0.000000 ^ _1497_/CLK (sky130_fd_sc_hd__dfrtp_2)
     5    0.009825    0.049527    0.257105    0.257105 ^ _1497_/Q (sky130_fd_sc_hd__dfrtp_2)
                                                         u_srf_ctrl.timer[1] (net)
                      0.049527    0.000000    0.257105 ^ _0864_/B1 (sky130_fd_sc_hd__a21o_2)
     1    0.001617    0.014957    0.049548    0.306653 ^ _0864_/X (sky130_fd_sc_hd__a21o_2)
                                                         _0558_ (net)
                      0.014957    0.000000    0.306653 ^ _0865_/B (sky130_fd_sc_hd__and3b_2)
     1    0.002087    0.025561    0.088623    0.395276 ^ _0865_/X (sky130_fd_sc_hd__and3b_2)
                                                         _0023_ (net)
                      0.025561    0.000000    0.395276 ^ _1497_/D (sky130_fd_sc_hd__dfrtp_2)
                                              0.395276   data arrival time

                      0.150000    0.000000    0.000000   clock clk_10mhz (rise edge)
                                  0.000000    0.000000   clock network delay (ideal)
                                  0.250000    0.250000   clock uncertainty
                                  0.000000    0.250000   clock reconvergence pessimism
                                              0.250000 ^ _1497_/CLK (sky130_fd_sc_hd__dfrtp_2)
                                 -0.016213    0.233787   library hold time
                                              0.233787   data required time
---------------------------------------------------------------------------------------------
                                              0.233787   data required time
                                             -0.395276   data arrival time
---------------------------------------------------------------------------------------------
                                              0.161489   slack (MET)


Startpoint: _1745_ (rising edge-triggered flip-flop clocked by clk_10mhz)
Endpoint: _1745_ (rising edge-triggered flip-flop clocked by clk_10mhz)
Path Group: clk_10mhz
Path Type: min

Fanout         Cap        Slew       Delay        Time   Description
---------------------------------------------------------------------------------------------
                      0.150000    0.000000    0.000000   clock clk_10mhz (rise edge)
                                  0.000000    0.000000   clock network delay (ideal)
                      0.150000    0.000000    0.000000 ^ _1745_/CLK (sky130_fd_sc_hd__dfrtp_2)
     3    0.008866    0.046463    0.254319    0.254319 ^ _1745_/Q (sky130_fd_sc_hd__dfrtp_2)
                                                         u_uart.clk_count[5] (net)
                      0.046463    0.000000    0.254319 ^ _1411_/A (sky130_fd_sc_hd__nand2_2)
     2    0.006162    0.026895    0.030599    0.284919 v _1411_/Y (sky130_fd_sc_hd__nand2_2)
                                                         _0415_ (net)
                      0.026895    0.000000    0.284919 v _1413_/B (sky130_fd_sc_hd__and3_2)
     1    0.002059    0.022894    0.112058    0.396977 v _1413_/X (sky130_fd_sc_hd__and3_2)
                                                         _0248_ (net)
                      0.022894    0.000000    0.396977 v _1745_/D (sky130_fd_sc_hd__dfrtp_2)
                                              0.396977   data arrival time

                      0.150000    0.000000    0.000000   clock clk_10mhz (rise edge)
                                  0.000000    0.000000   clock network delay (ideal)
                                  0.250000    0.250000   clock uncertainty
                                  0.000000    0.250000   clock reconvergence pessimism
                                              0.250000 ^ _1745_/CLK (sky130_fd_sc_hd__dfrtp_2)
                                 -0.014869    0.235131   library hold time
                                              0.235131   data required time
---------------------------------------------------------------------------------------------
                                              0.235131   data required time
                                             -0.396977   data arrival time
---------------------------------------------------------------------------------------------
                                              0.161846   slack (MET)


Startpoint: _1548_ (rising edge-triggered flip-flop clocked by clk_10mhz)
Endpoint: _1548_ (rising edge-triggered flip-flop clocked by clk_10mhz)
Path Group: clk_10mhz
Path Type: min

Fanout         Cap        Slew       Delay        Time   Description
---------------------------------------------------------------------------------------------
                      0.150000    0.000000    0.000000   clock clk_10mhz (rise edge)
                                  0.000000    0.000000   clock network delay (ideal)
                      0.150000    0.000000    0.000000 ^ _1548_/CLK (sky130_fd_sc_hd__dfrtp_2)
     3    0.008847    0.046402    0.254264    0.254264 ^ _1548_/Q (sky130_fd_sc_hd__dfrtp_2)
                                                         u_max30102_ctrl.clk_div[3] (net)
                      0.046402    0.000000    0.254264 ^ _0820_/B1 (sky130_fd_sc_hd__a31o_2)
     1    0.001693    0.016959    0.053096    0.307360 ^ _0820_/X (sky130_fd_sc_hd__a31o_2)
                                                         _0529_ (net)
                      0.016959    0.000000    0.307360 ^ _0821_/C (sky130_fd_sc_hd__and3_2)
     1    0.002087    0.025351    0.091240    0.398600 ^ _0821_/X (sky130_fd_sc_hd__and3_2)
                                                         _0014_ (net)
                      0.025351    0.000000    0.398600 ^ _1548_/D (sky130_fd_sc_hd__dfrtp_2)
                                              0.398600   data arrival time

                      0.150000    0.000000    0.000000   clock clk_10mhz (rise edge)
                                  0.000000    0.000000   clock network delay (ideal)
                                  0.250000    0.250000   clock uncertainty
                                  0.000000    0.250000   clock reconvergence pessimism
                                              0.250000 ^ _1548_/CLK (sky130_fd_sc_hd__dfrtp_2)
                                 -0.016198    0.233802   library hold time
                                              0.233802   data required time
---------------------------------------------------------------------------------------------
                                              0.233802   data required time
                                             -0.398600   data arrival time
---------------------------------------------------------------------------------------------
                                              0.164798   slack (MET)


Startpoint: _1549_ (rising edge-triggered flip-flop clocked by clk_10mhz)
Endpoint: _1549_ (rising edge-triggered flip-flop clocked by clk_10mhz)
Path Group: clk_10mhz
Path Type: min

Fanout         Cap        Slew       Delay        Time   Description
---------------------------------------------------------------------------------------------
                      0.150000    0.000000    0.000000   clock clk_10mhz (rise edge)
                                  0.000000    0.000000   clock network delay (ideal)
                      0.150000    0.000000    0.000000 ^ _1549_/CLK (sky130_fd_sc_hd__dfrtp_2)
     5    0.012258    0.057299    0.264171    0.264171 ^ _1549_/Q (sky130_fd_sc_hd__dfrtp_2)
                                                         u_max30102_ctrl.clk_div[4] (net)
                      0.057299    0.000000    0.264171 ^ _0822_/A (sky130_fd_sc_hd__nand2_2)
     2    0.009503    0.035791    0.039115    0.303286 v _0822_/Y (sky130_fd_sc_hd__nand2_2)
                                                         _0530_ (net)
                      0.035791    0.000000    0.303286 v _0824_/A (sky130_fd_sc_hd__and2_2)
     1    0.002059    0.023354    0.100022    0.403308 v _0824_/X (sky130_fd_sc_hd__and2_2)
                                                         _0015_ (net)
                      0.023354    0.000000    0.403308 v _1549_/D (sky130_fd_sc_hd__dfrtp_2)
                                              0.403308   data arrival time

                      0.150000    0.000000    0.000000   clock clk_10mhz (rise edge)
                                  0.000000    0.000000   clock network delay (ideal)
                                  0.250000    0.250000   clock uncertainty
                                  0.000000    0.250000   clock reconvergence pessimism
                                              0.250000 ^ _1549_/CLK (sky130_fd_sc_hd__dfrtp_2)
                                 -0.015017    0.234983   library hold time
                                              0.234983   data required time
---------------------------------------------------------------------------------------------
                                              0.234983   data required time
                                             -0.403308   data arrival time
---------------------------------------------------------------------------------------------
                                              0.168325   slack (MET)


Startpoint: _1546_ (rising edge-triggered flip-flop clocked by clk_10mhz)
Endpoint: _1546_ (rising edge-triggered flip-flop clocked by clk_10mhz)
Path Group: clk_10mhz
Path Type: min

Fanout         Cap        Slew       Delay        Time   Description
---------------------------------------------------------------------------------------------
                      0.150000    0.000000    0.000000   clock clk_10mhz (rise edge)
                                  0.000000    0.000000   clock network delay (ideal)
                      0.150000    0.000000    0.000000 ^ _1546_/CLK (sky130_fd_sc_hd__dfrtp_2)
     5    0.011963    0.056357    0.263314    0.263314 ^ _1546_/Q (sky130_fd_sc_hd__dfrtp_2)
                                                         u_max30102_ctrl.clk_div[1] (net)
                      0.056357    0.000000    0.263314 ^ _0811_/A (sky130_fd_sc_hd__nand2_2)
     2    0.009497    0.035583    0.038998    0.302312 v _0811_/Y (sky130_fd_sc_hd__nand2_2)
                                                         _0522_ (net)
                      0.035583    0.000000    0.302312 v _0816_/A (sky130_fd_sc_hd__and3_2)
     1    0.002059    0.022824    0.102675    0.404987 v _0816_/X (sky130_fd_sc_hd__and3_2)
                                                         _0012_ (net)
                      0.022824    0.000000    0.404987 v _1546_/D (sky130_fd_sc_hd__dfrtp_2)
                                              0.404987   data arrival time

                      0.150000    0.000000    0.000000   clock clk_10mhz (rise edge)
                                  0.000000    0.000000   clock network delay (ideal)
                                  0.250000    0.250000   clock uncertainty
                                  0.000000    0.250000   clock reconvergence pessimism
                                              0.250000 ^ _1546_/CLK (sky130_fd_sc_hd__dfrtp_2)
                                 -0.014847    0.235153   library hold time
                                              0.235153   data required time
---------------------------------------------------------------------------------------------
                                              0.235153   data required time
                                             -0.404987   data arrival time
---------------------------------------------------------------------------------------------
                                              0.169833   slack (MET)


Startpoint: _1586_ (rising edge-triggered flip-flop clocked by clk_10mhz)
Endpoint: _1586_ (rising edge-triggered flip-flop clocked by clk_10mhz)
Path Group: clk_10mhz
Path Type: min

Fanout         Cap        Slew       Delay        Time   Description
---------------------------------------------------------------------------------------------
                      0.150000    0.000000    0.000000   clock clk_10mhz (rise edge)
                                  0.000000    0.000000   clock network delay (ideal)
                      0.150000    0.000000    0.000000 ^ _1586_/CLK (sky130_fd_sc_hd__dfrtp_2)
    17    0.033303    0.127771    0.317191    0.317191 ^ _1586_/Q (sky130_fd_sc_hd__dfrtp_2)
                                                         fifo_din[4] (net)
                      0.127771    0.000000    0.317191 ^ _1100_/A0 (sky130_fd_sc_hd__mux2_1)
     1    0.002087    0.025726    0.088549    0.405740 ^ _1100_/X (sky130_fd_sc_hd__mux2_1)
                                                         _0090_ (net)
                      0.025726    0.000000    0.405740 ^ _1586_/D (sky130_fd_sc_hd__dfrtp_2)
                                              0.405740   data arrival time

                      0.150000    0.000000    0.000000   clock clk_10mhz (rise edge)
                                  0.000000    0.000000   clock network delay (ideal)
                                  0.250000    0.250000   clock uncertainty
                                  0.000000    0.250000   clock reconvergence pessimism
                                              0.250000 ^ _1586_/CLK (sky130_fd_sc_hd__dfrtp_2)
                                 -0.016225    0.233775   library hold time
                                              0.233775   data required time
---------------------------------------------------------------------------------------------
                                              0.233775   data required time
                                             -0.405740   data arrival time
---------------------------------------------------------------------------------------------
                                              0.171966   slack (MET)


Startpoint: _1588_ (rising edge-triggered flip-flop clocked by clk_10mhz)
Endpoint: _1588_ (rising edge-triggered flip-flop clocked by clk_10mhz)
Path Group: clk_10mhz
Path Type: min

Fanout         Cap        Slew       Delay        Time   Description
---------------------------------------------------------------------------------------------
                      0.150000    0.000000    0.000000   clock clk_10mhz (rise edge)
                                  0.000000    0.000000   clock network delay (ideal)
                      0.150000    0.000000    0.000000 ^ _1588_/CLK (sky130_fd_sc_hd__dfrtp_2)
    17    0.033303    0.127771    0.317191    0.317191 ^ _1588_/Q (sky130_fd_sc_hd__dfrtp_2)
                                                         fifo_din[6] (net)
                      0.127771    0.000000    0.317191 ^ _1104_/A0 (sky130_fd_sc_hd__mux2_1)
     1    0.002087    0.025726    0.088549    0.405740 ^ _1104_/X (sky130_fd_sc_hd__mux2_1)
                                                         _0092_ (net)
                      0.025726    0.000000    0.405740 ^ _1588_/D (sky130_fd_sc_hd__dfrtp_2)
                                              0.405740   data arrival time

                      0.150000    0.000000    0.000000   clock clk_10mhz (rise edge)
                                  0.000000    0.000000   clock network delay (ideal)
                                  0.250000    0.250000   clock uncertainty
                                  0.000000    0.250000   clock reconvergence pessimism
                                              0.250000 ^ _1588_/CLK (sky130_fd_sc_hd__dfrtp_2)
                                 -0.016225    0.233775   library hold time
                                              0.233775   data required time
---------------------------------------------------------------------------------------------
                                              0.233775   data required time
                                             -0.405740   data arrival time
---------------------------------------------------------------------------------------------
                                              0.171966   slack (MET)


Startpoint: _1589_ (rising edge-triggered flip-flop clocked by clk_10mhz)
Endpoint: _1589_ (rising edge-triggered flip-flop clocked by clk_10mhz)
Path Group: clk_10mhz
Path Type: min

Fanout         Cap        Slew       Delay        Time   Description
---------------------------------------------------------------------------------------------
                      0.150000    0.000000    0.000000   clock clk_10mhz (rise edge)
                                  0.000000    0.000000   clock network delay (ideal)
                      0.150000    0.000000    0.000000 ^ _1589_/CLK (sky130_fd_sc_hd__dfrtp_2)
    17    0.034048    0.130280    0.319032    0.319032 ^ _1589_/Q (sky130_fd_sc_hd__dfrtp_2)
                                                         fifo_din[7] (net)
                      0.130280    0.000000    0.319032 ^ _1105_/A1 (sky130_fd_sc_hd__o21a_2)
     1    0.002087    0.017727    0.088357    0.407390 ^ _1105_/X (sky130_fd_sc_hd__o21a_2)
                                                         _0093_ (net)
                      0.017727    0.000000    0.407390 ^ _1589_/D (sky130_fd_sc_hd__dfrtp_2)
                                              0.407390   data arrival time

                      0.150000    0.000000    0.000000   clock clk_10mhz (rise edge)
                                  0.000000    0.000000   clock network delay (ideal)
                                  0.250000    0.250000   clock uncertainty
                                  0.000000    0.250000   clock reconvergence pessimism
                                              0.250000 ^ _1589_/CLK (sky130_fd_sc_hd__dfrtp_2)
                                 -0.015649    0.234351   library hold time
                                              0.234351   data required time
---------------------------------------------------------------------------------------------
                                              0.234351   data required time
                                             -0.407390   data arrival time
---------------------------------------------------------------------------------------------
                                              0.173039   slack (MET)


Startpoint: _1771_ (rising edge-triggered flip-flop clocked by clk_10mhz)
Endpoint: _1708_ (rising edge-triggered flip-flop clocked by clk_10mhz)
Path Group: clk_10mhz
Path Type: min

Fanout         Cap        Slew       Delay        Time   Description
---------------------------------------------------------------------------------------------
                      0.150000    0.000000    0.000000   clock clk_10mhz (rise edge)
                                  0.000000    0.000000   clock network delay (ideal)
                      0.150000    0.000000    0.000000 ^ _1771_/CLK (sky130_fd_sc_hd__dfrtp_2)
     2    0.003197    0.027967    0.236374    0.236374 ^ _1771_/Q (sky130_fd_sc_hd__dfrtp_2)
                                                         fifo_rd_en (net)
                      0.027967    0.000000    0.236374 ^ _1245_/B (sky130_fd_sc_hd__and3_2)
     4    0.019772    0.086506    0.143460    0.379833 ^ _1245_/X (sky130_fd_sc_hd__and3_2)
                                                         _0287_ (net)
                      0.086506    0.000000    0.379833 ^ _1248_/B (sky130_fd_sc_hd__xnor2_2)
     1    0.002059    0.021480    0.031255    0.411088 v _1248_/Y (sky130_fd_sc_hd__xnor2_2)
                                                         _0211_ (net)
                      0.021480    0.000000    0.411088 v _1708_/D (sky130_fd_sc_hd__dfrtp_2)
                                              0.411088   data arrival time

                      0.150000    0.000000    0.000000   clock clk_10mhz (rise edge)
                                  0.000000    0.000000   clock network delay (ideal)
                                  0.250000    0.250000   clock uncertainty
                                  0.000000    0.250000   clock reconvergence pessimism
                                              0.250000 ^ _1708_/CLK (sky130_fd_sc_hd__dfrtp_2)
                                 -0.014416    0.235584   library hold time
                                              0.235584   data required time
---------------------------------------------------------------------------------------------
                                              0.235584   data required time
                                             -0.411088   data arrival time
---------------------------------------------------------------------------------------------
                                              0.175504   slack (MET)


Startpoint: _1499_ (rising edge-triggered flip-flop clocked by clk_10mhz)
Endpoint: _1499_ (rising edge-triggered flip-flop clocked by clk_10mhz)
Path Group: clk_10mhz
Path Type: min

Fanout         Cap        Slew       Delay        Time   Description
---------------------------------------------------------------------------------------------
                      0.150000    0.000000    0.000000   clock clk_10mhz (rise edge)
                                  0.000000    0.000000   clock network delay (ideal)
                      0.150000    0.000000    0.000000 ^ _1499_/CLK (sky130_fd_sc_hd__dfrtp_2)
     4    0.014906    0.065814    0.271725    0.271725 ^ _1499_/Q (sky130_fd_sc_hd__dfrtp_2)
                                                         u_srf_ctrl.timer[3] (net)
                      0.065814    0.000000    0.271725 ^ _0870_/A (sky130_fd_sc_hd__xnor2_2)
     1    0.001632    0.021172    0.064861    0.336586 ^ _0870_/Y (sky130_fd_sc_hd__xnor2_2)
                                                         _0562_ (net)
                      0.021172    0.000000    0.336586 ^ _0871_/B (sky130_fd_sc_hd__and2_2)
     1    0.002087    0.022948    0.073412    0.409998 ^ _0871_/X (sky130_fd_sc_hd__and2_2)
                                                         _0025_ (net)
                      0.022948    0.000000    0.409998 ^ _1499_/D (sky130_fd_sc_hd__dfrtp_2)
                                              0.409998   data arrival time

                      0.150000    0.000000    0.000000   clock clk_10mhz (rise edge)
                                  0.000000    0.000000   clock network delay (ideal)
                                  0.250000    0.250000   clock uncertainty
                                  0.000000    0.250000   clock reconvergence pessimism
                                              0.250000 ^ _1499_/CLK (sky130_fd_sc_hd__dfrtp_2)
                                 -0.016025    0.233975   library hold time
                                              0.233975   data required time
---------------------------------------------------------------------------------------------
                                              0.233975   data required time
                                             -0.409998   data arrival time
---------------------------------------------------------------------------------------------
                                              0.176023   slack (MET)


Startpoint: _1498_ (rising edge-triggered flip-flop clocked by clk_10mhz)
Endpoint: _1498_ (rising edge-triggered flip-flop clocked by clk_10mhz)
Path Group: clk_10mhz
Path Type: min

Fanout         Cap        Slew       Delay        Time   Description
---------------------------------------------------------------------------------------------
                      0.150000    0.000000    0.000000   clock clk_10mhz (rise edge)
                                  0.000000    0.000000   clock network delay (ideal)
                      0.150000    0.000000    0.000000 ^ _1498_/CLK (sky130_fd_sc_hd__dfrtp_2)
     5    0.012020    0.056539    0.263480    0.263480 ^ _1498_/Q (sky130_fd_sc_hd__dfrtp_2)
                                                         u_srf_ctrl.timer[2] (net)
                      0.056539    0.000000    0.263480 ^ _0866_/A (sky130_fd_sc_hd__nand2_2)
     2    0.009551    0.032553    0.039131    0.302611 v _0866_/Y (sky130_fd_sc_hd__nand2_2)
                                                         _0559_ (net)
                      0.032553    0.000000    0.302611 v _0868_/B (sky130_fd_sc_hd__and3_2)
     1    0.002059    0.022783    0.114204    0.416815 v _0868_/X (sky130_fd_sc_hd__and3_2)
                                                         _0024_ (net)
                      0.022783    0.000000    0.416815 v _1498_/D (sky130_fd_sc_hd__dfrtp_2)
                                              0.416815   data arrival time

                      0.150000    0.000000    0.000000   clock clk_10mhz (rise edge)
                                  0.000000    0.000000   clock network delay (ideal)
                                  0.250000    0.250000   clock uncertainty
                                  0.000000    0.250000   clock reconvergence pessimism
                                              0.250000 ^ _1498_/CLK (sky130_fd_sc_hd__dfrtp_2)
                                 -0.014834    0.235166   library hold time
                                              0.235166   data required time
---------------------------------------------------------------------------------------------
                                              0.235166   data required time
                                             -0.416815   data arrival time
---------------------------------------------------------------------------------------------
                                              0.181648   slack (MET)


Startpoint: _1715_ (rising edge-triggered flip-flop clocked by clk_10mhz)
Endpoint: _1715_ (rising edge-triggered flip-flop clocked by clk_10mhz)
Path Group: clk_10mhz
Path Type: min

Fanout         Cap        Slew       Delay        Time   Description
---------------------------------------------------------------------------------------------
                      0.150000    0.000000    0.000000   clock clk_10mhz (rise edge)
                                  0.000000    0.000000   clock network delay (ideal)
                      0.150000    0.000000    0.000000 ^ _1715_/CLK (sky130_fd_sc_hd__dfrtp_2)
     7    0.022241    0.090516    0.289853    0.289853 ^ _1715_/Q (sky130_fd_sc_hd__dfrtp_2)
                                                         u_fifo.wr_ptr[3] (net)
                      0.090516    0.000000    0.289853 ^ _1261_/B1 (sky130_fd_sc_hd__a21o_2)
     1    0.001786    0.016914    0.054902    0.344754 ^ _1261_/X (sky130_fd_sc_hd__a21o_2)
                                                         _0295_ (net)
                      0.016914    0.000000    0.344754 ^ _1262_/B (sky130_fd_sc_hd__and2b_2)
     1    0.002087    0.021552    0.072758    0.417513 ^ _1262_/X (sky130_fd_sc_hd__and2b_2)
                                                         _0218_ (net)
                      0.021552    0.000000    0.417513 ^ _1715_/D (sky130_fd_sc_hd__dfrtp_2)
                                              0.417513   data arrival time

                      0.150000    0.000000    0.000000   clock clk_10mhz (rise edge)
                                  0.000000    0.000000   clock network delay (ideal)
                                  0.250000    0.250000   clock uncertainty
                                  0.000000    0.250000   clock reconvergence pessimism
                                              0.250000 ^ _1715_/CLK (sky130_fd_sc_hd__dfrtp_2)
                                 -0.015925    0.234075   library hold time
                                              0.234075   data required time
---------------------------------------------------------------------------------------------
                                              0.234075   data required time
                                             -0.417513   data arrival time
---------------------------------------------------------------------------------------------
                                              0.183437   slack (MET)


Startpoint: _1591_ (rising edge-triggered flip-flop clocked by clk_10mhz)
Endpoint: _1591_ (rising edge-triggered flip-flop clocked by clk_10mhz)
Path Group: clk_10mhz
Path Type: min

Fanout         Cap        Slew       Delay        Time   Description
---------------------------------------------------------------------------------------------
                      0.150000    0.000000    0.000000   clock clk_10mhz (rise edge)
                                  0.000000    0.000000   clock network delay (ideal)
                      0.150000    0.000000    0.000000 ^ _1591_/CLK (sky130_fd_sc_hd__dfrtp_2)
     5    0.015789    0.068787    0.273907    0.273907 ^ _1591_/Q (sky130_fd_sc_hd__dfrtp_2)
                                                         u_packet_assembler.state[0] (net)
                      0.068787    0.000000    0.273907 ^ _0759_/A (sky130_fd_sc_hd__inv_2)
     4    0.011331    0.029841    0.032083    0.305990 v _0759_/Y (sky130_fd_sc_hd__inv_2)
                                                         _0477_ (net)
                      0.029841    0.000000    0.305990 v _1109_/S (sky130_fd_sc_hd__mux2_1)
     1    0.002087    0.025489    0.117835    0.423825 ^ _1109_/X (sky130_fd_sc_hd__mux2_1)
                                                         _0094_ (net)
                      0.025489    0.000000    0.423825 ^ _1591_/D (sky130_fd_sc_hd__dfrtp_2)
                                              0.423825   data arrival time

                      0.150000    0.000000    0.000000   clock clk_10mhz (rise edge)
                                  0.000000    0.000000   clock network delay (ideal)
                                  0.250000    0.250000   clock uncertainty
                                  0.000000    0.250000   clock reconvergence pessimism
                                              0.250000 ^ _1591_/CLK (sky130_fd_sc_hd__dfrtp_2)
                                 -0.016208    0.233792   library hold time
                                              0.233792   data required time
---------------------------------------------------------------------------------------------
                                              0.233792   data required time
                                             -0.423825   data arrival time
---------------------------------------------------------------------------------------------
                                              0.190033   slack (MET)


Startpoint: _1763_ (rising edge-triggered flip-flop clocked by clk_10mhz)
Endpoint: _1763_ (rising edge-triggered flip-flop clocked by clk_10mhz)
Path Group: clk_10mhz
Path Type: min

Fanout         Cap        Slew       Delay        Time   Description
---------------------------------------------------------------------------------------------
                      0.150000    0.000000    0.000000   clock clk_10mhz (rise edge)
                                  0.000000    0.000000   clock network delay (ideal)
                      0.150000    0.000000    0.000000 ^ _1763_/CLK (sky130_fd_sc_hd__dfrtp_2)
     8    0.029852    0.116149    0.308662    0.308662 ^ _1763_/Q (sky130_fd_sc_hd__dfrtp_2)
                                                         u_srf_ctrl.echo_counter[8] (net)
                      0.116149    0.000000    0.308662 ^ _1460_/A (sky130_fd_sc_hd__nor2_2)
     1    0.004091    0.021342    0.028614    0.337276 v _1460_/Y (sky130_fd_sc_hd__nor2_2)
                                                         _0446_ (net)
                      0.021342    0.000000    0.337276 v _1462_/B (sky130_fd_sc_hd__nor3_2)
     1    0.002087    0.071036    0.083297    0.420573 ^ _1462_/Y (sky130_fd_sc_hd__nor3_2)
                                                         _0266_ (net)
                      0.071036    0.000000    0.420573 ^ _1763_/D (sky130_fd_sc_hd__dfrtp_2)
                                              0.420573   data arrival time

                      0.150000    0.000000    0.000000   clock clk_10mhz (rise edge)
                                  0.000000    0.000000   clock network delay (ideal)
                                  0.250000    0.250000   clock uncertainty
                                  0.000000    0.250000   clock reconvergence pessimism
                                              0.250000 ^ _1763_/CLK (sky130_fd_sc_hd__dfrtp_2)
                                 -0.019490    0.230510   library hold time
                                              0.230510   data required time
---------------------------------------------------------------------------------------------
                                              0.230510   data required time
                                             -0.420573   data arrival time
---------------------------------------------------------------------------------------------
                                              0.190063   slack (MET)


Startpoint: _1762_ (rising edge-triggered flip-flop clocked by clk_10mhz)
Endpoint: _1762_ (rising edge-triggered flip-flop clocked by clk_10mhz)
Path Group: clk_10mhz
Path Type: min

Fanout         Cap        Slew       Delay        Time   Description
---------------------------------------------------------------------------------------------
                      0.150000    0.000000    0.000000   clock clk_10mhz (rise edge)
                                  0.000000    0.000000   clock network delay (ideal)
                      0.150000    0.000000    0.000000 ^ _1762_/CLK (sky130_fd_sc_hd__dfrtp_2)
    11    0.033790    0.129411    0.318395    0.318395 ^ _1762_/Q (sky130_fd_sc_hd__dfrtp_2)
                                                         u_srf_ctrl.echo_counter[7] (net)
                      0.129411    0.000000    0.318395 ^ _1459_/A1 (sky130_fd_sc_hd__o211a_2)
     1    0.002087    0.023749    0.106932    0.425327 ^ _1459_/X (sky130_fd_sc_hd__o211a_2)
                                                         _0265_ (net)
                      0.023749    0.000000    0.425327 ^ _1762_/D (sky130_fd_sc_hd__dfrtp_2)
                                              0.425327   data arrival time

                      0.150000    0.000000    0.000000   clock clk_10mhz (rise edge)
                                  0.000000    0.000000   clock network delay (ideal)
                                  0.250000    0.250000   clock uncertainty
                                  0.000000    0.250000   clock reconvergence pessimism
                                              0.250000 ^ _1762_/CLK (sky130_fd_sc_hd__dfrtp_2)
                                 -0.016083    0.233917   library hold time
                                              0.233917   data required time
---------------------------------------------------------------------------------------------
                                              0.233917   data required time
                                             -0.425327   data arrival time
---------------------------------------------------------------------------------------------
                                              0.191410   slack (MET)


Startpoint: _1764_ (rising edge-triggered flip-flop clocked by clk_10mhz)
Endpoint: _1764_ (rising edge-triggered flip-flop clocked by clk_10mhz)
Path Group: clk_10mhz
Path Type: min

Fanout         Cap        Slew       Delay        Time   Description
---------------------------------------------------------------------------------------------
                      0.150000    0.000000    0.000000   clock clk_10mhz (rise edge)
                                  0.000000    0.000000   clock network delay (ideal)
                      0.150000    0.000000    0.000000 ^ _1764_/CLK (sky130_fd_sc_hd__dfrtp_2)
     8    0.029466    0.072476    0.318755    0.318755 v _1764_/Q (sky130_fd_sc_hd__dfrtp_2)
                                                         u_srf_ctrl.echo_counter[9] (net)
                      0.072476    0.000000    0.318755 v _1463_/A (sky130_fd_sc_hd__nor2_2)
     1    0.004698    0.058466    0.087760    0.406516 ^ _1463_/Y (sky130_fd_sc_hd__nor2_2)
                                                         _0448_ (net)
                      0.058466    0.000000    0.406516 ^ _1465_/B (sky130_fd_sc_hd__nor3_2)
     1    0.002059    0.016173    0.025493    0.432008 v _1465_/Y (sky130_fd_sc_hd__nor3_2)
                                                         _0267_ (net)
                      0.016173    0.000000    0.432008 v _1764_/D (sky130_fd_sc_hd__dfrtp_2)
                                              0.432008   data arrival time

                      0.150000    0.000000    0.000000   clock clk_10mhz (rise edge)
                                  0.000000    0.000000   clock network delay (ideal)
                                  0.250000    0.250000   clock uncertainty
                                  0.000000    0.250000   clock reconvergence pessimism
                                              0.250000 ^ _1764_/CLK (sky130_fd_sc_hd__dfrtp_2)
                                 -0.012713    0.237287   library hold time
                                              0.237287   data required time
---------------------------------------------------------------------------------------------
                                              0.237287   data required time
                                             -0.432008   data arrival time
---------------------------------------------------------------------------------------------
                                              0.194721   slack (MET)


Startpoint: _1710_ (rising edge-triggered flip-flop clocked by clk_10mhz)
Endpoint: _1710_ (rising edge-triggered flip-flop clocked by clk_10mhz)
Path Group: clk_10mhz
Path Type: min

Fanout         Cap        Slew       Delay        Time   Description
---------------------------------------------------------------------------------------------
                      0.150000    0.000000    0.000000   clock clk_10mhz (rise edge)
                                  0.000000    0.000000   clock network delay (ideal)
                      0.150000    0.000000    0.000000 ^ _1710_/CLK (sky130_fd_sc_hd__dfrtp_2)
     9    0.026277    0.067789    0.313563    0.313563 v _1710_/Q (sky130_fd_sc_hd__dfrtp_2)
                                                         u_fifo.rd_ptr[3] (net)
                      0.067789    0.000000    0.313563 v _0756_/A (sky130_fd_sc_hd__inv_2)
     8    0.023629    0.087332    0.092221    0.405784 ^ _0756_/Y (sky130_fd_sc_hd__inv_2)
                                                         _0475_ (net)
                      0.087332    0.000000    0.405784 ^ _1254_/A (sky130_fd_sc_hd__xnor2_2)
     1    0.002059    0.020133    0.038715    0.444499 v _1254_/Y (sky130_fd_sc_hd__xnor2_2)
                                                         _0213_ (net)
                      0.020133    0.000000    0.444499 v _1710_/D (sky130_fd_sc_hd__dfrtp_2)
                                              0.444499   data arrival time

                      0.150000    0.000000    0.000000   clock clk_10mhz (rise edge)
                                  0.000000    0.000000   clock network delay (ideal)
                                  0.250000    0.250000   clock uncertainty
                                  0.000000    0.250000   clock reconvergence pessimism
                                              0.250000 ^ _1710_/CLK (sky130_fd_sc_hd__dfrtp_2)
                                 -0.013983    0.236017   library hold time
                                              0.236017   data required time
---------------------------------------------------------------------------------------------
                                              0.236017   data required time
                                             -0.444499   data arrival time
---------------------------------------------------------------------------------------------
                                              0.208482   slack (MET)


Startpoint: _1713_ (rising edge-triggered flip-flop clocked by clk_10mhz)
Endpoint: _1713_ (rising edge-triggered flip-flop clocked by clk_10mhz)
Path Group: clk_10mhz
Path Type: min

Fanout         Cap        Slew       Delay        Time   Description
---------------------------------------------------------------------------------------------
                      0.150000    0.000000    0.000000   clock clk_10mhz (rise edge)
                                  0.000000    0.000000   clock network delay (ideal)
                      0.150000    0.000000    0.000000 ^ _1713_/CLK (sky130_fd_sc_hd__dfrtp_2)
    13    0.031472    0.121605    0.312666    0.312666 ^ _1713_/Q (sky130_fd_sc_hd__dfrtp_2)
                                                         u_fifo.wr_ptr[1] (net)
                      0.121605    0.000000    0.312666 ^ _1257_/B1_N (sky130_fd_sc_hd__a21boi_2)
     1    0.001587    0.029900    0.085077    0.397743 ^ _1257_/Y (sky130_fd_sc_hd__a21boi_2)
                                                         _0293_ (net)
                      0.029900    0.000000    0.397743 ^ _1258_/B (sky130_fd_sc_hd__or2_2)
     1    0.002087    0.018835    0.058290    0.456033 ^ _1258_/X (sky130_fd_sc_hd__or2_2)
                                                         _0216_ (net)
                      0.018835    0.000000    0.456033 ^ _1713_/D (sky130_fd_sc_hd__dfrtp_2)
                                              0.456033   data arrival time

                      0.150000    0.000000    0.000000   clock clk_10mhz (rise edge)
                                  0.000000    0.000000   clock network delay (ideal)
                                  0.250000    0.250000   clock uncertainty
                                  0.000000    0.250000   clock reconvergence pessimism
                                              0.250000 ^ _1713_/CLK (sky130_fd_sc_hd__dfrtp_2)
                                 -0.015729    0.234271   library hold time
                                              0.234271   data required time
---------------------------------------------------------------------------------------------
                                              0.234271   data required time
                                             -0.456033   data arrival time
---------------------------------------------------------------------------------------------
                                              0.221762   slack (MET)


Startpoint: _1776_ (rising edge-triggered flip-flop clocked by clk_10mhz)
Endpoint: _1771_ (rising edge-triggered flip-flop clocked by clk_10mhz)
Path Group: clk_10mhz
Path Type: min

Fanout         Cap        Slew       Delay        Time   Description
---------------------------------------------------------------------------------------------
                      0.150000    0.000000    0.000000   clock clk_10mhz (rise edge)
                                  0.000000    0.000000   clock network delay (ideal)
                      0.150000    0.000000    0.000000 ^ _1776_/CLK (sky130_fd_sc_hd__dfrtp_2)
     5    0.015008    0.066157    0.271977    0.271977 ^ _1776_/Q (sky130_fd_sc_hd__dfrtp_2)
                                                         u_uart.state[1] (net)
                      0.066157    0.000000    0.271977 ^ _0777_/A (sky130_fd_sc_hd__nor2_2)
     9    0.013466    0.036323    0.041506    0.313483 v _0777_/Y (sky130_fd_sc_hd__nor2_2)
                                                         _0493_ (net)
                      0.036323    0.000000    0.313483 v _0779_/B (sky130_fd_sc_hd__and2_2)
    11    0.036466    0.075224    0.174190    0.487673 v _0779_/X (sky130_fd_sc_hd__and2_2)
                                                         _0004_ (net)
                      0.075224    0.000000    0.487673 v _1771_/D (sky130_fd_sc_hd__dfrtp_2)
                                              0.487673   data arrival time

                      0.150000    0.000000    0.000000   clock clk_10mhz (rise edge)
                                  0.000000    0.000000   clock network delay (ideal)
                                  0.250000    0.250000   clock uncertainty
                                  0.000000    0.250000   clock reconvergence pessimism
                                              0.250000 ^ _1771_/CLK (sky130_fd_sc_hd__dfrtp_2)
                                 -0.031658    0.218342   library hold time
                                              0.218342   data required time
---------------------------------------------------------------------------------------------
                                              0.218342   data required time
                                             -0.487673   data arrival time
---------------------------------------------------------------------------------------------
                                              0.269330   slack (MET)


Startpoint: _1594_ (rising edge-triggered flip-flop clocked by clk_10mhz)
Endpoint: _1590_ (rising edge-triggered flip-flop clocked by clk_10mhz)
Path Group: clk_10mhz
Path Type: min

Fanout         Cap        Slew       Delay        Time   Description
---------------------------------------------------------------------------------------------
                      0.150000    0.000000    0.000000   clock clk_10mhz (rise edge)
                                  0.000000    0.000000   clock network delay (ideal)
                      0.150000    0.000000    0.000000 ^ _1594_/CLK (sky130_fd_sc_hd__dfrtp_2)
     8    0.022769    0.092295    0.291157    0.291157 ^ _1594_/Q (sky130_fd_sc_hd__dfrtp_2)
                                                         u_packet_assembler.state[3] (net)
                      0.092295    0.000000    0.291157 ^ _0853_/A2 (sky130_fd_sc_hd__o21bai_2)
     2    0.006252    0.032868    0.042772    0.333930 v _0853_/Y (sky130_fd_sc_hd__o21bai_2)
                                                         _0549_ (net)
                      0.032868    0.000000    0.333930 v _0854_/B (sky130_fd_sc_hd__and2b_2)
    10    0.028968    0.066337    0.164082    0.498012 v _0854_/X (sky130_fd_sc_hd__and2b_2)
                                                         _0021_ (net)
                      0.066337    0.000000    0.498012 v _1590_/D (sky130_fd_sc_hd__dfrtp_2)
                                              0.498012   data arrival time

                      0.150000    0.000000    0.000000   clock clk_10mhz (rise edge)
                                  0.000000    0.000000   clock network delay (ideal)
                                  0.250000    0.250000   clock uncertainty
                                  0.000000    0.250000   clock reconvergence pessimism
                                              0.250000 ^ _1590_/CLK (sky130_fd_sc_hd__dfrtp_2)
                                 -0.028806    0.221194   library hold time
                                              0.221194   data required time
---------------------------------------------------------------------------------------------
                                              0.221194   data required time
                                             -0.498012   data arrival time
---------------------------------------------------------------------------------------------
                                              0.276818   slack (MET)


Startpoint: _1495_ (rising edge-triggered flip-flop clocked by clk_10mhz)
Endpoint: _1520_ (removal check against rising-edge clock clk_10mhz)
Path Group: asynchronous
Path Type: min

Fanout         Cap        Slew       Delay        Time   Description
---------------------------------------------------------------------------------------------
                      0.150000    0.000000    0.000000   clock clk_10mhz (rise edge)
                                  0.000000    0.000000   clock network delay (ideal)
                      0.150000    0.000000    0.000000 ^ _1495_/CLK (sky130_fd_sc_hd__dfrtp_2)
     2    0.035074    0.133735    0.321568    0.321568 ^ _1495_/Q (sky130_fd_sc_hd__dfrtp_2)
                                                         pwr_ctrl (net)
                      0.133735    0.000000    0.321568 ^ _0807_/B (sky130_fd_sc_hd__and2_2)
    54    0.195263    0.734235    0.593556    0.915124 ^ _0807_/X (sky130_fd_sc_hd__and2_2)
                                                         u_max30102_ctrl.rst_n (net)
                      0.734235    0.000000    0.915124 ^ _1520_/RESET_B (sky130_fd_sc_hd__dfrtp_2)
                                              0.915124   data arrival time

                      0.150000    0.000000    0.000000   clock clk_10mhz (rise edge)
                                  0.000000    0.000000   clock network delay (ideal)
                                  0.250000    0.250000   clock uncertainty
                                  0.000000    0.250000   clock reconvergence pessimism
                                              0.250000 ^ _1520_/CLK (sky130_fd_sc_hd__dfrtp_2)
                                  0.386551    0.636551   library removal time
                                              0.636551   data required time
---------------------------------------------------------------------------------------------
                                              0.636551   data required time
                                             -0.915124   data arrival time
---------------------------------------------------------------------------------------------
                                              0.278573   slack (MET)


Startpoint: _1495_ (rising edge-triggered flip-flop clocked by clk_10mhz)
Endpoint: _1521_ (removal check against rising-edge clock clk_10mhz)
Path Group: asynchronous
Path Type: min

Fanout         Cap        Slew       Delay        Time   Description
---------------------------------------------------------------------------------------------
                      0.150000    0.000000    0.000000   clock clk_10mhz (rise edge)
                                  0.000000    0.000000   clock network delay (ideal)
                      0.150000    0.000000    0.000000 ^ _1495_/CLK (sky130_fd_sc_hd__dfrtp_2)
     2    0.035074    0.133735    0.321568    0.321568 ^ _1495_/Q (sky130_fd_sc_hd__dfrtp_2)
                                                         pwr_ctrl (net)
                      0.133735    0.000000    0.321568 ^ _0807_/B (sky130_fd_sc_hd__and2_2)
    54    0.195263    0.734235    0.593556    0.915124 ^ _0807_/X (sky130_fd_sc_hd__and2_2)
                                                         u_max30102_ctrl.rst_n (net)
                      0.734235    0.000000    0.915124 ^ _1521_/RESET_B (sky130_fd_sc_hd__dfrtp_2)
                                              0.915124   data arrival time

                      0.150000    0.000000    0.000000   clock clk_10mhz (rise edge)
                                  0.000000    0.000000   clock network delay (ideal)
                                  0.250000    0.250000   clock uncertainty
                                  0.000000    0.250000   clock reconvergence pessimism
                                              0.250000 ^ _1521_/CLK (sky130_fd_sc_hd__dfrtp_2)
                                  0.386551    0.636551   library removal time
                                              0.636551   data required time
---------------------------------------------------------------------------------------------
                                              0.636551   data required time
                                             -0.915124   data arrival time
---------------------------------------------------------------------------------------------
                                              0.278573   slack (MET)


Startpoint: _1495_ (rising edge-triggered flip-flop clocked by clk_10mhz)
Endpoint: _1522_ (removal check against rising-edge clock clk_10mhz)
Path Group: asynchronous
Path Type: min

Fanout         Cap        Slew       Delay        Time   Description
---------------------------------------------------------------------------------------------
                      0.150000    0.000000    0.000000   clock clk_10mhz (rise edge)
                                  0.000000    0.000000   clock network delay (ideal)
                      0.150000    0.000000    0.000000 ^ _1495_/CLK (sky130_fd_sc_hd__dfrtp_2)
     2    0.035074    0.133735    0.321568    0.321568 ^ _1495_/Q (sky130_fd_sc_hd__dfrtp_2)
                                                         pwr_ctrl (net)
                      0.133735    0.000000    0.321568 ^ _0807_/B (sky130_fd_sc_hd__and2_2)
    54    0.195263    0.734235    0.593556    0.915124 ^ _0807_/X (sky130_fd_sc_hd__and2_2)
                                                         u_max30102_ctrl.rst_n (net)
                      0.734235    0.000000    0.915124 ^ _1522_/RESET_B (sky130_fd_sc_hd__dfrtp_2)
                                              0.915124   data arrival time

                      0.150000    0.000000    0.000000   clock clk_10mhz (rise edge)
                                  0.000000    0.000000   clock network delay (ideal)
                                  0.250000    0.250000   clock uncertainty
                                  0.000000    0.250000   clock reconvergence pessimism
                                              0.250000 ^ _1522_/CLK (sky130_fd_sc_hd__dfrtp_2)
                                  0.386551    0.636551   library removal time
                                              0.636551   data required time
---------------------------------------------------------------------------------------------
                                              0.636551   data required time
                                             -0.915124   data arrival time
---------------------------------------------------------------------------------------------
                                              0.278573   slack (MET)


Startpoint: _1495_ (rising edge-triggered flip-flop clocked by clk_10mhz)
Endpoint: _1523_ (removal check against rising-edge clock clk_10mhz)
Path Group: asynchronous
Path Type: min

Fanout         Cap        Slew       Delay        Time   Description
---------------------------------------------------------------------------------------------
                      0.150000    0.000000    0.000000   clock clk_10mhz (rise edge)
                                  0.000000    0.000000   clock network delay (ideal)
                      0.150000    0.000000    0.000000 ^ _1495_/CLK (sky130_fd_sc_hd__dfrtp_2)
     2    0.035074    0.133735    0.321568    0.321568 ^ _1495_/Q (sky130_fd_sc_hd__dfrtp_2)
                                                         pwr_ctrl (net)
                      0.133735    0.000000    0.321568 ^ _0807_/B (sky130_fd_sc_hd__and2_2)
    54    0.195263    0.734235    0.593556    0.915124 ^ _0807_/X (sky130_fd_sc_hd__and2_2)
                                                         u_max30102_ctrl.rst_n (net)
                      0.734235    0.000000    0.915124 ^ _1523_/RESET_B (sky130_fd_sc_hd__dfrtp_2)
                                              0.915124   data arrival time

                      0.150000    0.000000    0.000000   clock clk_10mhz (rise edge)
                                  0.000000    0.000000   clock network delay (ideal)
                                  0.250000    0.250000   clock uncertainty
                                  0.000000    0.250000   clock reconvergence pessimism
                                              0.250000 ^ _1523_/CLK (sky130_fd_sc_hd__dfrtp_2)
                                  0.386551    0.636551   library removal time
                                              0.636551   data required time
---------------------------------------------------------------------------------------------
                                              0.636551   data required time
                                             -0.915124   data arrival time
---------------------------------------------------------------------------------------------
                                              0.278573   slack (MET)


Startpoint: _1495_ (rising edge-triggered flip-flop clocked by clk_10mhz)
Endpoint: _1524_ (removal check against rising-edge clock clk_10mhz)
Path Group: asynchronous
Path Type: min

Fanout         Cap        Slew       Delay        Time   Description
---------------------------------------------------------------------------------------------
                      0.150000    0.000000    0.000000   clock clk_10mhz (rise edge)
                                  0.000000    0.000000   clock network delay (ideal)
                      0.150000    0.000000    0.000000 ^ _1495_/CLK (sky130_fd_sc_hd__dfrtp_2)
     2    0.035074    0.133735    0.321568    0.321568 ^ _1495_/Q (sky130_fd_sc_hd__dfrtp_2)
                                                         pwr_ctrl (net)
                      0.133735    0.000000    0.321568 ^ _0807_/B (sky130_fd_sc_hd__and2_2)
    54    0.195263    0.734235    0.593556    0.915124 ^ _0807_/X (sky130_fd_sc_hd__and2_2)
                                                         u_max30102_ctrl.rst_n (net)
                      0.734235    0.000000    0.915124 ^ _1524_/RESET_B (sky130_fd_sc_hd__dfrtp_2)
                                              0.915124   data arrival time

                      0.150000    0.000000    0.000000   clock clk_10mhz (rise edge)
                                  0.000000    0.000000   clock network delay (ideal)
                                  0.250000    0.250000   clock uncertainty
                                  0.000000    0.250000   clock reconvergence pessimism
                                              0.250000 ^ _1524_/CLK (sky130_fd_sc_hd__dfrtp_2)
                                  0.386551    0.636551   library removal time
                                              0.636551   data required time
---------------------------------------------------------------------------------------------
                                              0.636551   data required time
                                             -0.915124   data arrival time
---------------------------------------------------------------------------------------------
                                              0.278573   slack (MET)


Startpoint: _1495_ (rising edge-triggered flip-flop clocked by clk_10mhz)
Endpoint: _1525_ (removal check against rising-edge clock clk_10mhz)
Path Group: asynchronous
Path Type: min

Fanout         Cap        Slew       Delay        Time   Description
---------------------------------------------------------------------------------------------
                      0.150000    0.000000    0.000000   clock clk_10mhz (rise edge)
                                  0.000000    0.000000   clock network delay (ideal)
                      0.150000    0.000000    0.000000 ^ _1495_/CLK (sky130_fd_sc_hd__dfrtp_2)
     2    0.035074    0.133735    0.321568    0.321568 ^ _1495_/Q (sky130_fd_sc_hd__dfrtp_2)
                                                         pwr_ctrl (net)
                      0.133735    0.000000    0.321568 ^ _0807_/B (sky130_fd_sc_hd__and2_2)
    54    0.195263    0.734235    0.593556    0.915124 ^ _0807_/X (sky130_fd_sc_hd__and2_2)
                                                         u_max30102_ctrl.rst_n (net)
                      0.734235    0.000000    0.915124 ^ _1525_/RESET_B (sky130_fd_sc_hd__dfrtp_2)
                                              0.915124   data arrival time

                      0.150000    0.000000    0.000000   clock clk_10mhz (rise edge)
                                  0.000000    0.000000   clock network delay (ideal)
                                  0.250000    0.250000   clock uncertainty
                                  0.000000    0.250000   clock reconvergence pessimism
                                              0.250000 ^ _1525_/CLK (sky130_fd_sc_hd__dfrtp_2)
                                  0.386551    0.636551   library removal time
                                              0.636551   data required time
---------------------------------------------------------------------------------------------
                                              0.636551   data required time
                                             -0.915124   data arrival time
---------------------------------------------------------------------------------------------
                                              0.278573   slack (MET)


Startpoint: _1495_ (rising edge-triggered flip-flop clocked by clk_10mhz)
Endpoint: _1526_ (removal check against rising-edge clock clk_10mhz)
Path Group: asynchronous
Path Type: min

Fanout         Cap        Slew       Delay        Time   Description
---------------------------------------------------------------------------------------------
                      0.150000    0.000000    0.000000   clock clk_10mhz (rise edge)
                                  0.000000    0.000000   clock network delay (ideal)
                      0.150000    0.000000    0.000000 ^ _1495_/CLK (sky130_fd_sc_hd__dfrtp_2)
     2    0.035074    0.133735    0.321568    0.321568 ^ _1495_/Q (sky130_fd_sc_hd__dfrtp_2)
                                                         pwr_ctrl (net)
                      0.133735    0.000000    0.321568 ^ _0807_/B (sky130_fd_sc_hd__and2_2)
    54    0.195263    0.734235    0.593556    0.915124 ^ _0807_/X (sky130_fd_sc_hd__and2_2)
                                                         u_max30102_ctrl.rst_n (net)
                      0.734235    0.000000    0.915124 ^ _1526_/RESET_B (sky130_fd_sc_hd__dfrtp_2)
                                              0.915124   data arrival time

                      0.150000    0.000000    0.000000   clock clk_10mhz (rise edge)
                                  0.000000    0.000000   clock network delay (ideal)
                                  0.250000    0.250000   clock uncertainty
                                  0.000000    0.250000   clock reconvergence pessimism
                                              0.250000 ^ _1526_/CLK (sky130_fd_sc_hd__dfrtp_2)
                                  0.386551    0.636551   library removal time
                                              0.636551   data required time
---------------------------------------------------------------------------------------------
                                              0.636551   data required time
                                             -0.915124   data arrival time
---------------------------------------------------------------------------------------------
                                              0.278573   slack (MET)


Startpoint: _1495_ (rising edge-triggered flip-flop clocked by clk_10mhz)
Endpoint: _1527_ (removal check against rising-edge clock clk_10mhz)
Path Group: asynchronous
Path Type: min

Fanout         Cap        Slew       Delay        Time   Description
---------------------------------------------------------------------------------------------
                      0.150000    0.000000    0.000000   clock clk_10mhz (rise edge)
                                  0.000000    0.000000   clock network delay (ideal)
                      0.150000    0.000000    0.000000 ^ _1495_/CLK (sky130_fd_sc_hd__dfrtp_2)
     2    0.035074    0.133735    0.321568    0.321568 ^ _1495_/Q (sky130_fd_sc_hd__dfrtp_2)
                                                         pwr_ctrl (net)
                      0.133735    0.000000    0.321568 ^ _0807_/B (sky130_fd_sc_hd__and2_2)
    54    0.195263    0.734235    0.593556    0.915124 ^ _0807_/X (sky130_fd_sc_hd__and2_2)
                                                         u_max30102_ctrl.rst_n (net)
                      0.734235    0.000000    0.915124 ^ _1527_/RESET_B (sky130_fd_sc_hd__dfrtp_2)
                                              0.915124   data arrival time

                      0.150000    0.000000    0.000000   clock clk_10mhz (rise edge)
                                  0.000000    0.000000   clock network delay (ideal)
                                  0.250000    0.250000   clock uncertainty
                                  0.000000    0.250000   clock reconvergence pessimism
                                              0.250000 ^ _1527_/CLK (sky130_fd_sc_hd__dfrtp_2)
                                  0.386551    0.636551   library removal time
                                              0.636551   data required time
---------------------------------------------------------------------------------------------
                                              0.636551   data required time
                                             -0.915124   data arrival time
---------------------------------------------------------------------------------------------
                                              0.278573   slack (MET)


Startpoint: _1495_ (rising edge-triggered flip-flop clocked by clk_10mhz)
Endpoint: _1528_ (removal check against rising-edge clock clk_10mhz)
Path Group: asynchronous
Path Type: min

Fanout         Cap        Slew       Delay        Time   Description
---------------------------------------------------------------------------------------------
                      0.150000    0.000000    0.000000   clock clk_10mhz (rise edge)
                                  0.000000    0.000000   clock network delay (ideal)
                      0.150000    0.000000    0.000000 ^ _1495_/CLK (sky130_fd_sc_hd__dfrtp_2)
     2    0.035074    0.133735    0.321568    0.321568 ^ _1495_/Q (sky130_fd_sc_hd__dfrtp_2)
                                                         pwr_ctrl (net)
                      0.133735    0.000000    0.321568 ^ _0807_/B (sky130_fd_sc_hd__and2_2)
    54    0.195263    0.734235    0.593556    0.915124 ^ _0807_/X (sky130_fd_sc_hd__and2_2)
                                                         u_max30102_ctrl.rst_n (net)
                      0.734235    0.000000    0.915124 ^ _1528_/RESET_B (sky130_fd_sc_hd__dfrtp_2)
                                              0.915124   data arrival time

                      0.150000    0.000000    0.000000   clock clk_10mhz (rise edge)
                                  0.000000    0.000000   clock network delay (ideal)
                                  0.250000    0.250000   clock uncertainty
                                  0.000000    0.250000   clock reconvergence pessimism
                                              0.250000 ^ _1528_/CLK (sky130_fd_sc_hd__dfrtp_2)
                                  0.386551    0.636551   library removal time
                                              0.636551   data required time
---------------------------------------------------------------------------------------------
                                              0.636551   data required time
                                             -0.915124   data arrival time
---------------------------------------------------------------------------------------------
                                              0.278573   slack (MET)


Startpoint: _1495_ (rising edge-triggered flip-flop clocked by clk_10mhz)
Endpoint: _1529_ (removal check against rising-edge clock clk_10mhz)
Path Group: asynchronous
Path Type: min

Fanout         Cap        Slew       Delay        Time   Description
---------------------------------------------------------------------------------------------
                      0.150000    0.000000    0.000000   clock clk_10mhz (rise edge)
                                  0.000000    0.000000   clock network delay (ideal)
                      0.150000    0.000000    0.000000 ^ _1495_/CLK (sky130_fd_sc_hd__dfrtp_2)
     2    0.035074    0.133735    0.321568    0.321568 ^ _1495_/Q (sky130_fd_sc_hd__dfrtp_2)
                                                         pwr_ctrl (net)
                      0.133735    0.000000    0.321568 ^ _0807_/B (sky130_fd_sc_hd__and2_2)
    54    0.195263    0.734235    0.593556    0.915124 ^ _0807_/X (sky130_fd_sc_hd__and2_2)
                                                         u_max30102_ctrl.rst_n (net)
                      0.734235    0.000000    0.915124 ^ _1529_/RESET_B (sky130_fd_sc_hd__dfrtp_2)
                                              0.915124   data arrival time

                      0.150000    0.000000    0.000000   clock clk_10mhz (rise edge)
                                  0.000000    0.000000   clock network delay (ideal)
                                  0.250000    0.250000   clock uncertainty
                                  0.000000    0.250000   clock reconvergence pessimism
                                              0.250000 ^ _1529_/CLK (sky130_fd_sc_hd__dfrtp_2)
                                  0.386551    0.636551   library removal time
                                              0.636551   data required time
---------------------------------------------------------------------------------------------
                                              0.636551   data required time
                                             -0.915124   data arrival time
---------------------------------------------------------------------------------------------
                                              0.278573   slack (MET)


Startpoint: _1495_ (rising edge-triggered flip-flop clocked by clk_10mhz)
Endpoint: _1530_ (removal check against rising-edge clock clk_10mhz)
Path Group: asynchronous
Path Type: min

Fanout         Cap        Slew       Delay        Time   Description
---------------------------------------------------------------------------------------------
                      0.150000    0.000000    0.000000   clock clk_10mhz (rise edge)
                                  0.000000    0.000000   clock network delay (ideal)
                      0.150000    0.000000    0.000000 ^ _1495_/CLK (sky130_fd_sc_hd__dfrtp_2)
     2    0.035074    0.133735    0.321568    0.321568 ^ _1495_/Q (sky130_fd_sc_hd__dfrtp_2)
                                                         pwr_ctrl (net)
                      0.133735    0.000000    0.321568 ^ _0807_/B (sky130_fd_sc_hd__and2_2)
    54    0.195263    0.734235    0.593556    0.915124 ^ _0807_/X (sky130_fd_sc_hd__and2_2)
                                                         u_max30102_ctrl.rst_n (net)
                      0.734235    0.000000    0.915124 ^ _1530_/RESET_B (sky130_fd_sc_hd__dfrtp_2)
                                              0.915124   data arrival time

                      0.150000    0.000000    0.000000   clock clk_10mhz (rise edge)
                                  0.000000    0.000000   clock network delay (ideal)
                                  0.250000    0.250000   clock uncertainty
                                  0.000000    0.250000   clock reconvergence pessimism
                                              0.250000 ^ _1530_/CLK (sky130_fd_sc_hd__dfrtp_2)
                                  0.386551    0.636551   library removal time
                                              0.636551   data required time
---------------------------------------------------------------------------------------------
                                              0.636551   data required time
                                             -0.915124   data arrival time
---------------------------------------------------------------------------------------------
                                              0.278573   slack (MET)


Startpoint: _1495_ (rising edge-triggered flip-flop clocked by clk_10mhz)
Endpoint: _1531_ (removal check against rising-edge clock clk_10mhz)
Path Group: asynchronous
Path Type: min

Fanout         Cap        Slew       Delay        Time   Description
---------------------------------------------------------------------------------------------
                      0.150000    0.000000    0.000000   clock clk_10mhz (rise edge)
                                  0.000000    0.000000   clock network delay (ideal)
                      0.150000    0.000000    0.000000 ^ _1495_/CLK (sky130_fd_sc_hd__dfrtp_2)
     2    0.035074    0.133735    0.321568    0.321568 ^ _1495_/Q (sky130_fd_sc_hd__dfrtp_2)
                                                         pwr_ctrl (net)
                      0.133735    0.000000    0.321568 ^ _0807_/B (sky130_fd_sc_hd__and2_2)
    54    0.195263    0.734235    0.593556    0.915124 ^ _0807_/X (sky130_fd_sc_hd__and2_2)
                                                         u_max30102_ctrl.rst_n (net)
                      0.734235    0.000000    0.915124 ^ _1531_/RESET_B (sky130_fd_sc_hd__dfrtp_2)
                                              0.915124   data arrival time

                      0.150000    0.000000    0.000000   clock clk_10mhz (rise edge)
                                  0.000000    0.000000   clock network delay (ideal)
                                  0.250000    0.250000   clock uncertainty
                                  0.000000    0.250000   clock reconvergence pessimism
                                              0.250000 ^ _1531_/CLK (sky130_fd_sc_hd__dfrtp_2)
                                  0.386551    0.636551   library removal time
                                              0.636551   data required time
---------------------------------------------------------------------------------------------
                                              0.636551   data required time
                                             -0.915124   data arrival time
---------------------------------------------------------------------------------------------
                                              0.278573   slack (MET)


Startpoint: _1495_ (rising edge-triggered flip-flop clocked by clk_10mhz)
Endpoint: _1532_ (removal check against rising-edge clock clk_10mhz)
Path Group: asynchronous
Path Type: min

Fanout         Cap        Slew       Delay        Time   Description
---------------------------------------------------------------------------------------------
                      0.150000    0.000000    0.000000   clock clk_10mhz (rise edge)
                                  0.000000    0.000000   clock network delay (ideal)
                      0.150000    0.000000    0.000000 ^ _1495_/CLK (sky130_fd_sc_hd__dfrtp_2)
     2    0.035074    0.133735    0.321568    0.321568 ^ _1495_/Q (sky130_fd_sc_hd__dfrtp_2)
                                                         pwr_ctrl (net)
                      0.133735    0.000000    0.321568 ^ _0807_/B (sky130_fd_sc_hd__and2_2)
    54    0.195263    0.734235    0.593556    0.915124 ^ _0807_/X (sky130_fd_sc_hd__and2_2)
                                                         u_max30102_ctrl.rst_n (net)
                      0.734235    0.000000    0.915124 ^ _1532_/RESET_B (sky130_fd_sc_hd__dfrtp_2)
                                              0.915124   data arrival time

                      0.150000    0.000000    0.000000   clock clk_10mhz (rise edge)
                                  0.000000    0.000000   clock network delay (ideal)
                                  0.250000    0.250000   clock uncertainty
                                  0.000000    0.250000   clock reconvergence pessimism
                                              0.250000 ^ _1532_/CLK (sky130_fd_sc_hd__dfrtp_2)
                                  0.386551    0.636551   library removal time
                                              0.636551   data required time
---------------------------------------------------------------------------------------------
                                              0.636551   data required time
                                             -0.915124   data arrival time
---------------------------------------------------------------------------------------------
                                              0.278573   slack (MET)


Startpoint: _1495_ (rising edge-triggered flip-flop clocked by clk_10mhz)
Endpoint: _1533_ (removal check against rising-edge clock clk_10mhz)
Path Group: asynchronous
Path Type: min

Fanout         Cap        Slew       Delay        Time   Description
---------------------------------------------------------------------------------------------
                      0.150000    0.000000    0.000000   clock clk_10mhz (rise edge)
                                  0.000000    0.000000   clock network delay (ideal)
                      0.150000    0.000000    0.000000 ^ _1495_/CLK (sky130_fd_sc_hd__dfrtp_2)
     2    0.035074    0.133735    0.321568    0.321568 ^ _1495_/Q (sky130_fd_sc_hd__dfrtp_2)
                                                         pwr_ctrl (net)
                      0.133735    0.000000    0.321568 ^ _0807_/B (sky130_fd_sc_hd__and2_2)
    54    0.195263    0.734235    0.593556    0.915124 ^ _0807_/X (sky130_fd_sc_hd__and2_2)
                                                         u_max30102_ctrl.rst_n (net)
                      0.734235    0.000000    0.915124 ^ _1533_/RESET_B (sky130_fd_sc_hd__dfrtp_2)
                                              0.915124   data arrival time

                      0.150000    0.000000    0.000000   clock clk_10mhz (rise edge)
                                  0.000000    0.000000   clock network delay (ideal)
                                  0.250000    0.250000   clock uncertainty
                                  0.000000    0.250000   clock reconvergence pessimism
                                              0.250000 ^ _1533_/CLK (sky130_fd_sc_hd__dfrtp_2)
                                  0.386551    0.636551   library removal time
                                              0.636551   data required time
---------------------------------------------------------------------------------------------
                                              0.636551   data required time
                                             -0.915124   data arrival time
---------------------------------------------------------------------------------------------
                                              0.278573   slack (MET)


Startpoint: _1495_ (rising edge-triggered flip-flop clocked by clk_10mhz)
Endpoint: _1534_ (removal check against rising-edge clock clk_10mhz)
Path Group: asynchronous
Path Type: min

Fanout         Cap        Slew       Delay        Time   Description
---------------------------------------------------------------------------------------------
                      0.150000    0.000000    0.000000   clock clk_10mhz (rise edge)
                                  0.000000    0.000000   clock network delay (ideal)
                      0.150000    0.000000    0.000000 ^ _1495_/CLK (sky130_fd_sc_hd__dfrtp_2)
     2    0.035074    0.133735    0.321568    0.321568 ^ _1495_/Q (sky130_fd_sc_hd__dfrtp_2)
                                                         pwr_ctrl (net)
                      0.133735    0.000000    0.321568 ^ _0807_/B (sky130_fd_sc_hd__and2_2)
    54    0.195263    0.734235    0.593556    0.915124 ^ _0807_/X (sky130_fd_sc_hd__and2_2)
                                                         u_max30102_ctrl.rst_n (net)
                      0.734235    0.000000    0.915124 ^ _1534_/RESET_B (sky130_fd_sc_hd__dfrtp_2)
                                              0.915124   data arrival time

                      0.150000    0.000000    0.000000   clock clk_10mhz (rise edge)
                                  0.000000    0.000000   clock network delay (ideal)
                                  0.250000    0.250000   clock uncertainty
                                  0.000000    0.250000   clock reconvergence pessimism
                                              0.250000 ^ _1534_/CLK (sky130_fd_sc_hd__dfrtp_2)
                                  0.386551    0.636551   library removal time
                                              0.636551   data required time
---------------------------------------------------------------------------------------------
                                              0.636551   data required time
                                             -0.915124   data arrival time
---------------------------------------------------------------------------------------------
                                              0.278573   slack (MET)


Startpoint: _1495_ (rising edge-triggered flip-flop clocked by clk_10mhz)
Endpoint: _1535_ (removal check against rising-edge clock clk_10mhz)
Path Group: asynchronous
Path Type: min

Fanout         Cap        Slew       Delay        Time   Description
---------------------------------------------------------------------------------------------
                      0.150000    0.000000    0.000000   clock clk_10mhz (rise edge)
                                  0.000000    0.000000   clock network delay (ideal)
                      0.150000    0.000000    0.000000 ^ _1495_/CLK (sky130_fd_sc_hd__dfrtp_2)
     2    0.035074    0.133735    0.321568    0.321568 ^ _1495_/Q (sky130_fd_sc_hd__dfrtp_2)
                                                         pwr_ctrl (net)
                      0.133735    0.000000    0.321568 ^ _0807_/B (sky130_fd_sc_hd__and2_2)
    54    0.195263    0.734235    0.593556    0.915124 ^ _0807_/X (sky130_fd_sc_hd__and2_2)
                                                         u_max30102_ctrl.rst_n (net)
                      0.734235    0.000000    0.915124 ^ _1535_/RESET_B (sky130_fd_sc_hd__dfrtp_2)
                                              0.915124   data arrival time

                      0.150000    0.000000    0.000000   clock clk_10mhz (rise edge)
                                  0.000000    0.000000   clock network delay (ideal)
                                  0.250000    0.250000   clock uncertainty
                                  0.000000    0.250000   clock reconvergence pessimism
                                              0.250000 ^ _1535_/CLK (sky130_fd_sc_hd__dfrtp_2)
                                  0.386551    0.636551   library removal time
                                              0.636551   data required time
---------------------------------------------------------------------------------------------
                                              0.636551   data required time
                                             -0.915124   data arrival time
---------------------------------------------------------------------------------------------
                                              0.278573   slack (MET)


Startpoint: _1495_ (rising edge-triggered flip-flop clocked by clk_10mhz)
Endpoint: _1536_ (removal check against rising-edge clock clk_10mhz)
Path Group: asynchronous
Path Type: min

Fanout         Cap        Slew       Delay        Time   Description
---------------------------------------------------------------------------------------------
                      0.150000    0.000000    0.000000   clock clk_10mhz (rise edge)
                                  0.000000    0.000000   clock network delay (ideal)
                      0.150000    0.000000    0.000000 ^ _1495_/CLK (sky130_fd_sc_hd__dfrtp_2)
     2    0.035074    0.133735    0.321568    0.321568 ^ _1495_/Q (sky130_fd_sc_hd__dfrtp_2)
                                                         pwr_ctrl (net)
                      0.133735    0.000000    0.321568 ^ _0807_/B (sky130_fd_sc_hd__and2_2)
    54    0.195263    0.734235    0.593556    0.915124 ^ _0807_/X (sky130_fd_sc_hd__and2_2)
                                                         u_max30102_ctrl.rst_n (net)
                      0.734235    0.000000    0.915124 ^ _1536_/RESET_B (sky130_fd_sc_hd__dfrtp_2)
                                              0.915124   data arrival time

                      0.150000    0.000000    0.000000   clock clk_10mhz (rise edge)
                                  0.000000    0.000000   clock network delay (ideal)
                                  0.250000    0.250000   clock uncertainty
                                  0.000000    0.250000   clock reconvergence pessimism
                                              0.250000 ^ _1536_/CLK (sky130_fd_sc_hd__dfrtp_2)
                                  0.386551    0.636551   library removal time
                                              0.636551   data required time
---------------------------------------------------------------------------------------------
                                              0.636551   data required time
                                             -0.915124   data arrival time
---------------------------------------------------------------------------------------------
                                              0.278573   slack (MET)


Startpoint: _1495_ (rising edge-triggered flip-flop clocked by clk_10mhz)
Endpoint: _1537_ (removal check against rising-edge clock clk_10mhz)
Path Group: asynchronous
Path Type: min

Fanout         Cap        Slew       Delay        Time   Description
---------------------------------------------------------------------------------------------
                      0.150000    0.000000    0.000000   clock clk_10mhz (rise edge)
                                  0.000000    0.000000   clock network delay (ideal)
                      0.150000    0.000000    0.000000 ^ _1495_/CLK (sky130_fd_sc_hd__dfrtp_2)
     2    0.035074    0.133735    0.321568    0.321568 ^ _1495_/Q (sky130_fd_sc_hd__dfrtp_2)
                                                         pwr_ctrl (net)
                      0.133735    0.000000    0.321568 ^ _0807_/B (sky130_fd_sc_hd__and2_2)
    54    0.195263    0.734235    0.593556    0.915124 ^ _0807_/X (sky130_fd_sc_hd__and2_2)
                                                         u_max30102_ctrl.rst_n (net)
                      0.734235    0.000000    0.915124 ^ _1537_/RESET_B (sky130_fd_sc_hd__dfrtp_2)
                                              0.915124   data arrival time

                      0.150000    0.000000    0.000000   clock clk_10mhz (rise edge)
                                  0.000000    0.000000   clock network delay (ideal)
                                  0.250000    0.250000   clock uncertainty
                                  0.000000    0.250000   clock reconvergence pessimism
                                              0.250000 ^ _1537_/CLK (sky130_fd_sc_hd__dfrtp_2)
                                  0.386551    0.636551   library removal time
                                              0.636551   data required time
---------------------------------------------------------------------------------------------
                                              0.636551   data required time
                                             -0.915124   data arrival time
---------------------------------------------------------------------------------------------
                                              0.278573   slack (MET)


Startpoint: _1495_ (rising edge-triggered flip-flop clocked by clk_10mhz)
Endpoint: _1538_ (removal check against rising-edge clock clk_10mhz)
Path Group: asynchronous
Path Type: min

Fanout         Cap        Slew       Delay        Time   Description
---------------------------------------------------------------------------------------------
                      0.150000    0.000000    0.000000   clock clk_10mhz (rise edge)
                                  0.000000    0.000000   clock network delay (ideal)
                      0.150000    0.000000    0.000000 ^ _1495_/CLK (sky130_fd_sc_hd__dfrtp_2)
     2    0.035074    0.133735    0.321568    0.321568 ^ _1495_/Q (sky130_fd_sc_hd__dfrtp_2)
                                                         pwr_ctrl (net)
                      0.133735    0.000000    0.321568 ^ _0807_/B (sky130_fd_sc_hd__and2_2)
    54    0.195263    0.734235    0.593556    0.915124 ^ _0807_/X (sky130_fd_sc_hd__and2_2)
                                                         u_max30102_ctrl.rst_n (net)
                      0.734235    0.000000    0.915124 ^ _1538_/RESET_B (sky130_fd_sc_hd__dfrtp_2)
                                              0.915124   data arrival time

                      0.150000    0.000000    0.000000   clock clk_10mhz (rise edge)
                                  0.000000    0.000000   clock network delay (ideal)
                                  0.250000    0.250000   clock uncertainty
                                  0.000000    0.250000   clock reconvergence pessimism
                                              0.250000 ^ _1538_/CLK (sky130_fd_sc_hd__dfrtp_2)
                                  0.386551    0.636551   library removal time
                                              0.636551   data required time
---------------------------------------------------------------------------------------------
                                              0.636551   data required time
                                             -0.915124   data arrival time
---------------------------------------------------------------------------------------------
                                              0.278573   slack (MET)


Startpoint: _1495_ (rising edge-triggered flip-flop clocked by clk_10mhz)
Endpoint: _1539_ (removal check against rising-edge clock clk_10mhz)
Path Group: asynchronous
Path Type: min

Fanout         Cap        Slew       Delay        Time   Description
---------------------------------------------------------------------------------------------
                      0.150000    0.000000    0.000000   clock clk_10mhz (rise edge)
                                  0.000000    0.000000   clock network delay (ideal)
                      0.150000    0.000000    0.000000 ^ _1495_/CLK (sky130_fd_sc_hd__dfrtp_2)
     2    0.035074    0.133735    0.321568    0.321568 ^ _1495_/Q (sky130_fd_sc_hd__dfrtp_2)
                                                         pwr_ctrl (net)
                      0.133735    0.000000    0.321568 ^ _0807_/B (sky130_fd_sc_hd__and2_2)
    54    0.195263    0.734235    0.593556    0.915124 ^ _0807_/X (sky130_fd_sc_hd__and2_2)
                                                         u_max30102_ctrl.rst_n (net)
                      0.734235    0.000000    0.915124 ^ _1539_/RESET_B (sky130_fd_sc_hd__dfrtp_2)
                                              0.915124   data arrival time

                      0.150000    0.000000    0.000000   clock clk_10mhz (rise edge)
                                  0.000000    0.000000   clock network delay (ideal)
                                  0.250000    0.250000   clock uncertainty
                                  0.000000    0.250000   clock reconvergence pessimism
                                              0.250000 ^ _1539_/CLK (sky130_fd_sc_hd__dfrtp_2)
                                  0.386551    0.636551   library removal time
                                              0.636551   data required time
---------------------------------------------------------------------------------------------
                                              0.636551   data required time
                                             -0.915124   data arrival time
---------------------------------------------------------------------------------------------
                                              0.278573   slack (MET)


Startpoint: _1495_ (rising edge-triggered flip-flop clocked by clk_10mhz)
Endpoint: _1540_ (removal check against rising-edge clock clk_10mhz)
Path Group: asynchronous
Path Type: min

Fanout         Cap        Slew       Delay        Time   Description
---------------------------------------------------------------------------------------------
                      0.150000    0.000000    0.000000   clock clk_10mhz (rise edge)
                                  0.000000    0.000000   clock network delay (ideal)
                      0.150000    0.000000    0.000000 ^ _1495_/CLK (sky130_fd_sc_hd__dfrtp_2)
     2    0.035074    0.133735    0.321568    0.321568 ^ _1495_/Q (sky130_fd_sc_hd__dfrtp_2)
                                                         pwr_ctrl (net)
                      0.133735    0.000000    0.321568 ^ _0807_/B (sky130_fd_sc_hd__and2_2)
    54    0.195263    0.734235    0.593556    0.915124 ^ _0807_/X (sky130_fd_sc_hd__and2_2)
                                                         u_max30102_ctrl.rst_n (net)
                      0.734235    0.000000    0.915124 ^ _1540_/RESET_B (sky130_fd_sc_hd__dfrtp_2)
                                              0.915124   data arrival time

                      0.150000    0.000000    0.000000   clock clk_10mhz (rise edge)
                                  0.000000    0.000000   clock network delay (ideal)
                                  0.250000    0.250000   clock uncertainty
                                  0.000000    0.250000   clock reconvergence pessimism
                                              0.250000 ^ _1540_/CLK (sky130_fd_sc_hd__dfrtp_2)
                                  0.386551    0.636551   library removal time
                                              0.636551   data required time
---------------------------------------------------------------------------------------------
                                              0.636551   data required time
                                             -0.915124   data arrival time
---------------------------------------------------------------------------------------------
                                              0.278573   slack (MET)


Startpoint: _1495_ (rising edge-triggered flip-flop clocked by clk_10mhz)
Endpoint: _1541_ (removal check against rising-edge clock clk_10mhz)
Path Group: asynchronous
Path Type: min

Fanout         Cap        Slew       Delay        Time   Description
---------------------------------------------------------------------------------------------
                      0.150000    0.000000    0.000000   clock clk_10mhz (rise edge)
                                  0.000000    0.000000   clock network delay (ideal)
                      0.150000    0.000000    0.000000 ^ _1495_/CLK (sky130_fd_sc_hd__dfrtp_2)
     2    0.035074    0.133735    0.321568    0.321568 ^ _1495_/Q (sky130_fd_sc_hd__dfrtp_2)
                                                         pwr_ctrl (net)
                      0.133735    0.000000    0.321568 ^ _0807_/B (sky130_fd_sc_hd__and2_2)
    54    0.195263    0.734235    0.593556    0.915124 ^ _0807_/X (sky130_fd_sc_hd__and2_2)
                                                         u_max30102_ctrl.rst_n (net)
                      0.734235    0.000000    0.915124 ^ _1541_/RESET_B (sky130_fd_sc_hd__dfrtp_2)
                                              0.915124   data arrival time

                      0.150000    0.000000    0.000000   clock clk_10mhz (rise edge)
                                  0.000000    0.000000   clock network delay (ideal)
                                  0.250000    0.250000   clock uncertainty
                                  0.000000    0.250000   clock reconvergence pessimism
                                              0.250000 ^ _1541_/CLK (sky130_fd_sc_hd__dfrtp_2)
                                  0.386551    0.636551   library removal time
                                              0.636551   data required time
---------------------------------------------------------------------------------------------
                                              0.636551   data required time
                                             -0.915124   data arrival time
---------------------------------------------------------------------------------------------
                                              0.278573   slack (MET)


Startpoint: _1495_ (rising edge-triggered flip-flop clocked by clk_10mhz)
Endpoint: _1542_ (removal check against rising-edge clock clk_10mhz)
Path Group: asynchronous
Path Type: min

Fanout         Cap        Slew       Delay        Time   Description
---------------------------------------------------------------------------------------------
                      0.150000    0.000000    0.000000   clock clk_10mhz (rise edge)
                                  0.000000    0.000000   clock network delay (ideal)
                      0.150000    0.000000    0.000000 ^ _1495_/CLK (sky130_fd_sc_hd__dfrtp_2)
     2    0.035074    0.133735    0.321568    0.321568 ^ _1495_/Q (sky130_fd_sc_hd__dfrtp_2)
                                                         pwr_ctrl (net)
                      0.133735    0.000000    0.321568 ^ _0807_/B (sky130_fd_sc_hd__and2_2)
    54    0.195263    0.734235    0.593556    0.915124 ^ _0807_/X (sky130_fd_sc_hd__and2_2)
                                                         u_max30102_ctrl.rst_n (net)
                      0.734235    0.000000    0.915124 ^ _1542_/RESET_B (sky130_fd_sc_hd__dfrtp_2)
                                              0.915124   data arrival time

                      0.150000    0.000000    0.000000   clock clk_10mhz (rise edge)
                                  0.000000    0.000000   clock network delay (ideal)
                                  0.250000    0.250000   clock uncertainty
                                  0.000000    0.250000   clock reconvergence pessimism
                                              0.250000 ^ _1542_/CLK (sky130_fd_sc_hd__dfrtp_2)
                                  0.386551    0.636551   library removal time
                                              0.636551   data required time
---------------------------------------------------------------------------------------------
                                              0.636551   data required time
                                             -0.915124   data arrival time
---------------------------------------------------------------------------------------------
                                              0.278573   slack (MET)


Startpoint: _1495_ (rising edge-triggered flip-flop clocked by clk_10mhz)
Endpoint: _1543_ (removal check against rising-edge clock clk_10mhz)
Path Group: asynchronous
Path Type: min

Fanout         Cap        Slew       Delay        Time   Description
---------------------------------------------------------------------------------------------
                      0.150000    0.000000    0.000000   clock clk_10mhz (rise edge)
                                  0.000000    0.000000   clock network delay (ideal)
                      0.150000    0.000000    0.000000 ^ _1495_/CLK (sky130_fd_sc_hd__dfrtp_2)
     2    0.035074    0.133735    0.321568    0.321568 ^ _1495_/Q (sky130_fd_sc_hd__dfrtp_2)
                                                         pwr_ctrl (net)
                      0.133735    0.000000    0.321568 ^ _0807_/B (sky130_fd_sc_hd__and2_2)
    54    0.195263    0.734235    0.593556    0.915124 ^ _0807_/X (sky130_fd_sc_hd__and2_2)
                                                         u_max30102_ctrl.rst_n (net)
                      0.734235    0.000000    0.915124 ^ _1543_/RESET_B (sky130_fd_sc_hd__dfrtp_2)
                                              0.915124   data arrival time

                      0.150000    0.000000    0.000000   clock clk_10mhz (rise edge)
                                  0.000000    0.000000   clock network delay (ideal)
                                  0.250000    0.250000   clock uncertainty
                                  0.000000    0.250000   clock reconvergence pessimism
                                              0.250000 ^ _1543_/CLK (sky130_fd_sc_hd__dfrtp_2)
                                  0.386551    0.636551   library removal time
                                              0.636551   data required time
---------------------------------------------------------------------------------------------
                                              0.636551   data required time
                                             -0.915124   data arrival time
---------------------------------------------------------------------------------------------
                                              0.278573   slack (MET)


Startpoint: _1495_ (rising edge-triggered flip-flop clocked by clk_10mhz)
Endpoint: _1545_ (removal check against rising-edge clock clk_10mhz)
Path Group: asynchronous
Path Type: min

Fanout         Cap        Slew       Delay        Time   Description
---------------------------------------------------------------------------------------------
                      0.150000    0.000000    0.000000   clock clk_10mhz (rise edge)
                                  0.000000    0.000000   clock network delay (ideal)
                      0.150000    0.000000    0.000000 ^ _1495_/CLK (sky130_fd_sc_hd__dfrtp_2)
     2    0.035074    0.133735    0.321568    0.321568 ^ _1495_/Q (sky130_fd_sc_hd__dfrtp_2)
                                                         pwr_ctrl (net)
                      0.133735    0.000000    0.321568 ^ _0807_/B (sky130_fd_sc_hd__and2_2)
    54    0.195263    0.734235    0.593556    0.915124 ^ _0807_/X (sky130_fd_sc_hd__and2_2)
                                                         u_max30102_ctrl.rst_n (net)
                      0.734235    0.000000    0.915124 ^ _1545_/RESET_B (sky130_fd_sc_hd__dfrtp_2)
                                              0.915124   data arrival time

                      0.150000    0.000000    0.000000   clock clk_10mhz (rise edge)
                                  0.000000    0.000000   clock network delay (ideal)
                                  0.250000    0.250000   clock uncertainty
                                  0.000000    0.250000   clock reconvergence pessimism
                                              0.250000 ^ _1545_/CLK (sky130_fd_sc_hd__dfrtp_2)
                                  0.386551    0.636551   library removal time
                                              0.636551   data required time
---------------------------------------------------------------------------------------------
                                              0.636551   data required time
                                             -0.915124   data arrival time
---------------------------------------------------------------------------------------------
                                              0.278573   slack (MET)


Startpoint: _1495_ (rising edge-triggered flip-flop clocked by clk_10mhz)
Endpoint: _1546_ (removal check against rising-edge clock clk_10mhz)
Path Group: asynchronous
Path Type: min

Fanout         Cap        Slew       Delay        Time   Description
---------------------------------------------------------------------------------------------
                      0.150000    0.000000    0.000000   clock clk_10mhz (rise edge)
                                  0.000000    0.000000   clock network delay (ideal)
                      0.150000    0.000000    0.000000 ^ _1495_/CLK (sky130_fd_sc_hd__dfrtp_2)
     2    0.035074    0.133735    0.321568    0.321568 ^ _1495_/Q (sky130_fd_sc_hd__dfrtp_2)
                                                         pwr_ctrl (net)
                      0.133735    0.000000    0.321568 ^ _0807_/B (sky130_fd_sc_hd__and2_2)
    54    0.195263    0.734235    0.593556    0.915124 ^ _0807_/X (sky130_fd_sc_hd__and2_2)
                                                         u_max30102_ctrl.rst_n (net)
                      0.734235    0.000000    0.915124 ^ _1546_/RESET_B (sky130_fd_sc_hd__dfrtp_2)
                                              0.915124   data arrival time

                      0.150000    0.000000    0.000000   clock clk_10mhz (rise edge)
                                  0.000000    0.000000   clock network delay (ideal)
                                  0.250000    0.250000   clock uncertainty
                                  0.000000    0.250000   clock reconvergence pessimism
                                              0.250000 ^ _1546_/CLK (sky130_fd_sc_hd__dfrtp_2)
                                  0.386551    0.636551   library removal time
                                              0.636551   data required time
---------------------------------------------------------------------------------------------
                                              0.636551   data required time
                                             -0.915124   data arrival time
---------------------------------------------------------------------------------------------
                                              0.278573   slack (MET)


Startpoint: _1495_ (rising edge-triggered flip-flop clocked by clk_10mhz)
Endpoint: _1547_ (removal check against rising-edge clock clk_10mhz)
Path Group: asynchronous
Path Type: min

Fanout         Cap        Slew       Delay        Time   Description
---------------------------------------------------------------------------------------------
                      0.150000    0.000000    0.000000   clock clk_10mhz (rise edge)
                                  0.000000    0.000000   clock network delay (ideal)
                      0.150000    0.000000    0.000000 ^ _1495_/CLK (sky130_fd_sc_hd__dfrtp_2)
     2    0.035074    0.133735    0.321568    0.321568 ^ _1495_/Q (sky130_fd_sc_hd__dfrtp_2)
                                                         pwr_ctrl (net)
                      0.133735    0.000000    0.321568 ^ _0807_/B (sky130_fd_sc_hd__and2_2)
    54    0.195263    0.734235    0.593556    0.915124 ^ _0807_/X (sky130_fd_sc_hd__and2_2)
                                                         u_max30102_ctrl.rst_n (net)
                      0.734235    0.000000    0.915124 ^ _1547_/RESET_B (sky130_fd_sc_hd__dfrtp_2)
                                              0.915124   data arrival time

                      0.150000    0.000000    0.000000   clock clk_10mhz (rise edge)
                                  0.000000    0.000000   clock network delay (ideal)
                                  0.250000    0.250000   clock uncertainty
                                  0.000000    0.250000   clock reconvergence pessimism
                                              0.250000 ^ _1547_/CLK (sky130_fd_sc_hd__dfrtp_2)
                                  0.386551    0.636551   library removal time
                                              0.636551   data required time
---------------------------------------------------------------------------------------------
                                              0.636551   data required time
                                             -0.915124   data arrival time
---------------------------------------------------------------------------------------------
                                              0.278573   slack (MET)


Startpoint: _1495_ (rising edge-triggered flip-flop clocked by clk_10mhz)
Endpoint: _1548_ (removal check against rising-edge clock clk_10mhz)
Path Group: asynchronous
Path Type: min

Fanout         Cap        Slew       Delay        Time   Description
---------------------------------------------------------------------------------------------
                      0.150000    0.000000    0.000000   clock clk_10mhz (rise edge)
                                  0.000000    0.000000   clock network delay (ideal)
                      0.150000    0.000000    0.000000 ^ _1495_/CLK (sky130_fd_sc_hd__dfrtp_2)
     2    0.035074    0.133735    0.321568    0.321568 ^ _1495_/Q (sky130_fd_sc_hd__dfrtp_2)
                                                         pwr_ctrl (net)
                      0.133735    0.000000    0.321568 ^ _0807_/B (sky130_fd_sc_hd__and2_2)
    54    0.195263    0.734235    0.593556    0.915124 ^ _0807_/X (sky130_fd_sc_hd__and2_2)
                                                         u_max30102_ctrl.rst_n (net)
                      0.734235    0.000000    0.915124 ^ _1548_/RESET_B (sky130_fd_sc_hd__dfrtp_2)
                                              0.915124   data arrival time

                      0.150000    0.000000    0.000000   clock clk_10mhz (rise edge)
                                  0.000000    0.000000   clock network delay (ideal)
                                  0.250000    0.250000   clock uncertainty
                                  0.000000    0.250000   clock reconvergence pessimism
                                              0.250000 ^ _1548_/CLK (sky130_fd_sc_hd__dfrtp_2)
                                  0.386551    0.636551   library removal time
                                              0.636551   data required time
---------------------------------------------------------------------------------------------
                                              0.636551   data required time
                                             -0.915124   data arrival time
---------------------------------------------------------------------------------------------
                                              0.278573   slack (MET)


Startpoint: _1495_ (rising edge-triggered flip-flop clocked by clk_10mhz)
Endpoint: _1549_ (removal check against rising-edge clock clk_10mhz)
Path Group: asynchronous
Path Type: min

Fanout         Cap        Slew       Delay        Time   Description
---------------------------------------------------------------------------------------------
                      0.150000    0.000000    0.000000   clock clk_10mhz (rise edge)
                                  0.000000    0.000000   clock network delay (ideal)
                      0.150000    0.000000    0.000000 ^ _1495_/CLK (sky130_fd_sc_hd__dfrtp_2)
     2    0.035074    0.133735    0.321568    0.321568 ^ _1495_/Q (sky130_fd_sc_hd__dfrtp_2)
                                                         pwr_ctrl (net)
                      0.133735    0.000000    0.321568 ^ _0807_/B (sky130_fd_sc_hd__and2_2)
    54    0.195263    0.734235    0.593556    0.915124 ^ _0807_/X (sky130_fd_sc_hd__and2_2)
                                                         u_max30102_ctrl.rst_n (net)
                      0.734235    0.000000    0.915124 ^ _1549_/RESET_B (sky130_fd_sc_hd__dfrtp_2)
                                              0.915124   data arrival time

                      0.150000    0.000000    0.000000   clock clk_10mhz (rise edge)
                                  0.000000    0.000000   clock network delay (ideal)
                                  0.250000    0.250000   clock uncertainty
                                  0.000000    0.250000   clock reconvergence pessimism
                                              0.250000 ^ _1549_/CLK (sky130_fd_sc_hd__dfrtp_2)
                                  0.386551    0.636551   library removal time
                                              0.636551   data required time
---------------------------------------------------------------------------------------------
                                              0.636551   data required time
                                             -0.915124   data arrival time
---------------------------------------------------------------------------------------------
                                              0.278573   slack (MET)


Startpoint: _1495_ (rising edge-triggered flip-flop clocked by clk_10mhz)
Endpoint: _1550_ (removal check against rising-edge clock clk_10mhz)
Path Group: asynchronous
Path Type: min

Fanout         Cap        Slew       Delay        Time   Description
---------------------------------------------------------------------------------------------
                      0.150000    0.000000    0.000000   clock clk_10mhz (rise edge)
                                  0.000000    0.000000   clock network delay (ideal)
                      0.150000    0.000000    0.000000 ^ _1495_/CLK (sky130_fd_sc_hd__dfrtp_2)
     2    0.035074    0.133735    0.321568    0.321568 ^ _1495_/Q (sky130_fd_sc_hd__dfrtp_2)
                                                         pwr_ctrl (net)
                      0.133735    0.000000    0.321568 ^ _0807_/B (sky130_fd_sc_hd__and2_2)
    54    0.195263    0.734235    0.593556    0.915124 ^ _0807_/X (sky130_fd_sc_hd__and2_2)
                                                         u_max30102_ctrl.rst_n (net)
                      0.734235    0.000000    0.915124 ^ _1550_/RESET_B (sky130_fd_sc_hd__dfrtp_2)
                                              0.915124   data arrival time

                      0.150000    0.000000    0.000000   clock clk_10mhz (rise edge)
                                  0.000000    0.000000   clock network delay (ideal)
                                  0.250000    0.250000   clock uncertainty
                                  0.000000    0.250000   clock reconvergence pessimism
                                              0.250000 ^ _1550_/CLK (sky130_fd_sc_hd__dfrtp_2)
                                  0.386551    0.636551   library removal time
                                              0.636551   data required time
---------------------------------------------------------------------------------------------
                                              0.636551   data required time
                                             -0.915124   data arrival time
---------------------------------------------------------------------------------------------
                                              0.278573   slack (MET)


Startpoint: _1495_ (rising edge-triggered flip-flop clocked by clk_10mhz)
Endpoint: _1551_ (removal check against rising-edge clock clk_10mhz)
Path Group: asynchronous
Path Type: min

Fanout         Cap        Slew       Delay        Time   Description
---------------------------------------------------------------------------------------------
                      0.150000    0.000000    0.000000   clock clk_10mhz (rise edge)
                                  0.000000    0.000000   clock network delay (ideal)
                      0.150000    0.000000    0.000000 ^ _1495_/CLK (sky130_fd_sc_hd__dfrtp_2)
     2    0.035074    0.133735    0.321568    0.321568 ^ _1495_/Q (sky130_fd_sc_hd__dfrtp_2)
                                                         pwr_ctrl (net)
                      0.133735    0.000000    0.321568 ^ _0807_/B (sky130_fd_sc_hd__and2_2)
    54    0.195263    0.734235    0.593556    0.915124 ^ _0807_/X (sky130_fd_sc_hd__and2_2)
                                                         u_max30102_ctrl.rst_n (net)
                      0.734235    0.000000    0.915124 ^ _1551_/RESET_B (sky130_fd_sc_hd__dfrtp_2)
                                              0.915124   data arrival time

                      0.150000    0.000000    0.000000   clock clk_10mhz (rise edge)
                                  0.000000    0.000000   clock network delay (ideal)
                                  0.250000    0.250000   clock uncertainty
                                  0.000000    0.250000   clock reconvergence pessimism
                                              0.250000 ^ _1551_/CLK (sky130_fd_sc_hd__dfrtp_2)
                                  0.386551    0.636551   library removal time
                                              0.636551   data required time
---------------------------------------------------------------------------------------------
                                              0.636551   data required time
                                             -0.915124   data arrival time
---------------------------------------------------------------------------------------------
                                              0.278573   slack (MET)


Startpoint: _1495_ (rising edge-triggered flip-flop clocked by clk_10mhz)
Endpoint: _1552_ (removal check against rising-edge clock clk_10mhz)
Path Group: asynchronous
Path Type: min

Fanout         Cap        Slew       Delay        Time   Description
---------------------------------------------------------------------------------------------
                      0.150000    0.000000    0.000000   clock clk_10mhz (rise edge)
                                  0.000000    0.000000   clock network delay (ideal)
                      0.150000    0.000000    0.000000 ^ _1495_/CLK (sky130_fd_sc_hd__dfrtp_2)
     2    0.035074    0.133735    0.321568    0.321568 ^ _1495_/Q (sky130_fd_sc_hd__dfrtp_2)
                                                         pwr_ctrl (net)
                      0.133735    0.000000    0.321568 ^ _0807_/B (sky130_fd_sc_hd__and2_2)
    54    0.195263    0.734235    0.593556    0.915124 ^ _0807_/X (sky130_fd_sc_hd__and2_2)
                                                         u_max30102_ctrl.rst_n (net)
                      0.734235    0.000000    0.915124 ^ _1552_/RESET_B (sky130_fd_sc_hd__dfrtp_2)
                                              0.915124   data arrival time

                      0.150000    0.000000    0.000000   clock clk_10mhz (rise edge)
                                  0.000000    0.000000   clock network delay (ideal)
                                  0.250000    0.250000   clock uncertainty
                                  0.000000    0.250000   clock reconvergence pessimism
                                              0.250000 ^ _1552_/CLK (sky130_fd_sc_hd__dfrtp_2)
                                  0.386551    0.636551   library removal time
                                              0.636551   data required time
---------------------------------------------------------------------------------------------
                                              0.636551   data required time
                                             -0.915124   data arrival time
---------------------------------------------------------------------------------------------
                                              0.278573   slack (MET)


Startpoint: _1495_ (rising edge-triggered flip-flop clocked by clk_10mhz)
Endpoint: _1553_ (removal check against rising-edge clock clk_10mhz)
Path Group: asynchronous
Path Type: min

Fanout         Cap        Slew       Delay        Time   Description
---------------------------------------------------------------------------------------------
                      0.150000    0.000000    0.000000   clock clk_10mhz (rise edge)
                                  0.000000    0.000000   clock network delay (ideal)
                      0.150000    0.000000    0.000000 ^ _1495_/CLK (sky130_fd_sc_hd__dfrtp_2)
     2    0.035074    0.133735    0.321568    0.321568 ^ _1495_/Q (sky130_fd_sc_hd__dfrtp_2)
                                                         pwr_ctrl (net)
                      0.133735    0.000000    0.321568 ^ _0807_/B (sky130_fd_sc_hd__and2_2)
    54    0.195263    0.734235    0.593556    0.915124 ^ _0807_/X (sky130_fd_sc_hd__and2_2)
                                                         u_max30102_ctrl.rst_n (net)
                      0.734235    0.000000    0.915124 ^ _1553_/RESET_B (sky130_fd_sc_hd__dfrtp_2)
                                              0.915124   data arrival time

                      0.150000    0.000000    0.000000   clock clk_10mhz (rise edge)
                                  0.000000    0.000000   clock network delay (ideal)
                                  0.250000    0.250000   clock uncertainty
                                  0.000000    0.250000   clock reconvergence pessimism
                                              0.250000 ^ _1553_/CLK (sky130_fd_sc_hd__dfrtp_2)
                                  0.386551    0.636551   library removal time
                                              0.636551   data required time
---------------------------------------------------------------------------------------------
                                              0.636551   data required time
                                             -0.915124   data arrival time
---------------------------------------------------------------------------------------------
                                              0.278573   slack (MET)


Startpoint: _1495_ (rising edge-triggered flip-flop clocked by clk_10mhz)
Endpoint: _1554_ (removal check against rising-edge clock clk_10mhz)
Path Group: asynchronous
Path Type: min

Fanout         Cap        Slew       Delay        Time   Description
---------------------------------------------------------------------------------------------
                      0.150000    0.000000    0.000000   clock clk_10mhz (rise edge)
                                  0.000000    0.000000   clock network delay (ideal)
                      0.150000    0.000000    0.000000 ^ _1495_/CLK (sky130_fd_sc_hd__dfrtp_2)
     2    0.035074    0.133735    0.321568    0.321568 ^ _1495_/Q (sky130_fd_sc_hd__dfrtp_2)
                                                         pwr_ctrl (net)
                      0.133735    0.000000    0.321568 ^ _0807_/B (sky130_fd_sc_hd__and2_2)
    54    0.195263    0.734235    0.593556    0.915124 ^ _0807_/X (sky130_fd_sc_hd__and2_2)
                                                         u_max30102_ctrl.rst_n (net)
                      0.734235    0.000000    0.915124 ^ _1554_/RESET_B (sky130_fd_sc_hd__dfrtp_2)
                                              0.915124   data arrival time

                      0.150000    0.000000    0.000000   clock clk_10mhz (rise edge)
                                  0.000000    0.000000   clock network delay (ideal)
                                  0.250000    0.250000   clock uncertainty
                                  0.000000    0.250000   clock reconvergence pessimism
                                              0.250000 ^ _1554_/CLK (sky130_fd_sc_hd__dfrtp_2)
                                  0.386551    0.636551   library removal time
                                              0.636551   data required time
---------------------------------------------------------------------------------------------
                                              0.636551   data required time
                                             -0.915124   data arrival time
---------------------------------------------------------------------------------------------
                                              0.278573   slack (MET)


Startpoint: _1495_ (rising edge-triggered flip-flop clocked by clk_10mhz)
Endpoint: _1555_ (removal check against rising-edge clock clk_10mhz)
Path Group: asynchronous
Path Type: min

Fanout         Cap        Slew       Delay        Time   Description
---------------------------------------------------------------------------------------------
                      0.150000    0.000000    0.000000   clock clk_10mhz (rise edge)
                                  0.000000    0.000000   clock network delay (ideal)
                      0.150000    0.000000    0.000000 ^ _1495_/CLK (sky130_fd_sc_hd__dfrtp_2)
     2    0.035074    0.133735    0.321568    0.321568 ^ _1495_/Q (sky130_fd_sc_hd__dfrtp_2)
                                                         pwr_ctrl (net)
                      0.133735    0.000000    0.321568 ^ _0807_/B (sky130_fd_sc_hd__and2_2)
    54    0.195263    0.734235    0.593556    0.915124 ^ _0807_/X (sky130_fd_sc_hd__and2_2)
                                                         u_max30102_ctrl.rst_n (net)
                      0.734235    0.000000    0.915124 ^ _1555_/RESET_B (sky130_fd_sc_hd__dfrtp_2)
                                              0.915124   data arrival time

                      0.150000    0.000000    0.000000   clock clk_10mhz (rise edge)
                                  0.000000    0.000000   clock network delay (ideal)
                                  0.250000    0.250000   clock uncertainty
                                  0.000000    0.250000   clock reconvergence pessimism
                                              0.250000 ^ _1555_/CLK (sky130_fd_sc_hd__dfrtp_2)
                                  0.386551    0.636551   library removal time
                                              0.636551   data required time
---------------------------------------------------------------------------------------------
                                              0.636551   data required time
                                             -0.915124   data arrival time
---------------------------------------------------------------------------------------------
                                              0.278573   slack (MET)


Startpoint: _1495_ (rising edge-triggered flip-flop clocked by clk_10mhz)
Endpoint: _1556_ (removal check against rising-edge clock clk_10mhz)
Path Group: asynchronous
Path Type: min

Fanout         Cap        Slew       Delay        Time   Description
---------------------------------------------------------------------------------------------
                      0.150000    0.000000    0.000000   clock clk_10mhz (rise edge)
                                  0.000000    0.000000   clock network delay (ideal)
                      0.150000    0.000000    0.000000 ^ _1495_/CLK (sky130_fd_sc_hd__dfrtp_2)
     2    0.035074    0.133735    0.321568    0.321568 ^ _1495_/Q (sky130_fd_sc_hd__dfrtp_2)
                                                         pwr_ctrl (net)
                      0.133735    0.000000    0.321568 ^ _0807_/B (sky130_fd_sc_hd__and2_2)
    54    0.195263    0.734235    0.593556    0.915124 ^ _0807_/X (sky130_fd_sc_hd__and2_2)
                                                         u_max30102_ctrl.rst_n (net)
                      0.734235    0.000000    0.915124 ^ _1556_/RESET_B (sky130_fd_sc_hd__dfrtp_2)
                                              0.915124   data arrival time

                      0.150000    0.000000    0.000000   clock clk_10mhz (rise edge)
                                  0.000000    0.000000   clock network delay (ideal)
                                  0.250000    0.250000   clock uncertainty
                                  0.000000    0.250000   clock reconvergence pessimism
                                              0.250000 ^ _1556_/CLK (sky130_fd_sc_hd__dfrtp_2)
                                  0.386551    0.636551   library removal time
                                              0.636551   data required time
---------------------------------------------------------------------------------------------
                                              0.636551   data required time
                                             -0.915124   data arrival time
---------------------------------------------------------------------------------------------
                                              0.278573   slack (MET)


Startpoint: _1495_ (rising edge-triggered flip-flop clocked by clk_10mhz)
Endpoint: _1557_ (removal check against rising-edge clock clk_10mhz)
Path Group: asynchronous
Path Type: min

Fanout         Cap        Slew       Delay        Time   Description
---------------------------------------------------------------------------------------------
                      0.150000    0.000000    0.000000   clock clk_10mhz (rise edge)
                                  0.000000    0.000000   clock network delay (ideal)
                      0.150000    0.000000    0.000000 ^ _1495_/CLK (sky130_fd_sc_hd__dfrtp_2)
     2    0.035074    0.133735    0.321568    0.321568 ^ _1495_/Q (sky130_fd_sc_hd__dfrtp_2)
                                                         pwr_ctrl (net)
                      0.133735    0.000000    0.321568 ^ _0807_/B (sky130_fd_sc_hd__and2_2)
    54    0.195263    0.734235    0.593556    0.915124 ^ _0807_/X (sky130_fd_sc_hd__and2_2)
                                                         u_max30102_ctrl.rst_n (net)
                      0.734235    0.000000    0.915124 ^ _1557_/RESET_B (sky130_fd_sc_hd__dfrtp_2)
                                              0.915124   data arrival time

                      0.150000    0.000000    0.000000   clock clk_10mhz (rise edge)
                                  0.000000    0.000000   clock network delay (ideal)
                                  0.250000    0.250000   clock uncertainty
                                  0.000000    0.250000   clock reconvergence pessimism
                                              0.250000 ^ _1557_/CLK (sky130_fd_sc_hd__dfrtp_2)
                                  0.386551    0.636551   library removal time
                                              0.636551   data required time
---------------------------------------------------------------------------------------------
                                              0.636551   data required time
                                             -0.915124   data arrival time
---------------------------------------------------------------------------------------------
                                              0.278573   slack (MET)


Startpoint: _1495_ (rising edge-triggered flip-flop clocked by clk_10mhz)
Endpoint: _1558_ (removal check against rising-edge clock clk_10mhz)
Path Group: asynchronous
Path Type: min

Fanout         Cap        Slew       Delay        Time   Description
---------------------------------------------------------------------------------------------
                      0.150000    0.000000    0.000000   clock clk_10mhz (rise edge)
                                  0.000000    0.000000   clock network delay (ideal)
                      0.150000    0.000000    0.000000 ^ _1495_/CLK (sky130_fd_sc_hd__dfrtp_2)
     2    0.035074    0.133735    0.321568    0.321568 ^ _1495_/Q (sky130_fd_sc_hd__dfrtp_2)
                                                         pwr_ctrl (net)
                      0.133735    0.000000    0.321568 ^ _0807_/B (sky130_fd_sc_hd__and2_2)
    54    0.195263    0.734235    0.593556    0.915124 ^ _0807_/X (sky130_fd_sc_hd__and2_2)
                                                         u_max30102_ctrl.rst_n (net)
                      0.734235    0.000000    0.915124 ^ _1558_/RESET_B (sky130_fd_sc_hd__dfrtp_2)
                                              0.915124   data arrival time

                      0.150000    0.000000    0.000000   clock clk_10mhz (rise edge)
                                  0.000000    0.000000   clock network delay (ideal)
                                  0.250000    0.250000   clock uncertainty
                                  0.000000    0.250000   clock reconvergence pessimism
                                              0.250000 ^ _1558_/CLK (sky130_fd_sc_hd__dfrtp_2)
                                  0.386551    0.636551   library removal time
                                              0.636551   data required time
---------------------------------------------------------------------------------------------
                                              0.636551   data required time
                                             -0.915124   data arrival time
---------------------------------------------------------------------------------------------
                                              0.278573   slack (MET)


Startpoint: _1495_ (rising edge-triggered flip-flop clocked by clk_10mhz)
Endpoint: _1559_ (removal check against rising-edge clock clk_10mhz)
Path Group: asynchronous
Path Type: min

Fanout         Cap        Slew       Delay        Time   Description
---------------------------------------------------------------------------------------------
                      0.150000    0.000000    0.000000   clock clk_10mhz (rise edge)
                                  0.000000    0.000000   clock network delay (ideal)
                      0.150000    0.000000    0.000000 ^ _1495_/CLK (sky130_fd_sc_hd__dfrtp_2)
     2    0.035074    0.133735    0.321568    0.321568 ^ _1495_/Q (sky130_fd_sc_hd__dfrtp_2)
                                                         pwr_ctrl (net)
                      0.133735    0.000000    0.321568 ^ _0807_/B (sky130_fd_sc_hd__and2_2)
    54    0.195263    0.734235    0.593556    0.915124 ^ _0807_/X (sky130_fd_sc_hd__and2_2)
                                                         u_max30102_ctrl.rst_n (net)
                      0.734235    0.000000    0.915124 ^ _1559_/RESET_B (sky130_fd_sc_hd__dfrtp_2)
                                              0.915124   data arrival time

                      0.150000    0.000000    0.000000   clock clk_10mhz (rise edge)
                                  0.000000    0.000000   clock network delay (ideal)
                                  0.250000    0.250000   clock uncertainty
                                  0.000000    0.250000   clock reconvergence pessimism
                                              0.250000 ^ _1559_/CLK (sky130_fd_sc_hd__dfrtp_2)
                                  0.386551    0.636551   library removal time
                                              0.636551   data required time
---------------------------------------------------------------------------------------------
                                              0.636551   data required time
                                             -0.915124   data arrival time
---------------------------------------------------------------------------------------------
                                              0.278573   slack (MET)


Startpoint: _1495_ (rising edge-triggered flip-flop clocked by clk_10mhz)
Endpoint: _1560_ (removal check against rising-edge clock clk_10mhz)
Path Group: asynchronous
Path Type: min

Fanout         Cap        Slew       Delay        Time   Description
---------------------------------------------------------------------------------------------
                      0.150000    0.000000    0.000000   clock clk_10mhz (rise edge)
                                  0.000000    0.000000   clock network delay (ideal)
                      0.150000    0.000000    0.000000 ^ _1495_/CLK (sky130_fd_sc_hd__dfrtp_2)
     2    0.035074    0.133735    0.321568    0.321568 ^ _1495_/Q (sky130_fd_sc_hd__dfrtp_2)
                                                         pwr_ctrl (net)
                      0.133735    0.000000    0.321568 ^ _0807_/B (sky130_fd_sc_hd__and2_2)
    54    0.195263    0.734235    0.593556    0.915124 ^ _0807_/X (sky130_fd_sc_hd__and2_2)
                                                         u_max30102_ctrl.rst_n (net)
                      0.734235    0.000000    0.915124 ^ _1560_/RESET_B (sky130_fd_sc_hd__dfrtp_2)
                                              0.915124   data arrival time

                      0.150000    0.000000    0.000000   clock clk_10mhz (rise edge)
                                  0.000000    0.000000   clock network delay (ideal)
                                  0.250000    0.250000   clock uncertainty
                                  0.000000    0.250000   clock reconvergence pessimism
                                              0.250000 ^ _1560_/CLK (sky130_fd_sc_hd__dfrtp_2)
                                  0.386551    0.636551   library removal time
                                              0.636551   data required time
---------------------------------------------------------------------------------------------
                                              0.636551   data required time
                                             -0.915124   data arrival time
---------------------------------------------------------------------------------------------
                                              0.278573   slack (MET)


Startpoint: _1495_ (rising edge-triggered flip-flop clocked by clk_10mhz)
Endpoint: _1582_ (removal check against rising-edge clock clk_10mhz)
Path Group: asynchronous
Path Type: min

Fanout         Cap        Slew       Delay        Time   Description
---------------------------------------------------------------------------------------------
                      0.150000    0.000000    0.000000   clock clk_10mhz (rise edge)
                                  0.000000    0.000000   clock network delay (ideal)
                      0.150000    0.000000    0.000000 ^ _1495_/CLK (sky130_fd_sc_hd__dfrtp_2)
     2    0.035074    0.133735    0.321568    0.321568 ^ _1495_/Q (sky130_fd_sc_hd__dfrtp_2)
                                                         pwr_ctrl (net)
                      0.133735    0.000000    0.321568 ^ _0807_/B (sky130_fd_sc_hd__and2_2)
    54    0.195263    0.734235    0.593556    0.915124 ^ _0807_/X (sky130_fd_sc_hd__and2_2)
                                                         u_max30102_ctrl.rst_n (net)
                      0.734235    0.000000    0.915124 ^ _1582_/RESET_B (sky130_fd_sc_hd__dfrtp_2)
                                              0.915124   data arrival time

                      0.150000    0.000000    0.000000   clock clk_10mhz (rise edge)
                                  0.000000    0.000000   clock network delay (ideal)
                                  0.250000    0.250000   clock uncertainty
                                  0.000000    0.250000   clock reconvergence pessimism
                                              0.250000 ^ _1582_/CLK (sky130_fd_sc_hd__dfrtp_2)
                                  0.386551    0.636551   library removal time
                                              0.636551   data required time
---------------------------------------------------------------------------------------------
                                              0.636551   data required time
                                             -0.915124   data arrival time
---------------------------------------------------------------------------------------------
                                              0.278573   slack (MET)


Startpoint: _1495_ (rising edge-triggered flip-flop clocked by clk_10mhz)
Endpoint: _1583_ (removal check against rising-edge clock clk_10mhz)
Path Group: asynchronous
Path Type: min

Fanout         Cap        Slew       Delay        Time   Description
---------------------------------------------------------------------------------------------
                      0.150000    0.000000    0.000000   clock clk_10mhz (rise edge)
                                  0.000000    0.000000   clock network delay (ideal)
                      0.150000    0.000000    0.000000 ^ _1495_/CLK (sky130_fd_sc_hd__dfrtp_2)
     2    0.035074    0.133735    0.321568    0.321568 ^ _1495_/Q (sky130_fd_sc_hd__dfrtp_2)
                                                         pwr_ctrl (net)
                      0.133735    0.000000    0.321568 ^ _0807_/B (sky130_fd_sc_hd__and2_2)
    54    0.195263    0.734235    0.593556    0.915124 ^ _0807_/X (sky130_fd_sc_hd__and2_2)
                                                         u_max30102_ctrl.rst_n (net)
                      0.734235    0.000000    0.915124 ^ _1583_/RESET_B (sky130_fd_sc_hd__dfrtp_2)
                                              0.915124   data arrival time

                      0.150000    0.000000    0.000000   clock clk_10mhz (rise edge)
                                  0.000000    0.000000   clock network delay (ideal)
                                  0.250000    0.250000   clock uncertainty
                                  0.000000    0.250000   clock reconvergence pessimism
                                              0.250000 ^ _1583_/CLK (sky130_fd_sc_hd__dfrtp_2)
                                  0.386551    0.636551   library removal time
                                              0.636551   data required time
---------------------------------------------------------------------------------------------
                                              0.636551   data required time
                                             -0.915124   data arrival time
---------------------------------------------------------------------------------------------
                                              0.278573   slack (MET)


Startpoint: _1495_ (rising edge-triggered flip-flop clocked by clk_10mhz)
Endpoint: _1584_ (removal check against rising-edge clock clk_10mhz)
Path Group: asynchronous
Path Type: min

Fanout         Cap        Slew       Delay        Time   Description
---------------------------------------------------------------------------------------------
                      0.150000    0.000000    0.000000   clock clk_10mhz (rise edge)
                                  0.000000    0.000000   clock network delay (ideal)
                      0.150000    0.000000    0.000000 ^ _1495_/CLK (sky130_fd_sc_hd__dfrtp_2)
     2    0.035074    0.133735    0.321568    0.321568 ^ _1495_/Q (sky130_fd_sc_hd__dfrtp_2)
                                                         pwr_ctrl (net)
                      0.133735    0.000000    0.321568 ^ _0807_/B (sky130_fd_sc_hd__and2_2)
    54    0.195263    0.734235    0.593556    0.915124 ^ _0807_/X (sky130_fd_sc_hd__and2_2)
                                                         u_max30102_ctrl.rst_n (net)
                      0.734235    0.000000    0.915124 ^ _1584_/RESET_B (sky130_fd_sc_hd__dfrtp_2)
                                              0.915124   data arrival time

                      0.150000    0.000000    0.000000   clock clk_10mhz (rise edge)
                                  0.000000    0.000000   clock network delay (ideal)
                                  0.250000    0.250000   clock uncertainty
                                  0.000000    0.250000   clock reconvergence pessimism
                                              0.250000 ^ _1584_/CLK (sky130_fd_sc_hd__dfrtp_2)
                                  0.386551    0.636551   library removal time
                                              0.636551   data required time
---------------------------------------------------------------------------------------------
                                              0.636551   data required time
                                             -0.915124   data arrival time
---------------------------------------------------------------------------------------------
                                              0.278573   slack (MET)


Startpoint: _1495_ (rising edge-triggered flip-flop clocked by clk_10mhz)
Endpoint: _1585_ (removal check against rising-edge clock clk_10mhz)
Path Group: asynchronous
Path Type: min

Fanout         Cap        Slew       Delay        Time   Description
---------------------------------------------------------------------------------------------
                      0.150000    0.000000    0.000000   clock clk_10mhz (rise edge)
                                  0.000000    0.000000   clock network delay (ideal)
                      0.150000    0.000000    0.000000 ^ _1495_/CLK (sky130_fd_sc_hd__dfrtp_2)
     2    0.035074    0.133735    0.321568    0.321568 ^ _1495_/Q (sky130_fd_sc_hd__dfrtp_2)
                                                         pwr_ctrl (net)
                      0.133735    0.000000    0.321568 ^ _0807_/B (sky130_fd_sc_hd__and2_2)
    54    0.195263    0.734235    0.593556    0.915124 ^ _0807_/X (sky130_fd_sc_hd__and2_2)
                                                         u_max30102_ctrl.rst_n (net)
                      0.734235    0.000000    0.915124 ^ _1585_/RESET_B (sky130_fd_sc_hd__dfrtp_2)
                                              0.915124   data arrival time

                      0.150000    0.000000    0.000000   clock clk_10mhz (rise edge)
                                  0.000000    0.000000   clock network delay (ideal)
                                  0.250000    0.250000   clock uncertainty
                                  0.000000    0.250000   clock reconvergence pessimism
                                              0.250000 ^ _1585_/CLK (sky130_fd_sc_hd__dfrtp_2)
                                  0.386551    0.636551   library removal time
                                              0.636551   data required time
---------------------------------------------------------------------------------------------
                                              0.636551   data required time
                                             -0.915124   data arrival time
---------------------------------------------------------------------------------------------
                                              0.278573   slack (MET)


Startpoint: _1495_ (rising edge-triggered flip-flop clocked by clk_10mhz)
Endpoint: _1586_ (removal check against rising-edge clock clk_10mhz)
Path Group: asynchronous
Path Type: min

Fanout         Cap        Slew       Delay        Time   Description
---------------------------------------------------------------------------------------------
                      0.150000    0.000000    0.000000   clock clk_10mhz (rise edge)
                                  0.000000    0.000000   clock network delay (ideal)
                      0.150000    0.000000    0.000000 ^ _1495_/CLK (sky130_fd_sc_hd__dfrtp_2)
     2    0.035074    0.133735    0.321568    0.321568 ^ _1495_/Q (sky130_fd_sc_hd__dfrtp_2)
                                                         pwr_ctrl (net)
                      0.133735    0.000000    0.321568 ^ _0807_/B (sky130_fd_sc_hd__and2_2)
    54    0.195263    0.734235    0.593556    0.915124 ^ _0807_/X (sky130_fd_sc_hd__and2_2)
                                                         u_max30102_ctrl.rst_n (net)
                      0.734235    0.000000    0.915124 ^ _1586_/RESET_B (sky130_fd_sc_hd__dfrtp_2)
                                              0.915124   data arrival time

                      0.150000    0.000000    0.000000   clock clk_10mhz (rise edge)
                                  0.000000    0.000000   clock network delay (ideal)
                                  0.250000    0.250000   clock uncertainty
                                  0.000000    0.250000   clock reconvergence pessimism
                                              0.250000 ^ _1586_/CLK (sky130_fd_sc_hd__dfrtp_2)
                                  0.386551    0.636551   library removal time
                                              0.636551   data required time
---------------------------------------------------------------------------------------------
                                              0.636551   data required time
                                             -0.915124   data arrival time
---------------------------------------------------------------------------------------------
                                              0.278573   slack (MET)


Startpoint: _1495_ (rising edge-triggered flip-flop clocked by clk_10mhz)
Endpoint: _1587_ (removal check against rising-edge clock clk_10mhz)
Path Group: asynchronous
Path Type: min

Fanout         Cap        Slew       Delay        Time   Description
---------------------------------------------------------------------------------------------
                      0.150000    0.000000    0.000000   clock clk_10mhz (rise edge)
                                  0.000000    0.000000   clock network delay (ideal)
                      0.150000    0.000000    0.000000 ^ _1495_/CLK (sky130_fd_sc_hd__dfrtp_2)
     2    0.035074    0.133735    0.321568    0.321568 ^ _1495_/Q (sky130_fd_sc_hd__dfrtp_2)
                                                         pwr_ctrl (net)
                      0.133735    0.000000    0.321568 ^ _0807_/B (sky130_fd_sc_hd__and2_2)
    54    0.195263    0.734235    0.593556    0.915124 ^ _0807_/X (sky130_fd_sc_hd__and2_2)
                                                         u_max30102_ctrl.rst_n (net)
                      0.734235    0.000000    0.915124 ^ _1587_/RESET_B (sky130_fd_sc_hd__dfrtp_2)
                                              0.915124   data arrival time

                      0.150000    0.000000    0.000000   clock clk_10mhz (rise edge)
                                  0.000000    0.000000   clock network delay (ideal)
                                  0.250000    0.250000   clock uncertainty
                                  0.000000    0.250000   clock reconvergence pessimism
                                              0.250000 ^ _1587_/CLK (sky130_fd_sc_hd__dfrtp_2)
                                  0.386551    0.636551   library removal time
                                              0.636551   data required time
---------------------------------------------------------------------------------------------
                                              0.636551   data required time
                                             -0.915124   data arrival time
---------------------------------------------------------------------------------------------
                                              0.278573   slack (MET)


Startpoint: _1495_ (rising edge-triggered flip-flop clocked by clk_10mhz)
Endpoint: _1588_ (removal check against rising-edge clock clk_10mhz)
Path Group: asynchronous
Path Type: min

Fanout         Cap        Slew       Delay        Time   Description
---------------------------------------------------------------------------------------------
                      0.150000    0.000000    0.000000   clock clk_10mhz (rise edge)
                                  0.000000    0.000000   clock network delay (ideal)
                      0.150000    0.000000    0.000000 ^ _1495_/CLK (sky130_fd_sc_hd__dfrtp_2)
     2    0.035074    0.133735    0.321568    0.321568 ^ _1495_/Q (sky130_fd_sc_hd__dfrtp_2)
                                                         pwr_ctrl (net)
                      0.133735    0.000000    0.321568 ^ _0807_/B (sky130_fd_sc_hd__and2_2)
    54    0.195263    0.734235    0.593556    0.915124 ^ _0807_/X (sky130_fd_sc_hd__and2_2)
                                                         u_max30102_ctrl.rst_n (net)
                      0.734235    0.000000    0.915124 ^ _1588_/RESET_B (sky130_fd_sc_hd__dfrtp_2)
                                              0.915124   data arrival time

                      0.150000    0.000000    0.000000   clock clk_10mhz (rise edge)
                                  0.000000    0.000000   clock network delay (ideal)
                                  0.250000    0.250000   clock uncertainty
                                  0.000000    0.250000   clock reconvergence pessimism
                                              0.250000 ^ _1588_/CLK (sky130_fd_sc_hd__dfrtp_2)
                                  0.386551    0.636551   library removal time
                                              0.636551   data required time
---------------------------------------------------------------------------------------------
                                              0.636551   data required time
                                             -0.915124   data arrival time
---------------------------------------------------------------------------------------------
                                              0.278573   slack (MET)


Startpoint: _1495_ (rising edge-triggered flip-flop clocked by clk_10mhz)
Endpoint: _1589_ (removal check against rising-edge clock clk_10mhz)
Path Group: asynchronous
Path Type: min

Fanout         Cap        Slew       Delay        Time   Description
---------------------------------------------------------------------------------------------
                      0.150000    0.000000    0.000000   clock clk_10mhz (rise edge)
                                  0.000000    0.000000   clock network delay (ideal)
                      0.150000    0.000000    0.000000 ^ _1495_/CLK (sky130_fd_sc_hd__dfrtp_2)
     2    0.035074    0.133735    0.321568    0.321568 ^ _1495_/Q (sky130_fd_sc_hd__dfrtp_2)
                                                         pwr_ctrl (net)
                      0.133735    0.000000    0.321568 ^ _0807_/B (sky130_fd_sc_hd__and2_2)
    54    0.195263    0.734235    0.593556    0.915124 ^ _0807_/X (sky130_fd_sc_hd__and2_2)
                                                         u_max30102_ctrl.rst_n (net)
                      0.734235    0.000000    0.915124 ^ _1589_/RESET_B (sky130_fd_sc_hd__dfrtp_2)
                                              0.915124   data arrival time

                      0.150000    0.000000    0.000000   clock clk_10mhz (rise edge)
                                  0.000000    0.000000   clock network delay (ideal)
                                  0.250000    0.250000   clock uncertainty
                                  0.000000    0.250000   clock reconvergence pessimism
                                              0.250000 ^ _1589_/CLK (sky130_fd_sc_hd__dfrtp_2)
                                  0.386551    0.636551   library removal time
                                              0.636551   data required time
---------------------------------------------------------------------------------------------
                                              0.636551   data required time
                                             -0.915124   data arrival time
---------------------------------------------------------------------------------------------
                                              0.278573   slack (MET)


Startpoint: _1495_ (rising edge-triggered flip-flop clocked by clk_10mhz)
Endpoint: _1590_ (removal check against rising-edge clock clk_10mhz)
Path Group: asynchronous
Path Type: min

Fanout         Cap        Slew       Delay        Time   Description
---------------------------------------------------------------------------------------------
                      0.150000    0.000000    0.000000   clock clk_10mhz (rise edge)
                                  0.000000    0.000000   clock network delay (ideal)
                      0.150000    0.000000    0.000000 ^ _1495_/CLK (sky130_fd_sc_hd__dfrtp_2)
     2    0.035074    0.133735    0.321568    0.321568 ^ _1495_/Q (sky130_fd_sc_hd__dfrtp_2)
                                                         pwr_ctrl (net)
                      0.133735    0.000000    0.321568 ^ _0807_/B (sky130_fd_sc_hd__and2_2)
    54    0.195263    0.734235    0.593556    0.915124 ^ _0807_/X (sky130_fd_sc_hd__and2_2)
                                                         u_max30102_ctrl.rst_n (net)
                      0.734235    0.000000    0.915124 ^ _1590_/RESET_B (sky130_fd_sc_hd__dfrtp_2)
                                              0.915124   data arrival time

                      0.150000    0.000000    0.000000   clock clk_10mhz (rise edge)
                                  0.000000    0.000000   clock network delay (ideal)
                                  0.250000    0.250000   clock uncertainty
                                  0.000000    0.250000   clock reconvergence pessimism
                                              0.250000 ^ _1590_/CLK (sky130_fd_sc_hd__dfrtp_2)
                                  0.386551    0.636551   library removal time
                                              0.636551   data required time
---------------------------------------------------------------------------------------------
                                              0.636551   data required time
                                             -0.915124   data arrival time
---------------------------------------------------------------------------------------------
                                              0.278573   slack (MET)


Startpoint: _1495_ (rising edge-triggered flip-flop clocked by clk_10mhz)
Endpoint: _1591_ (removal check against rising-edge clock clk_10mhz)
Path Group: asynchronous
Path Type: min

Fanout         Cap        Slew       Delay        Time   Description
---------------------------------------------------------------------------------------------
                      0.150000    0.000000    0.000000   clock clk_10mhz (rise edge)
                                  0.000000    0.000000   clock network delay (ideal)
                      0.150000    0.000000    0.000000 ^ _1495_/CLK (sky130_fd_sc_hd__dfrtp_2)
     2    0.035074    0.133735    0.321568    0.321568 ^ _1495_/Q (sky130_fd_sc_hd__dfrtp_2)
                                                         pwr_ctrl (net)
                      0.133735    0.000000    0.321568 ^ _0807_/B (sky130_fd_sc_hd__and2_2)
    54    0.195263    0.734235    0.593556    0.915124 ^ _0807_/X (sky130_fd_sc_hd__and2_2)
                                                         u_max30102_ctrl.rst_n (net)
                      0.734235    0.000000    0.915124 ^ _1591_/RESET_B (sky130_fd_sc_hd__dfrtp_2)
                                              0.915124   data arrival time

                      0.150000    0.000000    0.000000   clock clk_10mhz (rise edge)
                                  0.000000    0.000000   clock network delay (ideal)
                                  0.250000    0.250000   clock uncertainty
                                  0.000000    0.250000   clock reconvergence pessimism
                                              0.250000 ^ _1591_/CLK (sky130_fd_sc_hd__dfrtp_2)
                                  0.386551    0.636551   library removal time
                                              0.636551   data required time
---------------------------------------------------------------------------------------------
                                              0.636551   data required time
                                             -0.915124   data arrival time
---------------------------------------------------------------------------------------------
                                              0.278573   slack (MET)


Startpoint: _1495_ (rising edge-triggered flip-flop clocked by clk_10mhz)
Endpoint: _1592_ (removal check against rising-edge clock clk_10mhz)
Path Group: asynchronous
Path Type: min

Fanout         Cap        Slew       Delay        Time   Description
---------------------------------------------------------------------------------------------
                      0.150000    0.000000    0.000000   clock clk_10mhz (rise edge)
                                  0.000000    0.000000   clock network delay (ideal)
                      0.150000    0.000000    0.000000 ^ _1495_/CLK (sky130_fd_sc_hd__dfrtp_2)
     2    0.035074    0.133735    0.321568    0.321568 ^ _1495_/Q (sky130_fd_sc_hd__dfrtp_2)
                                                         pwr_ctrl (net)
                      0.133735    0.000000    0.321568 ^ _0807_/B (sky130_fd_sc_hd__and2_2)
    54    0.195263    0.734235    0.593556    0.915124 ^ _0807_/X (sky130_fd_sc_hd__and2_2)
                                                         u_max30102_ctrl.rst_n (net)
                      0.734235    0.000000    0.915124 ^ _1592_/RESET_B (sky130_fd_sc_hd__dfrtp_2)
                                              0.915124   data arrival time

                      0.150000    0.000000    0.000000   clock clk_10mhz (rise edge)
                                  0.000000    0.000000   clock network delay (ideal)
                                  0.250000    0.250000   clock uncertainty
                                  0.000000    0.250000   clock reconvergence pessimism
                                              0.250000 ^ _1592_/CLK (sky130_fd_sc_hd__dfrtp_2)
                                  0.386551    0.636551   library removal time
                                              0.636551   data required time
---------------------------------------------------------------------------------------------
                                              0.636551   data required time
                                             -0.915124   data arrival time
---------------------------------------------------------------------------------------------
                                              0.278573   slack (MET)


Startpoint: _1495_ (rising edge-triggered flip-flop clocked by clk_10mhz)
Endpoint: _1593_ (removal check against rising-edge clock clk_10mhz)
Path Group: asynchronous
Path Type: min

Fanout         Cap        Slew       Delay        Time   Description
---------------------------------------------------------------------------------------------
                      0.150000    0.000000    0.000000   clock clk_10mhz (rise edge)
                                  0.000000    0.000000   clock network delay (ideal)
                      0.150000    0.000000    0.000000 ^ _1495_/CLK (sky130_fd_sc_hd__dfrtp_2)
     2    0.035074    0.133735    0.321568    0.321568 ^ _1495_/Q (sky130_fd_sc_hd__dfrtp_2)
                                                         pwr_ctrl (net)
                      0.133735    0.000000    0.321568 ^ _0807_/B (sky130_fd_sc_hd__and2_2)
    54    0.195263    0.734235    0.593556    0.915124 ^ _0807_/X (sky130_fd_sc_hd__and2_2)
                                                         u_max30102_ctrl.rst_n (net)
                      0.734235    0.000000    0.915124 ^ _1593_/RESET_B (sky130_fd_sc_hd__dfrtp_2)
                                              0.915124   data arrival time

                      0.150000    0.000000    0.000000   clock clk_10mhz (rise edge)
                                  0.000000    0.000000   clock network delay (ideal)
                                  0.250000    0.250000   clock uncertainty
                                  0.000000    0.250000   clock reconvergence pessimism
                                              0.250000 ^ _1593_/CLK (sky130_fd_sc_hd__dfrtp_2)
                                  0.386551    0.636551   library removal time
                                              0.636551   data required time
---------------------------------------------------------------------------------------------
                                              0.636551   data required time
                                             -0.915124   data arrival time
---------------------------------------------------------------------------------------------
                                              0.278573   slack (MET)


Startpoint: _1495_ (rising edge-triggered flip-flop clocked by clk_10mhz)
Endpoint: _1594_ (removal check against rising-edge clock clk_10mhz)
Path Group: asynchronous
Path Type: min

Fanout         Cap        Slew       Delay        Time   Description
---------------------------------------------------------------------------------------------
                      0.150000    0.000000    0.000000   clock clk_10mhz (rise edge)
                                  0.000000    0.000000   clock network delay (ideal)
                      0.150000    0.000000    0.000000 ^ _1495_/CLK (sky130_fd_sc_hd__dfrtp_2)
     2    0.035074    0.133735    0.321568    0.321568 ^ _1495_/Q (sky130_fd_sc_hd__dfrtp_2)
                                                         pwr_ctrl (net)
                      0.133735    0.000000    0.321568 ^ _0807_/B (sky130_fd_sc_hd__and2_2)
    54    0.195263    0.734235    0.593556    0.915124 ^ _0807_/X (sky130_fd_sc_hd__and2_2)
                                                         u_max30102_ctrl.rst_n (net)
                      0.734235    0.000000    0.915124 ^ _1594_/RESET_B (sky130_fd_sc_hd__dfrtp_2)
                                              0.915124   data arrival time

                      0.150000    0.000000    0.000000   clock clk_10mhz (rise edge)
                                  0.000000    0.000000   clock network delay (ideal)
                                  0.250000    0.250000   clock uncertainty
                                  0.000000    0.250000   clock reconvergence pessimism
                                              0.250000 ^ _1594_/CLK (sky130_fd_sc_hd__dfrtp_2)
                                  0.386551    0.636551   library removal time
                                              0.636551   data required time
---------------------------------------------------------------------------------------------
                                              0.636551   data required time
                                             -0.915124   data arrival time
---------------------------------------------------------------------------------------------
                                              0.278573   slack (MET)


Startpoint: _1495_ (rising edge-triggered flip-flop clocked by clk_10mhz)
Endpoint: _1581_ (removal check against rising-edge clock clk_10mhz)
Path Group: asynchronous
Path Type: min

Fanout         Cap        Slew       Delay        Time   Description
---------------------------------------------------------------------------------------------
                      0.150000    0.000000    0.000000   clock clk_10mhz (rise edge)
                                  0.000000    0.000000   clock network delay (ideal)
                      0.150000    0.000000    0.000000 ^ _1495_/CLK (sky130_fd_sc_hd__dfrtp_2)
     2    0.035074    0.133735    0.321568    0.321568 ^ _1495_/Q (sky130_fd_sc_hd__dfrtp_2)
                                                         pwr_ctrl (net)
                      0.133735    0.000000    0.321568 ^ _0807_/B (sky130_fd_sc_hd__and2_2)
    54    0.195263    0.734235    0.593556    0.915124 ^ _0807_/X (sky130_fd_sc_hd__and2_2)
                                                         u_max30102_ctrl.rst_n (net)
                      0.734235    0.000000    0.915124 ^ _1581_/SET_B (sky130_fd_sc_hd__dfstp_2)
                                              0.915124   data arrival time

                      0.150000    0.000000    0.000000   clock clk_10mhz (rise edge)
                                  0.000000    0.000000   clock network delay (ideal)
                                  0.250000    0.250000   clock uncertainty
                                  0.000000    0.250000   clock reconvergence pessimism
                                              0.250000 ^ _1581_/CLK (sky130_fd_sc_hd__dfstp_2)
                                  0.149623    0.399623   library removal time
                                              0.399623   data required time
---------------------------------------------------------------------------------------------
                                              0.399623   data required time
                                             -0.915124   data arrival time
---------------------------------------------------------------------------------------------
                                              0.515501   slack (MET)


Startpoint: srf_echo (input port clocked by clk_10mhz)
Endpoint: _1519_ (rising edge-triggered flip-flop clocked by clk_10mhz)
Path Group: clk_10mhz
Path Type: min

Fanout         Cap        Slew       Delay        Time   Description
---------------------------------------------------------------------------------------------
                      0.150000    0.000000    0.000000   clock clk_10mhz (rise edge)
                                  0.000000    0.000000   clock network delay (ideal)
                                 20.000000   20.000000 v input external delay
     1    0.002059    0.003783    0.001602   20.001602 v srf_echo (in)
                                                         srf_echo (net)
                      0.003783    0.000000   20.001602 v _1519_/D (sky130_fd_sc_hd__dfrtp_2)
                                             20.001602   data arrival time

                      0.150000    0.000000    0.000000   clock clk_10mhz (rise edge)
                                  0.000000    0.000000   clock network delay (ideal)
                                  0.250000    0.250000   clock uncertainty
                                  0.000000    0.250000   clock reconvergence pessimism
                                              0.250000 ^ _1519_/CLK (sky130_fd_sc_hd__dfrtp_2)
                                 -0.008738    0.241262   library hold time
                                              0.241262   data required time
---------------------------------------------------------------------------------------------
                                              0.241262   data required time
                                            -20.001602   data arrival time
---------------------------------------------------------------------------------------------
                                             19.760342   slack (MET)


Startpoint: _1754_ (rising edge-triggered flip-flop clocked by clk_10mhz)
Endpoint: uart_tx_pin (output port clocked by clk_10mhz)
Path Group: clk_10mhz
Path Type: min

Fanout         Cap        Slew       Delay        Time   Description
---------------------------------------------------------------------------------------------
                      0.150000    0.000000    0.000000   clock clk_10mhz (rise edge)
                                  0.000000    0.000000   clock network delay (ideal)
                      0.150000    0.000000    0.000000 ^ _1754_/CLK (sky130_fd_sc_hd__dfstp_2)
     1    0.033442    0.059394    0.291437    0.291437 v _1754_/Q (sky130_fd_sc_hd__dfstp_2)
                                                         uart_tx_pin (net)
                      0.059394    0.000000    0.291437 v uart_tx_pin (out)
                                              0.291437   data arrival time

                      0.150000    0.000000    0.000000   clock clk_10mhz (rise edge)
                                  0.000000    0.000000   clock network delay (ideal)
                                  0.250000    0.250000   clock uncertainty
                                  0.000000    0.250000   clock reconvergence pessimism
                                -20.000000  -19.750002   output external delay
                                            -19.750002   data required time
---------------------------------------------------------------------------------------------
                                            -19.750002   data required time
                                             -0.291437   data arrival time
---------------------------------------------------------------------------------------------
                                             20.041437   slack (MET)


Startpoint: _1495_ (rising edge-triggered flip-flop clocked by clk_10mhz)
Endpoint: pwr_ctrl (output port clocked by clk_10mhz)
Path Group: clk_10mhz
Path Type: min

Fanout         Cap        Slew       Delay        Time   Description
---------------------------------------------------------------------------------------------
                      0.150000    0.000000    0.000000   clock clk_10mhz (rise edge)
                                  0.000000    0.000000   clock network delay (ideal)
                      0.150000    0.000000    0.000000 ^ _1495_/CLK (sky130_fd_sc_hd__dfrtp_2)
     2    0.035074    0.133735    0.321568    0.321568 ^ _1495_/Q (sky130_fd_sc_hd__dfrtp_2)
                                                         pwr_ctrl (net)
                      0.133735    0.000000    0.321568 ^ pwr_ctrl (out)
                                              0.321568   data arrival time

                      0.150000    0.000000    0.000000   clock clk_10mhz (rise edge)
                                  0.000000    0.000000   clock network delay (ideal)
                                  0.250000    0.250000   clock uncertainty
                                  0.000000    0.250000   clock reconvergence pessimism
                                -20.000000  -19.750002   output external delay
                                            -19.750002   data required time
---------------------------------------------------------------------------------------------
                                            -19.750002   data required time
                                             -0.321568   data arrival time
---------------------------------------------------------------------------------------------
                                             20.071569   slack (MET)


Startpoint: _1518_ (rising edge-triggered flip-flop clocked by clk_10mhz)
Endpoint: srf_trig (output port clocked by clk_10mhz)
Path Group: clk_10mhz
Path Type: min

Fanout         Cap        Slew       Delay        Time   Description
---------------------------------------------------------------------------------------------
                      0.150000    0.000000    0.000000   clock clk_10mhz (rise edge)
                                  0.000000    0.000000   clock network delay (ideal)
                      0.150000    0.000000    0.000000 ^ _1518_/CLK (sky130_fd_sc_hd__dfrtp_2)
     2    0.035960    0.136719    0.323758    0.323758 ^ _1518_/Q (sky130_fd_sc_hd__dfrtp_2)
                                                         srf_trig (net)
                      0.136719    0.000000    0.323758 ^ srf_trig (out)
                                              0.323758   data arrival time

                      0.150000    0.000000    0.000000   clock clk_10mhz (rise edge)
                                  0.000000    0.000000   clock network delay (ideal)
                                  0.250000    0.250000   clock uncertainty
                                  0.000000    0.250000   clock reconvergence pessimism
                                -20.000000  -19.750002   output external delay
                                            -19.750002   data required time
---------------------------------------------------------------------------------------------
                                            -19.750002   data required time
                                             -0.323758   data arrival time
---------------------------------------------------------------------------------------------
                                             20.073759   slack (MET)


Startpoint: rst_n (input port clocked by clk_10mhz)
Endpoint: _1495_ (removal check against rising-edge clock clk_10mhz)
Path Group: asynchronous
Path Type: min

Fanout         Cap        Slew       Delay        Time   Description
---------------------------------------------------------------------------------------------
                      0.150000    0.000000    0.000000   clock clk_10mhz (rise edge)
                                  0.000000    0.000000   clock network delay (ideal)
                                 20.000000   20.000000 ^ input external delay
   105    0.357764    1.202034    0.836000   20.836000 ^ rst_n (in)
                                                         rst_n (net)
                      1.202034    0.000000   20.836000 ^ _1495_/RESET_B (sky130_fd_sc_hd__dfrtp_2)
                                             20.836000   data arrival time

                      0.150000    0.000000    0.000000   clock clk_10mhz (rise edge)
                                  0.000000    0.000000   clock network delay (ideal)
                                  0.250000    0.250000   clock uncertainty
                                  0.000000    0.250000   clock reconvergence pessimism
                                              0.250000 ^ _1495_/CLK (sky130_fd_sc_hd__dfrtp_2)
                                  0.490209    0.740209   library removal time
                                              0.740209   data required time
---------------------------------------------------------------------------------------------
                                              0.740209   data required time
                                            -20.836000   data arrival time
---------------------------------------------------------------------------------------------
                                             20.095791   slack (MET)


Startpoint: rst_n (input port clocked by clk_10mhz)
Endpoint: _1496_ (removal check against rising-edge clock clk_10mhz)
Path Group: asynchronous
Path Type: min

Fanout         Cap        Slew       Delay        Time   Description
---------------------------------------------------------------------------------------------
                      0.150000    0.000000    0.000000   clock clk_10mhz (rise edge)
                                  0.000000    0.000000   clock network delay (ideal)
                                 20.000000   20.000000 ^ input external delay
   105    0.357764    1.202034    0.836000   20.836000 ^ rst_n (in)
                                                         rst_n (net)
                      1.202034    0.000000   20.836000 ^ _1496_/RESET_B (sky130_fd_sc_hd__dfrtp_2)
                                             20.836000   data arrival time

                      0.150000    0.000000    0.000000   clock clk_10mhz (rise edge)
                                  0.000000    0.000000   clock network delay (ideal)
                                  0.250000    0.250000   clock uncertainty
                                  0.000000    0.250000   clock reconvergence pessimism
                                              0.250000 ^ _1496_/CLK (sky130_fd_sc_hd__dfrtp_2)
                                  0.490209    0.740209   library removal time
                                              0.740209   data required time
---------------------------------------------------------------------------------------------
                                              0.740209   data required time
                                            -20.836000   data arrival time
---------------------------------------------------------------------------------------------
                                             20.095791   slack (MET)


Startpoint: rst_n (input port clocked by clk_10mhz)
Endpoint: _1497_ (removal check against rising-edge clock clk_10mhz)
Path Group: asynchronous
Path Type: min

Fanout         Cap        Slew       Delay        Time   Description
---------------------------------------------------------------------------------------------
                      0.150000    0.000000    0.000000   clock clk_10mhz (rise edge)
                                  0.000000    0.000000   clock network delay (ideal)
                                 20.000000   20.000000 ^ input external delay
   105    0.357764    1.202034    0.836000   20.836000 ^ rst_n (in)
                                                         rst_n (net)
                      1.202034    0.000000   20.836000 ^ _1497_/RESET_B (sky130_fd_sc_hd__dfrtp_2)
                                             20.836000   data arrival time

                      0.150000    0.000000    0.000000   clock clk_10mhz (rise edge)
                                  0.000000    0.000000   clock network delay (ideal)
                                  0.250000    0.250000   clock uncertainty
                                  0.000000    0.250000   clock reconvergence pessimism
                                              0.250000 ^ _1497_/CLK (sky130_fd_sc_hd__dfrtp_2)
                                  0.490209    0.740209   library removal time
                                              0.740209   data required time
---------------------------------------------------------------------------------------------
                                              0.740209   data required time
                                            -20.836000   data arrival time
---------------------------------------------------------------------------------------------
                                             20.095791   slack (MET)


Startpoint: rst_n (input port clocked by clk_10mhz)
Endpoint: _1498_ (removal check against rising-edge clock clk_10mhz)
Path Group: asynchronous
Path Type: min

Fanout         Cap        Slew       Delay        Time   Description
---------------------------------------------------------------------------------------------
                      0.150000    0.000000    0.000000   clock clk_10mhz (rise edge)
                                  0.000000    0.000000   clock network delay (ideal)
                                 20.000000   20.000000 ^ input external delay
   105    0.357764    1.202034    0.836000   20.836000 ^ rst_n (in)
                                                         rst_n (net)
                      1.202034    0.000000   20.836000 ^ _1498_/RESET_B (sky130_fd_sc_hd__dfrtp_2)
                                             20.836000   data arrival time

                      0.150000    0.000000    0.000000   clock clk_10mhz (rise edge)
                                  0.000000    0.000000   clock network delay (ideal)
                                  0.250000    0.250000   clock uncertainty
                                  0.000000    0.250000   clock reconvergence pessimism
                                              0.250000 ^ _1498_/CLK (sky130_fd_sc_hd__dfrtp_2)
                                  0.490209    0.740209   library removal time
                                              0.740209   data required time
---------------------------------------------------------------------------------------------
                                              0.740209   data required time
                                            -20.836000   data arrival time
---------------------------------------------------------------------------------------------
                                             20.095791   slack (MET)


Startpoint: rst_n (input port clocked by clk_10mhz)
Endpoint: _1499_ (removal check against rising-edge clock clk_10mhz)
Path Group: asynchronous
Path Type: min

Fanout         Cap        Slew       Delay        Time   Description
---------------------------------------------------------------------------------------------
                      0.150000    0.000000    0.000000   clock clk_10mhz (rise edge)
                                  0.000000    0.000000   clock network delay (ideal)
                                 20.000000   20.000000 ^ input external delay
   105    0.357764    1.202034    0.836000   20.836000 ^ rst_n (in)
                                                         rst_n (net)
                      1.202034    0.000000   20.836000 ^ _1499_/RESET_B (sky130_fd_sc_hd__dfrtp_2)
                                             20.836000   data arrival time

                      0.150000    0.000000    0.000000   clock clk_10mhz (rise edge)
                                  0.000000    0.000000   clock network delay (ideal)
                                  0.250000    0.250000   clock uncertainty
                                  0.000000    0.250000   clock reconvergence pessimism
                                              0.250000 ^ _1499_/CLK (sky130_fd_sc_hd__dfrtp_2)
                                  0.490209    0.740209   library removal time
                                              0.740209   data required time
---------------------------------------------------------------------------------------------
                                              0.740209   data required time
                                            -20.836000   data arrival time
---------------------------------------------------------------------------------------------
                                             20.095791   slack (MET)


Startpoint: rst_n (input port clocked by clk_10mhz)
Endpoint: _1500_ (removal check against rising-edge clock clk_10mhz)
Path Group: asynchronous
Path Type: min

Fanout         Cap        Slew       Delay        Time   Description
---------------------------------------------------------------------------------------------
                      0.150000    0.000000    0.000000   clock clk_10mhz (rise edge)
                                  0.000000    0.000000   clock network delay (ideal)
                                 20.000000   20.000000 ^ input external delay
   105    0.357764    1.202034    0.836000   20.836000 ^ rst_n (in)
                                                         rst_n (net)
                      1.202034    0.000000   20.836000 ^ _1500_/RESET_B (sky130_fd_sc_hd__dfrtp_2)
                                             20.836000   data arrival time

                      0.150000    0.000000    0.000000   clock clk_10mhz (rise edge)
                                  0.000000    0.000000   clock network delay (ideal)
                                  0.250000    0.250000   clock uncertainty
                                  0.000000    0.250000   clock reconvergence pessimism
                                              0.250000 ^ _1500_/CLK (sky130_fd_sc_hd__dfrtp_2)
                                  0.490209    0.740209   library removal time
                                              0.740209   data required time
---------------------------------------------------------------------------------------------
                                              0.740209   data required time
                                            -20.836000   data arrival time
---------------------------------------------------------------------------------------------
                                             20.095791   slack (MET)


Startpoint: rst_n (input port clocked by clk_10mhz)
Endpoint: _1501_ (removal check against rising-edge clock clk_10mhz)
Path Group: asynchronous
Path Type: min

Fanout         Cap        Slew       Delay        Time   Description
---------------------------------------------------------------------------------------------
                      0.150000    0.000000    0.000000   clock clk_10mhz (rise edge)
                                  0.000000    0.000000   clock network delay (ideal)
                                 20.000000   20.000000 ^ input external delay
   105    0.357764    1.202034    0.836000   20.836000 ^ rst_n (in)
                                                         rst_n (net)
                      1.202034    0.000000   20.836000 ^ _1501_/RESET_B (sky130_fd_sc_hd__dfrtp_2)
                                             20.836000   data arrival time

                      0.150000    0.000000    0.000000   clock clk_10mhz (rise edge)
                                  0.000000    0.000000   clock network delay (ideal)
                                  0.250000    0.250000   clock uncertainty
                                  0.000000    0.250000   clock reconvergence pessimism
                                              0.250000 ^ _1501_/CLK (sky130_fd_sc_hd__dfrtp_2)
                                  0.490209    0.740209   library removal time
                                              0.740209   data required time
---------------------------------------------------------------------------------------------
                                              0.740209   data required time
                                            -20.836000   data arrival time
---------------------------------------------------------------------------------------------
                                             20.095791   slack (MET)


Startpoint: rst_n (input port clocked by clk_10mhz)
Endpoint: _1502_ (removal check against rising-edge clock clk_10mhz)
Path Group: asynchronous
Path Type: min

Fanout         Cap        Slew       Delay        Time   Description
---------------------------------------------------------------------------------------------
                      0.150000    0.000000    0.000000   clock clk_10mhz (rise edge)
                                  0.000000    0.000000   clock network delay (ideal)
                                 20.000000   20.000000 ^ input external delay
   105    0.357764    1.202034    0.836000   20.836000 ^ rst_n (in)
                                                         rst_n (net)
                      1.202034    0.000000   20.836000 ^ _1502_/RESET_B (sky130_fd_sc_hd__dfrtp_2)
                                             20.836000   data arrival time

                      0.150000    0.000000    0.000000   clock clk_10mhz (rise edge)
                                  0.000000    0.000000   clock network delay (ideal)
                                  0.250000    0.250000   clock uncertainty
                                  0.000000    0.250000   clock reconvergence pessimism
                                              0.250000 ^ _1502_/CLK (sky130_fd_sc_hd__dfrtp_2)
                                  0.490209    0.740209   library removal time
                                              0.740209   data required time
---------------------------------------------------------------------------------------------
                                              0.740209   data required time
                                            -20.836000   data arrival time
---------------------------------------------------------------------------------------------
                                             20.095791   slack (MET)


Startpoint: rst_n (input port clocked by clk_10mhz)
Endpoint: _1503_ (removal check against rising-edge clock clk_10mhz)
Path Group: asynchronous
Path Type: min

Fanout         Cap        Slew       Delay        Time   Description
---------------------------------------------------------------------------------------------
                      0.150000    0.000000    0.000000   clock clk_10mhz (rise edge)
                                  0.000000    0.000000   clock network delay (ideal)
                                 20.000000   20.000000 ^ input external delay
   105    0.357764    1.202034    0.836000   20.836000 ^ rst_n (in)
                                                         rst_n (net)
                      1.202034    0.000000   20.836000 ^ _1503_/RESET_B (sky130_fd_sc_hd__dfrtp_2)
                                             20.836000   data arrival time

                      0.150000    0.000000    0.000000   clock clk_10mhz (rise edge)
                                  0.000000    0.000000   clock network delay (ideal)
                                  0.250000    0.250000   clock uncertainty
                                  0.000000    0.250000   clock reconvergence pessimism
                                              0.250000 ^ _1503_/CLK (sky130_fd_sc_hd__dfrtp_2)
                                  0.490209    0.740209   library removal time
                                              0.740209   data required time
---------------------------------------------------------------------------------------------
                                              0.740209   data required time
                                            -20.836000   data arrival time
---------------------------------------------------------------------------------------------
                                             20.095791   slack (MET)


Startpoint: rst_n (input port clocked by clk_10mhz)
Endpoint: _1504_ (removal check against rising-edge clock clk_10mhz)
Path Group: asynchronous
Path Type: min

Fanout         Cap        Slew       Delay        Time   Description
---------------------------------------------------------------------------------------------
                      0.150000    0.000000    0.000000   clock clk_10mhz (rise edge)
                                  0.000000    0.000000   clock network delay (ideal)
                                 20.000000   20.000000 ^ input external delay
   105    0.357764    1.202034    0.836000   20.836000 ^ rst_n (in)
                                                         rst_n (net)
                      1.202034    0.000000   20.836000 ^ _1504_/RESET_B (sky130_fd_sc_hd__dfrtp_2)
                                             20.836000   data arrival time

                      0.150000    0.000000    0.000000   clock clk_10mhz (rise edge)
                                  0.000000    0.000000   clock network delay (ideal)
                                  0.250000    0.250000   clock uncertainty
                                  0.000000    0.250000   clock reconvergence pessimism
                                              0.250000 ^ _1504_/CLK (sky130_fd_sc_hd__dfrtp_2)
                                  0.490209    0.740209   library removal time
                                              0.740209   data required time
---------------------------------------------------------------------------------------------
                                              0.740209   data required time
                                            -20.836000   data arrival time
---------------------------------------------------------------------------------------------
                                             20.095791   slack (MET)


Startpoint: rst_n (input port clocked by clk_10mhz)
Endpoint: _1505_ (removal check against rising-edge clock clk_10mhz)
Path Group: asynchronous
Path Type: min

Fanout         Cap        Slew       Delay        Time   Description
---------------------------------------------------------------------------------------------
                      0.150000    0.000000    0.000000   clock clk_10mhz (rise edge)
                                  0.000000    0.000000   clock network delay (ideal)
                                 20.000000   20.000000 ^ input external delay
   105    0.357764    1.202034    0.836000   20.836000 ^ rst_n (in)
                                                         rst_n (net)
                      1.202034    0.000000   20.836000 ^ _1505_/RESET_B (sky130_fd_sc_hd__dfrtp_2)
                                             20.836000   data arrival time

                      0.150000    0.000000    0.000000   clock clk_10mhz (rise edge)
                                  0.000000    0.000000   clock network delay (ideal)
                                  0.250000    0.250000   clock uncertainty
                                  0.000000    0.250000   clock reconvergence pessimism
                                              0.250000 ^ _1505_/CLK (sky130_fd_sc_hd__dfrtp_2)
                                  0.490209    0.740209   library removal time
                                              0.740209   data required time
---------------------------------------------------------------------------------------------
                                              0.740209   data required time
                                            -20.836000   data arrival time
---------------------------------------------------------------------------------------------
                                             20.095791   slack (MET)


Startpoint: rst_n (input port clocked by clk_10mhz)
Endpoint: _1506_ (removal check against rising-edge clock clk_10mhz)
Path Group: asynchronous
Path Type: min

Fanout         Cap        Slew       Delay        Time   Description
---------------------------------------------------------------------------------------------
                      0.150000    0.000000    0.000000   clock clk_10mhz (rise edge)
                                  0.000000    0.000000   clock network delay (ideal)
                                 20.000000   20.000000 ^ input external delay
   105    0.357764    1.202034    0.836000   20.836000 ^ rst_n (in)
                                                         rst_n (net)
                      1.202034    0.000000   20.836000 ^ _1506_/RESET_B (sky130_fd_sc_hd__dfrtp_2)
                                             20.836000   data arrival time

                      0.150000    0.000000    0.000000   clock clk_10mhz (rise edge)
                                  0.000000    0.000000   clock network delay (ideal)
                                  0.250000    0.250000   clock uncertainty
                                  0.000000    0.250000   clock reconvergence pessimism
                                              0.250000 ^ _1506_/CLK (sky130_fd_sc_hd__dfrtp_2)
                                  0.490209    0.740209   library removal time
                                              0.740209   data required time
---------------------------------------------------------------------------------------------
                                              0.740209   data required time
                                            -20.836000   data arrival time
---------------------------------------------------------------------------------------------
                                             20.095791   slack (MET)


Startpoint: rst_n (input port clocked by clk_10mhz)
Endpoint: _1507_ (removal check against rising-edge clock clk_10mhz)
Path Group: asynchronous
Path Type: min

Fanout         Cap        Slew       Delay        Time   Description
---------------------------------------------------------------------------------------------
                      0.150000    0.000000    0.000000   clock clk_10mhz (rise edge)
                                  0.000000    0.000000   clock network delay (ideal)
                                 20.000000   20.000000 ^ input external delay
   105    0.357764    1.202034    0.836000   20.836000 ^ rst_n (in)
                                                         rst_n (net)
                      1.202034    0.000000   20.836000 ^ _1507_/RESET_B (sky130_fd_sc_hd__dfrtp_2)
                                             20.836000   data arrival time

                      0.150000    0.000000    0.000000   clock clk_10mhz (rise edge)
                                  0.000000    0.000000   clock network delay (ideal)
                                  0.250000    0.250000   clock uncertainty
                                  0.000000    0.250000   clock reconvergence pessimism
                                              0.250000 ^ _1507_/CLK (sky130_fd_sc_hd__dfrtp_2)
                                  0.490209    0.740209   library removal time
                                              0.740209   data required time
---------------------------------------------------------------------------------------------
                                              0.740209   data required time
                                            -20.836000   data arrival time
---------------------------------------------------------------------------------------------
                                             20.095791   slack (MET)


Startpoint: rst_n (input port clocked by clk_10mhz)
Endpoint: _1508_ (removal check against rising-edge clock clk_10mhz)
Path Group: asynchronous
Path Type: min

Fanout         Cap        Slew       Delay        Time   Description
---------------------------------------------------------------------------------------------
                      0.150000    0.000000    0.000000   clock clk_10mhz (rise edge)
                                  0.000000    0.000000   clock network delay (ideal)
                                 20.000000   20.000000 ^ input external delay
   105    0.357764    1.202034    0.836000   20.836000 ^ rst_n (in)
                                                         rst_n (net)
                      1.202034    0.000000   20.836000 ^ _1508_/RESET_B (sky130_fd_sc_hd__dfrtp_2)
                                             20.836000   data arrival time

                      0.150000    0.000000    0.000000   clock clk_10mhz (rise edge)
                                  0.000000    0.000000   clock network delay (ideal)
                                  0.250000    0.250000   clock uncertainty
                                  0.000000    0.250000   clock reconvergence pessimism
                                              0.250000 ^ _1508_/CLK (sky130_fd_sc_hd__dfrtp_2)
                                  0.490209    0.740209   library removal time
                                              0.740209   data required time
---------------------------------------------------------------------------------------------
                                              0.740209   data required time
                                            -20.836000   data arrival time
---------------------------------------------------------------------------------------------
                                             20.095791   slack (MET)


Startpoint: rst_n (input port clocked by clk_10mhz)
Endpoint: _1509_ (removal check against rising-edge clock clk_10mhz)
Path Group: asynchronous
Path Type: min

Fanout         Cap        Slew       Delay        Time   Description
---------------------------------------------------------------------------------------------
                      0.150000    0.000000    0.000000   clock clk_10mhz (rise edge)
                                  0.000000    0.000000   clock network delay (ideal)
                                 20.000000   20.000000 ^ input external delay
   105    0.357764    1.202034    0.836000   20.836000 ^ rst_n (in)
                                                         rst_n (net)
                      1.202034    0.000000   20.836000 ^ _1509_/RESET_B (sky130_fd_sc_hd__dfrtp_2)
                                             20.836000   data arrival time

                      0.150000    0.000000    0.000000   clock clk_10mhz (rise edge)
                                  0.000000    0.000000   clock network delay (ideal)
                                  0.250000    0.250000   clock uncertainty
                                  0.000000    0.250000   clock reconvergence pessimism
                                              0.250000 ^ _1509_/CLK (sky130_fd_sc_hd__dfrtp_2)
                                  0.490209    0.740209   library removal time
                                              0.740209   data required time
---------------------------------------------------------------------------------------------
                                              0.740209   data required time
                                            -20.836000   data arrival time
---------------------------------------------------------------------------------------------
                                             20.095791   slack (MET)


Startpoint: rst_n (input port clocked by clk_10mhz)
Endpoint: _1510_ (removal check against rising-edge clock clk_10mhz)
Path Group: asynchronous
Path Type: min

Fanout         Cap        Slew       Delay        Time   Description
---------------------------------------------------------------------------------------------
                      0.150000    0.000000    0.000000   clock clk_10mhz (rise edge)
                                  0.000000    0.000000   clock network delay (ideal)
                                 20.000000   20.000000 ^ input external delay
   105    0.357764    1.202034    0.836000   20.836000 ^ rst_n (in)
                                                         rst_n (net)
                      1.202034    0.000000   20.836000 ^ _1510_/RESET_B (sky130_fd_sc_hd__dfrtp_2)
                                             20.836000   data arrival time

                      0.150000    0.000000    0.000000   clock clk_10mhz (rise edge)
                                  0.000000    0.000000   clock network delay (ideal)
                                  0.250000    0.250000   clock uncertainty
                                  0.000000    0.250000   clock reconvergence pessimism
                                              0.250000 ^ _1510_/CLK (sky130_fd_sc_hd__dfrtp_2)
                                  0.490209    0.740209   library removal time
                                              0.740209   data required time
---------------------------------------------------------------------------------------------
                                              0.740209   data required time
                                            -20.836000   data arrival time
---------------------------------------------------------------------------------------------
                                             20.095791   slack (MET)


Startpoint: rst_n (input port clocked by clk_10mhz)
Endpoint: _1511_ (removal check against rising-edge clock clk_10mhz)
Path Group: asynchronous
Path Type: min

Fanout         Cap        Slew       Delay        Time   Description
---------------------------------------------------------------------------------------------
                      0.150000    0.000000    0.000000   clock clk_10mhz (rise edge)
                                  0.000000    0.000000   clock network delay (ideal)
                                 20.000000   20.000000 ^ input external delay
   105    0.357764    1.202034    0.836000   20.836000 ^ rst_n (in)
                                                         rst_n (net)
                      1.202034    0.000000   20.836000 ^ _1511_/RESET_B (sky130_fd_sc_hd__dfrtp_2)
                                             20.836000   data arrival time

                      0.150000    0.000000    0.000000   clock clk_10mhz (rise edge)
                                  0.000000    0.000000   clock network delay (ideal)
                                  0.250000    0.250000   clock uncertainty
                                  0.000000    0.250000   clock reconvergence pessimism
                                              0.250000 ^ _1511_/CLK (sky130_fd_sc_hd__dfrtp_2)
                                  0.490209    0.740209   library removal time
                                              0.740209   data required time
---------------------------------------------------------------------------------------------
                                              0.740209   data required time
                                            -20.836000   data arrival time
---------------------------------------------------------------------------------------------
                                             20.095791   slack (MET)


Startpoint: rst_n (input port clocked by clk_10mhz)
Endpoint: _1512_ (removal check against rising-edge clock clk_10mhz)
Path Group: asynchronous
Path Type: min

Fanout         Cap        Slew       Delay        Time   Description
---------------------------------------------------------------------------------------------
                      0.150000    0.000000    0.000000   clock clk_10mhz (rise edge)
                                  0.000000    0.000000   clock network delay (ideal)
                                 20.000000   20.000000 ^ input external delay
   105    0.357764    1.202034    0.836000   20.836000 ^ rst_n (in)
                                                         rst_n (net)
                      1.202034    0.000000   20.836000 ^ _1512_/RESET_B (sky130_fd_sc_hd__dfrtp_2)
                                             20.836000   data arrival time

                      0.150000    0.000000    0.000000   clock clk_10mhz (rise edge)
                                  0.000000    0.000000   clock network delay (ideal)
                                  0.250000    0.250000   clock uncertainty
                                  0.000000    0.250000   clock reconvergence pessimism
                                              0.250000 ^ _1512_/CLK (sky130_fd_sc_hd__dfrtp_2)
                                  0.490209    0.740209   library removal time
                                              0.740209   data required time
---------------------------------------------------------------------------------------------
                                              0.740209   data required time
                                            -20.836000   data arrival time
---------------------------------------------------------------------------------------------
                                             20.095791   slack (MET)


Startpoint: rst_n (input port clocked by clk_10mhz)
Endpoint: _1513_ (removal check against rising-edge clock clk_10mhz)
Path Group: asynchronous
Path Type: min

Fanout         Cap        Slew       Delay        Time   Description
---------------------------------------------------------------------------------------------
                      0.150000    0.000000    0.000000   clock clk_10mhz (rise edge)
                                  0.000000    0.000000   clock network delay (ideal)
                                 20.000000   20.000000 ^ input external delay
   105    0.357764    1.202034    0.836000   20.836000 ^ rst_n (in)
                                                         rst_n (net)
                      1.202034    0.000000   20.836000 ^ _1513_/RESET_B (sky130_fd_sc_hd__dfrtp_2)
                                             20.836000   data arrival time

                      0.150000    0.000000    0.000000   clock clk_10mhz (rise edge)
                                  0.000000    0.000000   clock network delay (ideal)
                                  0.250000    0.250000   clock uncertainty
                                  0.000000    0.250000   clock reconvergence pessimism
                                              0.250000 ^ _1513_/CLK (sky130_fd_sc_hd__dfrtp_2)
                                  0.490209    0.740209   library removal time
                                              0.740209   data required time
---------------------------------------------------------------------------------------------
                                              0.740209   data required time
                                            -20.836000   data arrival time
---------------------------------------------------------------------------------------------
                                             20.095791   slack (MET)


Startpoint: rst_n (input port clocked by clk_10mhz)
Endpoint: _1514_ (removal check against rising-edge clock clk_10mhz)
Path Group: asynchronous
Path Type: min

Fanout         Cap        Slew       Delay        Time   Description
---------------------------------------------------------------------------------------------
                      0.150000    0.000000    0.000000   clock clk_10mhz (rise edge)
                                  0.000000    0.000000   clock network delay (ideal)
                                 20.000000   20.000000 ^ input external delay
   105    0.357764    1.202034    0.836000   20.836000 ^ rst_n (in)
                                                         rst_n (net)
                      1.202034    0.000000   20.836000 ^ _1514_/RESET_B (sky130_fd_sc_hd__dfrtp_2)
                                             20.836000   data arrival time

                      0.150000    0.000000    0.000000   clock clk_10mhz (rise edge)
                                  0.000000    0.000000   clock network delay (ideal)
                                  0.250000    0.250000   clock uncertainty
                                  0.000000    0.250000   clock reconvergence pessimism
                                              0.250000 ^ _1514_/CLK (sky130_fd_sc_hd__dfrtp_2)
                                  0.490209    0.740209   library removal time
                                              0.740209   data required time
---------------------------------------------------------------------------------------------
                                              0.740209   data required time
                                            -20.836000   data arrival time
---------------------------------------------------------------------------------------------
                                             20.095791   slack (MET)


Startpoint: rst_n (input port clocked by clk_10mhz)
Endpoint: _1515_ (removal check against rising-edge clock clk_10mhz)
Path Group: asynchronous
Path Type: min

Fanout         Cap        Slew       Delay        Time   Description
---------------------------------------------------------------------------------------------
                      0.150000    0.000000    0.000000   clock clk_10mhz (rise edge)
                                  0.000000    0.000000   clock network delay (ideal)
                                 20.000000   20.000000 ^ input external delay
   105    0.357764    1.202034    0.836000   20.836000 ^ rst_n (in)
                                                         rst_n (net)
                      1.202034    0.000000   20.836000 ^ _1515_/RESET_B (sky130_fd_sc_hd__dfrtp_2)
                                             20.836000   data arrival time

                      0.150000    0.000000    0.000000   clock clk_10mhz (rise edge)
                                  0.000000    0.000000   clock network delay (ideal)
                                  0.250000    0.250000   clock uncertainty
                                  0.000000    0.250000   clock reconvergence pessimism
                                              0.250000 ^ _1515_/CLK (sky130_fd_sc_hd__dfrtp_2)
                                  0.490209    0.740209   library removal time
                                              0.740209   data required time
---------------------------------------------------------------------------------------------
                                              0.740209   data required time
                                            -20.836000   data arrival time
---------------------------------------------------------------------------------------------
                                             20.095791   slack (MET)


Startpoint: rst_n (input port clocked by clk_10mhz)
Endpoint: _1516_ (removal check against rising-edge clock clk_10mhz)
Path Group: asynchronous
Path Type: min

Fanout         Cap        Slew       Delay        Time   Description
---------------------------------------------------------------------------------------------
                      0.150000    0.000000    0.000000   clock clk_10mhz (rise edge)
                                  0.000000    0.000000   clock network delay (ideal)
                                 20.000000   20.000000 ^ input external delay
   105    0.357764    1.202034    0.836000   20.836000 ^ rst_n (in)
                                                         rst_n (net)
                      1.202034    0.000000   20.836000 ^ _1516_/RESET_B (sky130_fd_sc_hd__dfrtp_2)
                                             20.836000   data arrival time

                      0.150000    0.000000    0.000000   clock clk_10mhz (rise edge)
                                  0.000000    0.000000   clock network delay (ideal)
                                  0.250000    0.250000   clock uncertainty
                                  0.000000    0.250000   clock reconvergence pessimism
                                              0.250000 ^ _1516_/CLK (sky130_fd_sc_hd__dfrtp_2)
                                  0.490209    0.740209   library removal time
                                              0.740209   data required time
---------------------------------------------------------------------------------------------
                                              0.740209   data required time
                                            -20.836000   data arrival time
---------------------------------------------------------------------------------------------
                                             20.095791   slack (MET)


Startpoint: rst_n (input port clocked by clk_10mhz)
Endpoint: _1517_ (removal check against rising-edge clock clk_10mhz)
Path Group: asynchronous
Path Type: min

Fanout         Cap        Slew       Delay        Time   Description
---------------------------------------------------------------------------------------------
                      0.150000    0.000000    0.000000   clock clk_10mhz (rise edge)
                                  0.000000    0.000000   clock network delay (ideal)
                                 20.000000   20.000000 ^ input external delay
   105    0.357764    1.202034    0.836000   20.836000 ^ rst_n (in)
                                                         rst_n (net)
                      1.202034    0.000000   20.836000 ^ _1517_/RESET_B (sky130_fd_sc_hd__dfrtp_2)
                                             20.836000   data arrival time

                      0.150000    0.000000    0.000000   clock clk_10mhz (rise edge)
                                  0.000000    0.000000   clock network delay (ideal)
                                  0.250000    0.250000   clock uncertainty
                                  0.000000    0.250000   clock reconvergence pessimism
                                              0.250000 ^ _1517_/CLK (sky130_fd_sc_hd__dfrtp_2)
                                  0.490209    0.740209   library removal time
                                              0.740209   data required time
---------------------------------------------------------------------------------------------
                                              0.740209   data required time
                                            -20.836000   data arrival time
---------------------------------------------------------------------------------------------
                                             20.095791   slack (MET)


Startpoint: rst_n (input port clocked by clk_10mhz)
Endpoint: _1518_ (removal check against rising-edge clock clk_10mhz)
Path Group: asynchronous
Path Type: min

Fanout         Cap        Slew       Delay        Time   Description
---------------------------------------------------------------------------------------------
                      0.150000    0.000000    0.000000   clock clk_10mhz (rise edge)
                                  0.000000    0.000000   clock network delay (ideal)
                                 20.000000   20.000000 ^ input external delay
   105    0.357764    1.202034    0.836000   20.836000 ^ rst_n (in)
                                                         rst_n (net)
                      1.202034    0.000000   20.836000 ^ _1518_/RESET_B (sky130_fd_sc_hd__dfrtp_2)
                                             20.836000   data arrival time

                      0.150000    0.000000    0.000000   clock clk_10mhz (rise edge)
                                  0.000000    0.000000   clock network delay (ideal)
                                  0.250000    0.250000   clock uncertainty
                                  0.000000    0.250000   clock reconvergence pessimism
                                              0.250000 ^ _1518_/CLK (sky130_fd_sc_hd__dfrtp_2)
                                  0.490209    0.740209   library removal time
                                              0.740209   data required time
---------------------------------------------------------------------------------------------
                                              0.740209   data required time
                                            -20.836000   data arrival time
---------------------------------------------------------------------------------------------
                                             20.095791   slack (MET)


Startpoint: rst_n (input port clocked by clk_10mhz)
Endpoint: _1519_ (removal check against rising-edge clock clk_10mhz)
Path Group: asynchronous
Path Type: min

Fanout         Cap        Slew       Delay        Time   Description
---------------------------------------------------------------------------------------------
                      0.150000    0.000000    0.000000   clock clk_10mhz (rise edge)
                                  0.000000    0.000000   clock network delay (ideal)
                                 20.000000   20.000000 ^ input external delay
   105    0.357764    1.202034    0.836000   20.836000 ^ rst_n (in)
                                                         rst_n (net)
                      1.202034    0.000000   20.836000 ^ _1519_/RESET_B (sky130_fd_sc_hd__dfrtp_2)
                                             20.836000   data arrival time

                      0.150000    0.000000    0.000000   clock clk_10mhz (rise edge)
                                  0.000000    0.000000   clock network delay (ideal)
                                  0.250000    0.250000   clock uncertainty
                                  0.000000    0.250000   clock reconvergence pessimism
                                              0.250000 ^ _1519_/CLK (sky130_fd_sc_hd__dfrtp_2)
                                  0.490209    0.740209   library removal time
                                              0.740209   data required time
---------------------------------------------------------------------------------------------
                                              0.740209   data required time
                                            -20.836000   data arrival time
---------------------------------------------------------------------------------------------
                                             20.095791   slack (MET)


Startpoint: rst_n (input port clocked by clk_10mhz)
Endpoint: _1544_ (removal check against rising-edge clock clk_10mhz)
Path Group: asynchronous
Path Type: min

Fanout         Cap        Slew       Delay        Time   Description
---------------------------------------------------------------------------------------------
                      0.150000    0.000000    0.000000   clock clk_10mhz (rise edge)
                                  0.000000    0.000000   clock network delay (ideal)
                                 20.000000   20.000000 ^ input external delay
   105    0.357764    1.202034    0.836000   20.836000 ^ rst_n (in)
                                                         rst_n (net)
                      1.202034    0.000000   20.836000 ^ _1544_/RESET_B (sky130_fd_sc_hd__dfrtp_2)
                                             20.836000   data arrival time

                      0.150000    0.000000    0.000000   clock clk_10mhz (rise edge)
                                  0.000000    0.000000   clock network delay (ideal)
                                  0.250000    0.250000   clock uncertainty
                                  0.000000    0.250000   clock reconvergence pessimism
                                              0.250000 ^ _1544_/CLK (sky130_fd_sc_hd__dfrtp_2)
                                  0.490209    0.740209   library removal time
                                              0.740209   data required time
---------------------------------------------------------------------------------------------
                                              0.740209   data required time
                                            -20.836000   data arrival time
---------------------------------------------------------------------------------------------
                                             20.095791   slack (MET)


Startpoint: rst_n (input port clocked by clk_10mhz)
Endpoint: _1569_ (removal check against rising-edge clock clk_10mhz)
Path Group: asynchronous
Path Type: min

Fanout         Cap        Slew       Delay        Time   Description
---------------------------------------------------------------------------------------------
                      0.150000    0.000000    0.000000   clock clk_10mhz (rise edge)
                                  0.000000    0.000000   clock network delay (ideal)
                                 20.000000   20.000000 ^ input external delay
   105    0.357764    1.202034    0.836000   20.836000 ^ rst_n (in)
                                                         rst_n (net)
                      1.202034    0.000000   20.836000 ^ _1569_/RESET_B (sky130_fd_sc_hd__dfrtp_2)
                                             20.836000   data arrival time

                      0.150000    0.000000    0.000000   clock clk_10mhz (rise edge)
                                  0.000000    0.000000   clock network delay (ideal)
                                  0.250000    0.250000   clock uncertainty
                                  0.000000    0.250000   clock reconvergence pessimism
                                              0.250000 ^ _1569_/CLK (sky130_fd_sc_hd__dfrtp_2)
                                  0.490209    0.740209   library removal time
                                              0.740209   data required time
---------------------------------------------------------------------------------------------
                                              0.740209   data required time
                                            -20.836000   data arrival time
---------------------------------------------------------------------------------------------
                                             20.095791   slack (MET)


Startpoint: rst_n (input port clocked by clk_10mhz)
Endpoint: _1570_ (removal check against rising-edge clock clk_10mhz)
Path Group: asynchronous
Path Type: min

Fanout         Cap        Slew       Delay        Time   Description
---------------------------------------------------------------------------------------------
                      0.150000    0.000000    0.000000   clock clk_10mhz (rise edge)
                                  0.000000    0.000000   clock network delay (ideal)
                                 20.000000   20.000000 ^ input external delay
   105    0.357764    1.202034    0.836000   20.836000 ^ rst_n (in)
                                                         rst_n (net)
                      1.202034    0.000000   20.836000 ^ _1570_/RESET_B (sky130_fd_sc_hd__dfrtp_2)
                                             20.836000   data arrival time

                      0.150000    0.000000    0.000000   clock clk_10mhz (rise edge)
                                  0.000000    0.000000   clock network delay (ideal)
                                  0.250000    0.250000   clock uncertainty
                                  0.000000    0.250000   clock reconvergence pessimism
                                              0.250000 ^ _1570_/CLK (sky130_fd_sc_hd__dfrtp_2)
                                  0.490209    0.740209   library removal time
                                              0.740209   data required time
---------------------------------------------------------------------------------------------
                                              0.740209   data required time
                                            -20.836000   data arrival time
---------------------------------------------------------------------------------------------
                                             20.095791   slack (MET)


Startpoint: rst_n (input port clocked by clk_10mhz)
Endpoint: _1571_ (removal check against rising-edge clock clk_10mhz)
Path Group: asynchronous
Path Type: min

Fanout         Cap        Slew       Delay        Time   Description
---------------------------------------------------------------------------------------------
                      0.150000    0.000000    0.000000   clock clk_10mhz (rise edge)
                                  0.000000    0.000000   clock network delay (ideal)
                                 20.000000   20.000000 ^ input external delay
   105    0.357764    1.202034    0.836000   20.836000 ^ rst_n (in)
                                                         rst_n (net)
                      1.202034    0.000000   20.836000 ^ _1571_/RESET_B (sky130_fd_sc_hd__dfrtp_2)
                                             20.836000   data arrival time

                      0.150000    0.000000    0.000000   clock clk_10mhz (rise edge)
                                  0.000000    0.000000   clock network delay (ideal)
                                  0.250000    0.250000   clock uncertainty
                                  0.000000    0.250000   clock reconvergence pessimism
                                              0.250000 ^ _1571_/CLK (sky130_fd_sc_hd__dfrtp_2)
                                  0.490209    0.740209   library removal time
                                              0.740209   data required time
---------------------------------------------------------------------------------------------
                                              0.740209   data required time
                                            -20.836000   data arrival time
---------------------------------------------------------------------------------------------
                                             20.095791   slack (MET)


Startpoint: rst_n (input port clocked by clk_10mhz)
Endpoint: _1572_ (removal check against rising-edge clock clk_10mhz)
Path Group: asynchronous
Path Type: min

Fanout         Cap        Slew       Delay        Time   Description
---------------------------------------------------------------------------------------------
                      0.150000    0.000000    0.000000   clock clk_10mhz (rise edge)
                                  0.000000    0.000000   clock network delay (ideal)
                                 20.000000   20.000000 ^ input external delay
   105    0.357764    1.202034    0.836000   20.836000 ^ rst_n (in)
                                                         rst_n (net)
                      1.202034    0.000000   20.836000 ^ _1572_/RESET_B (sky130_fd_sc_hd__dfrtp_2)
                                             20.836000   data arrival time

                      0.150000    0.000000    0.000000   clock clk_10mhz (rise edge)
                                  0.000000    0.000000   clock network delay (ideal)
                                  0.250000    0.250000   clock uncertainty
                                  0.000000    0.250000   clock reconvergence pessimism
                                              0.250000 ^ _1572_/CLK (sky130_fd_sc_hd__dfrtp_2)
                                  0.490209    0.740209   library removal time
                                              0.740209   data required time
---------------------------------------------------------------------------------------------
                                              0.740209   data required time
                                            -20.836000   data arrival time
---------------------------------------------------------------------------------------------
                                             20.095791   slack (MET)


Startpoint: rst_n (input port clocked by clk_10mhz)
Endpoint: _1573_ (removal check against rising-edge clock clk_10mhz)
Path Group: asynchronous
Path Type: min

Fanout         Cap        Slew       Delay        Time   Description
---------------------------------------------------------------------------------------------
                      0.150000    0.000000    0.000000   clock clk_10mhz (rise edge)
                                  0.000000    0.000000   clock network delay (ideal)
                                 20.000000   20.000000 ^ input external delay
   105    0.357764    1.202034    0.836000   20.836000 ^ rst_n (in)
                                                         rst_n (net)
                      1.202034    0.000000   20.836000 ^ _1573_/RESET_B (sky130_fd_sc_hd__dfrtp_2)
                                             20.836000   data arrival time

                      0.150000    0.000000    0.000000   clock clk_10mhz (rise edge)
                                  0.000000    0.000000   clock network delay (ideal)
                                  0.250000    0.250000   clock uncertainty
                                  0.000000    0.250000   clock reconvergence pessimism
                                              0.250000 ^ _1573_/CLK (sky130_fd_sc_hd__dfrtp_2)
                                  0.490209    0.740209   library removal time
                                              0.740209   data required time
---------------------------------------------------------------------------------------------
                                              0.740209   data required time
                                            -20.836000   data arrival time
---------------------------------------------------------------------------------------------
                                             20.095791   slack (MET)


Startpoint: rst_n (input port clocked by clk_10mhz)
Endpoint: _1574_ (removal check against rising-edge clock clk_10mhz)
Path Group: asynchronous
Path Type: min

Fanout         Cap        Slew       Delay        Time   Description
---------------------------------------------------------------------------------------------
                      0.150000    0.000000    0.000000   clock clk_10mhz (rise edge)
                                  0.000000    0.000000   clock network delay (ideal)
                                 20.000000   20.000000 ^ input external delay
   105    0.357764    1.202034    0.836000   20.836000 ^ rst_n (in)
                                                         rst_n (net)
                      1.202034    0.000000   20.836000 ^ _1574_/RESET_B (sky130_fd_sc_hd__dfrtp_2)
                                             20.836000   data arrival time

                      0.150000    0.000000    0.000000   clock clk_10mhz (rise edge)
                                  0.000000    0.000000   clock network delay (ideal)
                                  0.250000    0.250000   clock uncertainty
                                  0.000000    0.250000   clock reconvergence pessimism
                                              0.250000 ^ _1574_/CLK (sky130_fd_sc_hd__dfrtp_2)
                                  0.490209    0.740209   library removal time
                                              0.740209   data required time
---------------------------------------------------------------------------------------------
                                              0.740209   data required time
                                            -20.836000   data arrival time
---------------------------------------------------------------------------------------------
                                             20.095791   slack (MET)


Startpoint: rst_n (input port clocked by clk_10mhz)
Endpoint: _1575_ (removal check against rising-edge clock clk_10mhz)
Path Group: asynchronous
Path Type: min

Fanout         Cap        Slew       Delay        Time   Description
---------------------------------------------------------------------------------------------
                      0.150000    0.000000    0.000000   clock clk_10mhz (rise edge)
                                  0.000000    0.000000   clock network delay (ideal)
                                 20.000000   20.000000 ^ input external delay
   105    0.357764    1.202034    0.836000   20.836000 ^ rst_n (in)
                                                         rst_n (net)
                      1.202034    0.000000   20.836000 ^ _1575_/RESET_B (sky130_fd_sc_hd__dfrtp_2)
                                             20.836000   data arrival time

                      0.150000    0.000000    0.000000   clock clk_10mhz (rise edge)
                                  0.000000    0.000000   clock network delay (ideal)
                                  0.250000    0.250000   clock uncertainty
                                  0.000000    0.250000   clock reconvergence pessimism
                                              0.250000 ^ _1575_/CLK (sky130_fd_sc_hd__dfrtp_2)
                                  0.490209    0.740209   library removal time
                                              0.740209   data required time
---------------------------------------------------------------------------------------------
                                              0.740209   data required time
                                            -20.836000   data arrival time
---------------------------------------------------------------------------------------------
                                             20.095791   slack (MET)


Startpoint: rst_n (input port clocked by clk_10mhz)
Endpoint: _1576_ (removal check against rising-edge clock clk_10mhz)
Path Group: asynchronous
Path Type: min

Fanout         Cap        Slew       Delay        Time   Description
---------------------------------------------------------------------------------------------
                      0.150000    0.000000    0.000000   clock clk_10mhz (rise edge)
                                  0.000000    0.000000   clock network delay (ideal)
                                 20.000000   20.000000 ^ input external delay
   105    0.357764    1.202034    0.836000   20.836000 ^ rst_n (in)
                                                         rst_n (net)
                      1.202034    0.000000   20.836000 ^ _1576_/RESET_B (sky130_fd_sc_hd__dfrtp_2)
                                             20.836000   data arrival time

                      0.150000    0.000000    0.000000   clock clk_10mhz (rise edge)
                                  0.000000    0.000000   clock network delay (ideal)
                                  0.250000    0.250000   clock uncertainty
                                  0.000000    0.250000   clock reconvergence pessimism
                                              0.250000 ^ _1576_/CLK (sky130_fd_sc_hd__dfrtp_2)
                                  0.490209    0.740209   library removal time
                                              0.740209   data required time
---------------------------------------------------------------------------------------------
                                              0.740209   data required time
                                            -20.836000   data arrival time
---------------------------------------------------------------------------------------------
                                             20.095791   slack (MET)


Startpoint: rst_n (input port clocked by clk_10mhz)
Endpoint: _1578_ (removal check against rising-edge clock clk_10mhz)
Path Group: asynchronous
Path Type: min

Fanout         Cap        Slew       Delay        Time   Description
---------------------------------------------------------------------------------------------
                      0.150000    0.000000    0.000000   clock clk_10mhz (rise edge)
                                  0.000000    0.000000   clock network delay (ideal)
                                 20.000000   20.000000 ^ input external delay
   105    0.357764    1.202034    0.836000   20.836000 ^ rst_n (in)
                                                         rst_n (net)
                      1.202034    0.000000   20.836000 ^ _1578_/RESET_B (sky130_fd_sc_hd__dfrtp_2)
                                             20.836000   data arrival time

                      0.150000    0.000000    0.000000   clock clk_10mhz (rise edge)
                                  0.000000    0.000000   clock network delay (ideal)
                                  0.250000    0.250000   clock uncertainty
                                  0.000000    0.250000   clock reconvergence pessimism
                                              0.250000 ^ _1578_/CLK (sky130_fd_sc_hd__dfrtp_2)
                                  0.490209    0.740209   library removal time
                                              0.740209   data required time
---------------------------------------------------------------------------------------------
                                              0.740209   data required time
                                            -20.836000   data arrival time
---------------------------------------------------------------------------------------------
                                             20.095791   slack (MET)


Startpoint: rst_n (input port clocked by clk_10mhz)
Endpoint: _1579_ (removal check against rising-edge clock clk_10mhz)
Path Group: asynchronous
Path Type: min

Fanout         Cap        Slew       Delay        Time   Description
---------------------------------------------------------------------------------------------
                      0.150000    0.000000    0.000000   clock clk_10mhz (rise edge)
                                  0.000000    0.000000   clock network delay (ideal)
                                 20.000000   20.000000 ^ input external delay
   105    0.357764    1.202034    0.836000   20.836000 ^ rst_n (in)
                                                         rst_n (net)
                      1.202034    0.000000   20.836000 ^ _1579_/RESET_B (sky130_fd_sc_hd__dfrtp_2)
                                             20.836000   data arrival time

                      0.150000    0.000000    0.000000   clock clk_10mhz (rise edge)
                                  0.000000    0.000000   clock network delay (ideal)
                                  0.250000    0.250000   clock uncertainty
                                  0.000000    0.250000   clock reconvergence pessimism
                                              0.250000 ^ _1579_/CLK (sky130_fd_sc_hd__dfrtp_2)
                                  0.490209    0.740209   library removal time
                                              0.740209   data required time
---------------------------------------------------------------------------------------------
                                              0.740209   data required time
                                            -20.836000   data arrival time
---------------------------------------------------------------------------------------------
                                             20.095791   slack (MET)


Startpoint: rst_n (input port clocked by clk_10mhz)
Endpoint: _1580_ (removal check against rising-edge clock clk_10mhz)
Path Group: asynchronous
Path Type: min

Fanout         Cap        Slew       Delay        Time   Description
---------------------------------------------------------------------------------------------
                      0.150000    0.000000    0.000000   clock clk_10mhz (rise edge)
                                  0.000000    0.000000   clock network delay (ideal)
                                 20.000000   20.000000 ^ input external delay
   105    0.357764    1.202034    0.836000   20.836000 ^ rst_n (in)
                                                         rst_n (net)
                      1.202034    0.000000   20.836000 ^ _1580_/RESET_B (sky130_fd_sc_hd__dfrtp_2)
                                             20.836000   data arrival time

                      0.150000    0.000000    0.000000   clock clk_10mhz (rise edge)
                                  0.000000    0.000000   clock network delay (ideal)
                                  0.250000    0.250000   clock uncertainty
                                  0.000000    0.250000   clock reconvergence pessimism
                                              0.250000 ^ _1580_/CLK (sky130_fd_sc_hd__dfrtp_2)
                                  0.490209    0.740209   library removal time
                                              0.740209   data required time
---------------------------------------------------------------------------------------------
                                              0.740209   data required time
                                            -20.836000   data arrival time
---------------------------------------------------------------------------------------------
                                             20.095791   slack (MET)


Startpoint: rst_n (input port clocked by clk_10mhz)
Endpoint: _1707_ (removal check against rising-edge clock clk_10mhz)
Path Group: asynchronous
Path Type: min

Fanout         Cap        Slew       Delay        Time   Description
---------------------------------------------------------------------------------------------
                      0.150000    0.000000    0.000000   clock clk_10mhz (rise edge)
                                  0.000000    0.000000   clock network delay (ideal)
                                 20.000000   20.000000 ^ input external delay
   105    0.357764    1.202034    0.836000   20.836000 ^ rst_n (in)
                                                         rst_n (net)
                      1.202034    0.000000   20.836000 ^ _1707_/RESET_B (sky130_fd_sc_hd__dfrtp_2)
                                             20.836000   data arrival time

                      0.150000    0.000000    0.000000   clock clk_10mhz (rise edge)
                                  0.000000    0.000000   clock network delay (ideal)
                                  0.250000    0.250000   clock uncertainty
                                  0.000000    0.250000   clock reconvergence pessimism
                                              0.250000 ^ _1707_/CLK (sky130_fd_sc_hd__dfrtp_2)
                                  0.490209    0.740209   library removal time
                                              0.740209   data required time
---------------------------------------------------------------------------------------------
                                              0.740209   data required time
                                            -20.836000   data arrival time
---------------------------------------------------------------------------------------------
                                             20.095791   slack (MET)


Startpoint: rst_n (input port clocked by clk_10mhz)
Endpoint: _1708_ (removal check against rising-edge clock clk_10mhz)
Path Group: asynchronous
Path Type: min

Fanout         Cap        Slew       Delay        Time   Description
---------------------------------------------------------------------------------------------
                      0.150000    0.000000    0.000000   clock clk_10mhz (rise edge)
                                  0.000000    0.000000   clock network delay (ideal)
                                 20.000000   20.000000 ^ input external delay
   105    0.357764    1.202034    0.836000   20.836000 ^ rst_n (in)
                                                         rst_n (net)
                      1.202034    0.000000   20.836000 ^ _1708_/RESET_B (sky130_fd_sc_hd__dfrtp_2)
                                             20.836000   data arrival time

                      0.150000    0.000000    0.000000   clock clk_10mhz (rise edge)
                                  0.000000    0.000000   clock network delay (ideal)
                                  0.250000    0.250000   clock uncertainty
                                  0.000000    0.250000   clock reconvergence pessimism
                                              0.250000 ^ _1708_/CLK (sky130_fd_sc_hd__dfrtp_2)
                                  0.490209    0.740209   library removal time
                                              0.740209   data required time
---------------------------------------------------------------------------------------------
                                              0.740209   data required time
                                            -20.836000   data arrival time
---------------------------------------------------------------------------------------------
                                             20.095791   slack (MET)


Startpoint: rst_n (input port clocked by clk_10mhz)
Endpoint: _1709_ (removal check against rising-edge clock clk_10mhz)
Path Group: asynchronous
Path Type: min

Fanout         Cap        Slew       Delay        Time   Description
---------------------------------------------------------------------------------------------
                      0.150000    0.000000    0.000000   clock clk_10mhz (rise edge)
                                  0.000000    0.000000   clock network delay (ideal)
                                 20.000000   20.000000 ^ input external delay
   105    0.357764    1.202034    0.836000   20.836000 ^ rst_n (in)
                                                         rst_n (net)
                      1.202034    0.000000   20.836000 ^ _1709_/RESET_B (sky130_fd_sc_hd__dfrtp_2)
                                             20.836000   data arrival time

                      0.150000    0.000000    0.000000   clock clk_10mhz (rise edge)
                                  0.000000    0.000000   clock network delay (ideal)
                                  0.250000    0.250000   clock uncertainty
                                  0.000000    0.250000   clock reconvergence pessimism
                                              0.250000 ^ _1709_/CLK (sky130_fd_sc_hd__dfrtp_2)
                                  0.490209    0.740209   library removal time
                                              0.740209   data required time
---------------------------------------------------------------------------------------------
                                              0.740209   data required time
                                            -20.836000   data arrival time
---------------------------------------------------------------------------------------------
                                             20.095791   slack (MET)


Startpoint: rst_n (input port clocked by clk_10mhz)
Endpoint: _1710_ (removal check against rising-edge clock clk_10mhz)
Path Group: asynchronous
Path Type: min

Fanout         Cap        Slew       Delay        Time   Description
---------------------------------------------------------------------------------------------
                      0.150000    0.000000    0.000000   clock clk_10mhz (rise edge)
                                  0.000000    0.000000   clock network delay (ideal)
                                 20.000000   20.000000 ^ input external delay
   105    0.357764    1.202034    0.836000   20.836000 ^ rst_n (in)
                                                         rst_n (net)
                      1.202034    0.000000   20.836000 ^ _1710_/RESET_B (sky130_fd_sc_hd__dfrtp_2)
                                             20.836000   data arrival time

                      0.150000    0.000000    0.000000   clock clk_10mhz (rise edge)
                                  0.000000    0.000000   clock network delay (ideal)
                                  0.250000    0.250000   clock uncertainty
                                  0.000000    0.250000   clock reconvergence pessimism
                                              0.250000 ^ _1710_/CLK (sky130_fd_sc_hd__dfrtp_2)
                                  0.490209    0.740209   library removal time
                                              0.740209   data required time
---------------------------------------------------------------------------------------------
                                              0.740209   data required time
                                            -20.836000   data arrival time
---------------------------------------------------------------------------------------------
                                             20.095791   slack (MET)


Startpoint: rst_n (input port clocked by clk_10mhz)
Endpoint: _1711_ (removal check against rising-edge clock clk_10mhz)
Path Group: asynchronous
Path Type: min

Fanout         Cap        Slew       Delay        Time   Description
---------------------------------------------------------------------------------------------
                      0.150000    0.000000    0.000000   clock clk_10mhz (rise edge)
                                  0.000000    0.000000   clock network delay (ideal)
                                 20.000000   20.000000 ^ input external delay
   105    0.357764    1.202034    0.836000   20.836000 ^ rst_n (in)
                                                         rst_n (net)
                      1.202034    0.000000   20.836000 ^ _1711_/RESET_B (sky130_fd_sc_hd__dfrtp_2)
                                             20.836000   data arrival time

                      0.150000    0.000000    0.000000   clock clk_10mhz (rise edge)
                                  0.000000    0.000000   clock network delay (ideal)
                                  0.250000    0.250000   clock uncertainty
                                  0.000000    0.250000   clock reconvergence pessimism
                                              0.250000 ^ _1711_/CLK (sky130_fd_sc_hd__dfrtp_2)
                                  0.490209    0.740209   library removal time
                                              0.740209   data required time
---------------------------------------------------------------------------------------------
                                              0.740209   data required time
                                            -20.836000   data arrival time
---------------------------------------------------------------------------------------------
                                             20.095791   slack (MET)


Startpoint: rst_n (input port clocked by clk_10mhz)
Endpoint: _1712_ (removal check against rising-edge clock clk_10mhz)
Path Group: asynchronous
Path Type: min

Fanout         Cap        Slew       Delay        Time   Description
---------------------------------------------------------------------------------------------
                      0.150000    0.000000    0.000000   clock clk_10mhz (rise edge)
                                  0.000000    0.000000   clock network delay (ideal)
                                 20.000000   20.000000 ^ input external delay
   105    0.357764    1.202034    0.836000   20.836000 ^ rst_n (in)
                                                         rst_n (net)
                      1.202034    0.000000   20.836000 ^ _1712_/RESET_B (sky130_fd_sc_hd__dfrtp_2)
                                             20.836000   data arrival time

                      0.150000    0.000000    0.000000   clock clk_10mhz (rise edge)
                                  0.000000    0.000000   clock network delay (ideal)
                                  0.250000    0.250000   clock uncertainty
                                  0.000000    0.250000   clock reconvergence pessimism
                                              0.250000 ^ _1712_/CLK (sky130_fd_sc_hd__dfrtp_2)
                                  0.490209    0.740209   library removal time
                                              0.740209   data required time
---------------------------------------------------------------------------------------------
                                              0.740209   data required time
                                            -20.836000   data arrival time
---------------------------------------------------------------------------------------------
                                             20.095791   slack (MET)


Startpoint: rst_n (input port clocked by clk_10mhz)
Endpoint: _1713_ (removal check against rising-edge clock clk_10mhz)
Path Group: asynchronous
Path Type: min

Fanout         Cap        Slew       Delay        Time   Description
---------------------------------------------------------------------------------------------
                      0.150000    0.000000    0.000000   clock clk_10mhz (rise edge)
                                  0.000000    0.000000   clock network delay (ideal)
                                 20.000000   20.000000 ^ input external delay
   105    0.357764    1.202034    0.836000   20.836000 ^ rst_n (in)
                                                         rst_n (net)
                      1.202034    0.000000   20.836000 ^ _1713_/RESET_B (sky130_fd_sc_hd__dfrtp_2)
                                             20.836000   data arrival time

                      0.150000    0.000000    0.000000   clock clk_10mhz (rise edge)
                                  0.000000    0.000000   clock network delay (ideal)
                                  0.250000    0.250000   clock uncertainty
                                  0.000000    0.250000   clock reconvergence pessimism
                                              0.250000 ^ _1713_/CLK (sky130_fd_sc_hd__dfrtp_2)
                                  0.490209    0.740209   library removal time
                                              0.740209   data required time
---------------------------------------------------------------------------------------------
                                              0.740209   data required time
                                            -20.836000   data arrival time
---------------------------------------------------------------------------------------------
                                             20.095791   slack (MET)


Startpoint: rst_n (input port clocked by clk_10mhz)
Endpoint: _1714_ (removal check against rising-edge clock clk_10mhz)
Path Group: asynchronous
Path Type: min

Fanout         Cap        Slew       Delay        Time   Description
---------------------------------------------------------------------------------------------
                      0.150000    0.000000    0.000000   clock clk_10mhz (rise edge)
                                  0.000000    0.000000   clock network delay (ideal)
                                 20.000000   20.000000 ^ input external delay
   105    0.357764    1.202034    0.836000   20.836000 ^ rst_n (in)
                                                         rst_n (net)
                      1.202034    0.000000   20.836000 ^ _1714_/RESET_B (sky130_fd_sc_hd__dfrtp_2)
                                             20.836000   data arrival time

                      0.150000    0.000000    0.000000   clock clk_10mhz (rise edge)
                                  0.000000    0.000000   clock network delay (ideal)
                                  0.250000    0.250000   clock uncertainty
                                  0.000000    0.250000   clock reconvergence pessimism
                                              0.250000 ^ _1714_/CLK (sky130_fd_sc_hd__dfrtp_2)
                                  0.490209    0.740209   library removal time
                                              0.740209   data required time
---------------------------------------------------------------------------------------------
                                              0.740209   data required time
                                            -20.836000   data arrival time
---------------------------------------------------------------------------------------------
                                             20.095791   slack (MET)


Startpoint: rst_n (input port clocked by clk_10mhz)
Endpoint: _1715_ (removal check against rising-edge clock clk_10mhz)
Path Group: asynchronous
Path Type: min

Fanout         Cap        Slew       Delay        Time   Description
---------------------------------------------------------------------------------------------
                      0.150000    0.000000    0.000000   clock clk_10mhz (rise edge)
                                  0.000000    0.000000   clock network delay (ideal)
                                 20.000000   20.000000 ^ input external delay
   105    0.357764    1.202034    0.836000   20.836000 ^ rst_n (in)
                                                         rst_n (net)
                      1.202034    0.000000   20.836000 ^ _1715_/RESET_B (sky130_fd_sc_hd__dfrtp_2)
                                             20.836000   data arrival time

                      0.150000    0.000000    0.000000   clock clk_10mhz (rise edge)
                                  0.000000    0.000000   clock network delay (ideal)
                                  0.250000    0.250000   clock uncertainty
                                  0.000000    0.250000   clock reconvergence pessimism
                                              0.250000 ^ _1715_/CLK (sky130_fd_sc_hd__dfrtp_2)
                                  0.490209    0.740209   library removal time
                                              0.740209   data required time
---------------------------------------------------------------------------------------------
                                              0.740209   data required time
                                            -20.836000   data arrival time
---------------------------------------------------------------------------------------------
                                             20.095791   slack (MET)


Startpoint: rst_n (input port clocked by clk_10mhz)
Endpoint: _1716_ (removal check against rising-edge clock clk_10mhz)
Path Group: asynchronous
Path Type: min

Fanout         Cap        Slew       Delay        Time   Description
---------------------------------------------------------------------------------------------
                      0.150000    0.000000    0.000000   clock clk_10mhz (rise edge)
                                  0.000000    0.000000   clock network delay (ideal)
                                 20.000000   20.000000 ^ input external delay
   105    0.357764    1.202034    0.836000   20.836000 ^ rst_n (in)
                                                         rst_n (net)
                      1.202034    0.000000   20.836000 ^ _1716_/RESET_B (sky130_fd_sc_hd__dfrtp_2)
                                             20.836000   data arrival time

                      0.150000    0.000000    0.000000   clock clk_10mhz (rise edge)
                                  0.000000    0.000000   clock network delay (ideal)
                                  0.250000    0.250000   clock uncertainty
                                  0.000000    0.250000   clock reconvergence pessimism
                                              0.250000 ^ _1716_/CLK (sky130_fd_sc_hd__dfrtp_2)
                                  0.490209    0.740209   library removal time
                                              0.740209   data required time
---------------------------------------------------------------------------------------------
                                              0.740209   data required time
                                            -20.836000   data arrival time
---------------------------------------------------------------------------------------------
                                             20.095791   slack (MET)


Startpoint: rst_n (input port clocked by clk_10mhz)
Endpoint: _1733_ (removal check against rising-edge clock clk_10mhz)
Path Group: asynchronous
Path Type: min

Fanout         Cap        Slew       Delay        Time   Description
---------------------------------------------------------------------------------------------
                      0.150000    0.000000    0.000000   clock clk_10mhz (rise edge)
                                  0.000000    0.000000   clock network delay (ideal)
                                 20.000000   20.000000 ^ input external delay
   105    0.357764    1.202034    0.836000   20.836000 ^ rst_n (in)
                                                         rst_n (net)
                      1.202034    0.000000   20.836000 ^ _1733_/RESET_B (sky130_fd_sc_hd__dfrtp_2)
                                             20.836000   data arrival time

                      0.150000    0.000000    0.000000   clock clk_10mhz (rise edge)
                                  0.000000    0.000000   clock network delay (ideal)
                                  0.250000    0.250000   clock uncertainty
                                  0.000000    0.250000   clock reconvergence pessimism
                                              0.250000 ^ _1733_/CLK (sky130_fd_sc_hd__dfrtp_2)
                                  0.490209    0.740209   library removal time
                                              0.740209   data required time
---------------------------------------------------------------------------------------------
                                              0.740209   data required time
                                            -20.836000   data arrival time
---------------------------------------------------------------------------------------------
                                             20.095791   slack (MET)


Startpoint: rst_n (input port clocked by clk_10mhz)
Endpoint: _1734_ (removal check against rising-edge clock clk_10mhz)
Path Group: asynchronous
Path Type: min

Fanout         Cap        Slew       Delay        Time   Description
---------------------------------------------------------------------------------------------
                      0.150000    0.000000    0.000000   clock clk_10mhz (rise edge)
                                  0.000000    0.000000   clock network delay (ideal)
                                 20.000000   20.000000 ^ input external delay
   105    0.357764    1.202034    0.836000   20.836000 ^ rst_n (in)
                                                         rst_n (net)
                      1.202034    0.000000   20.836000 ^ _1734_/RESET_B (sky130_fd_sc_hd__dfrtp_2)
                                             20.836000   data arrival time

                      0.150000    0.000000    0.000000   clock clk_10mhz (rise edge)
                                  0.000000    0.000000   clock network delay (ideal)
                                  0.250000    0.250000   clock uncertainty
                                  0.000000    0.250000   clock reconvergence pessimism
                                              0.250000 ^ _1734_/CLK (sky130_fd_sc_hd__dfrtp_2)
                                  0.490209    0.740209   library removal time
                                              0.740209   data required time
---------------------------------------------------------------------------------------------
                                              0.740209   data required time
                                            -20.836000   data arrival time
---------------------------------------------------------------------------------------------
                                             20.095791   slack (MET)


Startpoint: rst_n (input port clocked by clk_10mhz)
Endpoint: _1735_ (removal check against rising-edge clock clk_10mhz)
Path Group: asynchronous
Path Type: min

Fanout         Cap        Slew       Delay        Time   Description
---------------------------------------------------------------------------------------------
                      0.150000    0.000000    0.000000   clock clk_10mhz (rise edge)
                                  0.000000    0.000000   clock network delay (ideal)
                                 20.000000   20.000000 ^ input external delay
   105    0.357764    1.202034    0.836000   20.836000 ^ rst_n (in)
                                                         rst_n (net)
                      1.202034    0.000000   20.836000 ^ _1735_/RESET_B (sky130_fd_sc_hd__dfrtp_2)
                                             20.836000   data arrival time

                      0.150000    0.000000    0.000000   clock clk_10mhz (rise edge)
                                  0.000000    0.000000   clock network delay (ideal)
                                  0.250000    0.250000   clock uncertainty
                                  0.000000    0.250000   clock reconvergence pessimism
                                              0.250000 ^ _1735_/CLK (sky130_fd_sc_hd__dfrtp_2)
                                  0.490209    0.740209   library removal time
                                              0.740209   data required time
---------------------------------------------------------------------------------------------
                                              0.740209   data required time
                                            -20.836000   data arrival time
---------------------------------------------------------------------------------------------
                                             20.095791   slack (MET)


Startpoint: rst_n (input port clocked by clk_10mhz)
Endpoint: _1736_ (removal check against rising-edge clock clk_10mhz)
Path Group: asynchronous
Path Type: min

Fanout         Cap        Slew       Delay        Time   Description
---------------------------------------------------------------------------------------------
                      0.150000    0.000000    0.000000   clock clk_10mhz (rise edge)
                                  0.000000    0.000000   clock network delay (ideal)
                                 20.000000   20.000000 ^ input external delay
   105    0.357764    1.202034    0.836000   20.836000 ^ rst_n (in)
                                                         rst_n (net)
                      1.202034    0.000000   20.836000 ^ _1736_/RESET_B (sky130_fd_sc_hd__dfrtp_2)
                                             20.836000   data arrival time

                      0.150000    0.000000    0.000000   clock clk_10mhz (rise edge)
                                  0.000000    0.000000   clock network delay (ideal)
                                  0.250000    0.250000   clock uncertainty
                                  0.000000    0.250000   clock reconvergence pessimism
                                              0.250000 ^ _1736_/CLK (sky130_fd_sc_hd__dfrtp_2)
                                  0.490209    0.740209   library removal time
                                              0.740209   data required time
---------------------------------------------------------------------------------------------
                                              0.740209   data required time
                                            -20.836000   data arrival time
---------------------------------------------------------------------------------------------
                                             20.095791   slack (MET)


Startpoint: rst_n (input port clocked by clk_10mhz)
Endpoint: _1737_ (removal check against rising-edge clock clk_10mhz)
Path Group: asynchronous
Path Type: min

Fanout         Cap        Slew       Delay        Time   Description
---------------------------------------------------------------------------------------------
                      0.150000    0.000000    0.000000   clock clk_10mhz (rise edge)
                                  0.000000    0.000000   clock network delay (ideal)
                                 20.000000   20.000000 ^ input external delay
   105    0.357764    1.202034    0.836000   20.836000 ^ rst_n (in)
                                                         rst_n (net)
                      1.202034    0.000000   20.836000 ^ _1737_/RESET_B (sky130_fd_sc_hd__dfrtp_2)
                                             20.836000   data arrival time

                      0.150000    0.000000    0.000000   clock clk_10mhz (rise edge)
                                  0.000000    0.000000   clock network delay (ideal)
                                  0.250000    0.250000   clock uncertainty
                                  0.000000    0.250000   clock reconvergence pessimism
                                              0.250000 ^ _1737_/CLK (sky130_fd_sc_hd__dfrtp_2)
                                  0.490209    0.740209   library removal time
                                              0.740209   data required time
---------------------------------------------------------------------------------------------
                                              0.740209   data required time
                                            -20.836000   data arrival time
---------------------------------------------------------------------------------------------
                                             20.095791   slack (MET)


Startpoint: rst_n (input port clocked by clk_10mhz)
Endpoint: _1738_ (removal check against rising-edge clock clk_10mhz)
Path Group: asynchronous
Path Type: min

Fanout         Cap        Slew       Delay        Time   Description
---------------------------------------------------------------------------------------------
                      0.150000    0.000000    0.000000   clock clk_10mhz (rise edge)
                                  0.000000    0.000000   clock network delay (ideal)
                                 20.000000   20.000000 ^ input external delay
   105    0.357764    1.202034    0.836000   20.836000 ^ rst_n (in)
                                                         rst_n (net)
                      1.202034    0.000000   20.836000 ^ _1738_/RESET_B (sky130_fd_sc_hd__dfrtp_2)
                                             20.836000   data arrival time

                      0.150000    0.000000    0.000000   clock clk_10mhz (rise edge)
                                  0.000000    0.000000   clock network delay (ideal)
                                  0.250000    0.250000   clock uncertainty
                                  0.000000    0.250000   clock reconvergence pessimism
                                              0.250000 ^ _1738_/CLK (sky130_fd_sc_hd__dfrtp_2)
                                  0.490209    0.740209   library removal time
                                              0.740209   data required time
---------------------------------------------------------------------------------------------
                                              0.740209   data required time
                                            -20.836000   data arrival time
---------------------------------------------------------------------------------------------
                                             20.095791   slack (MET)


Startpoint: rst_n (input port clocked by clk_10mhz)
Endpoint: _1739_ (removal check against rising-edge clock clk_10mhz)
Path Group: asynchronous
Path Type: min

Fanout         Cap        Slew       Delay        Time   Description
---------------------------------------------------------------------------------------------
                      0.150000    0.000000    0.000000   clock clk_10mhz (rise edge)
                                  0.000000    0.000000   clock network delay (ideal)
                                 20.000000   20.000000 ^ input external delay
   105    0.357764    1.202034    0.836000   20.836000 ^ rst_n (in)
                                                         rst_n (net)
                      1.202034    0.000000   20.836000 ^ _1739_/RESET_B (sky130_fd_sc_hd__dfrtp_2)
                                             20.836000   data arrival time

                      0.150000    0.000000    0.000000   clock clk_10mhz (rise edge)
                                  0.000000    0.000000   clock network delay (ideal)
                                  0.250000    0.250000   clock uncertainty
                                  0.000000    0.250000   clock reconvergence pessimism
                                              0.250000 ^ _1739_/CLK (sky130_fd_sc_hd__dfrtp_2)
                                  0.490209    0.740209   library removal time
                                              0.740209   data required time
---------------------------------------------------------------------------------------------
                                              0.740209   data required time
                                            -20.836000   data arrival time
---------------------------------------------------------------------------------------------
                                             20.095791   slack (MET)


Startpoint: rst_n (input port clocked by clk_10mhz)
Endpoint: _1740_ (removal check against rising-edge clock clk_10mhz)
Path Group: asynchronous
Path Type: min

Fanout         Cap        Slew       Delay        Time   Description
---------------------------------------------------------------------------------------------
                      0.150000    0.000000    0.000000   clock clk_10mhz (rise edge)
                                  0.000000    0.000000   clock network delay (ideal)
                                 20.000000   20.000000 ^ input external delay
   105    0.357764    1.202034    0.836000   20.836000 ^ rst_n (in)
                                                         rst_n (net)
                      1.202034    0.000000   20.836000 ^ _1740_/RESET_B (sky130_fd_sc_hd__dfrtp_2)
                                             20.836000   data arrival time

                      0.150000    0.000000    0.000000   clock clk_10mhz (rise edge)
                                  0.000000    0.000000   clock network delay (ideal)
                                  0.250000    0.250000   clock uncertainty
                                  0.000000    0.250000   clock reconvergence pessimism
                                              0.250000 ^ _1740_/CLK (sky130_fd_sc_hd__dfrtp_2)
                                  0.490209    0.740209   library removal time
                                              0.740209   data required time
---------------------------------------------------------------------------------------------
                                              0.740209   data required time
                                            -20.836000   data arrival time
---------------------------------------------------------------------------------------------
                                             20.095791   slack (MET)


Startpoint: rst_n (input port clocked by clk_10mhz)
Endpoint: _1741_ (removal check against rising-edge clock clk_10mhz)
Path Group: asynchronous
Path Type: min

Fanout         Cap        Slew       Delay        Time   Description
---------------------------------------------------------------------------------------------
                      0.150000    0.000000    0.000000   clock clk_10mhz (rise edge)
                                  0.000000    0.000000   clock network delay (ideal)
                                 20.000000   20.000000 ^ input external delay
   105    0.357764    1.202034    0.836000   20.836000 ^ rst_n (in)
                                                         rst_n (net)
                      1.202034    0.000000   20.836000 ^ _1741_/RESET_B (sky130_fd_sc_hd__dfrtp_2)
                                             20.836000   data arrival time

                      0.150000    0.000000    0.000000   clock clk_10mhz (rise edge)
                                  0.000000    0.000000   clock network delay (ideal)
                                  0.250000    0.250000   clock uncertainty
                                  0.000000    0.250000   clock reconvergence pessimism
                                              0.250000 ^ _1741_/CLK (sky130_fd_sc_hd__dfrtp_2)
                                  0.490209    0.740209   library removal time
                                              0.740209   data required time
---------------------------------------------------------------------------------------------
                                              0.740209   data required time
                                            -20.836000   data arrival time
---------------------------------------------------------------------------------------------
                                             20.095791   slack (MET)


Startpoint: rst_n (input port clocked by clk_10mhz)
Endpoint: _1742_ (removal check against rising-edge clock clk_10mhz)
Path Group: asynchronous
Path Type: min

Fanout         Cap        Slew       Delay        Time   Description
---------------------------------------------------------------------------------------------
                      0.150000    0.000000    0.000000   clock clk_10mhz (rise edge)
                                  0.000000    0.000000   clock network delay (ideal)
                                 20.000000   20.000000 ^ input external delay
   105    0.357764    1.202034    0.836000   20.836000 ^ rst_n (in)
                                                         rst_n (net)
                      1.202034    0.000000   20.836000 ^ _1742_/RESET_B (sky130_fd_sc_hd__dfrtp_2)
                                             20.836000   data arrival time

                      0.150000    0.000000    0.000000   clock clk_10mhz (rise edge)
                                  0.000000    0.000000   clock network delay (ideal)
                                  0.250000    0.250000   clock uncertainty
                                  0.000000    0.250000   clock reconvergence pessimism
                                              0.250000 ^ _1742_/CLK (sky130_fd_sc_hd__dfrtp_2)
                                  0.490209    0.740209   library removal time
                                              0.740209   data required time
---------------------------------------------------------------------------------------------
                                              0.740209   data required time
                                            -20.836000   data arrival time
---------------------------------------------------------------------------------------------
                                             20.095791   slack (MET)


Startpoint: rst_n (input port clocked by clk_10mhz)
Endpoint: _1743_ (removal check against rising-edge clock clk_10mhz)
Path Group: asynchronous
Path Type: min

Fanout         Cap        Slew       Delay        Time   Description
---------------------------------------------------------------------------------------------
                      0.150000    0.000000    0.000000   clock clk_10mhz (rise edge)
                                  0.000000    0.000000   clock network delay (ideal)
                                 20.000000   20.000000 ^ input external delay
   105    0.357764    1.202034    0.836000   20.836000 ^ rst_n (in)
                                                         rst_n (net)
                      1.202034    0.000000   20.836000 ^ _1743_/RESET_B (sky130_fd_sc_hd__dfrtp_2)
                                             20.836000   data arrival time

                      0.150000    0.000000    0.000000   clock clk_10mhz (rise edge)
                                  0.000000    0.000000   clock network delay (ideal)
                                  0.250000    0.250000   clock uncertainty
                                  0.000000    0.250000   clock reconvergence pessimism
                                              0.250000 ^ _1743_/CLK (sky130_fd_sc_hd__dfrtp_2)
                                  0.490209    0.740209   library removal time
                                              0.740209   data required time
---------------------------------------------------------------------------------------------
                                              0.740209   data required time
                                            -20.836000   data arrival time
---------------------------------------------------------------------------------------------
                                             20.095791   slack (MET)


Startpoint: rst_n (input port clocked by clk_10mhz)
Endpoint: _1744_ (removal check against rising-edge clock clk_10mhz)
Path Group: asynchronous
Path Type: min

Fanout         Cap        Slew       Delay        Time   Description
---------------------------------------------------------------------------------------------
                      0.150000    0.000000    0.000000   clock clk_10mhz (rise edge)
                                  0.000000    0.000000   clock network delay (ideal)
                                 20.000000   20.000000 ^ input external delay
   105    0.357764    1.202034    0.836000   20.836000 ^ rst_n (in)
                                                         rst_n (net)
                      1.202034    0.000000   20.836000 ^ _1744_/RESET_B (sky130_fd_sc_hd__dfrtp_2)
                                             20.836000   data arrival time

                      0.150000    0.000000    0.000000   clock clk_10mhz (rise edge)
                                  0.000000    0.000000   clock network delay (ideal)
                                  0.250000    0.250000   clock uncertainty
                                  0.000000    0.250000   clock reconvergence pessimism
                                              0.250000 ^ _1744_/CLK (sky130_fd_sc_hd__dfrtp_2)
                                  0.490209    0.740209   library removal time
                                              0.740209   data required time
---------------------------------------------------------------------------------------------
                                              0.740209   data required time
                                            -20.836000   data arrival time
---------------------------------------------------------------------------------------------
                                             20.095791   slack (MET)


Startpoint: rst_n (input port clocked by clk_10mhz)
Endpoint: _1745_ (removal check against rising-edge clock clk_10mhz)
Path Group: asynchronous
Path Type: min

Fanout         Cap        Slew       Delay        Time   Description
---------------------------------------------------------------------------------------------
                      0.150000    0.000000    0.000000   clock clk_10mhz (rise edge)
                                  0.000000    0.000000   clock network delay (ideal)
                                 20.000000   20.000000 ^ input external delay
   105    0.357764    1.202034    0.836000   20.836000 ^ rst_n (in)
                                                         rst_n (net)
                      1.202034    0.000000   20.836000 ^ _1745_/RESET_B (sky130_fd_sc_hd__dfrtp_2)
                                             20.836000   data arrival time

                      0.150000    0.000000    0.000000   clock clk_10mhz (rise edge)
                                  0.000000    0.000000   clock network delay (ideal)
                                  0.250000    0.250000   clock uncertainty
                                  0.000000    0.250000   clock reconvergence pessimism
                                              0.250000 ^ _1745_/CLK (sky130_fd_sc_hd__dfrtp_2)
                                  0.490209    0.740209   library removal time
                                              0.740209   data required time
---------------------------------------------------------------------------------------------
                                              0.740209   data required time
                                            -20.836000   data arrival time
---------------------------------------------------------------------------------------------
                                             20.095791   slack (MET)


Startpoint: rst_n (input port clocked by clk_10mhz)
Endpoint: _1746_ (removal check against rising-edge clock clk_10mhz)
Path Group: asynchronous
Path Type: min

Fanout         Cap        Slew       Delay        Time   Description
---------------------------------------------------------------------------------------------
                      0.150000    0.000000    0.000000   clock clk_10mhz (rise edge)
                                  0.000000    0.000000   clock network delay (ideal)
                                 20.000000   20.000000 ^ input external delay
   105    0.357764    1.202034    0.836000   20.836000 ^ rst_n (in)
                                                         rst_n (net)
                      1.202034    0.000000   20.836000 ^ _1746_/RESET_B (sky130_fd_sc_hd__dfrtp_2)
                                             20.836000   data arrival time

                      0.150000    0.000000    0.000000   clock clk_10mhz (rise edge)
                                  0.000000    0.000000   clock network delay (ideal)
                                  0.250000    0.250000   clock uncertainty
                                  0.000000    0.250000   clock reconvergence pessimism
                                              0.250000 ^ _1746_/CLK (sky130_fd_sc_hd__dfrtp_2)
                                  0.490209    0.740209   library removal time
                                              0.740209   data required time
---------------------------------------------------------------------------------------------
                                              0.740209   data required time
                                            -20.836000   data arrival time
---------------------------------------------------------------------------------------------
                                             20.095791   slack (MET)


Startpoint: rst_n (input port clocked by clk_10mhz)
Endpoint: _1747_ (removal check against rising-edge clock clk_10mhz)
Path Group: asynchronous
Path Type: min

Fanout         Cap        Slew       Delay        Time   Description
---------------------------------------------------------------------------------------------
                      0.150000    0.000000    0.000000   clock clk_10mhz (rise edge)
                                  0.000000    0.000000   clock network delay (ideal)
                                 20.000000   20.000000 ^ input external delay
   105    0.357764    1.202034    0.836000   20.836000 ^ rst_n (in)
                                                         rst_n (net)
                      1.202034    0.000000   20.836000 ^ _1747_/RESET_B (sky130_fd_sc_hd__dfrtp_2)
                                             20.836000   data arrival time

                      0.150000    0.000000    0.000000   clock clk_10mhz (rise edge)
                                  0.000000    0.000000   clock network delay (ideal)
                                  0.250000    0.250000   clock uncertainty
                                  0.000000    0.250000   clock reconvergence pessimism
                                              0.250000 ^ _1747_/CLK (sky130_fd_sc_hd__dfrtp_2)
                                  0.490209    0.740209   library removal time
                                              0.740209   data required time
---------------------------------------------------------------------------------------------
                                              0.740209   data required time
                                            -20.836000   data arrival time
---------------------------------------------------------------------------------------------
                                             20.095791   slack (MET)


Startpoint: rst_n (input port clocked by clk_10mhz)
Endpoint: _1748_ (removal check against rising-edge clock clk_10mhz)
Path Group: asynchronous
Path Type: min

Fanout         Cap        Slew       Delay        Time   Description
---------------------------------------------------------------------------------------------
                      0.150000    0.000000    0.000000   clock clk_10mhz (rise edge)
                                  0.000000    0.000000   clock network delay (ideal)
                                 20.000000   20.000000 ^ input external delay
   105    0.357764    1.202034    0.836000   20.836000 ^ rst_n (in)
                                                         rst_n (net)
                      1.202034    0.000000   20.836000 ^ _1748_/RESET_B (sky130_fd_sc_hd__dfrtp_2)
                                             20.836000   data arrival time

                      0.150000    0.000000    0.000000   clock clk_10mhz (rise edge)
                                  0.000000    0.000000   clock network delay (ideal)
                                  0.250000    0.250000   clock uncertainty
                                  0.000000    0.250000   clock reconvergence pessimism
                                              0.250000 ^ _1748_/CLK (sky130_fd_sc_hd__dfrtp_2)
                                  0.490209    0.740209   library removal time
                                              0.740209   data required time
---------------------------------------------------------------------------------------------
                                              0.740209   data required time
                                            -20.836000   data arrival time
---------------------------------------------------------------------------------------------
                                             20.095791   slack (MET)


Startpoint: rst_n (input port clocked by clk_10mhz)
Endpoint: _1749_ (removal check against rising-edge clock clk_10mhz)
Path Group: asynchronous
Path Type: min

Fanout         Cap        Slew       Delay        Time   Description
---------------------------------------------------------------------------------------------
                      0.150000    0.000000    0.000000   clock clk_10mhz (rise edge)
                                  0.000000    0.000000   clock network delay (ideal)
                                 20.000000   20.000000 ^ input external delay
   105    0.357764    1.202034    0.836000   20.836000 ^ rst_n (in)
                                                         rst_n (net)
                      1.202034    0.000000   20.836000 ^ _1749_/RESET_B (sky130_fd_sc_hd__dfrtp_2)
                                             20.836000   data arrival time

                      0.150000    0.000000    0.000000   clock clk_10mhz (rise edge)
                                  0.000000    0.000000   clock network delay (ideal)
                                  0.250000    0.250000   clock uncertainty
                                  0.000000    0.250000   clock reconvergence pessimism
                                              0.250000 ^ _1749_/CLK (sky130_fd_sc_hd__dfrtp_2)
                                  0.490209    0.740209   library removal time
                                              0.740209   data required time
---------------------------------------------------------------------------------------------
                                              0.740209   data required time
                                            -20.836000   data arrival time
---------------------------------------------------------------------------------------------
                                             20.095791   slack (MET)


Startpoint: rst_n (input port clocked by clk_10mhz)
Endpoint: _1750_ (removal check against rising-edge clock clk_10mhz)
Path Group: asynchronous
Path Type: min

Fanout         Cap        Slew       Delay        Time   Description
---------------------------------------------------------------------------------------------
                      0.150000    0.000000    0.000000   clock clk_10mhz (rise edge)
                                  0.000000    0.000000   clock network delay (ideal)
                                 20.000000   20.000000 ^ input external delay
   105    0.357764    1.202034    0.836000   20.836000 ^ rst_n (in)
                                                         rst_n (net)
                      1.202034    0.000000   20.836000 ^ _1750_/RESET_B (sky130_fd_sc_hd__dfrtp_2)
                                             20.836000   data arrival time

                      0.150000    0.000000    0.000000   clock clk_10mhz (rise edge)
                                  0.000000    0.000000   clock network delay (ideal)
                                  0.250000    0.250000   clock uncertainty
                                  0.000000    0.250000   clock reconvergence pessimism
                                              0.250000 ^ _1750_/CLK (sky130_fd_sc_hd__dfrtp_2)
                                  0.490209    0.740209   library removal time
                                              0.740209   data required time
---------------------------------------------------------------------------------------------
                                              0.740209   data required time
                                            -20.836000   data arrival time
---------------------------------------------------------------------------------------------
                                             20.095791   slack (MET)


Startpoint: rst_n (input port clocked by clk_10mhz)
Endpoint: _1751_ (removal check against rising-edge clock clk_10mhz)
Path Group: asynchronous
Path Type: min

Fanout         Cap        Slew       Delay        Time   Description
---------------------------------------------------------------------------------------------
                      0.150000    0.000000    0.000000   clock clk_10mhz (rise edge)
                                  0.000000    0.000000   clock network delay (ideal)
                                 20.000000   20.000000 ^ input external delay
   105    0.357764    1.202034    0.836000   20.836000 ^ rst_n (in)
                                                         rst_n (net)
                      1.202034    0.000000   20.836000 ^ _1751_/RESET_B (sky130_fd_sc_hd__dfrtp_2)
                                             20.836000   data arrival time

                      0.150000    0.000000    0.000000   clock clk_10mhz (rise edge)
                                  0.000000    0.000000   clock network delay (ideal)
                                  0.250000    0.250000   clock uncertainty
                                  0.000000    0.250000   clock reconvergence pessimism
                                              0.250000 ^ _1751_/CLK (sky130_fd_sc_hd__dfrtp_2)
                                  0.490209    0.740209   library removal time
                                              0.740209   data required time
---------------------------------------------------------------------------------------------
                                              0.740209   data required time
                                            -20.836000   data arrival time
---------------------------------------------------------------------------------------------
                                             20.095791   slack (MET)


Startpoint: rst_n (input port clocked by clk_10mhz)
Endpoint: _1752_ (removal check against rising-edge clock clk_10mhz)
Path Group: asynchronous
Path Type: min

Fanout         Cap        Slew       Delay        Time   Description
---------------------------------------------------------------------------------------------
                      0.150000    0.000000    0.000000   clock clk_10mhz (rise edge)
                                  0.000000    0.000000   clock network delay (ideal)
                                 20.000000   20.000000 ^ input external delay
   105    0.357764    1.202034    0.836000   20.836000 ^ rst_n (in)
                                                         rst_n (net)
                      1.202034    0.000000   20.836000 ^ _1752_/RESET_B (sky130_fd_sc_hd__dfrtp_2)
                                             20.836000   data arrival time

                      0.150000    0.000000    0.000000   clock clk_10mhz (rise edge)
                                  0.000000    0.000000   clock network delay (ideal)
                                  0.250000    0.250000   clock uncertainty
                                  0.000000    0.250000   clock reconvergence pessimism
                                              0.250000 ^ _1752_/CLK (sky130_fd_sc_hd__dfrtp_2)
                                  0.490209    0.740209   library removal time
                                              0.740209   data required time
---------------------------------------------------------------------------------------------
                                              0.740209   data required time
                                            -20.836000   data arrival time
---------------------------------------------------------------------------------------------
                                             20.095791   slack (MET)


Startpoint: rst_n (input port clocked by clk_10mhz)
Endpoint: _1753_ (removal check against rising-edge clock clk_10mhz)
Path Group: asynchronous
Path Type: min

Fanout         Cap        Slew       Delay        Time   Description
---------------------------------------------------------------------------------------------
                      0.150000    0.000000    0.000000   clock clk_10mhz (rise edge)
                                  0.000000    0.000000   clock network delay (ideal)
                                 20.000000   20.000000 ^ input external delay
   105    0.357764    1.202034    0.836000   20.836000 ^ rst_n (in)
                                                         rst_n (net)
                      1.202034    0.000000   20.836000 ^ _1753_/RESET_B (sky130_fd_sc_hd__dfrtp_2)
                                             20.836000   data arrival time

                      0.150000    0.000000    0.000000   clock clk_10mhz (rise edge)
                                  0.000000    0.000000   clock network delay (ideal)
                                  0.250000    0.250000   clock uncertainty
                                  0.000000    0.250000   clock reconvergence pessimism
                                              0.250000 ^ _1753_/CLK (sky130_fd_sc_hd__dfrtp_2)
                                  0.490209    0.740209   library removal time
                                              0.740209   data required time
---------------------------------------------------------------------------------------------
                                              0.740209   data required time
                                            -20.836000   data arrival time
---------------------------------------------------------------------------------------------
                                             20.095791   slack (MET)


Startpoint: rst_n (input port clocked by clk_10mhz)
Endpoint: _1755_ (removal check against rising-edge clock clk_10mhz)
Path Group: asynchronous
Path Type: min

Fanout         Cap        Slew       Delay        Time   Description
---------------------------------------------------------------------------------------------
                      0.150000    0.000000    0.000000   clock clk_10mhz (rise edge)
                                  0.000000    0.000000   clock network delay (ideal)
                                 20.000000   20.000000 ^ input external delay
   105    0.357764    1.202034    0.836000   20.836000 ^ rst_n (in)
                                                         rst_n (net)
                      1.202034    0.000000   20.836000 ^ _1755_/RESET_B (sky130_fd_sc_hd__dfrtp_2)
                                             20.836000   data arrival time

                      0.150000    0.000000    0.000000   clock clk_10mhz (rise edge)
                                  0.000000    0.000000   clock network delay (ideal)
                                  0.250000    0.250000   clock uncertainty
                                  0.000000    0.250000   clock reconvergence pessimism
                                              0.250000 ^ _1755_/CLK (sky130_fd_sc_hd__dfrtp_2)
                                  0.490209    0.740209   library removal time
                                              0.740209   data required time
---------------------------------------------------------------------------------------------
                                              0.740209   data required time
                                            -20.836000   data arrival time
---------------------------------------------------------------------------------------------
                                             20.095791   slack (MET)


Startpoint: rst_n (input port clocked by clk_10mhz)
Endpoint: _1756_ (removal check against rising-edge clock clk_10mhz)
Path Group: asynchronous
Path Type: min

Fanout         Cap        Slew       Delay        Time   Description
---------------------------------------------------------------------------------------------
                      0.150000    0.000000    0.000000   clock clk_10mhz (rise edge)
                                  0.000000    0.000000   clock network delay (ideal)
                                 20.000000   20.000000 ^ input external delay
   105    0.357764    1.202034    0.836000   20.836000 ^ rst_n (in)
                                                         rst_n (net)
                      1.202034    0.000000   20.836000 ^ _1756_/RESET_B (sky130_fd_sc_hd__dfrtp_2)
                                             20.836000   data arrival time

                      0.150000    0.000000    0.000000   clock clk_10mhz (rise edge)
                                  0.000000    0.000000   clock network delay (ideal)
                                  0.250000    0.250000   clock uncertainty
                                  0.000000    0.250000   clock reconvergence pessimism
                                              0.250000 ^ _1756_/CLK (sky130_fd_sc_hd__dfrtp_2)
                                  0.490209    0.740209   library removal time
                                              0.740209   data required time
---------------------------------------------------------------------------------------------
                                              0.740209   data required time
                                            -20.836000   data arrival time
---------------------------------------------------------------------------------------------
                                             20.095791   slack (MET)


Startpoint: rst_n (input port clocked by clk_10mhz)
Endpoint: _1757_ (removal check against rising-edge clock clk_10mhz)
Path Group: asynchronous
Path Type: min

Fanout         Cap        Slew       Delay        Time   Description
---------------------------------------------------------------------------------------------
                      0.150000    0.000000    0.000000   clock clk_10mhz (rise edge)
                                  0.000000    0.000000   clock network delay (ideal)
                                 20.000000   20.000000 ^ input external delay
   105    0.357764    1.202034    0.836000   20.836000 ^ rst_n (in)
                                                         rst_n (net)
                      1.202034    0.000000   20.836000 ^ _1757_/RESET_B (sky130_fd_sc_hd__dfrtp_2)
                                             20.836000   data arrival time

                      0.150000    0.000000    0.000000   clock clk_10mhz (rise edge)
                                  0.000000    0.000000   clock network delay (ideal)
                                  0.250000    0.250000   clock uncertainty
                                  0.000000    0.250000   clock reconvergence pessimism
                                              0.250000 ^ _1757_/CLK (sky130_fd_sc_hd__dfrtp_2)
                                  0.490209    0.740209   library removal time
                                              0.740209   data required time
---------------------------------------------------------------------------------------------
                                              0.740209   data required time
                                            -20.836000   data arrival time
---------------------------------------------------------------------------------------------
                                             20.095791   slack (MET)


Startpoint: rst_n (input port clocked by clk_10mhz)
Endpoint: _1758_ (removal check against rising-edge clock clk_10mhz)
Path Group: asynchronous
Path Type: min

Fanout         Cap        Slew       Delay        Time   Description
---------------------------------------------------------------------------------------------
                      0.150000    0.000000    0.000000   clock clk_10mhz (rise edge)
                                  0.000000    0.000000   clock network delay (ideal)
                                 20.000000   20.000000 ^ input external delay
   105    0.357764    1.202034    0.836000   20.836000 ^ rst_n (in)
                                                         rst_n (net)
                      1.202034    0.000000   20.836000 ^ _1758_/RESET_B (sky130_fd_sc_hd__dfrtp_2)
                                             20.836000   data arrival time

                      0.150000    0.000000    0.000000   clock clk_10mhz (rise edge)
                                  0.000000    0.000000   clock network delay (ideal)
                                  0.250000    0.250000   clock uncertainty
                                  0.000000    0.250000   clock reconvergence pessimism
                                              0.250000 ^ _1758_/CLK (sky130_fd_sc_hd__dfrtp_2)
                                  0.490209    0.740209   library removal time
                                              0.740209   data required time
---------------------------------------------------------------------------------------------
                                              0.740209   data required time
                                            -20.836000   data arrival time
---------------------------------------------------------------------------------------------
                                             20.095791   slack (MET)


Startpoint: rst_n (input port clocked by clk_10mhz)
Endpoint: _1759_ (removal check against rising-edge clock clk_10mhz)
Path Group: asynchronous
Path Type: min

Fanout         Cap        Slew       Delay        Time   Description
---------------------------------------------------------------------------------------------
                      0.150000    0.000000    0.000000   clock clk_10mhz (rise edge)
                                  0.000000    0.000000   clock network delay (ideal)
                                 20.000000   20.000000 ^ input external delay
   105    0.357764    1.202034    0.836000   20.836000 ^ rst_n (in)
                                                         rst_n (net)
                      1.202034    0.000000   20.836000 ^ _1759_/RESET_B (sky130_fd_sc_hd__dfrtp_2)
                                             20.836000   data arrival time

                      0.150000    0.000000    0.000000   clock clk_10mhz (rise edge)
                                  0.000000    0.000000   clock network delay (ideal)
                                  0.250000    0.250000   clock uncertainty
                                  0.000000    0.250000   clock reconvergence pessimism
                                              0.250000 ^ _1759_/CLK (sky130_fd_sc_hd__dfrtp_2)
                                  0.490209    0.740209   library removal time
                                              0.740209   data required time
---------------------------------------------------------------------------------------------
                                              0.740209   data required time
                                            -20.836000   data arrival time
---------------------------------------------------------------------------------------------
                                             20.095791   slack (MET)


Startpoint: rst_n (input port clocked by clk_10mhz)
Endpoint: _1760_ (removal check against rising-edge clock clk_10mhz)
Path Group: asynchronous
Path Type: min

Fanout         Cap        Slew       Delay        Time   Description
---------------------------------------------------------------------------------------------
                      0.150000    0.000000    0.000000   clock clk_10mhz (rise edge)
                                  0.000000    0.000000   clock network delay (ideal)
                                 20.000000   20.000000 ^ input external delay
   105    0.357764    1.202034    0.836000   20.836000 ^ rst_n (in)
                                                         rst_n (net)
                      1.202034    0.000000   20.836000 ^ _1760_/RESET_B (sky130_fd_sc_hd__dfrtp_2)
                                             20.836000   data arrival time

                      0.150000    0.000000    0.000000   clock clk_10mhz (rise edge)
                                  0.000000    0.000000   clock network delay (ideal)
                                  0.250000    0.250000   clock uncertainty
                                  0.000000    0.250000   clock reconvergence pessimism
                                              0.250000 ^ _1760_/CLK (sky130_fd_sc_hd__dfrtp_2)
                                  0.490209    0.740209   library removal time
                                              0.740209   data required time
---------------------------------------------------------------------------------------------
                                              0.740209   data required time
                                            -20.836000   data arrival time
---------------------------------------------------------------------------------------------
                                             20.095791   slack (MET)


Startpoint: rst_n (input port clocked by clk_10mhz)
Endpoint: _1761_ (removal check against rising-edge clock clk_10mhz)
Path Group: asynchronous
Path Type: min

Fanout         Cap        Slew       Delay        Time   Description
---------------------------------------------------------------------------------------------
                      0.150000    0.000000    0.000000   clock clk_10mhz (rise edge)
                                  0.000000    0.000000   clock network delay (ideal)
                                 20.000000   20.000000 ^ input external delay
   105    0.357764    1.202034    0.836000   20.836000 ^ rst_n (in)
                                                         rst_n (net)
                      1.202034    0.000000   20.836000 ^ _1761_/RESET_B (sky130_fd_sc_hd__dfrtp_2)
                                             20.836000   data arrival time

                      0.150000    0.000000    0.000000   clock clk_10mhz (rise edge)
                                  0.000000    0.000000   clock network delay (ideal)
                                  0.250000    0.250000   clock uncertainty
                                  0.000000    0.250000   clock reconvergence pessimism
                                              0.250000 ^ _1761_/CLK (sky130_fd_sc_hd__dfrtp_2)
                                  0.490209    0.740209   library removal time
                                              0.740209   data required time
---------------------------------------------------------------------------------------------
                                              0.740209   data required time
                                            -20.836000   data arrival time
---------------------------------------------------------------------------------------------
                                             20.095791   slack (MET)


Startpoint: rst_n (input port clocked by clk_10mhz)
Endpoint: _1762_ (removal check against rising-edge clock clk_10mhz)
Path Group: asynchronous
Path Type: min

Fanout         Cap        Slew       Delay        Time   Description
---------------------------------------------------------------------------------------------
                      0.150000    0.000000    0.000000   clock clk_10mhz (rise edge)
                                  0.000000    0.000000   clock network delay (ideal)
                                 20.000000   20.000000 ^ input external delay
   105    0.357764    1.202034    0.836000   20.836000 ^ rst_n (in)
                                                         rst_n (net)
                      1.202034    0.000000   20.836000 ^ _1762_/RESET_B (sky130_fd_sc_hd__dfrtp_2)
                                             20.836000   data arrival time

                      0.150000    0.000000    0.000000   clock clk_10mhz (rise edge)
                                  0.000000    0.000000   clock network delay (ideal)
                                  0.250000    0.250000   clock uncertainty
                                  0.000000    0.250000   clock reconvergence pessimism
                                              0.250000 ^ _1762_/CLK (sky130_fd_sc_hd__dfrtp_2)
                                  0.490209    0.740209   library removal time
                                              0.740209   data required time
---------------------------------------------------------------------------------------------
                                              0.740209   data required time
                                            -20.836000   data arrival time
---------------------------------------------------------------------------------------------
                                             20.095791   slack (MET)


Startpoint: rst_n (input port clocked by clk_10mhz)
Endpoint: _1763_ (removal check against rising-edge clock clk_10mhz)
Path Group: asynchronous
Path Type: min

Fanout         Cap        Slew       Delay        Time   Description
---------------------------------------------------------------------------------------------
                      0.150000    0.000000    0.000000   clock clk_10mhz (rise edge)
                                  0.000000    0.000000   clock network delay (ideal)
                                 20.000000   20.000000 ^ input external delay
   105    0.357764    1.202034    0.836000   20.836000 ^ rst_n (in)
                                                         rst_n (net)
                      1.202034    0.000000   20.836000 ^ _1763_/RESET_B (sky130_fd_sc_hd__dfrtp_2)
                                             20.836000   data arrival time

                      0.150000    0.000000    0.000000   clock clk_10mhz (rise edge)
                                  0.000000    0.000000   clock network delay (ideal)
                                  0.250000    0.250000   clock uncertainty
                                  0.000000    0.250000   clock reconvergence pessimism
                                              0.250000 ^ _1763_/CLK (sky130_fd_sc_hd__dfrtp_2)
                                  0.490209    0.740209   library removal time
                                              0.740209   data required time
---------------------------------------------------------------------------------------------
                                              0.740209   data required time
                                            -20.836000   data arrival time
---------------------------------------------------------------------------------------------
                                             20.095791   slack (MET)


Startpoint: rst_n (input port clocked by clk_10mhz)
Endpoint: _1764_ (removal check against rising-edge clock clk_10mhz)
Path Group: asynchronous
Path Type: min

Fanout         Cap        Slew       Delay        Time   Description
---------------------------------------------------------------------------------------------
                      0.150000    0.000000    0.000000   clock clk_10mhz (rise edge)
                                  0.000000    0.000000   clock network delay (ideal)
                                 20.000000   20.000000 ^ input external delay
   105    0.357764    1.202034    0.836000   20.836000 ^ rst_n (in)
                                                         rst_n (net)
                      1.202034    0.000000   20.836000 ^ _1764_/RESET_B (sky130_fd_sc_hd__dfrtp_2)
                                             20.836000   data arrival time

                      0.150000    0.000000    0.000000   clock clk_10mhz (rise edge)
                                  0.000000    0.000000   clock network delay (ideal)
                                  0.250000    0.250000   clock uncertainty
                                  0.000000    0.250000   clock reconvergence pessimism
                                              0.250000 ^ _1764_/CLK (sky130_fd_sc_hd__dfrtp_2)
                                  0.490209    0.740209   library removal time
                                              0.740209   data required time
---------------------------------------------------------------------------------------------
                                              0.740209   data required time
                                            -20.836000   data arrival time
---------------------------------------------------------------------------------------------
                                             20.095791   slack (MET)


Startpoint: rst_n (input port clocked by clk_10mhz)
Endpoint: _1765_ (removal check against rising-edge clock clk_10mhz)
Path Group: asynchronous
Path Type: min

Fanout         Cap        Slew       Delay        Time   Description
---------------------------------------------------------------------------------------------
                      0.150000    0.000000    0.000000   clock clk_10mhz (rise edge)
                                  0.000000    0.000000   clock network delay (ideal)
                                 20.000000   20.000000 ^ input external delay
   105    0.357764    1.202034    0.836000   20.836000 ^ rst_n (in)
                                                         rst_n (net)
                      1.202034    0.000000   20.836000 ^ _1765_/RESET_B (sky130_fd_sc_hd__dfrtp_2)
                                             20.836000   data arrival time

                      0.150000    0.000000    0.000000   clock clk_10mhz (rise edge)
                                  0.000000    0.000000   clock network delay (ideal)
                                  0.250000    0.250000   clock uncertainty
                                  0.000000    0.250000   clock reconvergence pessimism
                                              0.250000 ^ _1765_/CLK (sky130_fd_sc_hd__dfrtp_2)
                                  0.490209    0.740209   library removal time
                                              0.740209   data required time
---------------------------------------------------------------------------------------------
                                              0.740209   data required time
                                            -20.836000   data arrival time
---------------------------------------------------------------------------------------------
                                             20.095791   slack (MET)


Startpoint: rst_n (input port clocked by clk_10mhz)
Endpoint: _1766_ (removal check against rising-edge clock clk_10mhz)
Path Group: asynchronous
Path Type: min

Fanout         Cap        Slew       Delay        Time   Description
---------------------------------------------------------------------------------------------
                      0.150000    0.000000    0.000000   clock clk_10mhz (rise edge)
                                  0.000000    0.000000   clock network delay (ideal)
                                 20.000000   20.000000 ^ input external delay
   105    0.357764    1.202034    0.836000   20.836000 ^ rst_n (in)
                                                         rst_n (net)
                      1.202034    0.000000   20.836000 ^ _1766_/RESET_B (sky130_fd_sc_hd__dfrtp_2)
                                             20.836000   data arrival time

                      0.150000    0.000000    0.000000   clock clk_10mhz (rise edge)
                                  0.000000    0.000000   clock network delay (ideal)
                                  0.250000    0.250000   clock uncertainty
                                  0.000000    0.250000   clock reconvergence pessimism
                                              0.250000 ^ _1766_/CLK (sky130_fd_sc_hd__dfrtp_2)
                                  0.490209    0.740209   library removal time
                                              0.740209   data required time
---------------------------------------------------------------------------------------------
                                              0.740209   data required time
                                            -20.836000   data arrival time
---------------------------------------------------------------------------------------------
                                             20.095791   slack (MET)


Startpoint: rst_n (input port clocked by clk_10mhz)
Endpoint: _1767_ (removal check against rising-edge clock clk_10mhz)
Path Group: asynchronous
Path Type: min

Fanout         Cap        Slew       Delay        Time   Description
---------------------------------------------------------------------------------------------
                      0.150000    0.000000    0.000000   clock clk_10mhz (rise edge)
                                  0.000000    0.000000   clock network delay (ideal)
                                 20.000000   20.000000 ^ input external delay
   105    0.357764    1.202034    0.836000   20.836000 ^ rst_n (in)
                                                         rst_n (net)
                      1.202034    0.000000   20.836000 ^ _1767_/RESET_B (sky130_fd_sc_hd__dfrtp_2)
                                             20.836000   data arrival time

                      0.150000    0.000000    0.000000   clock clk_10mhz (rise edge)
                                  0.000000    0.000000   clock network delay (ideal)
                                  0.250000    0.250000   clock uncertainty
                                  0.000000    0.250000   clock reconvergence pessimism
                                              0.250000 ^ _1767_/CLK (sky130_fd_sc_hd__dfrtp_2)
                                  0.490209    0.740209   library removal time
                                              0.740209   data required time
---------------------------------------------------------------------------------------------
                                              0.740209   data required time
                                            -20.836000   data arrival time
---------------------------------------------------------------------------------------------
                                             20.095791   slack (MET)


Startpoint: rst_n (input port clocked by clk_10mhz)
Endpoint: _1768_ (removal check against rising-edge clock clk_10mhz)
Path Group: asynchronous
Path Type: min

Fanout         Cap        Slew       Delay        Time   Description
---------------------------------------------------------------------------------------------
                      0.150000    0.000000    0.000000   clock clk_10mhz (rise edge)
                                  0.000000    0.000000   clock network delay (ideal)
                                 20.000000   20.000000 ^ input external delay
   105    0.357764    1.202034    0.836000   20.836000 ^ rst_n (in)
                                                         rst_n (net)
                      1.202034    0.000000   20.836000 ^ _1768_/RESET_B (sky130_fd_sc_hd__dfrtp_2)
                                             20.836000   data arrival time

                      0.150000    0.000000    0.000000   clock clk_10mhz (rise edge)
                                  0.000000    0.000000   clock network delay (ideal)
                                  0.250000    0.250000   clock uncertainty
                                  0.000000    0.250000   clock reconvergence pessimism
                                              0.250000 ^ _1768_/CLK (sky130_fd_sc_hd__dfrtp_2)
                                  0.490209    0.740209   library removal time
                                              0.740209   data required time
---------------------------------------------------------------------------------------------
                                              0.740209   data required time
                                            -20.836000   data arrival time
---------------------------------------------------------------------------------------------
                                             20.095791   slack (MET)


Startpoint: rst_n (input port clocked by clk_10mhz)
Endpoint: _1769_ (removal check against rising-edge clock clk_10mhz)
Path Group: asynchronous
Path Type: min

Fanout         Cap        Slew       Delay        Time   Description
---------------------------------------------------------------------------------------------
                      0.150000    0.000000    0.000000   clock clk_10mhz (rise edge)
                                  0.000000    0.000000   clock network delay (ideal)
                                 20.000000   20.000000 ^ input external delay
   105    0.357764    1.202034    0.836000   20.836000 ^ rst_n (in)
                                                         rst_n (net)
                      1.202034    0.000000   20.836000 ^ _1769_/RESET_B (sky130_fd_sc_hd__dfrtp_2)
                                             20.836000   data arrival time

                      0.150000    0.000000    0.000000   clock clk_10mhz (rise edge)
                                  0.000000    0.000000   clock network delay (ideal)
                                  0.250000    0.250000   clock uncertainty
                                  0.000000    0.250000   clock reconvergence pessimism
                                              0.250000 ^ _1769_/CLK (sky130_fd_sc_hd__dfrtp_2)
                                  0.490209    0.740209   library removal time
                                              0.740209   data required time
---------------------------------------------------------------------------------------------
                                              0.740209   data required time
                                            -20.836000   data arrival time
---------------------------------------------------------------------------------------------
                                             20.095791   slack (MET)


Startpoint: rst_n (input port clocked by clk_10mhz)
Endpoint: _1770_ (removal check against rising-edge clock clk_10mhz)
Path Group: asynchronous
Path Type: min

Fanout         Cap        Slew       Delay        Time   Description
---------------------------------------------------------------------------------------------
                      0.150000    0.000000    0.000000   clock clk_10mhz (rise edge)
                                  0.000000    0.000000   clock network delay (ideal)
                                 20.000000   20.000000 ^ input external delay
   105    0.357764    1.202034    0.836000   20.836000 ^ rst_n (in)
                                                         rst_n (net)
                      1.202034    0.000000   20.836000 ^ _1770_/RESET_B (sky130_fd_sc_hd__dfrtp_2)
                                             20.836000   data arrival time

                      0.150000    0.000000    0.000000   clock clk_10mhz (rise edge)
                                  0.000000    0.000000   clock network delay (ideal)
                                  0.250000    0.250000   clock uncertainty
                                  0.000000    0.250000   clock reconvergence pessimism
                                              0.250000 ^ _1770_/CLK (sky130_fd_sc_hd__dfrtp_2)
                                  0.490209    0.740209   library removal time
                                              0.740209   data required time
---------------------------------------------------------------------------------------------
                                              0.740209   data required time
                                            -20.836000   data arrival time
---------------------------------------------------------------------------------------------
                                             20.095791   slack (MET)


Startpoint: rst_n (input port clocked by clk_10mhz)
Endpoint: _1771_ (removal check against rising-edge clock clk_10mhz)
Path Group: asynchronous
Path Type: min

Fanout         Cap        Slew       Delay        Time   Description
---------------------------------------------------------------------------------------------
                      0.150000    0.000000    0.000000   clock clk_10mhz (rise edge)
                                  0.000000    0.000000   clock network delay (ideal)
                                 20.000000   20.000000 ^ input external delay
   105    0.357764    1.202034    0.836000   20.836000 ^ rst_n (in)
                                                         rst_n (net)
                      1.202034    0.000000   20.836000 ^ _1771_/RESET_B (sky130_fd_sc_hd__dfrtp_2)
                                             20.836000   data arrival time

                      0.150000    0.000000    0.000000   clock clk_10mhz (rise edge)
                                  0.000000    0.000000   clock network delay (ideal)
                                  0.250000    0.250000   clock uncertainty
                                  0.000000    0.250000   clock reconvergence pessimism
                                              0.250000 ^ _1771_/CLK (sky130_fd_sc_hd__dfrtp_2)
                                  0.490209    0.740209   library removal time
                                              0.740209   data required time
---------------------------------------------------------------------------------------------
                                              0.740209   data required time
                                            -20.836000   data arrival time
---------------------------------------------------------------------------------------------
                                             20.095791   slack (MET)


Startpoint: rst_n (input port clocked by clk_10mhz)
Endpoint: _1772_ (removal check against rising-edge clock clk_10mhz)
Path Group: asynchronous
Path Type: min

Fanout         Cap        Slew       Delay        Time   Description
---------------------------------------------------------------------------------------------
                      0.150000    0.000000    0.000000   clock clk_10mhz (rise edge)
                                  0.000000    0.000000   clock network delay (ideal)
                                 20.000000   20.000000 ^ input external delay
   105    0.357764    1.202034    0.836000   20.836000 ^ rst_n (in)
                                                         rst_n (net)
                      1.202034    0.000000   20.836000 ^ _1772_/RESET_B (sky130_fd_sc_hd__dfrtp_2)
                                             20.836000   data arrival time

                      0.150000    0.000000    0.000000   clock clk_10mhz (rise edge)
                                  0.000000    0.000000   clock network delay (ideal)
                                  0.250000    0.250000   clock uncertainty
                                  0.000000    0.250000   clock reconvergence pessimism
                                              0.250000 ^ _1772_/CLK (sky130_fd_sc_hd__dfrtp_2)
                                  0.490209    0.740209   library removal time
                                              0.740209   data required time
---------------------------------------------------------------------------------------------
                                              0.740209   data required time
                                            -20.836000   data arrival time
---------------------------------------------------------------------------------------------
                                             20.095791   slack (MET)


Startpoint: rst_n (input port clocked by clk_10mhz)
Endpoint: _1773_ (removal check against rising-edge clock clk_10mhz)
Path Group: asynchronous
Path Type: min

Fanout         Cap        Slew       Delay        Time   Description
---------------------------------------------------------------------------------------------
                      0.150000    0.000000    0.000000   clock clk_10mhz (rise edge)
                                  0.000000    0.000000   clock network delay (ideal)
                                 20.000000   20.000000 ^ input external delay
   105    0.357764    1.202034    0.836000   20.836000 ^ rst_n (in)
                                                         rst_n (net)
                      1.202034    0.000000   20.836000 ^ _1773_/RESET_B (sky130_fd_sc_hd__dfrtp_2)
                                             20.836000   data arrival time

                      0.150000    0.000000    0.000000   clock clk_10mhz (rise edge)
                                  0.000000    0.000000   clock network delay (ideal)
                                  0.250000    0.250000   clock uncertainty
                                  0.000000    0.250000   clock reconvergence pessimism
                                              0.250000 ^ _1773_/CLK (sky130_fd_sc_hd__dfrtp_2)
                                  0.490209    0.740209   library removal time
                                              0.740209   data required time
---------------------------------------------------------------------------------------------
                                              0.740209   data required time
                                            -20.836000   data arrival time
---------------------------------------------------------------------------------------------
                                             20.095791   slack (MET)


Startpoint: rst_n (input port clocked by clk_10mhz)
Endpoint: _1774_ (removal check against rising-edge clock clk_10mhz)
Path Group: asynchronous
Path Type: min

Fanout         Cap        Slew       Delay        Time   Description
---------------------------------------------------------------------------------------------
                      0.150000    0.000000    0.000000   clock clk_10mhz (rise edge)
                                  0.000000    0.000000   clock network delay (ideal)
                                 20.000000   20.000000 ^ input external delay
   105    0.357764    1.202034    0.836000   20.836000 ^ rst_n (in)
                                                         rst_n (net)
                      1.202034    0.000000   20.836000 ^ _1774_/RESET_B (sky130_fd_sc_hd__dfrtp_2)
                                             20.836000   data arrival time

                      0.150000    0.000000    0.000000   clock clk_10mhz (rise edge)
                                  0.000000    0.000000   clock network delay (ideal)
                                  0.250000    0.250000   clock uncertainty
                                  0.000000    0.250000   clock reconvergence pessimism
                                              0.250000 ^ _1774_/CLK (sky130_fd_sc_hd__dfrtp_2)
                                  0.490209    0.740209   library removal time
                                              0.740209   data required time
---------------------------------------------------------------------------------------------
                                              0.740209   data required time
                                            -20.836000   data arrival time
---------------------------------------------------------------------------------------------
                                             20.095791   slack (MET)


Startpoint: rst_n (input port clocked by clk_10mhz)
Endpoint: _1775_ (removal check against rising-edge clock clk_10mhz)
Path Group: asynchronous
Path Type: min

Fanout         Cap        Slew       Delay        Time   Description
---------------------------------------------------------------------------------------------
                      0.150000    0.000000    0.000000   clock clk_10mhz (rise edge)
                                  0.000000    0.000000   clock network delay (ideal)
                                 20.000000   20.000000 ^ input external delay
   105    0.357764    1.202034    0.836000   20.836000 ^ rst_n (in)
                                                         rst_n (net)
                      1.202034    0.000000   20.836000 ^ _1775_/RESET_B (sky130_fd_sc_hd__dfrtp_2)
                                             20.836000   data arrival time

                      0.150000    0.000000    0.000000   clock clk_10mhz (rise edge)
                                  0.000000    0.000000   clock network delay (ideal)
                                  0.250000    0.250000   clock uncertainty
                                  0.000000    0.250000   clock reconvergence pessimism
                                              0.250000 ^ _1775_/CLK (sky130_fd_sc_hd__dfrtp_2)
                                  0.490209    0.740209   library removal time
                                              0.740209   data required time
---------------------------------------------------------------------------------------------
                                              0.740209   data required time
                                            -20.836000   data arrival time
---------------------------------------------------------------------------------------------
                                             20.095791   slack (MET)


Startpoint: rst_n (input port clocked by clk_10mhz)
Endpoint: _1776_ (removal check against rising-edge clock clk_10mhz)
Path Group: asynchronous
Path Type: min

Fanout         Cap        Slew       Delay        Time   Description
---------------------------------------------------------------------------------------------
                      0.150000    0.000000    0.000000   clock clk_10mhz (rise edge)
                                  0.000000    0.000000   clock network delay (ideal)
                                 20.000000   20.000000 ^ input external delay
   105    0.357764    1.202034    0.836000   20.836000 ^ rst_n (in)
                                                         rst_n (net)
                      1.202034    0.000000   20.836000 ^ _1776_/RESET_B (sky130_fd_sc_hd__dfrtp_2)
                                             20.836000   data arrival time

                      0.150000    0.000000    0.000000   clock clk_10mhz (rise edge)
                                  0.000000    0.000000   clock network delay (ideal)
                                  0.250000    0.250000   clock uncertainty
                                  0.000000    0.250000   clock reconvergence pessimism
                                              0.250000 ^ _1776_/CLK (sky130_fd_sc_hd__dfrtp_2)
                                  0.490209    0.740209   library removal time
                                              0.740209   data required time
---------------------------------------------------------------------------------------------
                                              0.740209   data required time
                                            -20.836000   data arrival time
---------------------------------------------------------------------------------------------
                                             20.095791   slack (MET)


Startpoint: _1739_ (rising edge-triggered flip-flop clocked by clk_10mhz)
Endpoint: led_status[0] (output port clocked by clk_10mhz)
Path Group: clk_10mhz
Path Type: min

Fanout         Cap        Slew       Delay        Time   Description
---------------------------------------------------------------------------------------------
                      0.150000    0.000000    0.000000   clock clk_10mhz (rise edge)
                                  0.000000    0.000000   clock network delay (ideal)
                      0.150000    0.000000    0.000000 ^ _1739_/CLK (sky130_fd_sc_hd__dfrtp_2)
     2    0.004345    0.031921    0.240810    0.240810 ^ _1739_/Q (sky130_fd_sc_hd__dfrtp_2)
                                                         u_uart.busy (net)
                      0.031921    0.000000    0.240810 ^ _1780_/A (sky130_fd_sc_hd__buf_2)
     1    0.033442    0.127427    0.135920    0.376730 ^ _1780_/X (sky130_fd_sc_hd__buf_2)
                                                         led_status[0] (net)
                      0.127427    0.000000    0.376730 ^ led_status[0] (out)
                                              0.376730   data arrival time

                      0.150000    0.000000    0.000000   clock clk_10mhz (rise edge)
                                  0.000000    0.000000   clock network delay (ideal)
                                  0.250000    0.250000   clock uncertainty
                                  0.000000    0.250000   clock reconvergence pessimism
                                -20.000000  -19.750002   output external delay
                                            -19.750002   data required time
---------------------------------------------------------------------------------------------
                                            -19.750002   data required time
                                             -0.376730   data arrival time
---------------------------------------------------------------------------------------------
                                             20.126732   slack (MET)


Startpoint: _1517_ (rising edge-triggered flip-flop clocked by clk_10mhz)
Endpoint: led_status[2] (output port clocked by clk_10mhz)
Path Group: clk_10mhz
Path Type: min

Fanout         Cap        Slew       Delay        Time   Description
---------------------------------------------------------------------------------------------
                      0.150000    0.000000    0.000000   clock clk_10mhz (rise edge)
                                  0.000000    0.000000   clock network delay (ideal)
                      0.150000    0.000000    0.000000 ^ _1517_/CLK (sky130_fd_sc_hd__dfrtp_2)
     3    0.006372    0.038496    0.247076    0.247076 ^ _1517_/Q (sky130_fd_sc_hd__dfrtp_2)
                                                         u_pmu.user_detected (net)
                      0.038496    0.000000    0.247076 ^ _1781_/A (sky130_fd_sc_hd__buf_2)
     1    0.033442    0.127404    0.137912    0.384987 ^ _1781_/X (sky130_fd_sc_hd__buf_2)
                                                         led_status[2] (net)
                      0.127404    0.000000    0.384987 ^ led_status[2] (out)
                                              0.384987   data arrival time

                      0.150000    0.000000    0.000000   clock clk_10mhz (rise edge)
                                  0.000000    0.000000   clock network delay (ideal)
                                  0.250000    0.250000   clock uncertainty
                                  0.000000    0.250000   clock reconvergence pessimism
                                -20.000000  -19.750002   output external delay
                                            -19.750002   data required time
---------------------------------------------------------------------------------------------
                                            -19.750002   data required time
                                             -0.384987   data arrival time
---------------------------------------------------------------------------------------------
                                             20.134989   slack (MET)


Startpoint: _1581_ (rising edge-triggered flip-flop clocked by clk_10mhz)
Endpoint: i2c_scl (output port clocked by clk_10mhz)
Path Group: clk_10mhz
Path Type: min

Fanout         Cap        Slew       Delay        Time   Description
---------------------------------------------------------------------------------------------
                      0.150000    0.000000    0.000000   clock clk_10mhz (rise edge)
                                  0.000000    0.000000   clock network delay (ideal)
                      0.150000    0.000000    0.000000 ^ _1581_/CLK (sky130_fd_sc_hd__dfstp_2)
     2    0.011235    0.052022    0.350053    0.350053 ^ _1581_/Q (sky130_fd_sc_hd__dfstp_2)
                                                         u_max30102_ctrl.scl_internal (net)
                      0.052022    0.000000    0.350053 ^ _1494_/A (sky130_fd_sc_hd__buf_1)
     1    0.004377    0.046877    0.065354    0.415407 ^ _1494_/X (sky130_fd_sc_hd__buf_1)
                                                         _0745_ (net)
                      0.046877    0.000000    0.415407 ^ _1783_/TE_B (sky130_fd_sc_hd__ebufn_2)
     1    0.036285    0.000000    0.025603    0.441010 v _1783_/Z (sky130_fd_sc_hd__ebufn_2)
                                                         i2c_scl (net)
     0    0.036285    0.000000    0.000000    0.441010 v i2c_scl (inout)
                                                         i2c_scl (net)
                                              0.441010   data arrival time

                      0.150000    0.000000    0.000000   clock clk_10mhz (rise edge)
                                  0.000000    0.000000   clock network delay (ideal)
                                  0.250000    0.250000   clock uncertainty
                                  0.000000    0.250000   clock reconvergence pessimism
                                -20.000000  -19.750002   output external delay
                                            -19.750002   data required time
---------------------------------------------------------------------------------------------
                                            -19.750002   data required time
                                             -0.441010   data arrival time
---------------------------------------------------------------------------------------------
                                             20.191011   slack (MET)


Startpoint: _1716_ (rising edge-triggered flip-flop clocked by clk_10mhz)
Endpoint: led_status[1] (output port clocked by clk_10mhz)
Path Group: clk_10mhz
Path Type: min

Fanout         Cap        Slew       Delay        Time   Description
---------------------------------------------------------------------------------------------
                      0.150000    0.000000    0.000000   clock clk_10mhz (rise edge)
                                  0.000000    0.000000   clock network delay (ideal)
                      0.150000    0.000000    0.000000 ^ _1716_/CLK (sky130_fd_sc_hd__dfrtp_2)
     2    0.017744    0.075372    0.278739    0.278739 ^ _1716_/Q (sky130_fd_sc_hd__dfrtp_2)
                                                         u_fifo.wr_ptr[4] (net)
                      0.075372    0.000000    0.278739 ^ _0775_/B (sky130_fd_sc_hd__xnor2_2)
     3    0.010773    0.043260    0.053409    0.332147 v _0775_/Y (sky130_fd_sc_hd__xnor2_2)
                                                         _0492_ (net)
                      0.043260    0.000000    0.332147 v _0776_/B (sky130_fd_sc_hd__nand2b_2)
     4    0.038344    0.160375    0.137640    0.469787 ^ _0776_/Y (sky130_fd_sc_hd__nand2b_2)
                                                         led_status[1] (net)
                      0.160375    0.000000    0.469787 ^ led_status[1] (out)
                                              0.469787   data arrival time

                      0.150000    0.000000    0.000000   clock clk_10mhz (rise edge)
                                  0.000000    0.000000   clock network delay (ideal)
                                  0.250000    0.250000   clock uncertainty
                                  0.000000    0.250000   clock reconvergence pessimism
                                -20.000000  -19.750002   output external delay
                                            -19.750002   data required time
---------------------------------------------------------------------------------------------
                                            -19.750002   data required time
                                             -0.469787   data arrival time
---------------------------------------------------------------------------------------------
                                             20.219788   slack (MET)


Startpoint: rst_n (input port clocked by clk_10mhz)
Endpoint: _1577_ (removal check against rising-edge clock clk_10mhz)
Path Group: asynchronous
Path Type: min

Fanout         Cap        Slew       Delay        Time   Description
---------------------------------------------------------------------------------------------
                      0.150000    0.000000    0.000000   clock clk_10mhz (rise edge)
                                  0.000000    0.000000   clock network delay (ideal)
                                 20.000000   20.000000 ^ input external delay
   105    0.357764    1.202034    0.836000   20.836000 ^ rst_n (in)
                                                         rst_n (net)
                      1.202034    0.000000   20.836000 ^ _1577_/SET_B (sky130_fd_sc_hd__dfstp_2)
                                             20.836000   data arrival time

                      0.150000    0.000000    0.000000   clock clk_10mhz (rise edge)
                                  0.000000    0.000000   clock network delay (ideal)
                                  0.250000    0.250000   clock uncertainty
                                  0.000000    0.250000   clock reconvergence pessimism
                                              0.250000 ^ _1577_/CLK (sky130_fd_sc_hd__dfstp_2)
                                  0.198379    0.448379   library removal time
                                              0.448379   data required time
---------------------------------------------------------------------------------------------
                                              0.448379   data required time
                                            -20.836000   data arrival time
---------------------------------------------------------------------------------------------
                                             20.387621   slack (MET)


Startpoint: rst_n (input port clocked by clk_10mhz)
Endpoint: _1754_ (removal check against rising-edge clock clk_10mhz)
Path Group: asynchronous
Path Type: min

Fanout         Cap        Slew       Delay        Time   Description
---------------------------------------------------------------------------------------------
                      0.150000    0.000000    0.000000   clock clk_10mhz (rise edge)
                                  0.000000    0.000000   clock network delay (ideal)
                                 20.000000   20.000000 ^ input external delay
   105    0.357764    1.202034    0.836000   20.836000 ^ rst_n (in)
                                                         rst_n (net)
                      1.202034    0.000000   20.836000 ^ _1754_/SET_B (sky130_fd_sc_hd__dfstp_2)
                                             20.836000   data arrival time

                      0.150000    0.000000    0.000000   clock clk_10mhz (rise edge)
                                  0.000000    0.000000   clock network delay (ideal)
                                  0.250000    0.250000   clock uncertainty
                                  0.000000    0.250000   clock reconvergence pessimism
                                              0.250000 ^ _1754_/CLK (sky130_fd_sc_hd__dfstp_2)
                                  0.198379    0.448379   library removal time
                                              0.448379   data required time
---------------------------------------------------------------------------------------------
                                              0.448379   data required time
                                            -20.836000   data arrival time
---------------------------------------------------------------------------------------------
                                             20.387621   slack (MET)



