
 /----------------------------------------------------------------------------\
 |  yosys -- Yosys Open SYnthesis Suite                                       |
 |  Copyright (C) 2012 - 2024  Claire Xenia Wolf <claire@yosyshq.com>         |
 |  Distributed under an ISC-like license, type "license" to see terms        |
 \----------------------------------------------------------------------------/
 Yosys 0.46 (git sha1 e97731b9dda91fa5fa53ed87df7c34163ba59a41, clang++ 17.0.6 -fPIC -O3)
Loaded SDC plugin

1. Executing Liberty frontend: /home/duncan/.volare/volare/sky130/versions/0fe599b2afb6708d281543108caf8310912f54af/sky130A/libs.ref/sky130_fd_sc_hd/lib/sky130_fd_sc_hd__tt_025C_1v80.lib
Imported 428 cell types from liberty file.
[INFO] Using SDC file '/home/duncan/sem3project_add/runs/RUN_2026-08-27_07-32-05/06-yosys-synthesis/synthesis.abc.sdc' for ABC…

2. Executing Verilog-2005 frontend: /home/duncan/sem3project_add/src/dual_sensor_top.v
Parsing SystemVerilog input from `/home/duncan/sem3project_add/src/dual_sensor_top.v' to AST representation.
Storing AST representation for module `$abstract\dual_sensor_top'.
Successfully finished Verilog frontend.

3. Executing Verilog-2005 frontend: /home/duncan/sem3project_add/src/srf05_ctrl.v
Parsing SystemVerilog input from `/home/duncan/sem3project_add/src/srf05_ctrl.v' to AST representation.
Storing AST representation for module `$abstract\srf05_ctrl'.
Successfully finished Verilog frontend.

4. Executing Verilog-2005 frontend: /home/duncan/sem3project_add/src/max30102_ctrl.v
Parsing SystemVerilog input from `/home/duncan/sem3project_add/src/max30102_ctrl.v' to AST representation.
Warning: Yosys has only limited support for tri-state logic at the moment. (/home/duncan/sem3project_add/src/max30102_ctrl.v:15)
Warning: Yosys has only limited support for tri-state logic at the moment. (/home/duncan/sem3project_add/src/max30102_ctrl.v:16)
Storing AST representation for module `$abstract\max30102_ctrl'.
Successfully finished Verilog frontend.

5. Executing Verilog-2005 frontend: /home/duncan/sem3project_add/src/fifo_buffer.v
Parsing SystemVerilog input from `/home/duncan/sem3project_add/src/fifo_buffer.v' to AST representation.
Storing AST representation for module `$abstract\fifo_buffer'.
Successfully finished Verilog frontend.

6. Executing Verilog-2005 frontend: /home/duncan/sem3project_add/src/pmu_controller.v
Parsing SystemVerilog input from `/home/duncan/sem3project_add/src/pmu_controller.v' to AST representation.
Storing AST representation for module `$abstract\pmu_controller'.
Successfully finished Verilog frontend.

7. Executing Verilog-2005 frontend: /home/duncan/sem3project_add/src/packet_assembler.v
Parsing SystemVerilog input from `/home/duncan/sem3project_add/src/packet_assembler.v' to AST representation.
Storing AST representation for module `$abstract\packet_assembler'.
Successfully finished Verilog frontend.

8. Executing Verilog-2005 frontend: /home/duncan/sem3project_add/src/uart_tx.v
Parsing SystemVerilog input from `/home/duncan/sem3project_add/src/uart_tx.v' to AST representation.
Storing AST representation for module `$abstract\uart_tx'.
Successfully finished Verilog frontend.

9. Executing HIERARCHY pass (managing design hierarchy).

10. Executing AST frontend in derive mode using pre-parsed AST for module `\dual_sensor_top'.
Generating RTLIL representation for module `\dual_sensor_top'.

10.1. Analyzing design hierarchy..
Top module:  \dual_sensor_top

10.2. Executing AST frontend in derive mode using pre-parsed AST for module `\uart_tx'.
Generating RTLIL representation for module `\uart_tx'.

10.3. Executing AST frontend in derive mode using pre-parsed AST for module `\fifo_buffer'.
Generating RTLIL representation for module `\fifo_buffer'.
Warning: Replacing memory \mem with list of registers. See /home/duncan/sem3project_add/src/fifo_buffer.v:24

10.4. Executing AST frontend in derive mode using pre-parsed AST for module `\packet_assembler'.
Generating RTLIL representation for module `\packet_assembler'.

10.5. Executing AST frontend in derive mode using pre-parsed AST for module `\max30102_ctrl'.
Generating RTLIL representation for module `\max30102_ctrl'.

10.6. Executing AST frontend in derive mode using pre-parsed AST for module `\srf05_ctrl'.
Generating RTLIL representation for module `\srf05_ctrl'.

10.7. Executing AST frontend in derive mode using pre-parsed AST for module `\pmu_controller'.
Generating RTLIL representation for module `\pmu_controller'.

10.8. Analyzing design hierarchy..
Top module:  \dual_sensor_top
Used module:     \uart_tx
Used module:     \fifo_buffer
Used module:     \packet_assembler
Used module:     \max30102_ctrl
Used module:     \srf05_ctrl
Used module:     \pmu_controller

10.9. Analyzing design hierarchy..
Top module:  \dual_sensor_top
Used module:     \uart_tx
Used module:     \fifo_buffer
Used module:     \packet_assembler
Used module:     \max30102_ctrl
Used module:     \srf05_ctrl
Used module:     \pmu_controller
Removing unused module `$abstract\uart_tx'.
Removing unused module `$abstract\packet_assembler'.
Removing unused module `$abstract\pmu_controller'.
Removing unused module `$abstract\fifo_buffer'.
Removing unused module `$abstract\max30102_ctrl'.
Removing unused module `$abstract\srf05_ctrl'.
Removing unused module `$abstract\dual_sensor_top'.
Removed 7 unused modules.
Renaming module dual_sensor_top to dual_sensor_top.

11. Generating Graphviz representation of design.
Writing dot description to `/home/duncan/sem3project_add/runs/RUN_2026-08-27_07-32-05/06-yosys-synthesis/hierarchy.dot'.
Dumping module dual_sensor_top to page 1.

12. Executing TRIBUF pass.

13. Executing HIERARCHY pass (managing design hierarchy).

13.1. Analyzing design hierarchy..
Top module:  \dual_sensor_top
Used module:     \uart_tx
Used module:     \fifo_buffer
Used module:     \packet_assembler
Used module:     \max30102_ctrl
Used module:     \srf05_ctrl
Used module:     \pmu_controller

13.2. Analyzing design hierarchy..
Top module:  \dual_sensor_top
Used module:     \uart_tx
Used module:     \fifo_buffer
Used module:     \packet_assembler
Used module:     \max30102_ctrl
Used module:     \srf05_ctrl
Used module:     \pmu_controller
Removed 0 unused modules.

14. Executing PROC_CLEAN pass (remove empty switches from decision trees).
Cleaned up 0 empty switches.

15. Executing PROC_RMDEAD pass (remove dead branches from decision trees).
Marked 5 switch rules as full_case in process $proc$/home/duncan/sem3project_add/src/srf05_ctrl.v:21$64 in module srf05_ctrl.
Marked 2 switch rules as full_case in process $proc$/home/duncan/sem3project_add/src/max30102_ctrl.v:18$59 in module max30102_ctrl.
Marked 3 switch rules as full_case in process $proc$/home/duncan/sem3project_add/src/packet_assembler.v:28$43 in module packet_assembler.
Removed 1 dead cases from process $proc$/home/duncan/sem3project_add/src/fifo_buffer.v:18$18 in module fifo_buffer.
Marked 5 switch rules as full_case in process $proc$/home/duncan/sem3project_add/src/fifo_buffer.v:18$18 in module fifo_buffer.
Marked 6 switch rules as full_case in process $proc$/home/duncan/sem3project_add/src/uart_tx.v:24$4 in module uart_tx.
Marked 2 switch rules as full_case in process $proc$/home/duncan/sem3project_add/src/pmu_controller.v:8$79 in module pmu_controller.
Removed a total of 1 dead cases.

16. Executing PROC_PRUNE pass (remove redundant assignments in processes).
Removed 6 redundant assignments.
Promoted 4 assignments to connections.

17. Executing PROC_INIT pass (extract init attributes).

18. Executing PROC_ARST pass (detect async resets in processes).
Found async reset \rst_n in `\srf05_ctrl.$proc$/home/duncan/sem3project_add/src/srf05_ctrl.v:21$64'.
Found async reset \rst_n in `\max30102_ctrl.$proc$/home/duncan/sem3project_add/src/max30102_ctrl.v:18$59'.
Found async reset \rst_n in `\packet_assembler.$proc$/home/duncan/sem3project_add/src/packet_assembler.v:28$43'.
Found async reset \rst_n in `\fifo_buffer.$proc$/home/duncan/sem3project_add/src/fifo_buffer.v:18$18'.
Found async reset \rst_n in `\uart_tx.$proc$/home/duncan/sem3project_add/src/uart_tx.v:24$4'.
Found async reset \rst_n in `\pmu_controller.$proc$/home/duncan/sem3project_add/src/pmu_controller.v:8$79'.

19. Executing PROC_ROM pass (convert switches to ROMs).
Converted 0 switches.
<suppressed ~30 debug messages>

20. Executing PROC_MUX pass (convert decision trees to multiplexers).
Creating decoders for process `\srf05_ctrl.$proc$/home/duncan/sem3project_add/src/srf05_ctrl.v:21$64'.
     1/8: $0\echo_sync_1[0:0]
     2/8: $0\echo_sync_0[0:0]
     3/8: $0\echo_counter[15:0]
     4/8: $0\timer[20:0]
     5/8: $0\state[1:0]
     6/8: $0\distance_out[15:0]
     7/8: $0\user_detected[0:0]
     8/8: $0\srf_trig[0:0]
Creating decoders for process `\max30102_ctrl.$proc$/home/duncan/sem3project_add/src/max30102_ctrl.v:18$59'.
     1/6: $0\clk_div[15:0]
     2/6: $0\sda_internal[0:0]
     3/6: $0\scl_internal[0:0]
     4/6: $0\fsm_state[7:0]
     5/6: $0\ir_data[23:0]
     6/6: $0\red_data[23:0]
Creating decoders for process `\packet_assembler.$proc$/home/duncan/sem3project_add/src/packet_assembler.v:28$43'.
     1/4: $0\fifo_wr_en[0:0]
     2/4: $0\timer[23:0]
     3/4: $0\state[3:0]
     4/4: $0\fifo_din[7:0]
Creating decoders for process `\fifo_buffer.$proc$/home/duncan/sem3project_add/src/fifo_buffer.v:18$18'.
     1/28: $3$mem2reg_rd$\mem$/home/duncan/sem3project_add/src/fifo_buffer.v:28$17_DATA[7:0]$37
     2/28: $2$mem2reg_rd$\mem$/home/duncan/sem3project_add/src/fifo_buffer.v:28$17_DATA[7:0]$36
     3/28: $2$mem2reg_rd$\mem$/home/duncan/sem3project_add/src/fifo_buffer.v:28$17_ADDR[3:0]$35
     4/28: $2$mem2reg_wr$\mem$/home/duncan/sem3project_add/src/fifo_buffer.v:24$16_ADDR[3:0]$30
     5/28: $2$mem2reg_wr$\mem$/home/duncan/sem3project_add/src/fifo_buffer.v:24$16_DATA[7:0]$31
     6/28: $1$mem2reg_rd$\mem$/home/duncan/sem3project_add/src/fifo_buffer.v:28$17_DATA[7:0]$27
     7/28: $1$mem2reg_rd$\mem$/home/duncan/sem3project_add/src/fifo_buffer.v:28$17_ADDR[3:0]$26
     8/28: $1$mem2reg_wr$\mem$/home/duncan/sem3project_add/src/fifo_buffer.v:24$16_DATA[7:0]$25
     9/28: $1$mem2reg_wr$\mem$/home/duncan/sem3project_add/src/fifo_buffer.v:24$16_ADDR[3:0]$24
    10/28: $0\mem[15][7:0]
    11/28: $0\mem[14][7:0]
    12/28: $0\mem[13][7:0]
    13/28: $0\mem[12][7:0]
    14/28: $0\mem[11][7:0]
    15/28: $0\mem[10][7:0]
    16/28: $0\mem[9][7:0]
    17/28: $0\mem[8][7:0]
    18/28: $0\mem[7][7:0]
    19/28: $0\mem[6][7:0]
    20/28: $0\mem[5][7:0]
    21/28: $0\mem[4][7:0]
    22/28: $0\mem[3][7:0]
    23/28: $0\mem[2][7:0]
    24/28: $0\mem[1][7:0]
    25/28: $0\mem[0][7:0]
    26/28: $0\rd_ptr[4:0]
    27/28: $0\wr_ptr[4:0]
    28/28: $0\dout[7:0]
Creating decoders for process `\uart_tx.$proc$/home/duncan/sem3project_add/src/uart_tx.v:24$4'.
     1/7: $0\rd_en[0:0]
     2/7: $0\tx_data_reg[7:0]
     3/7: $0\bit_index[2:0]
     4/7: $0\clk_count[13:0]
     5/7: $0\state[3:0]
     6/7: $0\busy[0:0]
     7/7: $0\tx[0:0]
Creating decoders for process `\pmu_controller.$proc$/home/duncan/sem3project_add/src/pmu_controller.v:8$79'.
     1/1: $0\pwr_ctrl[0:0]

21. Executing PROC_DLATCH pass (convert process syncs to latches).

22. Executing PROC_DFF pass (convert process syncs to FFs).
Creating register for signal `\srf05_ctrl.\srf_trig' using process `\srf05_ctrl.$proc$/home/duncan/sem3project_add/src/srf05_ctrl.v:21$64'.
  created $adff cell `$procdff$584' with positive edge clock and positive level reset.
Creating register for signal `\srf05_ctrl.\user_detected' using process `\srf05_ctrl.$proc$/home/duncan/sem3project_add/src/srf05_ctrl.v:21$64'.
  created $adff cell `$procdff$589' with positive edge clock and positive level reset.
Creating register for signal `\srf05_ctrl.\distance_out' using process `\srf05_ctrl.$proc$/home/duncan/sem3project_add/src/srf05_ctrl.v:21$64'.
  created $adff cell `$procdff$594' with positive edge clock and positive level reset.
Creating register for signal `\srf05_ctrl.\state' using process `\srf05_ctrl.$proc$/home/duncan/sem3project_add/src/srf05_ctrl.v:21$64'.
  created $adff cell `$procdff$599' with positive edge clock and positive level reset.
Creating register for signal `\srf05_ctrl.\timer' using process `\srf05_ctrl.$proc$/home/duncan/sem3project_add/src/srf05_ctrl.v:21$64'.
  created $adff cell `$procdff$604' with positive edge clock and positive level reset.
Creating register for signal `\srf05_ctrl.\echo_counter' using process `\srf05_ctrl.$proc$/home/duncan/sem3project_add/src/srf05_ctrl.v:21$64'.
  created $adff cell `$procdff$609' with positive edge clock and positive level reset.
Creating register for signal `\srf05_ctrl.\echo_sync_0' using process `\srf05_ctrl.$proc$/home/duncan/sem3project_add/src/srf05_ctrl.v:21$64'.
  created $adff cell `$procdff$614' with positive edge clock and positive level reset.
Creating register for signal `\srf05_ctrl.\echo_sync_1' using process `\srf05_ctrl.$proc$/home/duncan/sem3project_add/src/srf05_ctrl.v:21$64'.
  created $adff cell `$procdff$619' with positive edge clock and positive level reset.
Creating register for signal `\max30102_ctrl.\red_data' using process `\max30102_ctrl.$proc$/home/duncan/sem3project_add/src/max30102_ctrl.v:18$59'.
  created $adff cell `$procdff$624' with positive edge clock and positive level reset.
Creating register for signal `\max30102_ctrl.\ir_data' using process `\max30102_ctrl.$proc$/home/duncan/sem3project_add/src/max30102_ctrl.v:18$59'.
  created $adff cell `$procdff$629' with positive edge clock and positive level reset.
Creating register for signal `\max30102_ctrl.\fsm_state' using process `\max30102_ctrl.$proc$/home/duncan/sem3project_add/src/max30102_ctrl.v:18$59'.
  created $adff cell `$procdff$634' with positive edge clock and positive level reset.
Creating register for signal `\max30102_ctrl.\clk_div' using process `\max30102_ctrl.$proc$/home/duncan/sem3project_add/src/max30102_ctrl.v:18$59'.
  created $adff cell `$procdff$639' with positive edge clock and positive level reset.
Creating register for signal `\max30102_ctrl.\scl_internal' using process `\max30102_ctrl.$proc$/home/duncan/sem3project_add/src/max30102_ctrl.v:18$59'.
  created $adff cell `$procdff$644' with positive edge clock and positive level reset.
Creating register for signal `\max30102_ctrl.\sda_internal' using process `\max30102_ctrl.$proc$/home/duncan/sem3project_add/src/max30102_ctrl.v:18$59'.
  created $adff cell `$procdff$649' with positive edge clock and positive level reset.
Creating register for signal `\packet_assembler.\fifo_wr_en' using process `\packet_assembler.$proc$/home/duncan/sem3project_add/src/packet_assembler.v:28$43'.
  created $adff cell `$procdff$654' with positive edge clock and positive level reset.
Creating register for signal `\packet_assembler.\fifo_din' using process `\packet_assembler.$proc$/home/duncan/sem3project_add/src/packet_assembler.v:28$43'.
  created $adff cell `$procdff$659' with positive edge clock and positive level reset.
Creating register for signal `\packet_assembler.\state' using process `\packet_assembler.$proc$/home/duncan/sem3project_add/src/packet_assembler.v:28$43'.
  created $adff cell `$procdff$664' with positive edge clock and positive level reset.
Creating register for signal `\packet_assembler.\timer' using process `\packet_assembler.$proc$/home/duncan/sem3project_add/src/packet_assembler.v:28$43'.
  created $adff cell `$procdff$669' with positive edge clock and positive level reset.
Creating register for signal `\fifo_buffer.\dout' using process `\fifo_buffer.$proc$/home/duncan/sem3project_add/src/fifo_buffer.v:18$18'.
  created $dff cell `$procdff$676' with positive edge clock.
Creating register for signal `\fifo_buffer.\wr_ptr' using process `\fifo_buffer.$proc$/home/duncan/sem3project_add/src/fifo_buffer.v:18$18'.
  created $adff cell `$procdff$681' with positive edge clock and positive level reset.
Creating register for signal `\fifo_buffer.\rd_ptr' using process `\fifo_buffer.$proc$/home/duncan/sem3project_add/src/fifo_buffer.v:18$18'.
  created $adff cell `$procdff$686' with positive edge clock and positive level reset.
Creating register for signal `\fifo_buffer.\mem[0]' using process `\fifo_buffer.$proc$/home/duncan/sem3project_add/src/fifo_buffer.v:18$18'.
  created $dff cell `$procdff$693' with positive edge clock.
Creating register for signal `\fifo_buffer.\mem[1]' using process `\fifo_buffer.$proc$/home/duncan/sem3project_add/src/fifo_buffer.v:18$18'.
  created $dff cell `$procdff$700' with positive edge clock.
Creating register for signal `\fifo_buffer.\mem[2]' using process `\fifo_buffer.$proc$/home/duncan/sem3project_add/src/fifo_buffer.v:18$18'.
  created $dff cell `$procdff$707' with positive edge clock.
Creating register for signal `\fifo_buffer.\mem[3]' using process `\fifo_buffer.$proc$/home/duncan/sem3project_add/src/fifo_buffer.v:18$18'.
  created $dff cell `$procdff$714' with positive edge clock.
Creating register for signal `\fifo_buffer.\mem[4]' using process `\fifo_buffer.$proc$/home/duncan/sem3project_add/src/fifo_buffer.v:18$18'.
  created $dff cell `$procdff$721' with positive edge clock.
Creating register for signal `\fifo_buffer.\mem[5]' using process `\fifo_buffer.$proc$/home/duncan/sem3project_add/src/fifo_buffer.v:18$18'.
  created $dff cell `$procdff$728' with positive edge clock.
Creating register for signal `\fifo_buffer.\mem[6]' using process `\fifo_buffer.$proc$/home/duncan/sem3project_add/src/fifo_buffer.v:18$18'.
  created $dff cell `$procdff$735' with positive edge clock.
Creating register for signal `\fifo_buffer.\mem[7]' using process `\fifo_buffer.$proc$/home/duncan/sem3project_add/src/fifo_buffer.v:18$18'.
  created $dff cell `$procdff$742' with positive edge clock.
Creating register for signal `\fifo_buffer.\mem[8]' using process `\fifo_buffer.$proc$/home/duncan/sem3project_add/src/fifo_buffer.v:18$18'.
  created $dff cell `$procdff$749' with positive edge clock.
Creating register for signal `\fifo_buffer.\mem[9]' using process `\fifo_buffer.$proc$/home/duncan/sem3project_add/src/fifo_buffer.v:18$18'.
  created $dff cell `$procdff$756' with positive edge clock.
Creating register for signal `\fifo_buffer.\mem[10]' using process `\fifo_buffer.$proc$/home/duncan/sem3project_add/src/fifo_buffer.v:18$18'.
  created $dff cell `$procdff$763' with positive edge clock.
Creating register for signal `\fifo_buffer.\mem[11]' using process `\fifo_buffer.$proc$/home/duncan/sem3project_add/src/fifo_buffer.v:18$18'.
  created $dff cell `$procdff$770' with positive edge clock.
Creating register for signal `\fifo_buffer.\mem[12]' using process `\fifo_buffer.$proc$/home/duncan/sem3project_add/src/fifo_buffer.v:18$18'.
  created $dff cell `$procdff$777' with positive edge clock.
Creating register for signal `\fifo_buffer.\mem[13]' using process `\fifo_buffer.$proc$/home/duncan/sem3project_add/src/fifo_buffer.v:18$18'.
  created $dff cell `$procdff$784' with positive edge clock.
Creating register for signal `\fifo_buffer.\mem[14]' using process `\fifo_buffer.$proc$/home/duncan/sem3project_add/src/fifo_buffer.v:18$18'.
  created $dff cell `$procdff$791' with positive edge clock.
Creating register for signal `\fifo_buffer.\mem[15]' using process `\fifo_buffer.$proc$/home/duncan/sem3project_add/src/fifo_buffer.v:18$18'.
  created $dff cell `$procdff$798' with positive edge clock.
Creating register for signal `\fifo_buffer.$mem2reg_wr$\mem$/home/duncan/sem3project_add/src/fifo_buffer.v:24$16_ADDR' using process `\fifo_buffer.$proc$/home/duncan/sem3project_add/src/fifo_buffer.v:18$18'.
  created $adff cell `$procdff$803' with positive edge clock and positive level reset.
Creating register for signal `\fifo_buffer.$mem2reg_wr$\mem$/home/duncan/sem3project_add/src/fifo_buffer.v:24$16_DATA' using process `\fifo_buffer.$proc$/home/duncan/sem3project_add/src/fifo_buffer.v:18$18'.
  created $adff cell `$procdff$808' with positive edge clock and positive level reset.
Creating register for signal `\fifo_buffer.$mem2reg_rd$\mem$/home/duncan/sem3project_add/src/fifo_buffer.v:28$17_ADDR' using process `\fifo_buffer.$proc$/home/duncan/sem3project_add/src/fifo_buffer.v:18$18'.
  created $adff cell `$procdff$813' with positive edge clock and positive level reset.
Creating register for signal `\fifo_buffer.$mem2reg_rd$\mem$/home/duncan/sem3project_add/src/fifo_buffer.v:28$17_DATA' using process `\fifo_buffer.$proc$/home/duncan/sem3project_add/src/fifo_buffer.v:18$18'.
  created $adff cell `$procdff$818' with positive edge clock and positive level reset.
Creating register for signal `\uart_tx.\rd_en' using process `\uart_tx.$proc$/home/duncan/sem3project_add/src/uart_tx.v:24$4'.
  created $adff cell `$procdff$823' with positive edge clock and positive level reset.
Creating register for signal `\uart_tx.\tx' using process `\uart_tx.$proc$/home/duncan/sem3project_add/src/uart_tx.v:24$4'.
  created $adff cell `$procdff$828' with positive edge clock and positive level reset.
Creating register for signal `\uart_tx.\busy' using process `\uart_tx.$proc$/home/duncan/sem3project_add/src/uart_tx.v:24$4'.
  created $adff cell `$procdff$833' with positive edge clock and positive level reset.
Creating register for signal `\uart_tx.\state' using process `\uart_tx.$proc$/home/duncan/sem3project_add/src/uart_tx.v:24$4'.
  created $adff cell `$procdff$838' with positive edge clock and positive level reset.
Creating register for signal `\uart_tx.\clk_count' using process `\uart_tx.$proc$/home/duncan/sem3project_add/src/uart_tx.v:24$4'.
  created $adff cell `$procdff$843' with positive edge clock and positive level reset.
Creating register for signal `\uart_tx.\bit_index' using process `\uart_tx.$proc$/home/duncan/sem3project_add/src/uart_tx.v:24$4'.
  created $adff cell `$procdff$848' with positive edge clock and positive level reset.
Creating register for signal `\uart_tx.\tx_data_reg' using process `\uart_tx.$proc$/home/duncan/sem3project_add/src/uart_tx.v:24$4'.
  created $adff cell `$procdff$853' with positive edge clock and positive level reset.
Creating register for signal `\pmu_controller.\pwr_ctrl' using process `\pmu_controller.$proc$/home/duncan/sem3project_add/src/pmu_controller.v:8$79'.
  created $adff cell `$procdff$858' with positive edge clock and positive level reset.

23. Executing PROC_MEMWR pass (convert process memory writes to cells).

24. Executing PROC_CLEAN pass (remove empty switches from decision trees).
Found and cleaned up 6 empty switches in `\srf05_ctrl.$proc$/home/duncan/sem3project_add/src/srf05_ctrl.v:21$64'.
Removing empty process `srf05_ctrl.$proc$/home/duncan/sem3project_add/src/srf05_ctrl.v:21$64'.
Found and cleaned up 1 empty switch in `\max30102_ctrl.$proc$/home/duncan/sem3project_add/src/max30102_ctrl.v:18$59'.
Removing empty process `max30102_ctrl.$proc$/home/duncan/sem3project_add/src/max30102_ctrl.v:18$59'.
Found and cleaned up 12 empty switches in `\packet_assembler.$proc$/home/duncan/sem3project_add/src/packet_assembler.v:28$43'.
Removing empty process `packet_assembler.$proc$/home/duncan/sem3project_add/src/packet_assembler.v:28$43'.
Found and cleaned up 4 empty switches in `\fifo_buffer.$proc$/home/duncan/sem3project_add/src/fifo_buffer.v:18$18'.
Removing empty process `fifo_buffer.$proc$/home/duncan/sem3project_add/src/fifo_buffer.v:18$18'.
Found and cleaned up 6 empty switches in `\uart_tx.$proc$/home/duncan/sem3project_add/src/uart_tx.v:24$4'.
Removing empty process `uart_tx.$proc$/home/duncan/sem3project_add/src/uart_tx.v:24$4'.
Found and cleaned up 1 empty switch in `\pmu_controller.$proc$/home/duncan/sem3project_add/src/pmu_controller.v:8$79'.
Removing empty process `pmu_controller.$proc$/home/duncan/sem3project_add/src/pmu_controller.v:8$79'.
Cleaned up 30 empty switches.

25. Executing CHECK pass (checking for obvious problems).
Checking module dual_sensor_top...
Checking module srf05_ctrl...
Checking module max30102_ctrl...
Checking module packet_assembler...
Checking module fifo_buffer...
Checking module uart_tx...
Checking module pmu_controller...
Found and reported 0 problems.

26. Executing OPT_EXPR pass (perform const folding).
Optimizing module dual_sensor_top.
Optimizing module srf05_ctrl.
<suppressed ~21 debug messages>
Optimizing module max30102_ctrl.
<suppressed ~12 debug messages>
Optimizing module packet_assembler.
<suppressed ~40 debug messages>
Optimizing module fifo_buffer.
<suppressed ~48 debug messages>
Optimizing module uart_tx.
<suppressed ~23 debug messages>
Optimizing module pmu_controller.
<suppressed ~2 debug messages>

27. Executing FLATTEN pass (flatten design).
Deleting now unused module srf05_ctrl.
Deleting now unused module max30102_ctrl.
Deleting now unused module packet_assembler.
Deleting now unused module fifo_buffer.
Deleting now unused module uart_tx.
Deleting now unused module pmu_controller.
<suppressed ~6 debug messages>

28. Executing OPT_EXPR pass (perform const folding).
Optimizing module dual_sensor_top.

29. Executing OPT_CLEAN pass (remove unused cells and wires).
Finding unused cells or wires in module \dual_sensor_top..
Removed 75 unused cells and 274 unused wires.
<suppressed ~77 debug messages>

30. Executing OPT_EXPR pass (perform const folding).
Optimizing module dual_sensor_top.

31. Executing OPT_MERGE pass (detect identical cells).
Finding identical cells in module `\dual_sensor_top'.
<suppressed ~153 debug messages>
Removed a total of 51 cells.

32. Executing OPT_MUXTREE pass (detect dead branches in mux trees).
Running muxtree optimizer on module \dual_sensor_top..
  Creating internal representation of mux trees.
  Evaluating internal representation of mux trees.
  Analyzing evaluation results.
    dead port 2/2 on $mux $flatten\u_fifo.$procmux$276.
Removed 1 multiplexer ports.
<suppressed ~39 debug messages>

33. Executing OPT_REDUCE pass (consolidate $*mux and $reduce_* inputs).
  Optimizing cells in module \dual_sensor_top.
    New ctrl vector for $pmux cell $flatten\u_uart.$procmux$572: { $flatten\u_uart.$procmux$528_CMP $flatten\u_uart.$procmux$524_CMP $auto$opt_reduce.cc:134:opt_pmux$866 }
  Optimizing cells in module \dual_sensor_top.
Performed a total of 1 changes.

34. Executing OPT_MERGE pass (detect identical cells).
Finding identical cells in module `\dual_sensor_top'.
<suppressed ~36 debug messages>
Removed a total of 12 cells.

35. Executing OPT_DFF pass (perform DFF optimizations).
Handling D = Q on $flatten\u_max30102_ctrl.$procdff$649 ($adff) from module dual_sensor_top (removing D path).
Handling D = Q on $flatten\u_max30102_ctrl.$procdff$629 ($adff) from module dual_sensor_top (removing D path).
Handling D = Q on $flatten\u_max30102_ctrl.$procdff$624 ($adff) from module dual_sensor_top (removing D path).
Setting constant 0-bit at position 0 on $flatten\u_max30102_ctrl.$procdff$624 ($dlatch) from module dual_sensor_top.
Setting constant 1-bit at position 1 on $flatten\u_max30102_ctrl.$procdff$624 ($dlatch) from module dual_sensor_top.
Setting constant 1-bit at position 2 on $flatten\u_max30102_ctrl.$procdff$624 ($dlatch) from module dual_sensor_top.
Setting constant 0-bit at position 3 on $flatten\u_max30102_ctrl.$procdff$624 ($dlatch) from module dual_sensor_top.
Setting constant 1-bit at position 4 on $flatten\u_max30102_ctrl.$procdff$624 ($dlatch) from module dual_sensor_top.
Setting constant 0-bit at position 5 on $flatten\u_max30102_ctrl.$procdff$624 ($dlatch) from module dual_sensor_top.
Setting constant 1-bit at position 6 on $flatten\u_max30102_ctrl.$procdff$624 ($dlatch) from module dual_sensor_top.
Setting constant 0-bit at position 7 on $flatten\u_max30102_ctrl.$procdff$624 ($dlatch) from module dual_sensor_top.
Setting constant 0-bit at position 8 on $flatten\u_max30102_ctrl.$procdff$624 ($dlatch) from module dual_sensor_top.
Setting constant 0-bit at position 9 on $flatten\u_max30102_ctrl.$procdff$624 ($dlatch) from module dual_sensor_top.
Setting constant 1-bit at position 10 on $flatten\u_max30102_ctrl.$procdff$624 ($dlatch) from module dual_sensor_top.
Setting constant 0-bit at position 11 on $flatten\u_max30102_ctrl.$procdff$624 ($dlatch) from module dual_sensor_top.
Setting constant 1-bit at position 12 on $flatten\u_max30102_ctrl.$procdff$624 ($dlatch) from module dual_sensor_top.
Setting constant 1-bit at position 13 on $flatten\u_max30102_ctrl.$procdff$624 ($dlatch) from module dual_sensor_top.
Setting constant 0-bit at position 14 on $flatten\u_max30102_ctrl.$procdff$624 ($dlatch) from module dual_sensor_top.
Setting constant 0-bit at position 15 on $flatten\u_max30102_ctrl.$procdff$624 ($dlatch) from module dual_sensor_top.
Setting constant 0-bit at position 16 on $flatten\u_max30102_ctrl.$procdff$624 ($dlatch) from module dual_sensor_top.
Setting constant 1-bit at position 17 on $flatten\u_max30102_ctrl.$procdff$624 ($dlatch) from module dual_sensor_top.
Setting constant 0-bit at position 18 on $flatten\u_max30102_ctrl.$procdff$624 ($dlatch) from module dual_sensor_top.
Setting constant 0-bit at position 19 on $flatten\u_max30102_ctrl.$procdff$624 ($dlatch) from module dual_sensor_top.
Setting constant 1-bit at position 20 on $flatten\u_max30102_ctrl.$procdff$624 ($dlatch) from module dual_sensor_top.
Setting constant 0-bit at position 21 on $flatten\u_max30102_ctrl.$procdff$624 ($dlatch) from module dual_sensor_top.
Setting constant 0-bit at position 22 on $flatten\u_max30102_ctrl.$procdff$624 ($dlatch) from module dual_sensor_top.
Setting constant 0-bit at position 23 on $flatten\u_max30102_ctrl.$procdff$624 ($dlatch) from module dual_sensor_top.
Setting constant 1-bit at position 0 on $flatten\u_max30102_ctrl.$procdff$629 ($dlatch) from module dual_sensor_top.
Setting constant 0-bit at position 1 on $flatten\u_max30102_ctrl.$procdff$629 ($dlatch) from module dual_sensor_top.
Setting constant 0-bit at position 2 on $flatten\u_max30102_ctrl.$procdff$629 ($dlatch) from module dual_sensor_top.
Setting constant 0-bit at position 3 on $flatten\u_max30102_ctrl.$procdff$629 ($dlatch) from module dual_sensor_top.
Setting constant 0-bit at position 4 on $flatten\u_max30102_ctrl.$procdff$629 ($dlatch) from module dual_sensor_top.
Setting constant 1-bit at position 5 on $flatten\u_max30102_ctrl.$procdff$629 ($dlatch) from module dual_sensor_top.
Setting constant 0-bit at position 6 on $flatten\u_max30102_ctrl.$procdff$629 ($dlatch) from module dual_sensor_top.
Setting constant 0-bit at position 7 on $flatten\u_max30102_ctrl.$procdff$629 ($dlatch) from module dual_sensor_top.
Setting constant 1-bit at position 8 on $flatten\u_max30102_ctrl.$procdff$629 ($dlatch) from module dual_sensor_top.
Setting constant 1-bit at position 9 on $flatten\u_max30102_ctrl.$procdff$629 ($dlatch) from module dual_sensor_top.
Setting constant 0-bit at position 10 on $flatten\u_max30102_ctrl.$procdff$629 ($dlatch) from module dual_sensor_top.
Setting constant 0-bit at position 11 on $flatten\u_max30102_ctrl.$procdff$629 ($dlatch) from module dual_sensor_top.
Setting constant 0-bit at position 12 on $flatten\u_max30102_ctrl.$procdff$629 ($dlatch) from module dual_sensor_top.
Setting constant 0-bit at position 13 on $flatten\u_max30102_ctrl.$procdff$629 ($dlatch) from module dual_sensor_top.
Setting constant 1-bit at position 14 on $flatten\u_max30102_ctrl.$procdff$629 ($dlatch) from module dual_sensor_top.
Setting constant 0-bit at position 15 on $flatten\u_max30102_ctrl.$procdff$629 ($dlatch) from module dual_sensor_top.
Setting constant 1-bit at position 16 on $flatten\u_max30102_ctrl.$procdff$629 ($dlatch) from module dual_sensor_top.
Setting constant 0-bit at position 17 on $flatten\u_max30102_ctrl.$procdff$629 ($dlatch) from module dual_sensor_top.
Setting constant 1-bit at position 18 on $flatten\u_max30102_ctrl.$procdff$629 ($dlatch) from module dual_sensor_top.
Setting constant 0-bit at position 19 on $flatten\u_max30102_ctrl.$procdff$629 ($dlatch) from module dual_sensor_top.
Setting constant 0-bit at position 20 on $flatten\u_max30102_ctrl.$procdff$629 ($dlatch) from module dual_sensor_top.
Setting constant 1-bit at position 21 on $flatten\u_max30102_ctrl.$procdff$629 ($dlatch) from module dual_sensor_top.
Setting constant 1-bit at position 22 on $flatten\u_max30102_ctrl.$procdff$629 ($dlatch) from module dual_sensor_top.
Setting constant 0-bit at position 23 on $flatten\u_max30102_ctrl.$procdff$629 ($dlatch) from module dual_sensor_top.
Setting constant 1-bit at position 0 on $flatten\u_max30102_ctrl.$procdff$649 ($dlatch) from module dual_sensor_top.

36. Executing OPT_CLEAN pass (remove unused cells and wires).
Finding unused cells or wires in module \dual_sensor_top..
Removed 0 unused cells and 63 unused wires.
<suppressed ~1 debug messages>

37. Executing OPT_EXPR pass (perform const folding).
Optimizing module dual_sensor_top.
<suppressed ~2 debug messages>

38. Rerunning OPT passes. (Maybe there is more to do…)

39. Executing OPT_MUXTREE pass (detect dead branches in mux trees).
Running muxtree optimizer on module \dual_sensor_top..
  Creating internal representation of mux trees.
  Evaluating internal representation of mux trees.
  Analyzing evaluation results.
Removed 0 multiplexer ports.
<suppressed ~40 debug messages>

40. Executing OPT_REDUCE pass (consolidate $*mux and $reduce_* inputs).
  Optimizing cells in module \dual_sensor_top.
    New ctrl vector for $pmux cell $flatten\u_packet_assembler.$procmux$145: $auto$opt_reduce.cc:134:opt_pmux$868
    New ctrl vector for $pmux cell $flatten\u_uart.$procmux$533: $auto$opt_reduce.cc:134:opt_pmux$870
  Optimizing cells in module \dual_sensor_top.
Performed a total of 2 changes.

41. Executing OPT_MERGE pass (detect identical cells).
Finding identical cells in module `\dual_sensor_top'.
Removed a total of 0 cells.

42. Executing OPT_DFF pass (perform DFF optimizations).

43. Executing OPT_CLEAN pass (remove unused cells and wires).
Finding unused cells or wires in module \dual_sensor_top..
Removed 0 unused cells and 1 unused wires.
<suppressed ~1 debug messages>

44. Executing OPT_EXPR pass (perform const folding).
Optimizing module dual_sensor_top.

45. Rerunning OPT passes. (Maybe there is more to do…)

46. Executing OPT_MUXTREE pass (detect dead branches in mux trees).
Running muxtree optimizer on module \dual_sensor_top..
  Creating internal representation of mux trees.
  Evaluating internal representation of mux trees.
  Analyzing evaluation results.
Removed 0 multiplexer ports.
<suppressed ~40 debug messages>

47. Executing OPT_REDUCE pass (consolidate $*mux and $reduce_* inputs).
  Optimizing cells in module \dual_sensor_top.
Performed a total of 0 changes.

48. Executing OPT_MERGE pass (detect identical cells).
Finding identical cells in module `\dual_sensor_top'.
Removed a total of 0 cells.

49. Executing OPT_DFF pass (perform DFF optimizations).

50. Executing OPT_CLEAN pass (remove unused cells and wires).
Finding unused cells or wires in module \dual_sensor_top..

51. Executing OPT_EXPR pass (perform const folding).
Optimizing module dual_sensor_top.

52. Executing FSM pass (extract and optimize FSM).

52.1. Executing FSM_DETECT pass (finding FSMs in design).
Not marking dual_sensor_top.u_packet_assembler.state as FSM state register:
    Circuit seems to be self-resetting.
Found FSM state register dual_sensor_top.u_srf_ctrl.state.
Not marking dual_sensor_top.u_uart.state as FSM state register:
    Circuit seems to be self-resetting.

52.2. Executing FSM_EXTRACT pass (extracting FSM from design).
Extracting FSM `\u_srf_ctrl.state' from module `\dual_sensor_top'.
  found $adff cell for state register: $flatten\u_srf_ctrl.$procdff$599
  root of input selection tree: $flatten\u_srf_ctrl.$0\state[1:0]
  found reset state: 2'00 (from async reset)
  found ctrl input: $flatten\u_srf_ctrl.$procmux$107_CMP
  found ctrl input: $flatten\u_srf_ctrl.$procmux$115_CMP
  found ctrl input: $flatten\u_srf_ctrl.$procmux$101_CMP
  found ctrl input: $flatten\u_srf_ctrl.$procmux$105_CMP
  found ctrl input: \u_srf_ctrl.echo_sync_1
  found ctrl input: $flatten\u_srf_ctrl.$gt$/home/duncan/sem3project_add/src/srf05_ctrl.v:63$72_Y
  found state code: 2'11
  found ctrl input: $flatten\u_srf_ctrl.$gt$/home/duncan/sem3project_add/src/srf05_ctrl.v:62$71_Y
  found ctrl input: $flatten\u_srf_ctrl.$lt$/home/duncan/sem3project_add/src/srf05_ctrl.v:48$68_Y
  found state code: 2'10
  found ctrl input: $flatten\u_srf_ctrl.$ge$/home/duncan/sem3project_add/src/srf05_ctrl.v:39$66_Y
  found state code: 2'01
  found ctrl output: $flatten\u_srf_ctrl.$procmux$115_CMP
  found ctrl output: $flatten\u_srf_ctrl.$procmux$107_CMP
  found ctrl output: $flatten\u_srf_ctrl.$procmux$105_CMP
  found ctrl output: $flatten\u_srf_ctrl.$procmux$101_CMP
  ctrl inputs: { \u_srf_ctrl.echo_sync_1 $flatten\u_srf_ctrl.$ge$/home/duncan/sem3project_add/src/srf05_ctrl.v:39$66_Y $flatten\u_srf_ctrl.$lt$/home/duncan/sem3project_add/src/srf05_ctrl.v:48$68_Y $flatten\u_srf_ctrl.$gt$/home/duncan/sem3project_add/src/srf05_ctrl.v:62$71_Y $flatten\u_srf_ctrl.$gt$/home/duncan/sem3project_add/src/srf05_ctrl.v:63$72_Y }
  ctrl outputs: { $flatten\u_srf_ctrl.$0\state[1:0] $flatten\u_srf_ctrl.$procmux$101_CMP $flatten\u_srf_ctrl.$procmux$105_CMP $flatten\u_srf_ctrl.$procmux$107_CMP $flatten\u_srf_ctrl.$procmux$115_CMP }
  transition:       2'00 5'-0--- ->       2'00 6'000100
  transition:       2'00 5'-1--- ->       2'01 6'010100
  transition:       2'10 5'0---0 ->       2'10 6'100001
  transition:       2'10 5'0---1 ->       2'11 6'110001
  transition:       2'10 5'1--0- ->       2'10 6'100001
  transition:       2'10 5'1--1- ->       2'11 6'110001
  transition:       2'01 5'--0-- ->       2'10 6'101000
  transition:       2'01 5'--1-- ->       2'01 6'011000
  transition:       2'11 5'----- ->       2'00 6'000010

52.3. Executing FSM_OPT pass (simple optimizations of FSMs).
Optimizing FSM `$fsm$\u_srf_ctrl.state$871' from module `\dual_sensor_top'.

52.4. Executing OPT_CLEAN pass (remove unused cells and wires).
Finding unused cells or wires in module \dual_sensor_top..
Removed 11 unused cells and 11 unused wires.
<suppressed ~12 debug messages>

52.5. Executing FSM_OPT pass (simple optimizations of FSMs).
Optimizing FSM `$fsm$\u_srf_ctrl.state$871' from module `\dual_sensor_top'.
  Removing unused output signal $flatten\u_srf_ctrl.$0\state[1:0] [0].
  Removing unused output signal $flatten\u_srf_ctrl.$0\state[1:0] [1].

52.6. Executing FSM_RECODE pass (re-assigning FSM state encoding).
Recoding FSM `$fsm$\u_srf_ctrl.state$871' from module `\dual_sensor_top' using `auto' encoding:
  mapping auto encoding to `one-hot` for this FSM.
  00 -> ---1
  10 -> --1-
  01 -> -1--
  11 -> 1---

52.7. Executing FSM_INFO pass (dumping all available information on FSM cells).

FSM `$fsm$\u_srf_ctrl.state$871' from module `dual_sensor_top':
-------------------------------------

  Information on FSM $fsm$\u_srf_ctrl.state$871 (\u_srf_ctrl.state):

  Number of input signals:    5
  Number of output signals:   4
  Number of state bits:       4

  Input signals:
    0: $flatten\u_srf_ctrl.$gt$/home/duncan/sem3project_add/src/srf05_ctrl.v:63$72_Y
    1: $flatten\u_srf_ctrl.$gt$/home/duncan/sem3project_add/src/srf05_ctrl.v:62$71_Y
    2: $flatten\u_srf_ctrl.$lt$/home/duncan/sem3project_add/src/srf05_ctrl.v:48$68_Y
    3: $flatten\u_srf_ctrl.$ge$/home/duncan/sem3project_add/src/srf05_ctrl.v:39$66_Y
    4: \u_srf_ctrl.echo_sync_1

  Output signals:
    0: $flatten\u_srf_ctrl.$procmux$115_CMP
    1: $flatten\u_srf_ctrl.$procmux$107_CMP
    2: $flatten\u_srf_ctrl.$procmux$105_CMP
    3: $flatten\u_srf_ctrl.$procmux$101_CMP

  State encoding:
    0:     4'---1  <RESET STATE>
    1:     4'--1-
    2:     4'-1--
    3:     4'1---

  Transition Table (state_in, ctrl_in, state_out, ctrl_out):
      0:     0 5'-0---   ->     0 4'0100
      1:     0 5'-1---   ->     2 4'0100
      2:     1 5'0---0   ->     1 4'0001
      3:     1 5'1--0-   ->     1 4'0001
      4:     1 5'0---1   ->     3 4'0001
      5:     1 5'1--1-   ->     3 4'0001
      6:     2 5'--0--   ->     1 4'1000
      7:     2 5'--1--   ->     2 4'1000
      8:     3 5'-----   ->     0 4'0010

-------------------------------------

52.8. Executing FSM_MAP pass (mapping FSMs to basic logic).
Mapping FSM `$fsm$\u_srf_ctrl.state$871' from module `\dual_sensor_top'.

53. Executing OPT_EXPR pass (perform const folding).
Optimizing module dual_sensor_top.
<suppressed ~5 debug messages>

54. Executing OPT_MERGE pass (detect identical cells).
Finding identical cells in module `\dual_sensor_top'.
Removed a total of 0 cells.

55. Executing OPT_MUXTREE pass (detect dead branches in mux trees).
Running muxtree optimizer on module \dual_sensor_top..
  Creating internal representation of mux trees.
  Evaluating internal representation of mux trees.
  Analyzing evaluation results.
Removed 0 multiplexer ports.
<suppressed ~39 debug messages>

56. Executing OPT_REDUCE pass (consolidate $*mux and $reduce_* inputs).
  Optimizing cells in module \dual_sensor_top.
Performed a total of 0 changes.

57. Executing OPT_MERGE pass (detect identical cells).
Finding identical cells in module `\dual_sensor_top'.
Removed a total of 0 cells.

58. Executing OPT_DFF pass (perform DFF optimizations).
Adding EN signal on $flatten\u_uart.$procdff$853 ($adff) from module dual_sensor_top (D = \u_fifo.dout, Q = \u_uart.tx_data_reg).
Adding EN signal on $flatten\u_uart.$procdff$848 ($adff) from module dual_sensor_top (D = $flatten\u_uart.$0\bit_index[2:0], Q = \u_uart.bit_index).
Adding EN signal on $flatten\u_uart.$procdff$843 ($adff) from module dual_sensor_top (D = $flatten\u_uart.$procmux$531_Y, Q = \u_uart.clk_count).
Adding EN signal on $flatten\u_uart.$procdff$838 ($adff) from module dual_sensor_top (D = $flatten\u_uart.$0\state[3:0], Q = \u_uart.state).
Adding EN signal on $flatten\u_uart.$procdff$833 ($adff) from module dual_sensor_top (D = $flatten\u_uart.$procmux$503_Y, Q = \u_uart.busy).
Adding EN signal on $flatten\u_uart.$procdff$828 ($adff) from module dual_sensor_top (D = $flatten\u_uart.$0\tx[0:0], Q = \u_uart.tx).
Adding EN signal on $flatten\u_srf_ctrl.$procdff$609 ($adff) from module dual_sensor_top (D = $flatten\u_srf_ctrl.$0\echo_counter[15:0], Q = \u_srf_ctrl.echo_counter).
Adding EN signal on $flatten\u_srf_ctrl.$procdff$604 ($adff) from module dual_sensor_top (D = $flatten\u_srf_ctrl.$0\timer[20:0], Q = \u_srf_ctrl.timer).
Adding EN signal on $flatten\u_srf_ctrl.$procdff$594 ($adff) from module dual_sensor_top (D = { 10'0000000000 $flatten\u_srf_ctrl.$mul$/home/duncan/sem3project_add/src/srf05_ctrl.v:71$74_Y [15:10] }, Q = \u_srf_ctrl.distance_out).
Adding EN signal on $flatten\u_srf_ctrl.$procdff$589 ($adff) from module dual_sensor_top (D = $flatten\u_srf_ctrl.$le$/home/duncan/sem3project_add/src/srf05_ctrl.v:73$78_Y, Q = \u_srf_ctrl.user_detected).
Adding EN signal on $flatten\u_srf_ctrl.$procdff$584 ($adff) from module dual_sensor_top (D = $flatten\u_srf_ctrl.$0\srf_trig[0:0], Q = \u_srf_ctrl.srf_trig).
Adding EN signal on $flatten\u_packet_assembler.$procdff$669 ($adff) from module dual_sensor_top (D = $flatten\u_packet_assembler.$procmux$186_Y, Q = \u_packet_assembler.timer).
Adding EN signal on $flatten\u_packet_assembler.$procdff$664 ($adff) from module dual_sensor_top (D = $flatten\u_packet_assembler.$0\state[3:0], Q = \u_packet_assembler.state).
Adding EN signal on $flatten\u_packet_assembler.$procdff$659 ($adff) from module dual_sensor_top (D = $flatten\u_packet_assembler.$0\fifo_din[7:0], Q = \u_packet_assembler.fifo_din).
Adding EN signal on $flatten\u_max30102_ctrl.$procdff$644 ($adff) from module dual_sensor_top (D = $flatten\u_max30102_ctrl.$auto$rtlil.cc:2493:Not$84, Q = \u_max30102_ctrl.scl_internal).
Adding EN signal on $flatten\u_fifo.$procdff$798 ($dff) from module dual_sensor_top (D = \u_packet_assembler.fifo_din, Q = \u_fifo.mem[15]).
Adding EN signal on $flatten\u_fifo.$procdff$791 ($dff) from module dual_sensor_top (D = \u_packet_assembler.fifo_din, Q = \u_fifo.mem[14]).
Adding EN signal on $flatten\u_fifo.$procdff$784 ($dff) from module dual_sensor_top (D = \u_packet_assembler.fifo_din, Q = \u_fifo.mem[13]).
Adding EN signal on $flatten\u_fifo.$procdff$777 ($dff) from module dual_sensor_top (D = \u_packet_assembler.fifo_din, Q = \u_fifo.mem[12]).
Adding EN signal on $flatten\u_fifo.$procdff$770 ($dff) from module dual_sensor_top (D = \u_packet_assembler.fifo_din, Q = \u_fifo.mem[11]).
Adding EN signal on $flatten\u_fifo.$procdff$763 ($dff) from module dual_sensor_top (D = \u_packet_assembler.fifo_din, Q = \u_fifo.mem[10]).
Adding EN signal on $flatten\u_fifo.$procdff$756 ($dff) from module dual_sensor_top (D = \u_packet_assembler.fifo_din, Q = \u_fifo.mem[9]).
Adding EN signal on $flatten\u_fifo.$procdff$749 ($dff) from module dual_sensor_top (D = \u_packet_assembler.fifo_din, Q = \u_fifo.mem[8]).
Adding EN signal on $flatten\u_fifo.$procdff$742 ($dff) from module dual_sensor_top (D = \u_packet_assembler.fifo_din, Q = \u_fifo.mem[7]).
Adding EN signal on $flatten\u_fifo.$procdff$735 ($dff) from module dual_sensor_top (D = \u_packet_assembler.fifo_din, Q = \u_fifo.mem[6]).
Adding EN signal on $flatten\u_fifo.$procdff$728 ($dff) from module dual_sensor_top (D = \u_packet_assembler.fifo_din, Q = \u_fifo.mem[5]).
Adding EN signal on $flatten\u_fifo.$procdff$721 ($dff) from module dual_sensor_top (D = \u_packet_assembler.fifo_din, Q = \u_fifo.mem[4]).
Adding EN signal on $flatten\u_fifo.$procdff$714 ($dff) from module dual_sensor_top (D = \u_packet_assembler.fifo_din, Q = \u_fifo.mem[3]).
Adding EN signal on $flatten\u_fifo.$procdff$707 ($dff) from module dual_sensor_top (D = \u_packet_assembler.fifo_din, Q = \u_fifo.mem[2]).
Adding EN signal on $flatten\u_fifo.$procdff$700 ($dff) from module dual_sensor_top (D = \u_packet_assembler.fifo_din, Q = \u_fifo.mem[1]).
Adding EN signal on $flatten\u_fifo.$procdff$693 ($dff) from module dual_sensor_top (D = \u_packet_assembler.fifo_din, Q = \u_fifo.mem[0]).
Adding EN signal on $flatten\u_fifo.$procdff$686 ($adff) from module dual_sensor_top (D = $flatten\u_fifo.$add$/home/duncan/sem3project_add/src/fifo_buffer.v:29$38_Y [4:0], Q = \u_fifo.rd_ptr).
Adding EN signal on $flatten\u_fifo.$procdff$681 ($adff) from module dual_sensor_top (D = $flatten\u_fifo.$add$/home/duncan/sem3project_add/src/fifo_buffer.v:25$32_Y [4:0], Q = \u_fifo.wr_ptr).
Adding EN signal on $flatten\u_fifo.$procdff$676 ($dff) from module dual_sensor_top (D = $flatten\u_fifo.$3$mem2reg_rd$\mem$/home/duncan/sem3project_add/src/fifo_buffer.v:28$17_DATA[7:0]$37, Q = \u_fifo.dout).
Setting constant 0-bit at position 6 on $auto$ff.cc:266:slice$963 ($adffe) from module dual_sensor_top.
Setting constant 0-bit at position 7 on $auto$ff.cc:266:slice$963 ($adffe) from module dual_sensor_top.
Setting constant 0-bit at position 8 on $auto$ff.cc:266:slice$963 ($adffe) from module dual_sensor_top.
Setting constant 0-bit at position 9 on $auto$ff.cc:266:slice$963 ($adffe) from module dual_sensor_top.
Setting constant 0-bit at position 10 on $auto$ff.cc:266:slice$963 ($adffe) from module dual_sensor_top.
Setting constant 0-bit at position 11 on $auto$ff.cc:266:slice$963 ($adffe) from module dual_sensor_top.
Setting constant 0-bit at position 12 on $auto$ff.cc:266:slice$963 ($adffe) from module dual_sensor_top.
Setting constant 0-bit at position 13 on $auto$ff.cc:266:slice$963 ($adffe) from module dual_sensor_top.
Setting constant 0-bit at position 14 on $auto$ff.cc:266:slice$963 ($adffe) from module dual_sensor_top.
Setting constant 0-bit at position 15 on $auto$ff.cc:266:slice$963 ($adffe) from module dual_sensor_top.

59. Executing OPT_CLEAN pass (remove unused cells and wires).
Finding unused cells or wires in module \dual_sensor_top..
Removed 60 unused cells and 69 unused wires.
<suppressed ~61 debug messages>

60. Executing OPT_EXPR pass (perform const folding).
Optimizing module dual_sensor_top.
<suppressed ~6 debug messages>

61. Rerunning OPT passes. (Maybe there is more to do…)

62. Executing OPT_MUXTREE pass (detect dead branches in mux trees).
Running muxtree optimizer on module \dual_sensor_top..
  Creating internal representation of mux trees.
  Evaluating internal representation of mux trees.
  Analyzing evaluation results.
Removed 0 multiplexer ports.
<suppressed ~16 debug messages>

63. Executing OPT_REDUCE pass (consolidate $*mux and $reduce_* inputs).
  Optimizing cells in module \dual_sensor_top.
Performed a total of 0 changes.

64. Executing OPT_MERGE pass (detect identical cells).
Finding identical cells in module `\dual_sensor_top'.
<suppressed ~39 debug messages>
Removed a total of 13 cells.

65. Executing OPT_DFF pass (perform DFF optimizations).

66. Executing OPT_CLEAN pass (remove unused cells and wires).
Finding unused cells or wires in module \dual_sensor_top..
Removed 0 unused cells and 13 unused wires.
<suppressed ~1 debug messages>

67. Executing OPT_EXPR pass (perform const folding).
Optimizing module dual_sensor_top.

68. Rerunning OPT passes. (Maybe there is more to do…)

69. Executing OPT_MUXTREE pass (detect dead branches in mux trees).
Running muxtree optimizer on module \dual_sensor_top..
  Creating internal representation of mux trees.
  Evaluating internal representation of mux trees.
  Analyzing evaluation results.
Removed 0 multiplexer ports.
<suppressed ~16 debug messages>

70. Executing OPT_REDUCE pass (consolidate $*mux and $reduce_* inputs).
  Optimizing cells in module \dual_sensor_top.
Performed a total of 0 changes.

71. Executing OPT_MERGE pass (detect identical cells).
Finding identical cells in module `\dual_sensor_top'.
Removed a total of 0 cells.

72. Executing OPT_DFF pass (perform DFF optimizations).

73. Executing OPT_CLEAN pass (remove unused cells and wires).
Finding unused cells or wires in module \dual_sensor_top..

74. Executing OPT_EXPR pass (perform const folding).
Optimizing module dual_sensor_top.

75. Executing WREDUCE pass (reducing word size of cells).
Removed top 2 bits (of 3) from port B of cell dual_sensor_top.$auto$opt_dff.cc:195:make_patterns_logic$928 ($ne).
Removed top 10 bits (of 16) from port A of cell dual_sensor_top.$flatten\u_srf_ctrl.$le$/home/duncan/sem3project_add/src/srf05_ctrl.v:73$78 ($le).
Removed top 10 bits (of 16) from port B of cell dual_sensor_top.$flatten\u_srf_ctrl.$le$/home/duncan/sem3project_add/src/srf05_ctrl.v:73$78 ($le).
Removed top 3 bits (of 8) from port B of cell dual_sensor_top.$flatten\u_srf_ctrl.$mul$/home/duncan/sem3project_add/src/srf05_ctrl.v:71$74 ($mul).
Removed top 31 bits (of 32) from port B of cell dual_sensor_top.$flatten\u_srf_ctrl.$gt$/home/duncan/sem3project_add/src/srf05_ctrl.v:63$72 ($gt).
Removed top 6 bits (of 21) from port B of cell dual_sensor_top.$flatten\u_srf_ctrl.$gt$/home/duncan/sem3project_add/src/srf05_ctrl.v:62$71 ($gt).
Removed top 31 bits (of 32) from port B of cell dual_sensor_top.$flatten\u_srf_ctrl.$add$/home/duncan/sem3project_add/src/srf05_ctrl.v:61$70 ($add).
Removed top 16 bits (of 32) from port Y of cell dual_sensor_top.$flatten\u_srf_ctrl.$add$/home/duncan/sem3project_add/src/srf05_ctrl.v:61$70 ($add).
Removed top 17 bits (of 21) from port B of cell dual_sensor_top.$flatten\u_srf_ctrl.$lt$/home/duncan/sem3project_add/src/srf05_ctrl.v:48$68 ($lt).
Removed top 31 bits (of 32) from port B of cell dual_sensor_top.$flatten\u_srf_ctrl.$add$/home/duncan/sem3project_add/src/srf05_ctrl.v:43$67 ($add).
Removed top 11 bits (of 32) from port Y of cell dual_sensor_top.$flatten\u_srf_ctrl.$add$/home/duncan/sem3project_add/src/srf05_ctrl.v:43$67 ($add).
Removed top 1 bits (of 21) from port B of cell dual_sensor_top.$flatten\u_srf_ctrl.$ge$/home/duncan/sem3project_add/src/srf05_ctrl.v:39$66 ($ge).
Removed top 31 bits (of 32) from port B of cell dual_sensor_top.$flatten\u_max30102_ctrl.$add$/home/duncan/sem3project_add/src/max30102_ctrl.v:32$63 ($add).
Removed top 16 bits (of 32) from port Y of cell dual_sensor_top.$flatten\u_max30102_ctrl.$add$/home/duncan/sem3project_add/src/max30102_ctrl.v:32$63 ($add).
Removed top 12 bits (of 16) from port B of cell dual_sensor_top.$flatten\u_max30102_ctrl.$eq$/home/duncan/sem3project_add/src/max30102_ctrl.v:28$61 ($eq).
Removed top 1 bits (of 2) from port B of cell dual_sensor_top.$auto$fsm_map.cc:77:implement_pattern_cache$909 ($eq).
Removed top 3 bits (of 4) from port B of cell dual_sensor_top.$flatten\u_packet_assembler.$procmux$173_CMP0 ($eq).
Removed top 2 bits (of 4) from port B of cell dual_sensor_top.$flatten\u_packet_assembler.$procmux$170_CMP0 ($eq).
Removed top 2 bits (of 4) from port B of cell dual_sensor_top.$flatten\u_packet_assembler.$procmux$167_CMP0 ($eq).
Removed top 1 bits (of 4) from port B of cell dual_sensor_top.$flatten\u_packet_assembler.$procmux$164_CMP0 ($eq).
Removed top 1 bits (of 4) from port B of cell dual_sensor_top.$flatten\u_packet_assembler.$procmux$161_CMP0 ($eq).
Removed top 1 bits (of 4) from port B of cell dual_sensor_top.$flatten\u_packet_assembler.$procmux$158_CMP0 ($eq).
Removed top 1 bits (of 4) from port B of cell dual_sensor_top.$flatten\u_packet_assembler.$procmux$155_CMP0 ($eq).
Removed top 31 bits (of 32) from port B of cell dual_sensor_top.$flatten\u_packet_assembler.$add$/home/duncan/sem3project_add/src/packet_assembler.v:42$46 ($add).
Removed top 8 bits (of 32) from port Y of cell dual_sensor_top.$flatten\u_packet_assembler.$add$/home/duncan/sem3project_add/src/packet_assembler.v:42$46 ($add).
Removed top 7 bits (of 24) from port B of cell dual_sensor_top.$flatten\u_packet_assembler.$ge$/home/duncan/sem3project_add/src/packet_assembler.v:38$45 ($ge).
Removed top 3 bits (of 4) from port B of cell dual_sensor_top.$flatten\u_fifo.$procmux$467_CMP0 ($eq).
Removed top 2 bits (of 4) from port B of cell dual_sensor_top.$flatten\u_fifo.$procmux$448_CMP0 ($eq).
Removed top 2 bits (of 4) from port B of cell dual_sensor_top.$flatten\u_fifo.$procmux$430_CMP0 ($eq).
Removed top 1 bits (of 4) from port B of cell dual_sensor_top.$flatten\u_fifo.$procmux$413_CMP0 ($eq).
Removed top 1 bits (of 4) from port B of cell dual_sensor_top.$flatten\u_fifo.$procmux$397_CMP0 ($eq).
Removed top 1 bits (of 4) from port B of cell dual_sensor_top.$flatten\u_fifo.$procmux$382_CMP0 ($eq).
Removed top 1 bits (of 4) from port B of cell dual_sensor_top.$flatten\u_fifo.$procmux$368_CMP0 ($eq).
Removed top 3 bits (of 4) from port B of cell dual_sensor_top.$flatten\u_fifo.$procmux$274_CMP0 ($eq).
Removed top 2 bits (of 4) from port B of cell dual_sensor_top.$flatten\u_fifo.$procmux$273_CMP0 ($eq).
Removed top 2 bits (of 4) from port B of cell dual_sensor_top.$flatten\u_fifo.$procmux$272_CMP0 ($eq).
Removed top 1 bits (of 4) from port B of cell dual_sensor_top.$flatten\u_fifo.$procmux$271_CMP0 ($eq).
Removed top 1 bits (of 4) from port B of cell dual_sensor_top.$flatten\u_fifo.$procmux$270_CMP0 ($eq).
Removed top 1 bits (of 4) from port B of cell dual_sensor_top.$flatten\u_fifo.$procmux$269_CMP0 ($eq).
Removed top 1 bits (of 4) from port B of cell dual_sensor_top.$flatten\u_fifo.$procmux$268_CMP0 ($eq).
Removed top 31 bits (of 32) from port B of cell dual_sensor_top.$flatten\u_fifo.$add$/home/duncan/sem3project_add/src/fifo_buffer.v:29$38 ($add).
Removed top 27 bits (of 32) from port Y of cell dual_sensor_top.$flatten\u_fifo.$add$/home/duncan/sem3project_add/src/fifo_buffer.v:29$38 ($add).
Removed top 31 bits (of 32) from port B of cell dual_sensor_top.$flatten\u_fifo.$add$/home/duncan/sem3project_add/src/fifo_buffer.v:25$32 ($add).
Removed top 27 bits (of 32) from port Y of cell dual_sensor_top.$flatten\u_fifo.$add$/home/duncan/sem3project_add/src/fifo_buffer.v:25$32 ($add).
Removed top 1 bits (of 3) from port B of cell dual_sensor_top.$auto$opt_dff.cc:195:make_patterns_logic$942 ($ne).
Removed top 1 bits (of 2) from port B of cell dual_sensor_top.$auto$opt_dff.cc:195:make_patterns_logic$971 ($ne).
Removed top 2 bits (of 4) from port B of cell dual_sensor_top.$flatten\u_uart.$procmux$534_CMP0 ($eq).
Removed top 3 bits (of 4) from port B of cell dual_sensor_top.$flatten\u_uart.$procmux$528_CMP0 ($eq).
Removed top 2 bits (of 4) from port B of cell dual_sensor_top.$flatten\u_uart.$procmux$524_CMP0 ($eq).
Removed top 31 bits (of 32) from port B of cell dual_sensor_top.$flatten\u_uart.$add$/home/duncan/sem3project_add/src/uart_tx.v:65$13 ($add).
Removed top 29 bits (of 32) from port Y of cell dual_sensor_top.$flatten\u_uart.$add$/home/duncan/sem3project_add/src/uart_tx.v:65$13 ($add).
Removed top 29 bits (of 32) from port B of cell dual_sensor_top.$flatten\u_uart.$lt$/home/duncan/sem3project_add/src/uart_tx.v:64$12 ($lt).
Removed top 31 bits (of 32) from port B of cell dual_sensor_top.$flatten\u_uart.$add$/home/duncan/sem3project_add/src/uart_tx.v:50$8 ($add).
Removed top 18 bits (of 32) from port Y of cell dual_sensor_top.$flatten\u_uart.$add$/home/duncan/sem3project_add/src/uart_tx.v:50$8 ($add).
Removed top 25 bits (of 32) from port B of cell dual_sensor_top.$flatten\u_uart.$lt$/home/duncan/sem3project_add/src/uart_tx.v:49$7 ($lt).
Removed top 27 bits (of 32) from wire dual_sensor_top.$flatten\u_fifo.$add$/home/duncan/sem3project_add/src/fifo_buffer.v:25$32_Y.
Removed top 27 bits (of 32) from wire dual_sensor_top.$flatten\u_fifo.$add$/home/duncan/sem3project_add/src/fifo_buffer.v:29$38_Y.
Removed top 16 bits (of 32) from wire dual_sensor_top.$flatten\u_max30102_ctrl.$add$/home/duncan/sem3project_add/src/max30102_ctrl.v:32$63_Y.
Removed top 8 bits (of 32) from wire dual_sensor_top.$flatten\u_packet_assembler.$add$/home/duncan/sem3project_add/src/packet_assembler.v:42$46_Y.
Removed top 11 bits (of 32) from wire dual_sensor_top.$flatten\u_srf_ctrl.$add$/home/duncan/sem3project_add/src/srf05_ctrl.v:43$67_Y.
Removed top 16 bits (of 32) from wire dual_sensor_top.$flatten\u_srf_ctrl.$add$/home/duncan/sem3project_add/src/srf05_ctrl.v:61$70_Y.
Removed top 18 bits (of 32) from wire dual_sensor_top.$flatten\u_uart.$add$/home/duncan/sem3project_add/src/uart_tx.v:50$8_Y.
Removed top 29 bits (of 32) from wire dual_sensor_top.$flatten\u_uart.$add$/home/duncan/sem3project_add/src/uart_tx.v:65$13_Y.

76. Executing PEEPOPT pass (run peephole optimizers).

77. Executing OPT_CLEAN pass (remove unused cells and wires).
Finding unused cells or wires in module \dual_sensor_top..
Removed 0 unused cells and 8 unused wires.
<suppressed ~1 debug messages>

78. Executing ALUMACC pass (create $alu and $macc cells).
Extracting $alu and $macc cells in module dual_sensor_top:
  creating $macc model for $flatten\u_fifo.$add$/home/duncan/sem3project_add/src/fifo_buffer.v:25$32 ($add).
  creating $macc model for $flatten\u_fifo.$add$/home/duncan/sem3project_add/src/fifo_buffer.v:29$38 ($add).
  creating $macc model for $flatten\u_max30102_ctrl.$add$/home/duncan/sem3project_add/src/max30102_ctrl.v:32$63 ($add).
  creating $macc model for $flatten\u_packet_assembler.$add$/home/duncan/sem3project_add/src/packet_assembler.v:42$46 ($add).
  creating $macc model for $flatten\u_srf_ctrl.$add$/home/duncan/sem3project_add/src/srf05_ctrl.v:43$67 ($add).
  creating $macc model for $flatten\u_srf_ctrl.$add$/home/duncan/sem3project_add/src/srf05_ctrl.v:61$70 ($add).
  creating $macc model for $flatten\u_srf_ctrl.$mul$/home/duncan/sem3project_add/src/srf05_ctrl.v:71$74 ($mul).
  creating $macc model for $flatten\u_uart.$add$/home/duncan/sem3project_add/src/uart_tx.v:50$8 ($add).
  creating $macc model for $flatten\u_uart.$add$/home/duncan/sem3project_add/src/uart_tx.v:65$13 ($add).
  creating $alu model for $macc $flatten\u_uart.$add$/home/duncan/sem3project_add/src/uart_tx.v:65$13.
  creating $alu model for $macc $flatten\u_uart.$add$/home/duncan/sem3project_add/src/uart_tx.v:50$8.
  creating $alu model for $macc $flatten\u_srf_ctrl.$add$/home/duncan/sem3project_add/src/srf05_ctrl.v:61$70.
  creating $alu model for $macc $flatten\u_srf_ctrl.$add$/home/duncan/sem3project_add/src/srf05_ctrl.v:43$67.
  creating $alu model for $macc $flatten\u_packet_assembler.$add$/home/duncan/sem3project_add/src/packet_assembler.v:42$46.
  creating $alu model for $macc $flatten\u_max30102_ctrl.$add$/home/duncan/sem3project_add/src/max30102_ctrl.v:32$63.
  creating $alu model for $macc $flatten\u_fifo.$add$/home/duncan/sem3project_add/src/fifo_buffer.v:29$38.
  creating $alu model for $macc $flatten\u_fifo.$add$/home/duncan/sem3project_add/src/fifo_buffer.v:25$32.
  creating $macc cell for $flatten\u_srf_ctrl.$mul$/home/duncan/sem3project_add/src/srf05_ctrl.v:71$74: $auto$alumacc.cc:365:replace_macc$1082
  creating $alu model for $flatten\u_packet_assembler.$ge$/home/duncan/sem3project_add/src/packet_assembler.v:38$45 ($ge): new $alu
  creating $alu model for $flatten\u_srf_ctrl.$ge$/home/duncan/sem3project_add/src/srf05_ctrl.v:39$66 ($ge): new $alu
  creating $alu model for $flatten\u_srf_ctrl.$gt$/home/duncan/sem3project_add/src/srf05_ctrl.v:62$71 ($gt): new $alu
  creating $alu model for $flatten\u_srf_ctrl.$gt$/home/duncan/sem3project_add/src/srf05_ctrl.v:63$72 ($gt): new $alu
  creating $alu model for $flatten\u_srf_ctrl.$le$/home/duncan/sem3project_add/src/srf05_ctrl.v:73$78 ($le): new $alu
  creating $alu model for $flatten\u_srf_ctrl.$lt$/home/duncan/sem3project_add/src/srf05_ctrl.v:48$68 ($lt): new $alu
  creating $alu model for $flatten\u_uart.$lt$/home/duncan/sem3project_add/src/uart_tx.v:49$7 ($lt): new $alu
  creating $alu model for $flatten\u_uart.$lt$/home/duncan/sem3project_add/src/uart_tx.v:64$12 ($lt): new $alu
  creating $alu cell for $flatten\u_uart.$lt$/home/duncan/sem3project_add/src/uart_tx.v:64$12: $auto$alumacc.cc:485:replace_alu$1091
  creating $alu cell for $flatten\u_uart.$lt$/home/duncan/sem3project_add/src/uart_tx.v:49$7: $auto$alumacc.cc:485:replace_alu$1102
  creating $alu cell for $flatten\u_srf_ctrl.$lt$/home/duncan/sem3project_add/src/srf05_ctrl.v:48$68: $auto$alumacc.cc:485:replace_alu$1113
  creating $alu cell for $flatten\u_srf_ctrl.$le$/home/duncan/sem3project_add/src/srf05_ctrl.v:73$78: $auto$alumacc.cc:485:replace_alu$1124
  creating $alu cell for $flatten\u_srf_ctrl.$gt$/home/duncan/sem3project_add/src/srf05_ctrl.v:63$72: $auto$alumacc.cc:485:replace_alu$1137
  creating $alu cell for $flatten\u_srf_ctrl.$gt$/home/duncan/sem3project_add/src/srf05_ctrl.v:62$71: $auto$alumacc.cc:485:replace_alu$1142
  creating $alu cell for $flatten\u_srf_ctrl.$ge$/home/duncan/sem3project_add/src/srf05_ctrl.v:39$66: $auto$alumacc.cc:485:replace_alu$1147
  creating $alu cell for $flatten\u_packet_assembler.$ge$/home/duncan/sem3project_add/src/packet_assembler.v:38$45: $auto$alumacc.cc:485:replace_alu$1156
  creating $alu cell for $flatten\u_fifo.$add$/home/duncan/sem3project_add/src/fifo_buffer.v:25$32: $auto$alumacc.cc:485:replace_alu$1165
  creating $alu cell for $flatten\u_fifo.$add$/home/duncan/sem3project_add/src/fifo_buffer.v:29$38: $auto$alumacc.cc:485:replace_alu$1168
  creating $alu cell for $flatten\u_max30102_ctrl.$add$/home/duncan/sem3project_add/src/max30102_ctrl.v:32$63: $auto$alumacc.cc:485:replace_alu$1171
  creating $alu cell for $flatten\u_packet_assembler.$add$/home/duncan/sem3project_add/src/packet_assembler.v:42$46: $auto$alumacc.cc:485:replace_alu$1174
  creating $alu cell for $flatten\u_srf_ctrl.$add$/home/duncan/sem3project_add/src/srf05_ctrl.v:43$67: $auto$alumacc.cc:485:replace_alu$1177
  creating $alu cell for $flatten\u_srf_ctrl.$add$/home/duncan/sem3project_add/src/srf05_ctrl.v:61$70: $auto$alumacc.cc:485:replace_alu$1180
  creating $alu cell for $flatten\u_uart.$add$/home/duncan/sem3project_add/src/uart_tx.v:50$8: $auto$alumacc.cc:485:replace_alu$1183
  creating $alu cell for $flatten\u_uart.$add$/home/duncan/sem3project_add/src/uart_tx.v:65$13: $auto$alumacc.cc:485:replace_alu$1186
  created 16 $alu and 1 $macc cells.

79. Executing SHARE pass (SAT-based resource sharing).

80. Executing OPT_EXPR pass (perform const folding).
Optimizing module dual_sensor_top.
<suppressed ~12 debug messages>

81. Executing OPT_MERGE pass (detect identical cells).
Finding identical cells in module `\dual_sensor_top'.
Removed a total of 0 cells.

82. Executing OPT_MUXTREE pass (detect dead branches in mux trees).
Running muxtree optimizer on module \dual_sensor_top..
  Creating internal representation of mux trees.
  Evaluating internal representation of mux trees.
  Analyzing evaluation results.
Removed 0 multiplexer ports.
<suppressed ~16 debug messages>

83. Executing OPT_REDUCE pass (consolidate $*mux and $reduce_* inputs).
  Optimizing cells in module \dual_sensor_top.
Performed a total of 0 changes.

84. Executing OPT_MERGE pass (detect identical cells).
Finding identical cells in module `\dual_sensor_top'.
Removed a total of 0 cells.

85. Executing OPT_DFF pass (perform DFF optimizations).

86. Executing OPT_CLEAN pass (remove unused cells and wires).
Finding unused cells or wires in module \dual_sensor_top..
Removed 0 unused cells and 9 unused wires.
<suppressed ~1 debug messages>

87. Executing OPT_EXPR pass (perform const folding).
Optimizing module dual_sensor_top.

88. Rerunning OPT passes. (Maybe there is more to do…)

89. Executing OPT_MUXTREE pass (detect dead branches in mux trees).
Running muxtree optimizer on module \dual_sensor_top..
  Creating internal representation of mux trees.
  Evaluating internal representation of mux trees.
  Analyzing evaluation results.
Removed 0 multiplexer ports.
<suppressed ~16 debug messages>

90. Executing OPT_REDUCE pass (consolidate $*mux and $reduce_* inputs).
  Optimizing cells in module \dual_sensor_top.
Performed a total of 0 changes.

91. Executing OPT_MERGE pass (detect identical cells).
Finding identical cells in module `\dual_sensor_top'.
Removed a total of 0 cells.

92. Executing OPT_DFF pass (perform DFF optimizations).

93. Executing OPT_CLEAN pass (remove unused cells and wires).
Finding unused cells or wires in module \dual_sensor_top..

94. Executing OPT_EXPR pass (perform const folding).
Optimizing module dual_sensor_top.

95. Executing MEMORY pass.

95.1. Executing OPT_MEM pass (optimize memories).
Performed a total of 0 transformations.

95.2. Executing OPT_MEM_PRIORITY pass (removing unnecessary memory write priority relations).
Performed a total of 0 transformations.

95.3. Executing OPT_MEM_FEEDBACK pass (finding memory read-to-write feedback paths).

95.4. Executing MEMORY_BMUX2ROM pass (converting muxes to ROMs).

95.5. Executing MEMORY_DFF pass (merging $dff cells to $memrd).

95.6. Executing OPT_CLEAN pass (remove unused cells and wires).
Finding unused cells or wires in module \dual_sensor_top..

95.7. Executing MEMORY_SHARE pass (consolidating $memrd/$memwr cells).

95.8. Executing OPT_MEM_WIDEN pass (optimize memories where all ports are wide).
Performed a total of 0 transformations.

95.9. Executing OPT_CLEAN pass (remove unused cells and wires).
Finding unused cells or wires in module \dual_sensor_top..

95.10. Executing MEMORY_COLLECT pass (generating $mem cells).

96. Executing OPT_CLEAN pass (remove unused cells and wires).
Finding unused cells or wires in module \dual_sensor_top..

97. Executing OPT_EXPR pass (perform const folding).
Optimizing module dual_sensor_top.
<suppressed ~51 debug messages>

98. Executing OPT_MERGE pass (detect identical cells).
Finding identical cells in module `\dual_sensor_top'.
<suppressed ~9 debug messages>
Removed a total of 3 cells.

99. Executing OPT_DFF pass (perform DFF optimizations).

100. Executing OPT_CLEAN pass (remove unused cells and wires).
Finding unused cells or wires in module \dual_sensor_top..
Removed 4 unused cells and 45 unused wires.
<suppressed ~5 debug messages>

101. Executing MEMORY_MAP pass (converting memories to logic and flip-flops).

102. Executing OPT_EXPR pass (perform const folding).
Optimizing module dual_sensor_top.

103. Executing OPT_MERGE pass (detect identical cells).
Finding identical cells in module `\dual_sensor_top'.
Removed a total of 0 cells.

104. Executing OPT_MUXTREE pass (detect dead branches in mux trees).
Running muxtree optimizer on module \dual_sensor_top..
  Creating internal representation of mux trees.
  Evaluating internal representation of mux trees.
  Analyzing evaluation results.
Removed 0 multiplexer ports.
<suppressed ~11 debug messages>

105. Executing OPT_REDUCE pass (consolidate $*mux and $reduce_* inputs).
  Optimizing cells in module \dual_sensor_top.
    New ctrl vector for $pmux cell $flatten\u_packet_assembler.$procmux$193: { $flatten\u_packet_assembler.$procmux$189_CMP $flatten\u_packet_assembler.$procmux$173_CMP $flatten\u_packet_assembler.$procmux$170_CMP $flatten\u_packet_assembler.$procmux$167_CMP $flatten\u_packet_assembler.$procmux$164_CMP $flatten\u_packet_assembler.$procmux$161_CMP $flatten\u_packet_assembler.$procmux$158_CMP $flatten\u_packet_assembler.$procmux$155_CMP $flatten\u_packet_assembler.$procmux$152_CMP $flatten\u_packet_assembler.$procmux$149_CMP }
    Consolidated identical input bits for $pmux cell $flatten\u_uart.$procmux$547:
      Old ports: A=4'0000, B=16'0001001000110000, Y=$flatten\u_uart.$0\state[3:0]
      New ports: A=2'00, B=8'01101100, Y=$flatten\u_uart.$0\state[3:0] [1:0]
      New connections: $flatten\u_uart.$0\state[3:0] [3:2] = 2'00
    New ctrl vector for $pmux cell $flatten\u_uart.$procmux$547: { $flatten\u_uart.$procmux$506_CMP $flatten\u_uart.$procmux$528_CMP $flatten\u_uart.$procmux$524_CMP }
  Optimizing cells in module \dual_sensor_top.
Performed a total of 3 changes.

106. Executing OPT_MERGE pass (detect identical cells).
Finding identical cells in module `\dual_sensor_top'.
Removed a total of 0 cells.

107. Executing OPT_SHARE pass.

108. Executing OPT_DFF pass (perform DFF optimizations).

109. Executing OPT_CLEAN pass (remove unused cells and wires).
Finding unused cells or wires in module \dual_sensor_top..

110. Executing OPT_EXPR pass (perform const folding).
Optimizing module dual_sensor_top.

111. Rerunning OPT passes. (Maybe there is more to do…)

112. Executing OPT_MUXTREE pass (detect dead branches in mux trees).
Running muxtree optimizer on module \dual_sensor_top..
  Creating internal representation of mux trees.
  Evaluating internal representation of mux trees.
  Analyzing evaluation results.
Removed 0 multiplexer ports.
<suppressed ~11 debug messages>

113. Executing OPT_REDUCE pass (consolidate $*mux and $reduce_* inputs).
  Optimizing cells in module \dual_sensor_top.
Performed a total of 0 changes.

114. Executing OPT_MERGE pass (detect identical cells).
Finding identical cells in module `\dual_sensor_top'.
Removed a total of 0 cells.

115. Executing OPT_SHARE pass.

116. Executing OPT_DFF pass (perform DFF optimizations).
Setting constant 0-bit at position 2 on $auto$ff.cc:266:slice$934 ($adffe) from module dual_sensor_top.
Setting constant 0-bit at position 3 on $auto$ff.cc:266:slice$934 ($adffe) from module dual_sensor_top.

117. Executing OPT_CLEAN pass (remove unused cells and wires).
Finding unused cells or wires in module \dual_sensor_top..

118. Executing OPT_EXPR pass (perform const folding).
Optimizing module dual_sensor_top.
<suppressed ~1 debug messages>

119. Rerunning OPT passes. (Maybe there is more to do…)

120. Executing OPT_MUXTREE pass (detect dead branches in mux trees).
Running muxtree optimizer on module \dual_sensor_top..
  Creating internal representation of mux trees.
  Evaluating internal representation of mux trees.
  Analyzing evaluation results.
Removed 0 multiplexer ports.
<suppressed ~11 debug messages>

121. Executing OPT_REDUCE pass (consolidate $*mux and $reduce_* inputs).
  Optimizing cells in module \dual_sensor_top.
Performed a total of 0 changes.

122. Executing OPT_MERGE pass (detect identical cells).
Finding identical cells in module `\dual_sensor_top'.
Removed a total of 0 cells.

123. Executing OPT_SHARE pass.

124. Executing OPT_DFF pass (perform DFF optimizations).

125. Executing OPT_CLEAN pass (remove unused cells and wires).
Finding unused cells or wires in module \dual_sensor_top..

126. Executing OPT_EXPR pass (perform const folding).
Optimizing module dual_sensor_top.

127. Executing TECHMAP pass (map to technology primitives).

127.1. Executing Verilog-2005 frontend: /nix/store/9r0bh7sp051dpm8km8bqlb028anpd3v3-yosys/bin/../share/yosys/techmap.v
Parsing Verilog input from `/nix/store/9r0bh7sp051dpm8km8bqlb028anpd3v3-yosys/bin/../share/yosys/techmap.v' to AST representation.
Generating RTLIL representation for module `\_90_simplemap_bool_ops'.
Generating RTLIL representation for module `\_90_simplemap_reduce_ops'.
Generating RTLIL representation for module `\_90_simplemap_logic_ops'.
Generating RTLIL representation for module `\_90_simplemap_compare_ops'.
Generating RTLIL representation for module `\_90_simplemap_various'.
Generating RTLIL representation for module `\_90_simplemap_registers'.
Generating RTLIL representation for module `\_90_shift_ops_shr_shl_sshl_sshr'.
Generating RTLIL representation for module `\_90_shift_shiftx'.
Generating RTLIL representation for module `\_90_fa'.
Generating RTLIL representation for module `\_90_lcu_brent_kung'.
Generating RTLIL representation for module `\_90_alu'.
Generating RTLIL representation for module `\_90_macc'.
Generating RTLIL representation for module `\_90_alumacc'.
Generating RTLIL representation for module `\$__div_mod_u'.
Generating RTLIL representation for module `\$__div_mod_trunc'.
Generating RTLIL representation for module `\_90_div'.
Generating RTLIL representation for module `\_90_mod'.
Generating RTLIL representation for module `\$__div_mod_floor'.
Generating RTLIL representation for module `\_90_divfloor'.
Generating RTLIL representation for module `\_90_modfloor'.
Generating RTLIL representation for module `\_90_pow'.
Generating RTLIL representation for module `\_90_pmux'.
Generating RTLIL representation for module `\_90_demux'.
Generating RTLIL representation for module `\_90_lut'.
Successfully finished Verilog frontend.

127.2. Continuing TECHMAP pass.
Using extmapper simplemap for cells of type $logic_and.
Using extmapper simplemap for cells of type $reduce_and.
Using extmapper simplemap for cells of type $and.
Using extmapper simplemap for cells of type $not.
Using extmapper simplemap for cells of type $reduce_or.
Using extmapper simplemap for cells of type $ne.
Using extmapper simplemap for cells of type $adff.
Using extmapper simplemap for cells of type $adffe.
Using extmapper simplemap for cells of type $eq.
Using extmapper simplemap for cells of type $mux.
Using extmapper simplemap for cells of type $logic_not.
Using template $paramod$93b49458bab1c00eb32aff458c583f46ff61e60f\_90_alu for cells of type $alu.
Using template $paramod$dda01d70decadee64e25d88608b0954a25e9ecec\_90_pmux for cells of type $pmux.
Using template $paramod$2af30114e9bd4ccb04dad757b3f0a8f6bf0615b0\_90_alu for cells of type $alu.
Using template $paramod$e0cb52e3e7a0d5458fe54020ac9c4a8da02ae234\_90_alu for cells of type $alu.
Using template $paramod$cfcbb97e28b3a957f0a463a64fec87a7e9f92652\_90_alu for cells of type $alu.
Using template $paramod$713617589782cfade849bb573b5c36106c4b708f\_90_alu for cells of type $alu.
Using template $paramod$00298f3f8094950cb9a5ff2fda48d0d8bde8806c\_90_alu for cells of type $alu.
Using template $paramod$ccf618b5fd4f262bca458b414af9b48a9c2c8c60\_90_alu for cells of type $alu.
Using extmapper simplemap for cells of type $dffe.
Using extmapper simplemap for cells of type $reduce_bool.
Using template $paramod$79aa992f2eb7f354d4aaf651790713cf239111fa\_90_alu for cells of type $alu.
Using extmapper simplemap for cells of type $tribuf.
Using template $paramod$900ee9ce5f792c04191505d792b35e9409e3f142\_90_pmux for cells of type $pmux.
Using template $paramod$274c8d34472ef950383656115be6e1c8ace5024c\_90_pmux for cells of type $pmux.
Using template $paramod$672a140277c71df8314410f22acc08d55222c3c7\_90_alu for cells of type $alu.
Using extmapper simplemap for cells of type $or.
Using template $paramod$75a16668b548c3bac59647e2f0c7dad55b2b94b9\_90_pmux for cells of type $pmux.
Using extmapper maccmap for cells of type $macc.
  add \u_srf_ctrl.echo_counter * 5'10001 (16x5 bits, unsigned)
Using template $paramod$constmap:ee5af906ae0d3d414c6a0471604c553ef70c8e09$paramod$92adee9538f2381d8e5006822c900eb986d754e8\_90_shift_shiftx for cells of type $shiftx.
Using template $paramod$c5c783b17ab1d780abfad8cfe6563a0a7b47a3b0\_90_pmux for cells of type $pmux.
Using template $paramod$97565c3687be688407d1272a293bd9d0ae6852dc\_90_pmux for cells of type $pmux.
Using template $paramod$47e31072d55e23c52c57b8058d179588b3cde228\_90_alu for cells of type $alu.
Using template $paramod$3ef7d3dd227da7627a99c5e5a6a4deb817573e39\_90_alu for cells of type $alu.
Using template $paramod$a5f3c74e518583ecbd6673563ea56569d5d3bfdd\_90_alu for cells of type $alu.
Using extmapper simplemap for cells of type $pos.
Using template $paramod\_90_lcu_brent_kung\WIDTH=32'00000000000000000000000000010000 for cells of type $lcu.
Using extmapper simplemap for cells of type $xor.
Using template $paramod\_90_lcu_brent_kung\WIDTH=32'00000000000000000000000000011000 for cells of type $lcu.
Using template $paramod\_90_lcu_brent_kung\WIDTH=32'00000000000000000000000000010101 for cells of type $lcu.
Using template $paramod\_90_lcu_brent_kung\WIDTH=32'00000000000000000000000000000101 for cells of type $lcu.
Using template $paramod\_90_lcu_brent_kung\WIDTH=32'00000000000000000000000000000110 for cells of type $lcu.
Using template $paramod\_90_lcu_brent_kung\WIDTH=32'00000000000000000000000000001110 for cells of type $lcu.
Using template $paramod\_90_fa\WIDTH=32'00000000000000000000000000010000 for cells of type $fa.
Using template $paramod$6df0329addda9228fcc2546de2aaf14ad26c98e1\_90_alu for cells of type $alu.
Using template $paramod\_90_lcu_brent_kung\WIDTH=32'00000000000000000000000000000011 for cells of type $lcu.
No more expansions possible.
<suppressed ~2795 debug messages>

128. Executing OPT_EXPR pass (perform const folding).
Optimizing module dual_sensor_top.
<suppressed ~2027 debug messages>

129. Executing OPT_MERGE pass (detect identical cells).
Finding identical cells in module `\dual_sensor_top'.
<suppressed ~1227 debug messages>
Removed a total of 409 cells.

130. Executing OPT_DFF pass (perform DFF optimizations).

131. Executing OPT_CLEAN pass (remove unused cells and wires).
Finding unused cells or wires in module \dual_sensor_top..
Removed 311 unused cells and 1686 unused wires.
<suppressed ~315 debug messages>

132. Executing OPT_EXPR pass (perform const folding).
Optimizing module dual_sensor_top.

133. Executing OPT_MERGE pass (detect identical cells).
Finding identical cells in module `\dual_sensor_top'.
Removed a total of 0 cells.

134. Executing OPT_DFF pass (perform DFF optimizations).

135. Executing OPT_CLEAN pass (remove unused cells and wires).
Finding unused cells or wires in module \dual_sensor_top..

136. Executing ABC pass (technology mapping using ABC).

136.1. Extracting gate netlist of module `\dual_sensor_top' to `<abc-temp-dir>/input.blif'..
Extracted 1395 gates and 1659 wires to a netlist network with 262 inputs and 175 outputs.

136.1.1. Executing ABC.
Running ABC command: "/nix/store/6l3aj1gi4lja8z5s4lan2k2cfz9mqkrz-yosys-abc/bin/abc" -s -f <abc-temp-dir>/abc.script 2>&1
ABC: ABC command line: "source <abc-temp-dir>/abc.script".
ABC: 
ABC: + read_blif <abc-temp-dir>/input.blif 
ABC: + read_library <abc-temp-dir>/stdcells.genlib 
ABC: Entered genlib library with 13 gates from file "<abc-temp-dir>/stdcells.genlib".
ABC: + strash 
ABC: + dretime 
ABC: + map 
ABC: + write_blif <abc-temp-dir>/output.blif 

136.1.2. Re-integrating ABC results.
ABC RESULTS:              XNOR cells:       52
ABC RESULTS:               MUX cells:       39
ABC RESULTS:                OR cells:      359
ABC RESULTS:            ANDNOT cells:      416
ABC RESULTS:             ORNOT cells:       46
ABC RESULTS:               NOT cells:       22
ABC RESULTS:               NOR cells:       41
ABC RESULTS:              NAND cells:       97
ABC RESULTS:               AND cells:       87
ABC RESULTS:               XOR cells:       74
ABC RESULTS:        internal signals:     1222
ABC RESULTS:           input signals:      262
ABC RESULTS:          output signals:      175
Removing temp directory.

137. Executing OPT pass (performing simple optimizations).

137.1. Executing OPT_EXPR pass (perform const folding).
Optimizing module dual_sensor_top.
<suppressed ~28 debug messages>

137.2. Executing OPT_MERGE pass (detect identical cells).
Finding identical cells in module `\dual_sensor_top'.
<suppressed ~9 debug messages>
Removed a total of 3 cells.

137.3. Executing OPT_DFF pass (perform DFF optimizations).

137.4. Executing OPT_CLEAN pass (remove unused cells and wires).
Finding unused cells or wires in module \dual_sensor_top..
Removed 2 unused cells and 823 unused wires.
<suppressed ~6 debug messages>

137.5. Finished fast OPT passes.

138. Executing HIERARCHY pass (managing design hierarchy).

138.1. Analyzing design hierarchy..
Top module:  \dual_sensor_top

138.2. Analyzing design hierarchy..
Top module:  \dual_sensor_top
Removed 0 unused modules.

139. Executing CHECK pass (checking for obvious problems).
Checking module dual_sensor_top...
Found and reported 0 problems.

140. Printing statistics.

=== dual_sensor_top ===

   Number of wires:               1262
   Number of wire bits:           1772
   Number of public wires:          85
   Number of public wire bits:     536
   Number of ports:                  9
   Number of port bits:             11
   Number of memories:               0
   Number of memory bits:            0
   Number of processes:              0
   Number of cells:               1518
     $_ANDNOT_                     416
     $_AND_                         84
     $_DFFE_PN0P_                  119
     $_DFFE_PN1N_                    1
     $_DFFE_PN1P_                    1
     $_DFFE_PP_                    136
     $_DFF_PN0_                     24
     $_DFF_PN1_                      1
     $_MUX_                         39
     $_NAND_                        97
     $_NOR_                         41
     $_NOT_                         20
     $_ORNOT_                       46
     $_OR_                         359
     $_TBUF_                         2
     $_XNOR_                        52
     $_XOR_                         74
     $scopeinfo                      6

141. Generating Graphviz representation of design.
Writing dot description to `/home/duncan/sem3project_add/runs/RUN_2026-08-27_07-32-05/06-yosys-synthesis/primitive_techmap.dot'.
Dumping module dual_sensor_top to page 1.

142. Executing OPT pass (performing simple optimizations).

142.1. Executing OPT_EXPR pass (perform const folding).
Optimizing module dual_sensor_top.

142.2. Executing OPT_MERGE pass (detect identical cells).
Finding identical cells in module `\dual_sensor_top'.
Removed a total of 0 cells.

142.3. Executing OPT_MUXTREE pass (detect dead branches in mux trees).
Running muxtree optimizer on module \dual_sensor_top..
  Creating internal representation of mux trees.
  No muxes found in this module.
Removed 0 multiplexer ports.

142.4. Executing OPT_REDUCE pass (consolidate $*mux and $reduce_* inputs).
  Optimizing cells in module \dual_sensor_top.
Performed a total of 0 changes.

142.5. Executing OPT_MERGE pass (detect identical cells).
Finding identical cells in module `\dual_sensor_top'.
Removed a total of 0 cells.

142.6. Executing OPT_DFF pass (perform DFF optimizations).

142.7. Executing OPT_CLEAN pass (remove unused cells and wires).
Finding unused cells or wires in module \dual_sensor_top..

142.8. Executing OPT_EXPR pass (perform const folding).
Optimizing module dual_sensor_top.

142.9. Finished OPT passes. (There is nothing left to do.)

143. Executing OPT_CLEAN pass (remove unused cells and wires).
Finding unused cells or wires in module \dual_sensor_top..
Removed 6 unused cells and 37 unused wires.
<suppressed ~43 debug messages>
{
   "creator": "Yosys 0.46 (git sha1 e97731b9dda91fa5fa53ed87df7c34163ba59a41, clang++ 17.0.6 -fPIC -O3)",
   "invocation": "stat -json -liberty /home/duncan/sem3project_add/runs/RUN_2026-08-27_07-32-05/tmp/303b1679fb384a1f80e363107a7ab5ee.lib ",
   "modules": {
      "\\dual_sensor_top": {
         "num_wires":         1225,
         "num_wire_bits":     1539,
         "num_pub_wires":     48,
         "num_pub_wire_bits": 303,
         "num_ports":         9,
         "num_port_bits":     11,
         "num_memories":      0,
         "num_memory_bits":   0,
         "num_processes":     0,
         "num_cells":         1512,
         "num_cells_by_type": {
            "$_ANDNOT_": 416,
            "$_AND_": 84,
            "$_DFFE_PN0P_": 119,
            "$_DFFE_PN1N_": 1,
            "$_DFFE_PN1P_": 1,
            "$_DFFE_PP_": 136,
            "$_DFF_PN0_": 24,
            "$_DFF_PN1_": 1,
            "$_MUX_": 39,
            "$_NAND_": 97,
            "$_NOR_": 41,
            "$_NOT_": 20,
            "$_ORNOT_": 46,
            "$_OR_": 359,
            "$_TBUF_": 2,
            "$_XNOR_": 52,
            "$_XOR_": 74
         }
      }
   },
      "design": {
         "num_wires":         1225,
         "num_wire_bits":     1539,
         "num_pub_wires":     48,
         "num_pub_wire_bits": 303,
         "num_ports":         9,
         "num_port_bits":     11,
         "num_memories":      0,
         "num_memory_bits":   0,
         "num_processes":     0,
         "num_cells":         1512,
         "num_cells_by_type": {
            "$_ANDNOT_": 416,
            "$_AND_": 84,
            "$_DFFE_PN0P_": 119,
            "$_DFFE_PN1N_": 1,
            "$_DFFE_PN1P_": 1,
            "$_DFFE_PP_": 136,
            "$_DFF_PN0_": 24,
            "$_DFF_PN1_": 1,
            "$_MUX_": 39,
            "$_NAND_": 97,
            "$_NOR_": 41,
            "$_NOT_": 20,
            "$_ORNOT_": 46,
            "$_OR_": 359,
            "$_TBUF_": 2,
            "$_XNOR_": 52,
            "$_XOR_": 74
         }
      }
}

144. Printing statistics.

=== dual_sensor_top ===

   Number of wires:               1225
   Number of wire bits:           1539
   Number of public wires:          48
   Number of public wire bits:     303
   Number of ports:                  9
   Number of port bits:             11
   Number of memories:               0
   Number of memory bits:            0
   Number of processes:              0
   Number of cells:               1512
     $_ANDNOT_                     416
     $_AND_                         84
     $_DFFE_PN0P_                  119
     $_DFFE_PN1N_                    1
     $_DFFE_PN1P_                    1
     $_DFFE_PP_                    136
     $_DFF_PN0_                     24
     $_DFF_PN1_                      1
     $_MUX_                         39
     $_NAND_                        97
     $_NOR_                         41
     $_NOT_                         20
     $_ORNOT_                       46
     $_OR_                         359
     $_TBUF_                         2
     $_XNOR_                        52
     $_XOR_                         74

   Area for cell type $_NOT_ is unknown!
   Area for cell type $_AND_ is unknown!
   Area for cell type $_NAND_ is unknown!
   Area for cell type $_OR_ is unknown!
   Area for cell type $_NOR_ is unknown!
   Area for cell type $_XOR_ is unknown!
   Area for cell type $_XNOR_ is unknown!
   Area for cell type $_ANDNOT_ is unknown!
   Area for cell type $_ORNOT_ is unknown!
   Area for cell type $_MUX_ is unknown!
   Area for cell type $_TBUF_ is unknown!
   Area for cell type $_DFFE_PP_ is unknown!
   Area for cell type $_DFF_PN0_ is unknown!
   Area for cell type $_DFF_PN1_ is unknown!
   Area for cell type $_DFFE_PN0P_ is unknown!
   Area for cell type $_DFFE_PN1N_ is unknown!
   Area for cell type $_DFFE_PN1P_ is unknown!

[INFO] Applying tri-state buffer mapping from '/home/duncan/.volare/volare/sky130/versions/0fe599b2afb6708d281543108caf8310912f54af/sky130A/libs.tech/openlane/sky130_fd_sc_hd/tribuff_map.v'…

145. Executing TECHMAP pass (map to technology primitives).

145.1. Executing Verilog-2005 frontend: /home/duncan/.volare/volare/sky130/versions/0fe599b2afb6708d281543108caf8310912f54af/sky130A/libs.tech/openlane/sky130_fd_sc_hd/tribuff_map.v
Parsing Verilog input from `/home/duncan/.volare/volare/sky130/versions/0fe599b2afb6708d281543108caf8310912f54af/sky130A/libs.tech/openlane/sky130_fd_sc_hd/tribuff_map.v' to AST representation.
Generating RTLIL representation for module `\$_TBUF_'.
Successfully finished Verilog frontend.

145.2. Continuing TECHMAP pass.
Using template \$_TBUF_ for cells of type $_TBUF_.
No more expansions possible.
<suppressed ~5 debug messages>

146. Executing SIMPLEMAP pass (map simple cells to gate primitives).
Mapping dual_sensor_top.$techmap$auto$simplemap.cc:300:simplemap_tribuf$1661.$not$/home/duncan/.volare/volare/sky130/versions/0fe599b2afb6708d281543108caf8310912f54af/sky130A/libs.tech/openlane/sky130_fd_sc_hd/tribuff_map.v:5$8352 ($not).
Mapping dual_sensor_top.$techmap$auto$simplemap.cc:300:simplemap_tribuf$1660.$not$/home/duncan/.volare/volare/sky130/versions/0fe599b2afb6708d281543108caf8310912f54af/sky130A/libs.tech/openlane/sky130_fd_sc_hd/tribuff_map.v:5$8352 ($not).
[INFO] Applying latch mapping from '/home/duncan/.volare/volare/sky130/versions/0fe599b2afb6708d281543108caf8310912f54af/sky130A/libs.tech/openlane/sky130_fd_sc_hd/latch_map.v'…

147. Executing TECHMAP pass (map to technology primitives).

147.1. Executing Verilog-2005 frontend: /home/duncan/.volare/volare/sky130/versions/0fe599b2afb6708d281543108caf8310912f54af/sky130A/libs.tech/openlane/sky130_fd_sc_hd/latch_map.v
Parsing Verilog input from `/home/duncan/.volare/volare/sky130/versions/0fe599b2afb6708d281543108caf8310912f54af/sky130A/libs.tech/openlane/sky130_fd_sc_hd/latch_map.v' to AST representation.
Generating RTLIL representation for module `\$_DLATCH_P_'.
Generating RTLIL representation for module `\$_DLATCH_N_'.
Successfully finished Verilog frontend.

147.2. Continuing TECHMAP pass.
No more expansions possible.
<suppressed ~4 debug messages>

148. Executing SIMPLEMAP pass (map simple cells to gate primitives).

149. Executing DFFLIBMAP pass (mapping DFF cells to sequential cells from liberty file).
  cell sky130_fd_sc_hd__dfxtp_2 (noninv, pins=3, area=21.27) is a direct match for cell type $_DFF_P_.
  cell sky130_fd_sc_hd__dfrtp_2 (noninv, pins=4, area=26.28) is a direct match for cell type $_DFF_PN0_.
  cell sky130_fd_sc_hd__dfstp_2 (noninv, pins=4, area=26.28) is a direct match for cell type $_DFF_PN1_.
  cell sky130_fd_sc_hd__dfbbn_2 (noninv, pins=6, area=35.03) is a direct match for cell type $_DFFSR_NNN_.
  final dff cell mappings:
    unmapped dff cell: $_DFF_N_
    \sky130_fd_sc_hd__dfxtp_2 _DFF_P_ (.CLK( C), .D( D), .Q( Q));
    unmapped dff cell: $_DFF_NN0_
    unmapped dff cell: $_DFF_NN1_
    unmapped dff cell: $_DFF_NP0_
    unmapped dff cell: $_DFF_NP1_
    \sky130_fd_sc_hd__dfrtp_2 _DFF_PN0_ (.CLK( C), .D( D), .Q( Q), .RESET_B( R));
    \sky130_fd_sc_hd__dfstp_2 _DFF_PN1_ (.CLK( C), .D( D), .Q( Q), .SET_B( R));
    unmapped dff cell: $_DFF_PP0_
    unmapped dff cell: $_DFF_PP1_
    \sky130_fd_sc_hd__dfbbn_2 _DFFSR_NNN_ (.CLK_N( C), .D( D), .Q( Q), .Q_N(~Q), .RESET_B( R), .SET_B( S));
    unmapped dff cell: $_DFFSR_NNP_
    unmapped dff cell: $_DFFSR_NPN_
    unmapped dff cell: $_DFFSR_NPP_
    unmapped dff cell: $_DFFSR_PNN_
    unmapped dff cell: $_DFFSR_PNP_
    unmapped dff cell: $_DFFSR_PPN_
    unmapped dff cell: $_DFFSR_PPP_

149.1. Executing DFFLEGALIZE pass (convert FFs to types supported by the target).
Mapping DFF cells in module `\dual_sensor_top':
  mapped 143 $_DFF_PN0_ cells to \sky130_fd_sc_hd__dfrtp_2 cells.
  mapped 3 $_DFF_PN1_ cells to \sky130_fd_sc_hd__dfstp_2 cells.
  mapped 136 $_DFF_P_ cells to \sky130_fd_sc_hd__dfxtp_2 cells.
{
   "creator": "Yosys 0.46 (git sha1 e97731b9dda91fa5fa53ed87df7c34163ba59a41, clang++ 17.0.6 -fPIC -O3)",
   "invocation": "stat -json -liberty /home/duncan/sem3project_add/runs/RUN_2026-08-27_07-32-05/tmp/303b1679fb384a1f80e363107a7ab5ee.lib ",
   "modules": {
      "\\dual_sensor_top": {
         "num_wires":         1490,
         "num_wire_bits":     1804,
         "num_pub_wires":     48,
         "num_pub_wire_bits": 303,
         "num_ports":         9,
         "num_port_bits":     11,
         "num_memories":      0,
         "num_memory_bits":   0,
         "num_processes":     0,
         "num_cells":         1771,
         "area":              6751.475200,
         "num_cells_by_type": {
            "$_ANDNOT_": 416,
            "$_AND_": 84,
            "$_MUX_": 296,
            "$_NAND_": 97,
            "$_NOR_": 41,
            "$_NOT_": 22,
            "$_ORNOT_": 46,
            "$_OR_": 359,
            "$_XNOR_": 52,
            "$_XOR_": 74,
            "sky130_fd_sc_hd__dfrtp_2": 143,
            "sky130_fd_sc_hd__dfstp_2": 3,
            "sky130_fd_sc_hd__dfxtp_2": 136,
            "sky130_fd_sc_hd__ebufn_2": 2
         }
      }
   },
      "design": {
         "num_wires":         1490,
         "num_wire_bits":     1804,
         "num_pub_wires":     48,
         "num_pub_wire_bits": 303,
         "num_ports":         9,
         "num_port_bits":     11,
         "num_memories":      0,
         "num_memory_bits":   0,
         "num_processes":     0,
         "num_cells":         1771,
         "area":              6751.475200,
         "num_cells_by_type": {
            "$_ANDNOT_": 416,
            "$_AND_": 84,
            "$_MUX_": 296,
            "$_NAND_": 97,
            "$_NOR_": 41,
            "$_NOT_": 22,
            "$_ORNOT_": 46,
            "$_OR_": 359,
            "$_XNOR_": 52,
            "$_XOR_": 74,
            "sky130_fd_sc_hd__dfrtp_2": 143,
            "sky130_fd_sc_hd__dfstp_2": 3,
            "sky130_fd_sc_hd__dfxtp_2": 136,
            "sky130_fd_sc_hd__ebufn_2": 2
         }
      }
}

150. Printing statistics.

=== dual_sensor_top ===

   Number of wires:               1490
   Number of wire bits:           1804
   Number of public wires:          48
   Number of public wire bits:     303
   Number of ports:                  9
   Number of port bits:             11
   Number of memories:               0
   Number of memory bits:            0
   Number of processes:              0
   Number of cells:               1771
     $_ANDNOT_                     416
     $_AND_                         84
     $_MUX_                        296
     $_NAND_                        97
     $_NOR_                         41
     $_NOT_                         22
     $_ORNOT_                       46
     $_OR_                         359
     $_XNOR_                        52
     $_XOR_                         74
     sky130_fd_sc_hd__dfrtp_2      143
     sky130_fd_sc_hd__dfstp_2        3
     sky130_fd_sc_hd__dfxtp_2      136
     sky130_fd_sc_hd__ebufn_2        2

   Area for cell type $_NOT_ is unknown!
   Area for cell type $_AND_ is unknown!
   Area for cell type $_NAND_ is unknown!
   Area for cell type $_OR_ is unknown!
   Area for cell type $_NOR_ is unknown!
   Area for cell type $_XOR_ is unknown!
   Area for cell type $_XNOR_ is unknown!
   Area for cell type $_ANDNOT_ is unknown!
   Area for cell type $_ORNOT_ is unknown!
   Area for cell type $_MUX_ is unknown!

   Chip area for module '\dual_sensor_top': 6751.475200
     of which used for sequential elements: 6728.953600 (99.67%)

[INFO] Using generated ABC script '/home/duncan/sem3project_add/runs/RUN_2026-08-27_07-32-05/06-yosys-synthesis/AREA_1.abc'…

151. Executing ABC pass (technology mapping using ABC).

151.1. Extracting gate netlist of module `\dual_sensor_top' to `/tmp/yosys-abc-xiA9LQ/input.blif'..
Extracted 1487 gates and 1770 wires to a netlist network with 282 inputs and 283 outputs.

151.1.1. Executing ABC.
Running ABC command: "/nix/store/6l3aj1gi4lja8z5s4lan2k2cfz9mqkrz-yosys-abc/bin/abc" -s -f /tmp/yosys-abc-xiA9LQ/abc.script 2>&1
ABC: ABC command line: "source /tmp/yosys-abc-xiA9LQ/abc.script".
ABC: 
ABC: + read_blif /tmp/yosys-abc-xiA9LQ/input.blif 
ABC: + read_lib -w /home/duncan/sem3project_add/runs/RUN_2026-08-27_07-32-05/tmp/303b1679fb384a1f80e363107a7ab5ee.lib 
ABC: Parsing finished successfully.  Parsing time =     0.05 sec
ABC: Scl_LibertyReadGenlib() skipped sequential cell "sky130_fd_sc_hd__dfbbn_2".
ABC: Scl_LibertyReadGenlib() skipped sequential cell "sky130_fd_sc_hd__dfrbp_2".
ABC: Scl_LibertyReadGenlib() skipped sequential cell "sky130_fd_sc_hd__dfrtp_2".
ABC: Scl_LibertyReadGenlib() skipped sequential cell "sky130_fd_sc_hd__dfrtp_4".
ABC: Scl_LibertyReadGenlib() skipped sequential cell "sky130_fd_sc_hd__dfsbp_2".
ABC: Scl_LibertyReadGenlib() skipped sequential cell "sky130_fd_sc_hd__dfstp_2".
ABC: Scl_LibertyReadGenlib() skipped sequential cell "sky130_fd_sc_hd__dfstp_4".
ABC: Scl_LibertyReadGenlib() skipped sequential cell "sky130_fd_sc_hd__dfxbp_2".
ABC: Scl_LibertyReadGenlib() skipped sequential cell "sky130_fd_sc_hd__dfxtp_2".
ABC: Scl_LibertyReadGenlib() skipped sequential cell "sky130_fd_sc_hd__dfxtp_4".
ABC: Scl_LibertyReadGenlib() skipped sequential cell "sky130_fd_sc_hd__dlxtn_1".
ABC: Scl_LibertyReadGenlib() skipped sequential cell "sky130_fd_sc_hd__dlxtn_2".
ABC: Scl_LibertyReadGenlib() skipped sequential cell "sky130_fd_sc_hd__dlxtn_4".
ABC: Scl_LibertyReadGenlib() skipped sequential cell "sky130_fd_sc_hd__dlxtp_1".
ABC: Scl_LibertyReadGenlib() skipped three-state cell "sky130_fd_sc_hd__ebufn_2".
ABC: Scl_LibertyReadGenlib() skipped three-state cell "sky130_fd_sc_hd__ebufn_4".
ABC: Scl_LibertyReadGenlib() skipped three-state cell "sky130_fd_sc_hd__ebufn_8".
ABC: Library "sky130_fd_sc_hd__tt_025C_1v80" from "/home/duncan/sem3project_add/runs/RUN_2026-08-27_07-32-05/tmp/303b1679fb384a1f80e363107a7ab5ee.lib" has 175 cells (17 skipped: 14 seq; 3 tri-state; 0 no func; 0 dont_use).  Time =     0.09 sec
ABC: Memory =    9.54 MB. Time =     0.09 sec
ABC: Warning: Detected 2 multi-output gates (for example, "sky130_fd_sc_hd__fa_1").
ABC: + read_constr -v /home/duncan/sem3project_add/runs/RUN_2026-08-27_07-32-05/06-yosys-synthesis/synthesis.abc.sdc 
ABC: Setting driving cell to be "sky130_fd_sc_hd__inv_2/Y".
ABC: Setting output load to be 33.442001.
ABC: + source /home/duncan/sem3project_add/runs/RUN_2026-08-27_07-32-05/06-yosys-synthesis/AREA_1.abc 
ABC: Error: The network is combinational.
ABC: Cannot find the default PI driving cell (sky130_fd_sc_hd__inv_2/Y) in the library.
ABC: WireLoad = "none"  Gates =    748 (  4.5 %)   Cap = 15.0 ff (  6.0 %)   Area =     7033.00 ( 74.1 %)   Delay =  2563.70 ps  (  3.3 %)               
ABC: Path  0 --      78 : 0    8 pi                       A =   0.00  Df =   0.0   -0.0 ps  S =   0.0 ps  Cin =  0.0 ff  Cout =  31.8 ff  Cmax =   0.0 ff  G =    0  
ABC: Path  1 --     759 : 2    3 sky130_fd_sc_hd__xnor2_2 A =  16.27  Df = 241.6  -88.4 ps  S = 272.7 ps  Cin =  8.5 ff  Cout =  17.8 ff  Cmax = 121.8 ff  G =  202  
ABC: Path  2 --     762 : 2    2 sky130_fd_sc_hd__xnor2_2 A =  16.27  Df = 459.3 -148.3 ps  S = 141.4 ps  Cin =  8.5 ff  Cout =   6.4 ff  Cmax = 121.8 ff  G =   70  
ABC: Path  3 --     768 : 3    3 sky130_fd_sc_hd__or3b_2  A =   8.76  Df = 935.0 -258.3 ps  S = 100.6 ps  Cin =  1.5 ff  Cout =   9.5 ff  Cmax = 269.2 ff  G =  609  
ABC: Path  4 --     778 : 3    2 sky130_fd_sc_hd__a21o_2  A =   8.76  Df =1150.2 -344.7 ps  S =  48.6 ps  Cin =  2.4 ff  Cout =   6.6 ff  Cmax = 309.5 ff  G =  270  
ABC: Path  5 --     800 : 3    2 sky130_fd_sc_hd__and3_2  A =   7.51  Df =1364.5 -370.3 ps  S =  64.3 ps  Cin =  1.5 ff  Cout =   7.1 ff  Cmax = 309.5 ff  G =  448  
ABC: Path  6 --     802 : 5    1 sky130_fd_sc_hd__o32a_2  A =  11.26  Df =1714.7 -199.9 ps  S =  51.6 ps  Cin =  2.3 ff  Cout =   2.5 ff  Cmax = 300.3 ff  G =  101  
ABC: Path  7 --     803 : 5    1 sky130_fd_sc_hd__a311o_2 A =  11.26  Df =2086.8 -390.1 ps  S =  51.0 ps  Cin =  2.3 ff  Cout =   2.5 ff  Cmax = 298.5 ff  G =  102  
ABC: Path  8 --     808 : 5    1 sky130_fd_sc_hd__o32a_2  A =  11.26  Df =2563.7 -604.4 ps  S = 181.0 ps  Cin =  2.3 ff  Cout =  33.4 ff  Cmax = 300.3 ff  G = 1451  
ABC: Start-point = pi77 (\u_srf_ctrl.echo_counter [9]).  End-point = po47 ($auto$rtlil.cc:2739:MuxGate$8398).
ABC: netlist                       : i/o =  282/  283  lat =    0  nd =   748  edge =   2247  area =7033.76  delay = 8.00  lev = 8
ABC: + write_blif /tmp/yosys-abc-xiA9LQ/output.blif 

151.1.2. Re-integrating ABC results.
ABC RESULTS:   sky130_fd_sc_hd__nand2b_2 cells:        3
ABC RESULTS:   sky130_fd_sc_hd__o21bai_2 cells:        1
ABC RESULTS:   sky130_fd_sc_hd__o2bb2a_2 cells:        1
ABC RESULTS:   sky130_fd_sc_hd__a21bo_2 cells:        3
ABC RESULTS:   sky130_fd_sc_hd__nand4_2 cells:        1
ABC RESULTS:   sky130_fd_sc_hd__a311o_2 cells:        3
ABC RESULTS:   sky130_fd_sc_hd__o32a_2 cells:        2
ABC RESULTS:   sky130_fd_sc_hd__nor3b_2 cells:        1
ABC RESULTS:   sky130_fd_sc_hd__a21boi_2 cells:        1
ABC RESULTS:   sky130_fd_sc_hd__and2b_2 cells:        4
ABC RESULTS:   sky130_fd_sc_hd__xor2_2 cells:       16
ABC RESULTS:   sky130_fd_sc_hd__or3b_2 cells:        2
ABC RESULTS:   sky130_fd_sc_hd__and4b_2 cells:       12
ABC RESULTS:   sky130_fd_sc_hd__or3_2 cells:        6
ABC RESULTS:   sky130_fd_sc_hd__a2111o_2 cells:        5
ABC RESULTS:   sky130_fd_sc_hd__a22o_2 cells:       42
ABC RESULTS:   sky130_fd_sc_hd__a211o_2 cells:        5
ABC RESULTS:   sky130_fd_sc_hd__o31ai_2 cells:        4
ABC RESULTS:   sky130_fd_sc_hd__a2bb2o_2 cells:        3
ABC RESULTS:   sky130_fd_sc_hd__or4_2 cells:       21
ABC RESULTS:   sky130_fd_sc_hd__mux4_2 cells:        1
ABC RESULTS:   sky130_fd_sc_hd__a221o_2 cells:       23
ABC RESULTS:   sky130_fd_sc_hd__o31a_2 cells:        3
ABC RESULTS:   sky130_fd_sc_hd__a41oi_2 cells:        1
ABC RESULTS:   sky130_fd_sc_hd__nand2_2 cells:       44
ABC RESULTS:   sky130_fd_sc_hd__nand3_2 cells:        4
ABC RESULTS:   sky130_fd_sc_hd__a31o_2 cells:        9
ABC RESULTS:   sky130_fd_sc_hd__and4_2 cells:       21
ABC RESULTS:   sky130_fd_sc_hd__a32o_2 cells:       30
ABC RESULTS:   sky130_fd_sc_hd__inv_2 cells:       33
ABC RESULTS:   sky130_fd_sc_hd__o211a_2 cells:        6
ABC RESULTS:   sky130_fd_sc_hd__nor3_2 cells:        6
ABC RESULTS:   sky130_fd_sc_hd__a31oi_2 cells:        1
ABC RESULTS:   sky130_fd_sc_hd__and3b_2 cells:        6
ABC RESULTS:   sky130_fd_sc_hd__and2_2 cells:       33
ABC RESULTS:   sky130_fd_sc_hd__and3_2 cells:       40
ABC RESULTS:   sky130_fd_sc_hd__mux2_1 cells:      155
ABC RESULTS:   sky130_fd_sc_hd__o21a_2 cells:       12
ABC RESULTS:   sky130_fd_sc_hd__o22a_2 cells:       12
ABC RESULTS:   sky130_fd_sc_hd__o21ba_2 cells:       12
ABC RESULTS:   sky130_fd_sc_hd__a21oi_2 cells:       22
ABC RESULTS:   sky130_fd_sc_hd__nor2_2 cells:       40
ABC RESULTS:   sky130_fd_sc_hd__o21ai_2 cells:       11
ABC RESULTS:   sky130_fd_sc_hd__or2_2 cells:       38
ABC RESULTS:   sky130_fd_sc_hd__xnor2_2 cells:       20
ABC RESULTS:   sky130_fd_sc_hd__a21o_2 cells:       27
ABC RESULTS:          _const1_ cells:        1
ABC RESULTS:   sky130_fd_sc_hd__buf_1 cells:        1
ABC RESULTS:        internal signals:     1205
ABC RESULTS:           input signals:      282
ABC RESULTS:          output signals:      283
Removing temp directory.

152. Executing SETUNDEF pass (replace undef values with defined constants).

153. Executing HILOMAP pass (mapping to constant drivers).

154. Executing SPLITNETS pass (splitting up multi-bit signals).

155. Executing OPT_CLEAN pass (remove unused cells and wires).
Finding unused cells or wires in module \dual_sensor_top..
Removed 12 unused cells and 1810 unused wires.
<suppressed ~25 debug messages>

156. Executing INSBUF pass (insert buffer cells for connected wires).
Add dual_sensor_top/$auto$insbuf.cc:97:execute$9648: \u_uart.busy -> \led_status [0]
Add dual_sensor_top/$auto$insbuf.cc:97:execute$9649: \u_pmu.user_detected -> \led_status [2]

157. Executing CHECK pass (checking for obvious problems).
Checking module dual_sensor_top...
Found and reported 0 problems.
{
   "creator": "Yosys 0.46 (git sha1 e97731b9dda91fa5fa53ed87df7c34163ba59a41, clang++ 17.0.6 -fPIC -O3)",
   "invocation": "stat -json -liberty /home/duncan/sem3project_add/runs/RUN_2026-08-27_07-32-05/tmp/303b1679fb384a1f80e363107a7ab5ee.lib ",
   "modules": {
      "\\dual_sensor_top": {
         "num_wires":         1037,
         "num_wire_bits":     1039,
         "num_pub_wires":     289,
         "num_pub_wire_bits": 291,
         "num_ports":         9,
         "num_port_bits":     11,
         "num_memories":      0,
         "num_memory_bits":   0,
         "num_processes":     0,
         "num_cells":         1036,
         "area":              13805.740800,
         "num_cells_by_type": {
            "sky130_fd_sc_hd__a2111o_2": 5,
            "sky130_fd_sc_hd__a211o_2": 5,
            "sky130_fd_sc_hd__a21bo_2": 3,
            "sky130_fd_sc_hd__a21boi_2": 1,
            "sky130_fd_sc_hd__a21o_2": 27,
            "sky130_fd_sc_hd__a21oi_2": 22,
            "sky130_fd_sc_hd__a221o_2": 23,
            "sky130_fd_sc_hd__a22o_2": 42,
            "sky130_fd_sc_hd__a2bb2o_2": 3,
            "sky130_fd_sc_hd__a311o_2": 3,
            "sky130_fd_sc_hd__a31o_2": 9,
            "sky130_fd_sc_hd__a31oi_2": 1,
            "sky130_fd_sc_hd__a32o_2": 30,
            "sky130_fd_sc_hd__a41oi_2": 1,
            "sky130_fd_sc_hd__and2_2": 33,
            "sky130_fd_sc_hd__and2b_2": 4,
            "sky130_fd_sc_hd__and3_2": 40,
            "sky130_fd_sc_hd__and3b_2": 6,
            "sky130_fd_sc_hd__and4_2": 21,
            "sky130_fd_sc_hd__and4b_2": 12,
            "sky130_fd_sc_hd__buf_1": 1,
            "sky130_fd_sc_hd__buf_2": 2,
            "sky130_fd_sc_hd__conb_1": 3,
            "sky130_fd_sc_hd__dfrtp_2": 143,
            "sky130_fd_sc_hd__dfstp_2": 3,
            "sky130_fd_sc_hd__dfxtp_2": 136,
            "sky130_fd_sc_hd__ebufn_2": 2,
            "sky130_fd_sc_hd__inv_2": 33,
            "sky130_fd_sc_hd__mux2_1": 155,
            "sky130_fd_sc_hd__mux4_2": 1,
            "sky130_fd_sc_hd__nand2_2": 44,
            "sky130_fd_sc_hd__nand2b_2": 3,
            "sky130_fd_sc_hd__nand3_2": 4,
            "sky130_fd_sc_hd__nand4_2": 1,
            "sky130_fd_sc_hd__nor2_2": 40,
            "sky130_fd_sc_hd__nor3_2": 6,
            "sky130_fd_sc_hd__nor3b_2": 1,
            "sky130_fd_sc_hd__o211a_2": 6,
            "sky130_fd_sc_hd__o21a_2": 12,
            "sky130_fd_sc_hd__o21ai_2": 11,
            "sky130_fd_sc_hd__o21ba_2": 12,
            "sky130_fd_sc_hd__o21bai_2": 1,
            "sky130_fd_sc_hd__o22a_2": 12,
            "sky130_fd_sc_hd__o2bb2a_2": 1,
            "sky130_fd_sc_hd__o31a_2": 3,
            "sky130_fd_sc_hd__o31ai_2": 4,
            "sky130_fd_sc_hd__o32a_2": 2,
            "sky130_fd_sc_hd__or2_2": 38,
            "sky130_fd_sc_hd__or3_2": 6,
            "sky130_fd_sc_hd__or3b_2": 2,
            "sky130_fd_sc_hd__or4_2": 21,
            "sky130_fd_sc_hd__xnor2_2": 20,
            "sky130_fd_sc_hd__xor2_2": 16
         }
      }
   },
      "design": {
         "num_wires":         1037,
         "num_wire_bits":     1039,
         "num_pub_wires":     289,
         "num_pub_wire_bits": 291,
         "num_ports":         9,
         "num_port_bits":     11,
         "num_memories":      0,
         "num_memory_bits":   0,
         "num_processes":     0,
         "num_cells":         1036,
         "area":              13805.740800,
         "num_cells_by_type": {
            "sky130_fd_sc_hd__a2111o_2": 5,
            "sky130_fd_sc_hd__a211o_2": 5,
            "sky130_fd_sc_hd__a21bo_2": 3,
            "sky130_fd_sc_hd__a21boi_2": 1,
            "sky130_fd_sc_hd__a21o_2": 27,
            "sky130_fd_sc_hd__a21oi_2": 22,
            "sky130_fd_sc_hd__a221o_2": 23,
            "sky130_fd_sc_hd__a22o_2": 42,
            "sky130_fd_sc_hd__a2bb2o_2": 3,
            "sky130_fd_sc_hd__a311o_2": 3,
            "sky130_fd_sc_hd__a31o_2": 9,
            "sky130_fd_sc_hd__a31oi_2": 1,
            "sky130_fd_sc_hd__a32o_2": 30,
            "sky130_fd_sc_hd__a41oi_2": 1,
            "sky130_fd_sc_hd__and2_2": 33,
            "sky130_fd_sc_hd__and2b_2": 4,
            "sky130_fd_sc_hd__and3_2": 40,
            "sky130_fd_sc_hd__and3b_2": 6,
            "sky130_fd_sc_hd__and4_2": 21,
            "sky130_fd_sc_hd__and4b_2": 12,
            "sky130_fd_sc_hd__buf_1": 1,
            "sky130_fd_sc_hd__buf_2": 2,
            "sky130_fd_sc_hd__conb_1": 3,
            "sky130_fd_sc_hd__dfrtp_2": 143,
            "sky130_fd_sc_hd__dfstp_2": 3,
            "sky130_fd_sc_hd__dfxtp_2": 136,
            "sky130_fd_sc_hd__ebufn_2": 2,
            "sky130_fd_sc_hd__inv_2": 33,
            "sky130_fd_sc_hd__mux2_1": 155,
            "sky130_fd_sc_hd__mux4_2": 1,
            "sky130_fd_sc_hd__nand2_2": 44,
            "sky130_fd_sc_hd__nand2b_2": 3,
            "sky130_fd_sc_hd__nand3_2": 4,
            "sky130_fd_sc_hd__nand4_2": 1,
            "sky130_fd_sc_hd__nor2_2": 40,
            "sky130_fd_sc_hd__nor3_2": 6,
            "sky130_fd_sc_hd__nor3b_2": 1,
            "sky130_fd_sc_hd__o211a_2": 6,
            "sky130_fd_sc_hd__o21a_2": 12,
            "sky130_fd_sc_hd__o21ai_2": 11,
            "sky130_fd_sc_hd__o21ba_2": 12,
            "sky130_fd_sc_hd__o21bai_2": 1,
            "sky130_fd_sc_hd__o22a_2": 12,
            "sky130_fd_sc_hd__o2bb2a_2": 1,
            "sky130_fd_sc_hd__o31a_2": 3,
            "sky130_fd_sc_hd__o31ai_2": 4,
            "sky130_fd_sc_hd__o32a_2": 2,
            "sky130_fd_sc_hd__or2_2": 38,
            "sky130_fd_sc_hd__or3_2": 6,
            "sky130_fd_sc_hd__or3b_2": 2,
            "sky130_fd_sc_hd__or4_2": 21,
            "sky130_fd_sc_hd__xnor2_2": 20,
            "sky130_fd_sc_hd__xor2_2": 16
         }
      }
}

158. Printing statistics.

=== dual_sensor_top ===

   Number of wires:               1037
   Number of wire bits:           1039
   Number of public wires:         289
   Number of public wire bits:     291
   Number of ports:                  9
   Number of port bits:             11
   Number of memories:               0
   Number of memory bits:            0
   Number of processes:              0
   Number of cells:               1036
     sky130_fd_sc_hd__a2111o_2       5
     sky130_fd_sc_hd__a211o_2        5
     sky130_fd_sc_hd__a21bo_2        3
     sky130_fd_sc_hd__a21boi_2       1
     sky130_fd_sc_hd__a21o_2        27
     sky130_fd_sc_hd__a21oi_2       22
     sky130_fd_sc_hd__a221o_2       23
     sky130_fd_sc_hd__a22o_2        42
     sky130_fd_sc_hd__a2bb2o_2       3
     sky130_fd_sc_hd__a311o_2        3
     sky130_fd_sc_hd__a31o_2         9
     sky130_fd_sc_hd__a31oi_2        1
     sky130_fd_sc_hd__a32o_2        30
     sky130_fd_sc_hd__a41oi_2        1
     sky130_fd_sc_hd__and2_2        33
     sky130_fd_sc_hd__and2b_2        4
     sky130_fd_sc_hd__and3_2        40
     sky130_fd_sc_hd__and3b_2        6
     sky130_fd_sc_hd__and4_2        21
     sky130_fd_sc_hd__and4b_2       12
     sky130_fd_sc_hd__buf_1          1
     sky130_fd_sc_hd__buf_2          2
     sky130_fd_sc_hd__conb_1         3
     sky130_fd_sc_hd__dfrtp_2      143
     sky130_fd_sc_hd__dfstp_2        3
     sky130_fd_sc_hd__dfxtp_2      136
     sky130_fd_sc_hd__ebufn_2        2
     sky130_fd_sc_hd__inv_2         33
     sky130_fd_sc_hd__mux2_1       155
     sky130_fd_sc_hd__mux4_2         1
     sky130_fd_sc_hd__nand2_2       44
     sky130_fd_sc_hd__nand2b_2       3
     sky130_fd_sc_hd__nand3_2        4
     sky130_fd_sc_hd__nand4_2        1
     sky130_fd_sc_hd__nor2_2        40
     sky130_fd_sc_hd__nor3_2         6
     sky130_fd_sc_hd__nor3b_2        1
     sky130_fd_sc_hd__o211a_2        6
     sky130_fd_sc_hd__o21a_2        12
     sky130_fd_sc_hd__o21ai_2       11
     sky130_fd_sc_hd__o21ba_2       12
     sky130_fd_sc_hd__o21bai_2       1
     sky130_fd_sc_hd__o22a_2        12
     sky130_fd_sc_hd__o2bb2a_2       1
     sky130_fd_sc_hd__o31a_2         3
     sky130_fd_sc_hd__o31ai_2        4
     sky130_fd_sc_hd__o32a_2         2
     sky130_fd_sc_hd__or2_2         38
     sky130_fd_sc_hd__or3_2          6
     sky130_fd_sc_hd__or3b_2         2
     sky130_fd_sc_hd__or4_2         21
     sky130_fd_sc_hd__xnor2_2       20
     sky130_fd_sc_hd__xor2_2        16

   Chip area for module '\dual_sensor_top': 13805.740800
     of which used for sequential elements: 6728.953600 (48.74%)

159. Executing Verilog backend.
Dumping module `\dual_sensor_top'.

160. Executing JSON backend.
