
===========================================================================
report_checks -path_delay min (Hold)
============================================================================
======================= nom_tt_025C_1v80 Corner ===================================

Startpoint: _1519_ (rising edge-triggered flip-flop clocked by clk_10mhz)
Endpoint: _1544_ (rising edge-triggered flip-flop clocked by clk_10mhz)
Path Group: clk_10mhz
Path Type: min

Fanout         Cap        Slew       Delay        Time   Description
---------------------------------------------------------------------------------------------
                      0.150000    0.000000    0.000000   clock clk_10mhz (rise edge)
                                  0.000000    0.000000   clock network delay (ideal)
                      0.150000    0.000000    0.000000 ^ _1519_/CLK (sky130_fd_sc_hd__dfrtp_2)
     1    0.002005    0.035463    0.363109    0.363109 ^ _1519_/Q (sky130_fd_sc_hd__dfrtp_2)
                                                         u_srf_ctrl.echo_sync_0 (net)
                      0.035463    0.000000    0.363109 ^ _1544_/D (sky130_fd_sc_hd__dfrtp_2)
                                              0.363109   data arrival time

                      0.150000    0.000000    0.000000   clock clk_10mhz (rise edge)
                                  0.000000    0.000000   clock network delay (ideal)
                                  0.250000    0.250000   clock uncertainty
                                  0.000000    0.250000   clock reconvergence pessimism
                                              0.250000 ^ _1544_/CLK (sky130_fd_sc_hd__dfrtp_2)
                                 -0.018380    0.231620   library hold time
                                              0.231620   data required time
---------------------------------------------------------------------------------------------
                                              0.231620   data required time
                                             -0.363109   data arrival time
---------------------------------------------------------------------------------------------
                                              0.131488   slack (MET)


Startpoint: _1517_ (rising edge-triggered flip-flop clocked by clk_10mhz)
Endpoint: _1495_ (rising edge-triggered flip-flop clocked by clk_10mhz)
Path Group: clk_10mhz
Path Type: min

Fanout         Cap        Slew       Delay        Time   Description
---------------------------------------------------------------------------------------------
                      0.150000    0.000000    0.000000   clock clk_10mhz (rise edge)
                                  0.000000    0.000000   clock network delay (ideal)
                      0.150000    0.000000    0.000000 ^ _1517_/CLK (sky130_fd_sc_hd__dfrtp_2)
     3    0.006158    0.054416    0.384638    0.384638 ^ _1517_/Q (sky130_fd_sc_hd__dfrtp_2)
                                                         u_pmu.user_detected (net)
                      0.054416    0.000000    0.384638 ^ _1495_/D (sky130_fd_sc_hd__dfrtp_2)
                                              0.384638   data arrival time

                      0.150000    0.000000    0.000000   clock clk_10mhz (rise edge)
                                  0.000000    0.000000   clock network delay (ideal)
                                  0.250000    0.250000   clock uncertainty
                                  0.000000    0.250000   clock reconvergence pessimism
                                              0.250000 ^ _1495_/CLK (sky130_fd_sc_hd__dfrtp_2)
                                 -0.022254    0.227746   library hold time
                                              0.227746   data required time
---------------------------------------------------------------------------------------------
                                              0.227746   data required time
                                             -0.384638   data arrival time
---------------------------------------------------------------------------------------------
                                              0.156892   slack (MET)


Startpoint: _1652_ (rising edge-triggered flip-flop clocked by clk_10mhz)
Endpoint: _1652_ (rising edge-triggered flip-flop clocked by clk_10mhz)
Path Group: clk_10mhz
Path Type: min

Fanout         Cap        Slew       Delay        Time   Description
---------------------------------------------------------------------------------------------
                      0.150000    0.000000    0.000000   clock clk_10mhz (rise edge)
                                  0.000000    0.000000   clock network delay (ideal)
                      0.150000    0.000000    0.000000 ^ _1652_/CLK (sky130_fd_sc_hd__dfxtp_2)
     2    0.003459    0.033859    0.343486    0.343486 ^ _1652_/Q (sky130_fd_sc_hd__dfxtp_2)
                                                         u_fifo.mem[5][1] (net)
                      0.033859    0.000000    0.343486 ^ _1182_/A0 (sky130_fd_sc_hd__mux2_1)
     1    0.001674    0.033899    0.101546    0.445032 ^ _1182_/X (sky130_fd_sc_hd__mux2_1)
                                                         _0155_ (net)
                      0.033899    0.000000    0.445032 ^ _1652_/D (sky130_fd_sc_hd__dfxtp_2)
                                              0.445032   data arrival time

                      0.150000    0.000000    0.000000   clock clk_10mhz (rise edge)
                                  0.000000    0.000000   clock network delay (ideal)
                                  0.250000    0.250000   clock uncertainty
                                  0.000000    0.250000   clock reconvergence pessimism
                                              0.250000 ^ _1652_/CLK (sky130_fd_sc_hd__dfxtp_2)
                                 -0.015095    0.234905   library hold time
                                              0.234905   data required time
---------------------------------------------------------------------------------------------
                                              0.234905   data required time
                                             -0.445032   data arrival time
---------------------------------------------------------------------------------------------
                                              0.210127   slack (MET)


Startpoint: _1608_ (rising edge-triggered flip-flop clocked by clk_10mhz)
Endpoint: _1608_ (rising edge-triggered flip-flop clocked by clk_10mhz)
Path Group: clk_10mhz
Path Type: min

Fanout         Cap        Slew       Delay        Time   Description
---------------------------------------------------------------------------------------------
                      0.150000    0.000000    0.000000   clock clk_10mhz (rise edge)
                                  0.000000    0.000000   clock network delay (ideal)
                      0.150000    0.000000    0.000000 ^ _1608_/CLK (sky130_fd_sc_hd__dfxtp_2)
     2    0.004036    0.036391    0.346158    0.346158 ^ _1608_/Q (sky130_fd_sc_hd__dfxtp_2)
                                                         u_fifo.mem[10][5] (net)
                      0.036391    0.000000    0.346158 ^ _1129_/A0 (sky130_fd_sc_hd__mux2_1)
     1    0.001674    0.033899    0.102420    0.448578 ^ _1129_/X (sky130_fd_sc_hd__mux2_1)
                                                         _0111_ (net)
                      0.033899    0.000000    0.448578 ^ _1608_/D (sky130_fd_sc_hd__dfxtp_2)
                                              0.448578   data arrival time

                      0.150000    0.000000    0.000000   clock clk_10mhz (rise edge)
                                  0.000000    0.000000   clock network delay (ideal)
                                  0.250000    0.250000   clock uncertainty
                                  0.000000    0.250000   clock reconvergence pessimism
                                              0.250000 ^ _1608_/CLK (sky130_fd_sc_hd__dfxtp_2)
                                 -0.015095    0.234905   library hold time
                                              0.234905   data required time
---------------------------------------------------------------------------------------------
                                              0.234905   data required time
                                             -0.448578   data arrival time
---------------------------------------------------------------------------------------------
                                              0.213674   slack (MET)


Startpoint: _1609_ (rising edge-triggered flip-flop clocked by clk_10mhz)
Endpoint: _1609_ (rising edge-triggered flip-flop clocked by clk_10mhz)
Path Group: clk_10mhz
Path Type: min

Fanout         Cap        Slew       Delay        Time   Description
---------------------------------------------------------------------------------------------
                      0.150000    0.000000    0.000000   clock clk_10mhz (rise edge)
                                  0.000000    0.000000   clock network delay (ideal)
                      0.150000    0.000000    0.000000 ^ _1609_/CLK (sky130_fd_sc_hd__dfxtp_2)
     2    0.004036    0.036391    0.346158    0.346158 ^ _1609_/Q (sky130_fd_sc_hd__dfxtp_2)
                                                         u_fifo.mem[10][6] (net)
                      0.036391    0.000000    0.346158 ^ _1130_/A0 (sky130_fd_sc_hd__mux2_1)
     1    0.001674    0.033899    0.102420    0.448578 ^ _1130_/X (sky130_fd_sc_hd__mux2_1)
                                                         _0112_ (net)
                      0.033899    0.000000    0.448578 ^ _1609_/D (sky130_fd_sc_hd__dfxtp_2)
                                              0.448578   data arrival time

                      0.150000    0.000000    0.000000   clock clk_10mhz (rise edge)
                                  0.000000    0.000000   clock network delay (ideal)
                                  0.250000    0.250000   clock uncertainty
                                  0.000000    0.250000   clock reconvergence pessimism
                                              0.250000 ^ _1609_/CLK (sky130_fd_sc_hd__dfxtp_2)
                                 -0.015095    0.234905   library hold time
                                              0.234905   data required time
---------------------------------------------------------------------------------------------
                                              0.234905   data required time
                                             -0.448578   data arrival time
---------------------------------------------------------------------------------------------
                                              0.213674   slack (MET)


Startpoint: _1643_ (rising edge-triggered flip-flop clocked by clk_10mhz)
Endpoint: _1643_ (rising edge-triggered flip-flop clocked by clk_10mhz)
Path Group: clk_10mhz
Path Type: min

Fanout         Cap        Slew       Delay        Time   Description
---------------------------------------------------------------------------------------------
                      0.150000    0.000000    0.000000   clock clk_10mhz (rise edge)
                                  0.000000    0.000000   clock network delay (ideal)
                      0.150000    0.000000    0.000000 ^ _1643_/CLK (sky130_fd_sc_hd__dfxtp_2)
     2    0.004036    0.036391    0.346158    0.346158 ^ _1643_/Q (sky130_fd_sc_hd__dfxtp_2)
                                                         u_fifo.mem[6][0] (net)
                      0.036391    0.000000    0.346158 ^ _1172_/A0 (sky130_fd_sc_hd__mux2_1)
     1    0.001674    0.033899    0.102420    0.448578 ^ _1172_/X (sky130_fd_sc_hd__mux2_1)
                                                         _0146_ (net)
                      0.033899    0.000000    0.448578 ^ _1643_/D (sky130_fd_sc_hd__dfxtp_2)
                                              0.448578   data arrival time

                      0.150000    0.000000    0.000000   clock clk_10mhz (rise edge)
                                  0.000000    0.000000   clock network delay (ideal)
                                  0.250000    0.250000   clock uncertainty
                                  0.000000    0.250000   clock reconvergence pessimism
                                              0.250000 ^ _1643_/CLK (sky130_fd_sc_hd__dfxtp_2)
                                 -0.015095    0.234905   library hold time
                                              0.234905   data required time
---------------------------------------------------------------------------------------------
                                              0.234905   data required time
                                             -0.448578   data arrival time
---------------------------------------------------------------------------------------------
                                              0.213674   slack (MET)


Startpoint: _1644_ (rising edge-triggered flip-flop clocked by clk_10mhz)
Endpoint: _1644_ (rising edge-triggered flip-flop clocked by clk_10mhz)
Path Group: clk_10mhz
Path Type: min

Fanout         Cap        Slew       Delay        Time   Description
---------------------------------------------------------------------------------------------
                      0.150000    0.000000    0.000000   clock clk_10mhz (rise edge)
                                  0.000000    0.000000   clock network delay (ideal)
                      0.150000    0.000000    0.000000 ^ _1644_/CLK (sky130_fd_sc_hd__dfxtp_2)
     2    0.004036    0.036391    0.346158    0.346158 ^ _1644_/Q (sky130_fd_sc_hd__dfxtp_2)
                                                         u_fifo.mem[6][1] (net)
                      0.036391    0.000000    0.346158 ^ _1173_/A0 (sky130_fd_sc_hd__mux2_1)
     1    0.001674    0.033899    0.102420    0.448578 ^ _1173_/X (sky130_fd_sc_hd__mux2_1)
                                                         _0147_ (net)
                      0.033899    0.000000    0.448578 ^ _1644_/D (sky130_fd_sc_hd__dfxtp_2)
                                              0.448578   data arrival time

                      0.150000    0.000000    0.000000   clock clk_10mhz (rise edge)
                                  0.000000    0.000000   clock network delay (ideal)
                                  0.250000    0.250000   clock uncertainty
                                  0.000000    0.250000   clock reconvergence pessimism
                                              0.250000 ^ _1644_/CLK (sky130_fd_sc_hd__dfxtp_2)
                                 -0.015095    0.234905   library hold time
                                              0.234905   data required time
---------------------------------------------------------------------------------------------
                                              0.234905   data required time
                                             -0.448578   data arrival time
---------------------------------------------------------------------------------------------
                                              0.213674   slack (MET)


Startpoint: _1645_ (rising edge-triggered flip-flop clocked by clk_10mhz)
Endpoint: _1645_ (rising edge-triggered flip-flop clocked by clk_10mhz)
Path Group: clk_10mhz
Path Type: min

Fanout         Cap        Slew       Delay        Time   Description
---------------------------------------------------------------------------------------------
                      0.150000    0.000000    0.000000   clock clk_10mhz (rise edge)
                                  0.000000    0.000000   clock network delay (ideal)
                      0.150000    0.000000    0.000000 ^ _1645_/CLK (sky130_fd_sc_hd__dfxtp_2)
     2    0.004036    0.036391    0.346158    0.346158 ^ _1645_/Q (sky130_fd_sc_hd__dfxtp_2)
                                                         u_fifo.mem[6][2] (net)
                      0.036391    0.000000    0.346158 ^ _1174_/A0 (sky130_fd_sc_hd__mux2_1)
     1    0.001674    0.033899    0.102420    0.448578 ^ _1174_/X (sky130_fd_sc_hd__mux2_1)
                                                         _0148_ (net)
                      0.033899    0.000000    0.448578 ^ _1645_/D (sky130_fd_sc_hd__dfxtp_2)
                                              0.448578   data arrival time

                      0.150000    0.000000    0.000000   clock clk_10mhz (rise edge)
                                  0.000000    0.000000   clock network delay (ideal)
                                  0.250000    0.250000   clock uncertainty
                                  0.000000    0.250000   clock reconvergence pessimism
                                              0.250000 ^ _1645_/CLK (sky130_fd_sc_hd__dfxtp_2)
                                 -0.015095    0.234905   library hold time
                                              0.234905   data required time
---------------------------------------------------------------------------------------------
                                              0.234905   data required time
                                             -0.448578   data arrival time
---------------------------------------------------------------------------------------------
                                              0.213674   slack (MET)


Startpoint: _1646_ (rising edge-triggered flip-flop clocked by clk_10mhz)
Endpoint: _1646_ (rising edge-triggered flip-flop clocked by clk_10mhz)
Path Group: clk_10mhz
Path Type: min

Fanout         Cap        Slew       Delay        Time   Description
---------------------------------------------------------------------------------------------
                      0.150000    0.000000    0.000000   clock clk_10mhz (rise edge)
                                  0.000000    0.000000   clock network delay (ideal)
                      0.150000    0.000000    0.000000 ^ _1646_/CLK (sky130_fd_sc_hd__dfxtp_2)
     2    0.004036    0.036391    0.346158    0.346158 ^ _1646_/Q (sky130_fd_sc_hd__dfxtp_2)
                                                         u_fifo.mem[6][3] (net)
                      0.036391    0.000000    0.346158 ^ _1175_/A0 (sky130_fd_sc_hd__mux2_1)
     1    0.001674    0.033899    0.102420    0.448578 ^ _1175_/X (sky130_fd_sc_hd__mux2_1)
                                                         _0149_ (net)
                      0.033899    0.000000    0.448578 ^ _1646_/D (sky130_fd_sc_hd__dfxtp_2)
                                              0.448578   data arrival time

                      0.150000    0.000000    0.000000   clock clk_10mhz (rise edge)
                                  0.000000    0.000000   clock network delay (ideal)
                                  0.250000    0.250000   clock uncertainty
                                  0.000000    0.250000   clock reconvergence pessimism
                                              0.250000 ^ _1646_/CLK (sky130_fd_sc_hd__dfxtp_2)
                                 -0.015095    0.234905   library hold time
                                              0.234905   data required time
---------------------------------------------------------------------------------------------
                                              0.234905   data required time
                                             -0.448578   data arrival time
---------------------------------------------------------------------------------------------
                                              0.213674   slack (MET)


Startpoint: _1653_ (rising edge-triggered flip-flop clocked by clk_10mhz)
Endpoint: _1653_ (rising edge-triggered flip-flop clocked by clk_10mhz)
Path Group: clk_10mhz
Path Type: min

Fanout         Cap        Slew       Delay        Time   Description
---------------------------------------------------------------------------------------------
                      0.150000    0.000000    0.000000   clock clk_10mhz (rise edge)
                                  0.000000    0.000000   clock network delay (ideal)
                      0.150000    0.000000    0.000000 ^ _1653_/CLK (sky130_fd_sc_hd__dfxtp_2)
     2    0.004036    0.036391    0.346158    0.346158 ^ _1653_/Q (sky130_fd_sc_hd__dfxtp_2)
                                                         u_fifo.mem[5][2] (net)
                      0.036391    0.000000    0.346158 ^ _1183_/A0 (sky130_fd_sc_hd__mux2_1)
     1    0.001674    0.033899    0.102420    0.448578 ^ _1183_/X (sky130_fd_sc_hd__mux2_1)
                                                         _0156_ (net)
                      0.033899    0.000000    0.448578 ^ _1653_/D (sky130_fd_sc_hd__dfxtp_2)
                                              0.448578   data arrival time

                      0.150000    0.000000    0.000000   clock clk_10mhz (rise edge)
                                  0.000000    0.000000   clock network delay (ideal)
                                  0.250000    0.250000   clock uncertainty
                                  0.000000    0.250000   clock reconvergence pessimism
                                              0.250000 ^ _1653_/CLK (sky130_fd_sc_hd__dfxtp_2)
                                 -0.015095    0.234905   library hold time
                                              0.234905   data required time
---------------------------------------------------------------------------------------------
                                              0.234905   data required time
                                             -0.448578   data arrival time
---------------------------------------------------------------------------------------------
                                              0.213674   slack (MET)


Startpoint: _1658_ (rising edge-triggered flip-flop clocked by clk_10mhz)
Endpoint: _1658_ (rising edge-triggered flip-flop clocked by clk_10mhz)
Path Group: clk_10mhz
Path Type: min

Fanout         Cap        Slew       Delay        Time   Description
---------------------------------------------------------------------------------------------
                      0.150000    0.000000    0.000000   clock clk_10mhz (rise edge)
                                  0.000000    0.000000   clock network delay (ideal)
                      0.150000    0.000000    0.000000 ^ _1658_/CLK (sky130_fd_sc_hd__dfxtp_2)
     2    0.004036    0.036391    0.346158    0.346158 ^ _1658_/Q (sky130_fd_sc_hd__dfxtp_2)
                                                         u_fifo.mem[5][7] (net)
                      0.036391    0.000000    0.346158 ^ _1188_/A0 (sky130_fd_sc_hd__mux2_1)
     1    0.001674    0.033899    0.102420    0.448578 ^ _1188_/X (sky130_fd_sc_hd__mux2_1)
                                                         _0161_ (net)
                      0.033899    0.000000    0.448578 ^ _1658_/D (sky130_fd_sc_hd__dfxtp_2)
                                              0.448578   data arrival time

                      0.150000    0.000000    0.000000   clock clk_10mhz (rise edge)
                                  0.000000    0.000000   clock network delay (ideal)
                                  0.250000    0.250000   clock uncertainty
                                  0.000000    0.250000   clock reconvergence pessimism
                                              0.250000 ^ _1658_/CLK (sky130_fd_sc_hd__dfxtp_2)
                                 -0.015095    0.234905   library hold time
                                              0.234905   data required time
---------------------------------------------------------------------------------------------
                                              0.234905   data required time
                                             -0.448578   data arrival time
---------------------------------------------------------------------------------------------
                                              0.213674   slack (MET)


Startpoint: _1661_ (rising edge-triggered flip-flop clocked by clk_10mhz)
Endpoint: _1661_ (rising edge-triggered flip-flop clocked by clk_10mhz)
Path Group: clk_10mhz
Path Type: min

Fanout         Cap        Slew       Delay        Time   Description
---------------------------------------------------------------------------------------------
                      0.150000    0.000000    0.000000   clock clk_10mhz (rise edge)
                                  0.000000    0.000000   clock network delay (ideal)
                      0.150000    0.000000    0.000000 ^ _1661_/CLK (sky130_fd_sc_hd__dfxtp_2)
     2    0.004036    0.036391    0.346158    0.346158 ^ _1661_/Q (sky130_fd_sc_hd__dfxtp_2)
                                                         u_fifo.mem[4][2] (net)
                      0.036391    0.000000    0.346158 ^ _1192_/A0 (sky130_fd_sc_hd__mux2_1)
     1    0.001674    0.033900    0.102420    0.448578 ^ _1192_/X (sky130_fd_sc_hd__mux2_1)
                                                         _0164_ (net)
                      0.033900    0.000000    0.448578 ^ _1661_/D (sky130_fd_sc_hd__dfxtp_2)
                                              0.448578   data arrival time

                      0.150000    0.000000    0.000000   clock clk_10mhz (rise edge)
                                  0.000000    0.000000   clock network delay (ideal)
                                  0.250000    0.250000   clock uncertainty
                                  0.000000    0.250000   clock reconvergence pessimism
                                              0.250000 ^ _1661_/CLK (sky130_fd_sc_hd__dfxtp_2)
                                 -0.015096    0.234904   library hold time
                                              0.234904   data required time
---------------------------------------------------------------------------------------------
                                              0.234904   data required time
                                             -0.448578   data arrival time
---------------------------------------------------------------------------------------------
                                              0.213674   slack (MET)


Startpoint: _1694_ (rising edge-triggered flip-flop clocked by clk_10mhz)
Endpoint: _1694_ (rising edge-triggered flip-flop clocked by clk_10mhz)
Path Group: clk_10mhz
Path Type: min

Fanout         Cap        Slew       Delay        Time   Description
---------------------------------------------------------------------------------------------
                      0.150000    0.000000    0.000000   clock clk_10mhz (rise edge)
                                  0.000000    0.000000   clock network delay (ideal)
                      0.150000    0.000000    0.000000 ^ _1694_/CLK (sky130_fd_sc_hd__dfxtp_2)
     2    0.004036    0.036391    0.346158    0.346158 ^ _1694_/Q (sky130_fd_sc_hd__dfxtp_2)
                                                         u_fifo.mem[1][3] (net)
                      0.036391    0.000000    0.346158 ^ _1230_/A0 (sky130_fd_sc_hd__mux2_1)
     1    0.001674    0.033899    0.102420    0.448578 ^ _1230_/X (sky130_fd_sc_hd__mux2_1)
                                                         _0197_ (net)
                      0.033899    0.000000    0.448578 ^ _1694_/D (sky130_fd_sc_hd__dfxtp_2)
                                              0.448578   data arrival time

                      0.150000    0.000000    0.000000   clock clk_10mhz (rise edge)
                                  0.000000    0.000000   clock network delay (ideal)
                                  0.250000    0.250000   clock uncertainty
                                  0.000000    0.250000   clock reconvergence pessimism
                                              0.250000 ^ _1694_/CLK (sky130_fd_sc_hd__dfxtp_2)
                                 -0.015095    0.234905   library hold time
                                              0.234905   data required time
---------------------------------------------------------------------------------------------
                                              0.234905   data required time
                                             -0.448578   data arrival time
---------------------------------------------------------------------------------------------
                                              0.213674   slack (MET)


Startpoint: _1695_ (rising edge-triggered flip-flop clocked by clk_10mhz)
Endpoint: _1695_ (rising edge-triggered flip-flop clocked by clk_10mhz)
Path Group: clk_10mhz
Path Type: min

Fanout         Cap        Slew       Delay        Time   Description
---------------------------------------------------------------------------------------------
                      0.150000    0.000000    0.000000   clock clk_10mhz (rise edge)
                                  0.000000    0.000000   clock network delay (ideal)
                      0.150000    0.000000    0.000000 ^ _1695_/CLK (sky130_fd_sc_hd__dfxtp_2)
     2    0.004036    0.036391    0.346158    0.346158 ^ _1695_/Q (sky130_fd_sc_hd__dfxtp_2)
                                                         u_fifo.mem[1][4] (net)
                      0.036391    0.000000    0.346158 ^ _1231_/A0 (sky130_fd_sc_hd__mux2_1)
     1    0.001674    0.033899    0.102420    0.448578 ^ _1231_/X (sky130_fd_sc_hd__mux2_1)
                                                         _0198_ (net)
                      0.033899    0.000000    0.448578 ^ _1695_/D (sky130_fd_sc_hd__dfxtp_2)
                                              0.448578   data arrival time

                      0.150000    0.000000    0.000000   clock clk_10mhz (rise edge)
                                  0.000000    0.000000   clock network delay (ideal)
                                  0.250000    0.250000   clock uncertainty
                                  0.000000    0.250000   clock reconvergence pessimism
                                              0.250000 ^ _1695_/CLK (sky130_fd_sc_hd__dfxtp_2)
                                 -0.015095    0.234905   library hold time
                                              0.234905   data required time
---------------------------------------------------------------------------------------------
                                              0.234905   data required time
                                             -0.448578   data arrival time
---------------------------------------------------------------------------------------------
                                              0.213674   slack (MET)


Startpoint: _1696_ (rising edge-triggered flip-flop clocked by clk_10mhz)
Endpoint: _1696_ (rising edge-triggered flip-flop clocked by clk_10mhz)
Path Group: clk_10mhz
Path Type: min

Fanout         Cap        Slew       Delay        Time   Description
---------------------------------------------------------------------------------------------
                      0.150000    0.000000    0.000000   clock clk_10mhz (rise edge)
                                  0.000000    0.000000   clock network delay (ideal)
                      0.150000    0.000000    0.000000 ^ _1696_/CLK (sky130_fd_sc_hd__dfxtp_2)
     2    0.004036    0.036391    0.346158    0.346158 ^ _1696_/Q (sky130_fd_sc_hd__dfxtp_2)
                                                         u_fifo.mem[1][5] (net)
                      0.036391    0.000000    0.346158 ^ _1232_/A0 (sky130_fd_sc_hd__mux2_1)
     1    0.001674    0.033899    0.102420    0.448578 ^ _1232_/X (sky130_fd_sc_hd__mux2_1)
                                                         _0199_ (net)
                      0.033899    0.000000    0.448578 ^ _1696_/D (sky130_fd_sc_hd__dfxtp_2)
                                              0.448578   data arrival time

                      0.150000    0.000000    0.000000   clock clk_10mhz (rise edge)
                                  0.000000    0.000000   clock network delay (ideal)
                                  0.250000    0.250000   clock uncertainty
                                  0.000000    0.250000   clock reconvergence pessimism
                                              0.250000 ^ _1696_/CLK (sky130_fd_sc_hd__dfxtp_2)
                                 -0.015095    0.234905   library hold time
                                              0.234905   data required time
---------------------------------------------------------------------------------------------
                                              0.234905   data required time
                                             -0.448578   data arrival time
---------------------------------------------------------------------------------------------
                                              0.213674   slack (MET)


Startpoint: _1698_ (rising edge-triggered flip-flop clocked by clk_10mhz)
Endpoint: _1698_ (rising edge-triggered flip-flop clocked by clk_10mhz)
Path Group: clk_10mhz
Path Type: min

Fanout         Cap        Slew       Delay        Time   Description
---------------------------------------------------------------------------------------------
                      0.150000    0.000000    0.000000   clock clk_10mhz (rise edge)
                                  0.000000    0.000000   clock network delay (ideal)
                      0.150000    0.000000    0.000000 ^ _1698_/CLK (sky130_fd_sc_hd__dfxtp_2)
     2    0.004036    0.036391    0.346158    0.346158 ^ _1698_/Q (sky130_fd_sc_hd__dfxtp_2)
                                                         u_fifo.mem[1][7] (net)
                      0.036391    0.000000    0.346158 ^ _1234_/A0 (sky130_fd_sc_hd__mux2_1)
     1    0.001674    0.033899    0.102420    0.448578 ^ _1234_/X (sky130_fd_sc_hd__mux2_1)
                                                         _0201_ (net)
                      0.033899    0.000000    0.448578 ^ _1698_/D (sky130_fd_sc_hd__dfxtp_2)
                                              0.448578   data arrival time

                      0.150000    0.000000    0.000000   clock clk_10mhz (rise edge)
                                  0.000000    0.000000   clock network delay (ideal)
                                  0.250000    0.250000   clock uncertainty
                                  0.000000    0.250000   clock reconvergence pessimism
                                              0.250000 ^ _1698_/CLK (sky130_fd_sc_hd__dfxtp_2)
                                 -0.015095    0.234905   library hold time
                                              0.234905   data required time
---------------------------------------------------------------------------------------------
                                              0.234905   data required time
                                             -0.448578   data arrival time
---------------------------------------------------------------------------------------------
                                              0.213674   slack (MET)


Startpoint: _1619_ (rising edge-triggered flip-flop clocked by clk_10mhz)
Endpoint: _1619_ (rising edge-triggered flip-flop clocked by clk_10mhz)
Path Group: clk_10mhz
Path Type: min

Fanout         Cap        Slew       Delay        Time   Description
---------------------------------------------------------------------------------------------
                      0.150000    0.000000    0.000000   clock clk_10mhz (rise edge)
                                  0.000000    0.000000   clock network delay (ideal)
                      0.150000    0.000000    0.000000 ^ _1619_/CLK (sky130_fd_sc_hd__dfxtp_2)
     2    0.004036    0.036391    0.346158    0.346158 ^ _1619_/Q (sky130_fd_sc_hd__dfxtp_2)
                                                         u_fifo.mem[8][0] (net)
                      0.036391    0.000000    0.346158 ^ _1144_/A0 (sky130_fd_sc_hd__mux2_1)
     1    0.001674    0.033902    0.102420    0.448578 ^ _1144_/X (sky130_fd_sc_hd__mux2_1)
                                                         _0122_ (net)
                      0.033902    0.000000    0.448578 ^ _1619_/D (sky130_fd_sc_hd__dfxtp_2)
                                              0.448578   data arrival time

                      0.150000    0.000000    0.000000   clock clk_10mhz (rise edge)
                                  0.000000    0.000000   clock network delay (ideal)
                                  0.250000    0.250000   clock uncertainty
                                  0.000000    0.250000   clock reconvergence pessimism
                                              0.250000 ^ _1619_/CLK (sky130_fd_sc_hd__dfxtp_2)
                                 -0.015096    0.234904   library hold time
                                              0.234904   data required time
---------------------------------------------------------------------------------------------
                                              0.234904   data required time
                                             -0.448578   data arrival time
---------------------------------------------------------------------------------------------
                                              0.213674   slack (MET)


Startpoint: _1620_ (rising edge-triggered flip-flop clocked by clk_10mhz)
Endpoint: _1620_ (rising edge-triggered flip-flop clocked by clk_10mhz)
Path Group: clk_10mhz
Path Type: min

Fanout         Cap        Slew       Delay        Time   Description
---------------------------------------------------------------------------------------------
                      0.150000    0.000000    0.000000   clock clk_10mhz (rise edge)
                                  0.000000    0.000000   clock network delay (ideal)
                      0.150000    0.000000    0.000000 ^ _1620_/CLK (sky130_fd_sc_hd__dfxtp_2)
     2    0.004036    0.036391    0.346158    0.346158 ^ _1620_/Q (sky130_fd_sc_hd__dfxtp_2)
                                                         u_fifo.mem[8][1] (net)
                      0.036391    0.000000    0.346158 ^ _1145_/A0 (sky130_fd_sc_hd__mux2_1)
     1    0.001674    0.033902    0.102420    0.448578 ^ _1145_/X (sky130_fd_sc_hd__mux2_1)
                                                         _0123_ (net)
                      0.033902    0.000000    0.448578 ^ _1620_/D (sky130_fd_sc_hd__dfxtp_2)
                                              0.448578   data arrival time

                      0.150000    0.000000    0.000000   clock clk_10mhz (rise edge)
                                  0.000000    0.000000   clock network delay (ideal)
                                  0.250000    0.250000   clock uncertainty
                                  0.000000    0.250000   clock reconvergence pessimism
                                              0.250000 ^ _1620_/CLK (sky130_fd_sc_hd__dfxtp_2)
                                 -0.015096    0.234904   library hold time
                                              0.234904   data required time
---------------------------------------------------------------------------------------------
                                              0.234904   data required time
                                             -0.448578   data arrival time
---------------------------------------------------------------------------------------------
                                              0.213674   slack (MET)


Startpoint: _1622_ (rising edge-triggered flip-flop clocked by clk_10mhz)
Endpoint: _1622_ (rising edge-triggered flip-flop clocked by clk_10mhz)
Path Group: clk_10mhz
Path Type: min

Fanout         Cap        Slew       Delay        Time   Description
---------------------------------------------------------------------------------------------
                      0.150000    0.000000    0.000000   clock clk_10mhz (rise edge)
                                  0.000000    0.000000   clock network delay (ideal)
                      0.150000    0.000000    0.000000 ^ _1622_/CLK (sky130_fd_sc_hd__dfxtp_2)
     2    0.004036    0.036391    0.346158    0.346158 ^ _1622_/Q (sky130_fd_sc_hd__dfxtp_2)
                                                         u_fifo.mem[8][3] (net)
                      0.036391    0.000000    0.346158 ^ _1147_/A0 (sky130_fd_sc_hd__mux2_1)
     1    0.001674    0.033902    0.102420    0.448578 ^ _1147_/X (sky130_fd_sc_hd__mux2_1)
                                                         _0125_ (net)
                      0.033902    0.000000    0.448578 ^ _1622_/D (sky130_fd_sc_hd__dfxtp_2)
                                              0.448578   data arrival time

                      0.150000    0.000000    0.000000   clock clk_10mhz (rise edge)
                                  0.000000    0.000000   clock network delay (ideal)
                                  0.250000    0.250000   clock uncertainty
                                  0.000000    0.250000   clock reconvergence pessimism
                                              0.250000 ^ _1622_/CLK (sky130_fd_sc_hd__dfxtp_2)
                                 -0.015096    0.234904   library hold time
                                              0.234904   data required time
---------------------------------------------------------------------------------------------
                                              0.234904   data required time
                                             -0.448578   data arrival time
---------------------------------------------------------------------------------------------
                                              0.213674   slack (MET)


Startpoint: _1624_ (rising edge-triggered flip-flop clocked by clk_10mhz)
Endpoint: _1624_ (rising edge-triggered flip-flop clocked by clk_10mhz)
Path Group: clk_10mhz
Path Type: min

Fanout         Cap        Slew       Delay        Time   Description
---------------------------------------------------------------------------------------------
                      0.150000    0.000000    0.000000   clock clk_10mhz (rise edge)
                                  0.000000    0.000000   clock network delay (ideal)
                      0.150000    0.000000    0.000000 ^ _1624_/CLK (sky130_fd_sc_hd__dfxtp_2)
     2    0.004036    0.036391    0.346158    0.346158 ^ _1624_/Q (sky130_fd_sc_hd__dfxtp_2)
                                                         u_fifo.mem[8][5] (net)
                      0.036391    0.000000    0.346158 ^ _1149_/A0 (sky130_fd_sc_hd__mux2_1)
     1    0.001674    0.033902    0.102420    0.448578 ^ _1149_/X (sky130_fd_sc_hd__mux2_1)
                                                         _0127_ (net)
                      0.033902    0.000000    0.448578 ^ _1624_/D (sky130_fd_sc_hd__dfxtp_2)
                                              0.448578   data arrival time

                      0.150000    0.000000    0.000000   clock clk_10mhz (rise edge)
                                  0.000000    0.000000   clock network delay (ideal)
                                  0.250000    0.250000   clock uncertainty
                                  0.000000    0.250000   clock reconvergence pessimism
                                              0.250000 ^ _1624_/CLK (sky130_fd_sc_hd__dfxtp_2)
                                 -0.015096    0.234904   library hold time
                                              0.234904   data required time
---------------------------------------------------------------------------------------------
                                              0.234904   data required time
                                             -0.448578   data arrival time
---------------------------------------------------------------------------------------------
                                              0.213674   slack (MET)


Startpoint: _1676_ (rising edge-triggered flip-flop clocked by clk_10mhz)
Endpoint: _1676_ (rising edge-triggered flip-flop clocked by clk_10mhz)
Path Group: clk_10mhz
Path Type: min

Fanout         Cap        Slew       Delay        Time   Description
---------------------------------------------------------------------------------------------
                      0.150000    0.000000    0.000000   clock clk_10mhz (rise edge)
                                  0.000000    0.000000   clock network delay (ideal)
                      0.150000    0.000000    0.000000 ^ _1676_/CLK (sky130_fd_sc_hd__dfxtp_2)
     2    0.004036    0.036391    0.346158    0.346158 ^ _1676_/Q (sky130_fd_sc_hd__dfxtp_2)
                                                         u_fifo.mem[12][1] (net)
                      0.036391    0.000000    0.346158 ^ _1210_/A0 (sky130_fd_sc_hd__mux2_1)
     1    0.001674    0.033902    0.102420    0.448578 ^ _1210_/X (sky130_fd_sc_hd__mux2_1)
                                                         _0179_ (net)
                      0.033902    0.000000    0.448578 ^ _1676_/D (sky130_fd_sc_hd__dfxtp_2)
                                              0.448578   data arrival time

                      0.150000    0.000000    0.000000   clock clk_10mhz (rise edge)
                                  0.000000    0.000000   clock network delay (ideal)
                                  0.250000    0.250000   clock uncertainty
                                  0.000000    0.250000   clock reconvergence pessimism
                                              0.250000 ^ _1676_/CLK (sky130_fd_sc_hd__dfxtp_2)
                                 -0.015096    0.234904   library hold time
                                              0.234904   data required time
---------------------------------------------------------------------------------------------
                                              0.234904   data required time
                                             -0.448578   data arrival time
---------------------------------------------------------------------------------------------
                                              0.213674   slack (MET)


Startpoint: _1681_ (rising edge-triggered flip-flop clocked by clk_10mhz)
Endpoint: _1681_ (rising edge-triggered flip-flop clocked by clk_10mhz)
Path Group: clk_10mhz
Path Type: min

Fanout         Cap        Slew       Delay        Time   Description
---------------------------------------------------------------------------------------------
                      0.150000    0.000000    0.000000   clock clk_10mhz (rise edge)
                                  0.000000    0.000000   clock network delay (ideal)
                      0.150000    0.000000    0.000000 ^ _1681_/CLK (sky130_fd_sc_hd__dfxtp_2)
     2    0.004036    0.036391    0.346158    0.346158 ^ _1681_/Q (sky130_fd_sc_hd__dfxtp_2)
                                                         u_fifo.mem[12][6] (net)
                      0.036391    0.000000    0.346158 ^ _1215_/A0 (sky130_fd_sc_hd__mux2_1)
     1    0.001674    0.033902    0.102420    0.448578 ^ _1215_/X (sky130_fd_sc_hd__mux2_1)
                                                         _0184_ (net)
                      0.033902    0.000000    0.448578 ^ _1681_/D (sky130_fd_sc_hd__dfxtp_2)
                                              0.448578   data arrival time

                      0.150000    0.000000    0.000000   clock clk_10mhz (rise edge)
                                  0.000000    0.000000   clock network delay (ideal)
                                  0.250000    0.250000   clock uncertainty
                                  0.000000    0.250000   clock reconvergence pessimism
                                              0.250000 ^ _1681_/CLK (sky130_fd_sc_hd__dfxtp_2)
                                 -0.015096    0.234904   library hold time
                                              0.234904   data required time
---------------------------------------------------------------------------------------------
                                              0.234904   data required time
                                             -0.448578   data arrival time
---------------------------------------------------------------------------------------------
                                              0.213674   slack (MET)


Startpoint: _1603_ (rising edge-triggered flip-flop clocked by clk_10mhz)
Endpoint: _1603_ (rising edge-triggered flip-flop clocked by clk_10mhz)
Path Group: clk_10mhz
Path Type: min

Fanout         Cap        Slew       Delay        Time   Description
---------------------------------------------------------------------------------------------
                      0.150000    0.000000    0.000000   clock clk_10mhz (rise edge)
                                  0.000000    0.000000   clock network delay (ideal)
                      0.150000    0.000000    0.000000 ^ _1603_/CLK (sky130_fd_sc_hd__dfxtp_2)
     2    0.004039    0.036404    0.346172    0.346172 ^ _1603_/Q (sky130_fd_sc_hd__dfxtp_2)
                                                         u_fifo.mem[10][0] (net)
                      0.036404    0.000000    0.346172 ^ _1124_/A0 (sky130_fd_sc_hd__mux2_1)
     1    0.001674    0.033899    0.102425    0.448597 ^ _1124_/X (sky130_fd_sc_hd__mux2_1)
                                                         _0106_ (net)
                      0.033899    0.000000    0.448597 ^ _1603_/D (sky130_fd_sc_hd__dfxtp_2)
                                              0.448597   data arrival time

                      0.150000    0.000000    0.000000   clock clk_10mhz (rise edge)
                                  0.000000    0.000000   clock network delay (ideal)
                                  0.250000    0.250000   clock uncertainty
                                  0.000000    0.250000   clock reconvergence pessimism
                                              0.250000 ^ _1603_/CLK (sky130_fd_sc_hd__dfxtp_2)
                                 -0.015095    0.234905   library hold time
                                              0.234905   data required time
---------------------------------------------------------------------------------------------
                                              0.234905   data required time
                                             -0.448597   data arrival time
---------------------------------------------------------------------------------------------
                                              0.213692   slack (MET)


Startpoint: _1604_ (rising edge-triggered flip-flop clocked by clk_10mhz)
Endpoint: _1604_ (rising edge-triggered flip-flop clocked by clk_10mhz)
Path Group: clk_10mhz
Path Type: min

Fanout         Cap        Slew       Delay        Time   Description
---------------------------------------------------------------------------------------------
                      0.150000    0.000000    0.000000   clock clk_10mhz (rise edge)
                                  0.000000    0.000000   clock network delay (ideal)
                      0.150000    0.000000    0.000000 ^ _1604_/CLK (sky130_fd_sc_hd__dfxtp_2)
     2    0.004039    0.036404    0.346172    0.346172 ^ _1604_/Q (sky130_fd_sc_hd__dfxtp_2)
                                                         u_fifo.mem[10][1] (net)
                      0.036404    0.000000    0.346172 ^ _1125_/A0 (sky130_fd_sc_hd__mux2_1)
     1    0.001674    0.033899    0.102425    0.448597 ^ _1125_/X (sky130_fd_sc_hd__mux2_1)
                                                         _0107_ (net)
                      0.033899    0.000000    0.448597 ^ _1604_/D (sky130_fd_sc_hd__dfxtp_2)
                                              0.448597   data arrival time

                      0.150000    0.000000    0.000000   clock clk_10mhz (rise edge)
                                  0.000000    0.000000   clock network delay (ideal)
                                  0.250000    0.250000   clock uncertainty
                                  0.000000    0.250000   clock reconvergence pessimism
                                              0.250000 ^ _1604_/CLK (sky130_fd_sc_hd__dfxtp_2)
                                 -0.015095    0.234905   library hold time
                                              0.234905   data required time
---------------------------------------------------------------------------------------------
                                              0.234905   data required time
                                             -0.448597   data arrival time
---------------------------------------------------------------------------------------------
                                              0.213692   slack (MET)


Startpoint: _1607_ (rising edge-triggered flip-flop clocked by clk_10mhz)
Endpoint: _1607_ (rising edge-triggered flip-flop clocked by clk_10mhz)
Path Group: clk_10mhz
Path Type: min

Fanout         Cap        Slew       Delay        Time   Description
---------------------------------------------------------------------------------------------
                      0.150000    0.000000    0.000000   clock clk_10mhz (rise edge)
                                  0.000000    0.000000   clock network delay (ideal)
                      0.150000    0.000000    0.000000 ^ _1607_/CLK (sky130_fd_sc_hd__dfxtp_2)
     2    0.004039    0.036404    0.346172    0.346172 ^ _1607_/Q (sky130_fd_sc_hd__dfxtp_2)
                                                         u_fifo.mem[10][4] (net)
                      0.036404    0.000000    0.346172 ^ _1128_/A0 (sky130_fd_sc_hd__mux2_1)
     1    0.001674    0.033899    0.102425    0.448597 ^ _1128_/X (sky130_fd_sc_hd__mux2_1)
                                                         _0110_ (net)
                      0.033899    0.000000    0.448597 ^ _1607_/D (sky130_fd_sc_hd__dfxtp_2)
                                              0.448597   data arrival time

                      0.150000    0.000000    0.000000   clock clk_10mhz (rise edge)
                                  0.000000    0.000000   clock network delay (ideal)
                                  0.250000    0.250000   clock uncertainty
                                  0.000000    0.250000   clock reconvergence pessimism
                                              0.250000 ^ _1607_/CLK (sky130_fd_sc_hd__dfxtp_2)
                                 -0.015095    0.234905   library hold time
                                              0.234905   data required time
---------------------------------------------------------------------------------------------
                                              0.234905   data required time
                                             -0.448597   data arrival time
---------------------------------------------------------------------------------------------
                                              0.213692   slack (MET)


Startpoint: _1632_ (rising edge-triggered flip-flop clocked by clk_10mhz)
Endpoint: _1632_ (rising edge-triggered flip-flop clocked by clk_10mhz)
Path Group: clk_10mhz
Path Type: min

Fanout         Cap        Slew       Delay        Time   Description
---------------------------------------------------------------------------------------------
                      0.150000    0.000000    0.000000   clock clk_10mhz (rise edge)
                                  0.000000    0.000000   clock network delay (ideal)
                      0.150000    0.000000    0.000000 ^ _1632_/CLK (sky130_fd_sc_hd__dfxtp_2)
     2    0.004039    0.036404    0.346172    0.346172 ^ _1632_/Q (sky130_fd_sc_hd__dfxtp_2)
                                                         u_fifo.mem[14][5] (net)
                      0.036404    0.000000    0.346172 ^ _1158_/A0 (sky130_fd_sc_hd__mux2_1)
     1    0.001674    0.033899    0.102425    0.448597 ^ _1158_/X (sky130_fd_sc_hd__mux2_1)
                                                         _0135_ (net)
                      0.033899    0.000000    0.448597 ^ _1632_/D (sky130_fd_sc_hd__dfxtp_2)
                                              0.448597   data arrival time

                      0.150000    0.000000    0.000000   clock clk_10mhz (rise edge)
                                  0.000000    0.000000   clock network delay (ideal)
                                  0.250000    0.250000   clock uncertainty
                                  0.000000    0.250000   clock reconvergence pessimism
                                              0.250000 ^ _1632_/CLK (sky130_fd_sc_hd__dfxtp_2)
                                 -0.015095    0.234905   library hold time
                                              0.234905   data required time
---------------------------------------------------------------------------------------------
                                              0.234905   data required time
                                             -0.448597   data arrival time
---------------------------------------------------------------------------------------------
                                              0.213692   slack (MET)


Startpoint: _1633_ (rising edge-triggered flip-flop clocked by clk_10mhz)
Endpoint: _1633_ (rising edge-triggered flip-flop clocked by clk_10mhz)
Path Group: clk_10mhz
Path Type: min

Fanout         Cap        Slew       Delay        Time   Description
---------------------------------------------------------------------------------------------
                      0.150000    0.000000    0.000000   clock clk_10mhz (rise edge)
                                  0.000000    0.000000   clock network delay (ideal)
                      0.150000    0.000000    0.000000 ^ _1633_/CLK (sky130_fd_sc_hd__dfxtp_2)
     2    0.004039    0.036404    0.346172    0.346172 ^ _1633_/Q (sky130_fd_sc_hd__dfxtp_2)
                                                         u_fifo.mem[14][6] (net)
                      0.036404    0.000000    0.346172 ^ _1159_/A0 (sky130_fd_sc_hd__mux2_1)
     1    0.001674    0.033899    0.102425    0.448597 ^ _1159_/X (sky130_fd_sc_hd__mux2_1)
                                                         _0136_ (net)
                      0.033899    0.000000    0.448597 ^ _1633_/D (sky130_fd_sc_hd__dfxtp_2)
                                              0.448597   data arrival time

                      0.150000    0.000000    0.000000   clock clk_10mhz (rise edge)
                                  0.000000    0.000000   clock network delay (ideal)
                                  0.250000    0.250000   clock uncertainty
                                  0.000000    0.250000   clock reconvergence pessimism
                                              0.250000 ^ _1633_/CLK (sky130_fd_sc_hd__dfxtp_2)
                                 -0.015095    0.234905   library hold time
                                              0.234905   data required time
---------------------------------------------------------------------------------------------
                                              0.234905   data required time
                                             -0.448597   data arrival time
---------------------------------------------------------------------------------------------
                                              0.213692   slack (MET)


Startpoint: _1647_ (rising edge-triggered flip-flop clocked by clk_10mhz)
Endpoint: _1647_ (rising edge-triggered flip-flop clocked by clk_10mhz)
Path Group: clk_10mhz
Path Type: min

Fanout         Cap        Slew       Delay        Time   Description
---------------------------------------------------------------------------------------------
                      0.150000    0.000000    0.000000   clock clk_10mhz (rise edge)
                                  0.000000    0.000000   clock network delay (ideal)
                      0.150000    0.000000    0.000000 ^ _1647_/CLK (sky130_fd_sc_hd__dfxtp_2)
     2    0.004039    0.036404    0.346172    0.346172 ^ _1647_/Q (sky130_fd_sc_hd__dfxtp_2)
                                                         u_fifo.mem[6][4] (net)
                      0.036404    0.000000    0.346172 ^ _1176_/A0 (sky130_fd_sc_hd__mux2_1)
     1    0.001674    0.033899    0.102425    0.448597 ^ _1176_/X (sky130_fd_sc_hd__mux2_1)
                                                         _0150_ (net)
                      0.033899    0.000000    0.448597 ^ _1647_/D (sky130_fd_sc_hd__dfxtp_2)
                                              0.448597   data arrival time

                      0.150000    0.000000    0.000000   clock clk_10mhz (rise edge)
                                  0.000000    0.000000   clock network delay (ideal)
                                  0.250000    0.250000   clock uncertainty
                                  0.000000    0.250000   clock reconvergence pessimism
                                              0.250000 ^ _1647_/CLK (sky130_fd_sc_hd__dfxtp_2)
                                 -0.015095    0.234905   library hold time
                                              0.234905   data required time
---------------------------------------------------------------------------------------------
                                              0.234905   data required time
                                             -0.448597   data arrival time
---------------------------------------------------------------------------------------------
                                              0.213692   slack (MET)


Startpoint: _1649_ (rising edge-triggered flip-flop clocked by clk_10mhz)
Endpoint: _1649_ (rising edge-triggered flip-flop clocked by clk_10mhz)
Path Group: clk_10mhz
Path Type: min

Fanout         Cap        Slew       Delay        Time   Description
---------------------------------------------------------------------------------------------
                      0.150000    0.000000    0.000000   clock clk_10mhz (rise edge)
                                  0.000000    0.000000   clock network delay (ideal)
                      0.150000    0.000000    0.000000 ^ _1649_/CLK (sky130_fd_sc_hd__dfxtp_2)
     2    0.004039    0.036404    0.346172    0.346172 ^ _1649_/Q (sky130_fd_sc_hd__dfxtp_2)
                                                         u_fifo.mem[6][6] (net)
                      0.036404    0.000000    0.346172 ^ _1178_/A0 (sky130_fd_sc_hd__mux2_1)
     1    0.001674    0.033899    0.102425    0.448597 ^ _1178_/X (sky130_fd_sc_hd__mux2_1)
                                                         _0152_ (net)
                      0.033899    0.000000    0.448597 ^ _1649_/D (sky130_fd_sc_hd__dfxtp_2)
                                              0.448597   data arrival time

                      0.150000    0.000000    0.000000   clock clk_10mhz (rise edge)
                                  0.000000    0.000000   clock network delay (ideal)
                                  0.250000    0.250000   clock uncertainty
                                  0.000000    0.250000   clock reconvergence pessimism
                                              0.250000 ^ _1649_/CLK (sky130_fd_sc_hd__dfxtp_2)
                                 -0.015095    0.234905   library hold time
                                              0.234905   data required time
---------------------------------------------------------------------------------------------
                                              0.234905   data required time
                                             -0.448597   data arrival time
---------------------------------------------------------------------------------------------
                                              0.213692   slack (MET)


Startpoint: _1650_ (rising edge-triggered flip-flop clocked by clk_10mhz)
Endpoint: _1650_ (rising edge-triggered flip-flop clocked by clk_10mhz)
Path Group: clk_10mhz
Path Type: min

Fanout         Cap        Slew       Delay        Time   Description
---------------------------------------------------------------------------------------------
                      0.150000    0.000000    0.000000   clock clk_10mhz (rise edge)
                                  0.000000    0.000000   clock network delay (ideal)
                      0.150000    0.000000    0.000000 ^ _1650_/CLK (sky130_fd_sc_hd__dfxtp_2)
     2    0.004039    0.036404    0.346172    0.346172 ^ _1650_/Q (sky130_fd_sc_hd__dfxtp_2)
                                                         u_fifo.mem[6][7] (net)
                      0.036404    0.000000    0.346172 ^ _1179_/A0 (sky130_fd_sc_hd__mux2_1)
     1    0.001674    0.033899    0.102425    0.448597 ^ _1179_/X (sky130_fd_sc_hd__mux2_1)
                                                         _0153_ (net)
                      0.033899    0.000000    0.448597 ^ _1650_/D (sky130_fd_sc_hd__dfxtp_2)
                                              0.448597   data arrival time

                      0.150000    0.000000    0.000000   clock clk_10mhz (rise edge)
                                  0.000000    0.000000   clock network delay (ideal)
                                  0.250000    0.250000   clock uncertainty
                                  0.000000    0.250000   clock reconvergence pessimism
                                              0.250000 ^ _1650_/CLK (sky130_fd_sc_hd__dfxtp_2)
                                 -0.015095    0.234905   library hold time
                                              0.234905   data required time
---------------------------------------------------------------------------------------------
                                              0.234905   data required time
                                             -0.448597   data arrival time
---------------------------------------------------------------------------------------------
                                              0.213692   slack (MET)


Startpoint: _1655_ (rising edge-triggered flip-flop clocked by clk_10mhz)
Endpoint: _1655_ (rising edge-triggered flip-flop clocked by clk_10mhz)
Path Group: clk_10mhz
Path Type: min

Fanout         Cap        Slew       Delay        Time   Description
---------------------------------------------------------------------------------------------
                      0.150000    0.000000    0.000000   clock clk_10mhz (rise edge)
                                  0.000000    0.000000   clock network delay (ideal)
                      0.150000    0.000000    0.000000 ^ _1655_/CLK (sky130_fd_sc_hd__dfxtp_2)
     2    0.004039    0.036404    0.346172    0.346172 ^ _1655_/Q (sky130_fd_sc_hd__dfxtp_2)
                                                         u_fifo.mem[5][4] (net)
                      0.036404    0.000000    0.346172 ^ _1185_/A0 (sky130_fd_sc_hd__mux2_1)
     1    0.001674    0.033899    0.102425    0.448597 ^ _1185_/X (sky130_fd_sc_hd__mux2_1)
                                                         _0158_ (net)
                      0.033899    0.000000    0.448597 ^ _1655_/D (sky130_fd_sc_hd__dfxtp_2)
                                              0.448597   data arrival time

                      0.150000    0.000000    0.000000   clock clk_10mhz (rise edge)
                                  0.000000    0.000000   clock network delay (ideal)
                                  0.250000    0.250000   clock uncertainty
                                  0.000000    0.250000   clock reconvergence pessimism
                                              0.250000 ^ _1655_/CLK (sky130_fd_sc_hd__dfxtp_2)
                                 -0.015095    0.234905   library hold time
                                              0.234905   data required time
---------------------------------------------------------------------------------------------
                                              0.234905   data required time
                                             -0.448597   data arrival time
---------------------------------------------------------------------------------------------
                                              0.213692   slack (MET)


Startpoint: _1657_ (rising edge-triggered flip-flop clocked by clk_10mhz)
Endpoint: _1657_ (rising edge-triggered flip-flop clocked by clk_10mhz)
Path Group: clk_10mhz
Path Type: min

Fanout         Cap        Slew       Delay        Time   Description
---------------------------------------------------------------------------------------------
                      0.150000    0.000000    0.000000   clock clk_10mhz (rise edge)
                                  0.000000    0.000000   clock network delay (ideal)
                      0.150000    0.000000    0.000000 ^ _1657_/CLK (sky130_fd_sc_hd__dfxtp_2)
     2    0.004039    0.036404    0.346172    0.346172 ^ _1657_/Q (sky130_fd_sc_hd__dfxtp_2)
                                                         u_fifo.mem[5][6] (net)
                      0.036404    0.000000    0.346172 ^ _1187_/A0 (sky130_fd_sc_hd__mux2_1)
     1    0.001674    0.033899    0.102425    0.448597 ^ _1187_/X (sky130_fd_sc_hd__mux2_1)
                                                         _0160_ (net)
                      0.033899    0.000000    0.448597 ^ _1657_/D (sky130_fd_sc_hd__dfxtp_2)
                                              0.448597   data arrival time

                      0.150000    0.000000    0.000000   clock clk_10mhz (rise edge)
                                  0.000000    0.000000   clock network delay (ideal)
                                  0.250000    0.250000   clock uncertainty
                                  0.000000    0.250000   clock reconvergence pessimism
                                              0.250000 ^ _1657_/CLK (sky130_fd_sc_hd__dfxtp_2)
                                 -0.015095    0.234905   library hold time
                                              0.234905   data required time
---------------------------------------------------------------------------------------------
                                              0.234905   data required time
                                             -0.448597   data arrival time
---------------------------------------------------------------------------------------------
                                              0.213692   slack (MET)


Startpoint: _1691_ (rising edge-triggered flip-flop clocked by clk_10mhz)
Endpoint: _1691_ (rising edge-triggered flip-flop clocked by clk_10mhz)
Path Group: clk_10mhz
Path Type: min

Fanout         Cap        Slew       Delay        Time   Description
---------------------------------------------------------------------------------------------
                      0.150000    0.000000    0.000000   clock clk_10mhz (rise edge)
                                  0.000000    0.000000   clock network delay (ideal)
                      0.150000    0.000000    0.000000 ^ _1691_/CLK (sky130_fd_sc_hd__dfxtp_2)
     2    0.004039    0.036404    0.346172    0.346172 ^ _1691_/Q (sky130_fd_sc_hd__dfxtp_2)
                                                         u_fifo.mem[1][0] (net)
                      0.036404    0.000000    0.346172 ^ _1227_/A0 (sky130_fd_sc_hd__mux2_1)
     1    0.001674    0.033899    0.102425    0.448597 ^ _1227_/X (sky130_fd_sc_hd__mux2_1)
                                                         _0194_ (net)
                      0.033899    0.000000    0.448597 ^ _1691_/D (sky130_fd_sc_hd__dfxtp_2)
                                              0.448597   data arrival time

                      0.150000    0.000000    0.000000   clock clk_10mhz (rise edge)
                                  0.000000    0.000000   clock network delay (ideal)
                                  0.250000    0.250000   clock uncertainty
                                  0.000000    0.250000   clock reconvergence pessimism
                                              0.250000 ^ _1691_/CLK (sky130_fd_sc_hd__dfxtp_2)
                                 -0.015095    0.234905   library hold time
                                              0.234905   data required time
---------------------------------------------------------------------------------------------
                                              0.234905   data required time
                                             -0.448597   data arrival time
---------------------------------------------------------------------------------------------
                                              0.213692   slack (MET)


Startpoint: _1692_ (rising edge-triggered flip-flop clocked by clk_10mhz)
Endpoint: _1692_ (rising edge-triggered flip-flop clocked by clk_10mhz)
Path Group: clk_10mhz
Path Type: min

Fanout         Cap        Slew       Delay        Time   Description
---------------------------------------------------------------------------------------------
                      0.150000    0.000000    0.000000   clock clk_10mhz (rise edge)
                                  0.000000    0.000000   clock network delay (ideal)
                      0.150000    0.000000    0.000000 ^ _1692_/CLK (sky130_fd_sc_hd__dfxtp_2)
     2    0.004039    0.036404    0.346172    0.346172 ^ _1692_/Q (sky130_fd_sc_hd__dfxtp_2)
                                                         u_fifo.mem[1][1] (net)
                      0.036404    0.000000    0.346172 ^ _1228_/A0 (sky130_fd_sc_hd__mux2_1)
     1    0.001674    0.033899    0.102425    0.448597 ^ _1228_/X (sky130_fd_sc_hd__mux2_1)
                                                         _0195_ (net)
                      0.033899    0.000000    0.448597 ^ _1692_/D (sky130_fd_sc_hd__dfxtp_2)
                                              0.448597   data arrival time

                      0.150000    0.000000    0.000000   clock clk_10mhz (rise edge)
                                  0.000000    0.000000   clock network delay (ideal)
                                  0.250000    0.250000   clock uncertainty
                                  0.000000    0.250000   clock reconvergence pessimism
                                              0.250000 ^ _1692_/CLK (sky130_fd_sc_hd__dfxtp_2)
                                 -0.015095    0.234905   library hold time
                                              0.234905   data required time
---------------------------------------------------------------------------------------------
                                              0.234905   data required time
                                             -0.448597   data arrival time
---------------------------------------------------------------------------------------------
                                              0.213692   slack (MET)


Startpoint: _1693_ (rising edge-triggered flip-flop clocked by clk_10mhz)
Endpoint: _1693_ (rising edge-triggered flip-flop clocked by clk_10mhz)
Path Group: clk_10mhz
Path Type: min

Fanout         Cap        Slew       Delay        Time   Description
---------------------------------------------------------------------------------------------
                      0.150000    0.000000    0.000000   clock clk_10mhz (rise edge)
                                  0.000000    0.000000   clock network delay (ideal)
                      0.150000    0.000000    0.000000 ^ _1693_/CLK (sky130_fd_sc_hd__dfxtp_2)
     2    0.004039    0.036404    0.346172    0.346172 ^ _1693_/Q (sky130_fd_sc_hd__dfxtp_2)
                                                         u_fifo.mem[1][2] (net)
                      0.036404    0.000000    0.346172 ^ _1229_/A0 (sky130_fd_sc_hd__mux2_1)
     1    0.001674    0.033899    0.102425    0.448597 ^ _1229_/X (sky130_fd_sc_hd__mux2_1)
                                                         _0196_ (net)
                      0.033899    0.000000    0.448597 ^ _1693_/D (sky130_fd_sc_hd__dfxtp_2)
                                              0.448597   data arrival time

                      0.150000    0.000000    0.000000   clock clk_10mhz (rise edge)
                                  0.000000    0.000000   clock network delay (ideal)
                                  0.250000    0.250000   clock uncertainty
                                  0.000000    0.250000   clock reconvergence pessimism
                                              0.250000 ^ _1693_/CLK (sky130_fd_sc_hd__dfxtp_2)
                                 -0.015095    0.234905   library hold time
                                              0.234905   data required time
---------------------------------------------------------------------------------------------
                                              0.234905   data required time
                                             -0.448597   data arrival time
---------------------------------------------------------------------------------------------
                                              0.213692   slack (MET)


Startpoint: _1621_ (rising edge-triggered flip-flop clocked by clk_10mhz)
Endpoint: _1621_ (rising edge-triggered flip-flop clocked by clk_10mhz)
Path Group: clk_10mhz
Path Type: min

Fanout         Cap        Slew       Delay        Time   Description
---------------------------------------------------------------------------------------------
                      0.150000    0.000000    0.000000   clock clk_10mhz (rise edge)
                                  0.000000    0.000000   clock network delay (ideal)
                      0.150000    0.000000    0.000000 ^ _1621_/CLK (sky130_fd_sc_hd__dfxtp_2)
     2    0.004039    0.036404    0.346172    0.346172 ^ _1621_/Q (sky130_fd_sc_hd__dfxtp_2)
                                                         u_fifo.mem[8][2] (net)
                      0.036404    0.000000    0.346172 ^ _1146_/A0 (sky130_fd_sc_hd__mux2_1)
     1    0.001674    0.033902    0.102425    0.448597 ^ _1146_/X (sky130_fd_sc_hd__mux2_1)
                                                         _0124_ (net)
                      0.033902    0.000000    0.448597 ^ _1621_/D (sky130_fd_sc_hd__dfxtp_2)
                                              0.448597   data arrival time

                      0.150000    0.000000    0.000000   clock clk_10mhz (rise edge)
                                  0.000000    0.000000   clock network delay (ideal)
                                  0.250000    0.250000   clock uncertainty
                                  0.000000    0.250000   clock reconvergence pessimism
                                              0.250000 ^ _1621_/CLK (sky130_fd_sc_hd__dfxtp_2)
                                 -0.015096    0.234904   library hold time
                                              0.234904   data required time
---------------------------------------------------------------------------------------------
                                              0.234904   data required time
                                             -0.448597   data arrival time
---------------------------------------------------------------------------------------------
                                              0.213693   slack (MET)


Startpoint: _1623_ (rising edge-triggered flip-flop clocked by clk_10mhz)
Endpoint: _1623_ (rising edge-triggered flip-flop clocked by clk_10mhz)
Path Group: clk_10mhz
Path Type: min

Fanout         Cap        Slew       Delay        Time   Description
---------------------------------------------------------------------------------------------
                      0.150000    0.000000    0.000000   clock clk_10mhz (rise edge)
                                  0.000000    0.000000   clock network delay (ideal)
                      0.150000    0.000000    0.000000 ^ _1623_/CLK (sky130_fd_sc_hd__dfxtp_2)
     2    0.004039    0.036404    0.346172    0.346172 ^ _1623_/Q (sky130_fd_sc_hd__dfxtp_2)
                                                         u_fifo.mem[8][4] (net)
                      0.036404    0.000000    0.346172 ^ _1148_/A0 (sky130_fd_sc_hd__mux2_1)
     1    0.001674    0.033902    0.102425    0.448597 ^ _1148_/X (sky130_fd_sc_hd__mux2_1)
                                                         _0126_ (net)
                      0.033902    0.000000    0.448597 ^ _1623_/D (sky130_fd_sc_hd__dfxtp_2)
                                              0.448597   data arrival time

                      0.150000    0.000000    0.000000   clock clk_10mhz (rise edge)
                                  0.000000    0.000000   clock network delay (ideal)
                                  0.250000    0.250000   clock uncertainty
                                  0.000000    0.250000   clock reconvergence pessimism
                                              0.250000 ^ _1623_/CLK (sky130_fd_sc_hd__dfxtp_2)
                                 -0.015096    0.234904   library hold time
                                              0.234904   data required time
---------------------------------------------------------------------------------------------
                                              0.234904   data required time
                                             -0.448597   data arrival time
---------------------------------------------------------------------------------------------
                                              0.213693   slack (MET)


Startpoint: _1677_ (rising edge-triggered flip-flop clocked by clk_10mhz)
Endpoint: _1677_ (rising edge-triggered flip-flop clocked by clk_10mhz)
Path Group: clk_10mhz
Path Type: min

Fanout         Cap        Slew       Delay        Time   Description
---------------------------------------------------------------------------------------------
                      0.150000    0.000000    0.000000   clock clk_10mhz (rise edge)
                                  0.000000    0.000000   clock network delay (ideal)
                      0.150000    0.000000    0.000000 ^ _1677_/CLK (sky130_fd_sc_hd__dfxtp_2)
     2    0.004039    0.036404    0.346172    0.346172 ^ _1677_/Q (sky130_fd_sc_hd__dfxtp_2)
                                                         u_fifo.mem[12][2] (net)
                      0.036404    0.000000    0.346172 ^ _1211_/A0 (sky130_fd_sc_hd__mux2_1)
     1    0.001674    0.033902    0.102425    0.448597 ^ _1211_/X (sky130_fd_sc_hd__mux2_1)
                                                         _0180_ (net)
                      0.033902    0.000000    0.448597 ^ _1677_/D (sky130_fd_sc_hd__dfxtp_2)
                                              0.448597   data arrival time

                      0.150000    0.000000    0.000000   clock clk_10mhz (rise edge)
                                  0.000000    0.000000   clock network delay (ideal)
                                  0.250000    0.250000   clock uncertainty
                                  0.000000    0.250000   clock reconvergence pessimism
                                              0.250000 ^ _1677_/CLK (sky130_fd_sc_hd__dfxtp_2)
                                 -0.015096    0.234904   library hold time
                                              0.234904   data required time
---------------------------------------------------------------------------------------------
                                              0.234904   data required time
                                             -0.448597   data arrival time
---------------------------------------------------------------------------------------------
                                              0.213693   slack (MET)


Startpoint: _1678_ (rising edge-triggered flip-flop clocked by clk_10mhz)
Endpoint: _1678_ (rising edge-triggered flip-flop clocked by clk_10mhz)
Path Group: clk_10mhz
Path Type: min

Fanout         Cap        Slew       Delay        Time   Description
---------------------------------------------------------------------------------------------
                      0.150000    0.000000    0.000000   clock clk_10mhz (rise edge)
                                  0.000000    0.000000   clock network delay (ideal)
                      0.150000    0.000000    0.000000 ^ _1678_/CLK (sky130_fd_sc_hd__dfxtp_2)
     2    0.004039    0.036404    0.346172    0.346172 ^ _1678_/Q (sky130_fd_sc_hd__dfxtp_2)
                                                         u_fifo.mem[12][3] (net)
                      0.036404    0.000000    0.346172 ^ _1212_/A0 (sky130_fd_sc_hd__mux2_1)
     1    0.001674    0.033902    0.102425    0.448597 ^ _1212_/X (sky130_fd_sc_hd__mux2_1)
                                                         _0181_ (net)
                      0.033902    0.000000    0.448597 ^ _1678_/D (sky130_fd_sc_hd__dfxtp_2)
                                              0.448597   data arrival time

                      0.150000    0.000000    0.000000   clock clk_10mhz (rise edge)
                                  0.000000    0.000000   clock network delay (ideal)
                                  0.250000    0.250000   clock uncertainty
                                  0.000000    0.250000   clock reconvergence pessimism
                                              0.250000 ^ _1678_/CLK (sky130_fd_sc_hd__dfxtp_2)
                                 -0.015096    0.234904   library hold time
                                              0.234904   data required time
---------------------------------------------------------------------------------------------
                                              0.234904   data required time
                                             -0.448597   data arrival time
---------------------------------------------------------------------------------------------
                                              0.213693   slack (MET)


Startpoint: _1680_ (rising edge-triggered flip-flop clocked by clk_10mhz)
Endpoint: _1680_ (rising edge-triggered flip-flop clocked by clk_10mhz)
Path Group: clk_10mhz
Path Type: min

Fanout         Cap        Slew       Delay        Time   Description
---------------------------------------------------------------------------------------------
                      0.150000    0.000000    0.000000   clock clk_10mhz (rise edge)
                                  0.000000    0.000000   clock network delay (ideal)
                      0.150000    0.000000    0.000000 ^ _1680_/CLK (sky130_fd_sc_hd__dfxtp_2)
     2    0.004039    0.036404    0.346172    0.346172 ^ _1680_/Q (sky130_fd_sc_hd__dfxtp_2)
                                                         u_fifo.mem[12][5] (net)
                      0.036404    0.000000    0.346172 ^ _1214_/A0 (sky130_fd_sc_hd__mux2_1)
     1    0.001674    0.033902    0.102425    0.448597 ^ _1214_/X (sky130_fd_sc_hd__mux2_1)
                                                         _0183_ (net)
                      0.033902    0.000000    0.448597 ^ _1680_/D (sky130_fd_sc_hd__dfxtp_2)
                                              0.448597   data arrival time

                      0.150000    0.000000    0.000000   clock clk_10mhz (rise edge)
                                  0.000000    0.000000   clock network delay (ideal)
                                  0.250000    0.250000   clock uncertainty
                                  0.000000    0.250000   clock reconvergence pessimism
                                              0.250000 ^ _1680_/CLK (sky130_fd_sc_hd__dfxtp_2)
                                 -0.015096    0.234904   library hold time
                                              0.234904   data required time
---------------------------------------------------------------------------------------------
                                              0.234904   data required time
                                             -0.448597   data arrival time
---------------------------------------------------------------------------------------------
                                              0.213693   slack (MET)


Startpoint: _1682_ (rising edge-triggered flip-flop clocked by clk_10mhz)
Endpoint: _1682_ (rising edge-triggered flip-flop clocked by clk_10mhz)
Path Group: clk_10mhz
Path Type: min

Fanout         Cap        Slew       Delay        Time   Description
---------------------------------------------------------------------------------------------
                      0.150000    0.000000    0.000000   clock clk_10mhz (rise edge)
                                  0.000000    0.000000   clock network delay (ideal)
                      0.150000    0.000000    0.000000 ^ _1682_/CLK (sky130_fd_sc_hd__dfxtp_2)
     2    0.004039    0.036404    0.346172    0.346172 ^ _1682_/Q (sky130_fd_sc_hd__dfxtp_2)
                                                         u_fifo.mem[12][7] (net)
                      0.036404    0.000000    0.346172 ^ _1216_/A0 (sky130_fd_sc_hd__mux2_1)
     1    0.001674    0.033902    0.102425    0.448597 ^ _1216_/X (sky130_fd_sc_hd__mux2_1)
                                                         _0185_ (net)
                      0.033902    0.000000    0.448597 ^ _1682_/D (sky130_fd_sc_hd__dfxtp_2)
                                              0.448597   data arrival time

                      0.150000    0.000000    0.000000   clock clk_10mhz (rise edge)
                                  0.000000    0.000000   clock network delay (ideal)
                                  0.250000    0.250000   clock uncertainty
                                  0.000000    0.250000   clock reconvergence pessimism
                                              0.250000 ^ _1682_/CLK (sky130_fd_sc_hd__dfxtp_2)
                                 -0.015096    0.234904   library hold time
                                              0.234904   data required time
---------------------------------------------------------------------------------------------
                                              0.234904   data required time
                                             -0.448597   data arrival time
---------------------------------------------------------------------------------------------
                                              0.213693   slack (MET)


Startpoint: _1635_ (rising edge-triggered flip-flop clocked by clk_10mhz)
Endpoint: _1635_ (rising edge-triggered flip-flop clocked by clk_10mhz)
Path Group: clk_10mhz
Path Type: min

Fanout         Cap        Slew       Delay        Time   Description
---------------------------------------------------------------------------------------------
                      0.150000    0.000000    0.000000   clock clk_10mhz (rise edge)
                                  0.000000    0.000000   clock network delay (ideal)
                      0.150000    0.000000    0.000000 ^ _1635_/CLK (sky130_fd_sc_hd__dfxtp_2)
     2    0.004039    0.036404    0.346172    0.346172 ^ _1635_/Q (sky130_fd_sc_hd__dfxtp_2)
                                                         u_fifo.mem[7][0] (net)
                      0.036404    0.000000    0.346172 ^ _1163_/A0 (sky130_fd_sc_hd__mux2_1)
     1    0.001674    0.033903    0.102425    0.448597 ^ _1163_/X (sky130_fd_sc_hd__mux2_1)
                                                         _0138_ (net)
                      0.033903    0.000000    0.448597 ^ _1635_/D (sky130_fd_sc_hd__dfxtp_2)
                                              0.448597   data arrival time

                      0.150000    0.000000    0.000000   clock clk_10mhz (rise edge)
                                  0.000000    0.000000   clock network delay (ideal)
                                  0.250000    0.250000   clock uncertainty
                                  0.000000    0.250000   clock reconvergence pessimism
                                              0.250000 ^ _1635_/CLK (sky130_fd_sc_hd__dfxtp_2)
                                 -0.015096    0.234904   library hold time
                                              0.234904   data required time
---------------------------------------------------------------------------------------------
                                              0.234904   data required time
                                             -0.448597   data arrival time
---------------------------------------------------------------------------------------------
                                              0.213693   slack (MET)


Startpoint: _1638_ (rising edge-triggered flip-flop clocked by clk_10mhz)
Endpoint: _1638_ (rising edge-triggered flip-flop clocked by clk_10mhz)
Path Group: clk_10mhz
Path Type: min

Fanout         Cap        Slew       Delay        Time   Description
---------------------------------------------------------------------------------------------
                      0.150000    0.000000    0.000000   clock clk_10mhz (rise edge)
                                  0.000000    0.000000   clock network delay (ideal)
                      0.150000    0.000000    0.000000 ^ _1638_/CLK (sky130_fd_sc_hd__dfxtp_2)
     2    0.004039    0.036404    0.346172    0.346172 ^ _1638_/Q (sky130_fd_sc_hd__dfxtp_2)
                                                         u_fifo.mem[7][3] (net)
                      0.036404    0.000000    0.346172 ^ _1166_/A0 (sky130_fd_sc_hd__mux2_1)
     1    0.001674    0.033903    0.102425    0.448597 ^ _1166_/X (sky130_fd_sc_hd__mux2_1)
                                                         _0141_ (net)
                      0.033903    0.000000    0.448597 ^ _1638_/D (sky130_fd_sc_hd__dfxtp_2)
                                              0.448597   data arrival time

                      0.150000    0.000000    0.000000   clock clk_10mhz (rise edge)
                                  0.000000    0.000000   clock network delay (ideal)
                                  0.250000    0.250000   clock uncertainty
                                  0.000000    0.250000   clock reconvergence pessimism
                                              0.250000 ^ _1638_/CLK (sky130_fd_sc_hd__dfxtp_2)
                                 -0.015096    0.234904   library hold time
                                              0.234904   data required time
---------------------------------------------------------------------------------------------
                                              0.234904   data required time
                                             -0.448597   data arrival time
---------------------------------------------------------------------------------------------
                                              0.213693   slack (MET)


Startpoint: _1640_ (rising edge-triggered flip-flop clocked by clk_10mhz)
Endpoint: _1640_ (rising edge-triggered flip-flop clocked by clk_10mhz)
Path Group: clk_10mhz
Path Type: min

Fanout         Cap        Slew       Delay        Time   Description
---------------------------------------------------------------------------------------------
                      0.150000    0.000000    0.000000   clock clk_10mhz (rise edge)
                                  0.000000    0.000000   clock network delay (ideal)
                      0.150000    0.000000    0.000000 ^ _1640_/CLK (sky130_fd_sc_hd__dfxtp_2)
     2    0.004039    0.036404    0.346172    0.346172 ^ _1640_/Q (sky130_fd_sc_hd__dfxtp_2)
                                                         u_fifo.mem[7][5] (net)
                      0.036404    0.000000    0.346172 ^ _1168_/A0 (sky130_fd_sc_hd__mux2_1)
     1    0.001674    0.033903    0.102425    0.448597 ^ _1168_/X (sky130_fd_sc_hd__mux2_1)
                                                         _0143_ (net)
                      0.033903    0.000000    0.448597 ^ _1640_/D (sky130_fd_sc_hd__dfxtp_2)
                                              0.448597   data arrival time

                      0.150000    0.000000    0.000000   clock clk_10mhz (rise edge)
                                  0.000000    0.000000   clock network delay (ideal)
                                  0.250000    0.250000   clock uncertainty
                                  0.000000    0.250000   clock reconvergence pessimism
                                              0.250000 ^ _1640_/CLK (sky130_fd_sc_hd__dfxtp_2)
                                 -0.015096    0.234904   library hold time
                                              0.234904   data required time
---------------------------------------------------------------------------------------------
                                              0.234904   data required time
                                             -0.448597   data arrival time
---------------------------------------------------------------------------------------------
                                              0.213693   slack (MET)


Startpoint: _1610_ (rising edge-triggered flip-flop clocked by clk_10mhz)
Endpoint: _1610_ (rising edge-triggered flip-flop clocked by clk_10mhz)
Path Group: clk_10mhz
Path Type: min

Fanout         Cap        Slew       Delay        Time   Description
---------------------------------------------------------------------------------------------
                      0.150000    0.000000    0.000000   clock clk_10mhz (rise edge)
                                  0.000000    0.000000   clock network delay (ideal)
                      0.150000    0.000000    0.000000 ^ _1610_/CLK (sky130_fd_sc_hd__dfxtp_2)
     2    0.004065    0.036518    0.346292    0.346292 ^ _1610_/Q (sky130_fd_sc_hd__dfxtp_2)
                                                         u_fifo.mem[10][7] (net)
                      0.036518    0.000000    0.346292 ^ _1131_/A0 (sky130_fd_sc_hd__mux2_1)
     1    0.001674    0.033899    0.102464    0.448757 ^ _1131_/X (sky130_fd_sc_hd__mux2_1)
                                                         _0113_ (net)
                      0.033899    0.000000    0.448757 ^ _1610_/D (sky130_fd_sc_hd__dfxtp_2)
                                              0.448757   data arrival time

                      0.150000    0.000000    0.000000   clock clk_10mhz (rise edge)
                                  0.000000    0.000000   clock network delay (ideal)
                                  0.250000    0.250000   clock uncertainty
                                  0.000000    0.250000   clock reconvergence pessimism
                                              0.250000 ^ _1610_/CLK (sky130_fd_sc_hd__dfxtp_2)
                                 -0.015095    0.234905   library hold time
                                              0.234905   data required time
---------------------------------------------------------------------------------------------
                                              0.234905   data required time
                                             -0.448757   data arrival time
---------------------------------------------------------------------------------------------
                                              0.213852   slack (MET)


Startpoint: _1665_ (rising edge-triggered flip-flop clocked by clk_10mhz)
Endpoint: _1665_ (rising edge-triggered flip-flop clocked by clk_10mhz)
Path Group: clk_10mhz
Path Type: min

Fanout         Cap        Slew       Delay        Time   Description
---------------------------------------------------------------------------------------------
                      0.150000    0.000000    0.000000   clock clk_10mhz (rise edge)
                                  0.000000    0.000000   clock network delay (ideal)
                      0.150000    0.000000    0.000000 ^ _1665_/CLK (sky130_fd_sc_hd__dfxtp_2)
     2    0.004065    0.036518    0.346292    0.346292 ^ _1665_/Q (sky130_fd_sc_hd__dfxtp_2)
                                                         u_fifo.mem[4][6] (net)
                      0.036518    0.000000    0.346292 ^ _1196_/A0 (sky130_fd_sc_hd__mux2_1)
     1    0.001674    0.033900    0.102464    0.448757 ^ _1196_/X (sky130_fd_sc_hd__mux2_1)
                                                         _0168_ (net)
                      0.033900    0.000000    0.448757 ^ _1665_/D (sky130_fd_sc_hd__dfxtp_2)
                                              0.448757   data arrival time

                      0.150000    0.000000    0.000000   clock clk_10mhz (rise edge)
                                  0.000000    0.000000   clock network delay (ideal)
                                  0.250000    0.250000   clock uncertainty
                                  0.000000    0.250000   clock reconvergence pessimism
                                              0.250000 ^ _1665_/CLK (sky130_fd_sc_hd__dfxtp_2)
                                 -0.015096    0.234904   library hold time
                                              0.234904   data required time
---------------------------------------------------------------------------------------------
                                              0.234904   data required time
                                             -0.448757   data arrival time
---------------------------------------------------------------------------------------------
                                              0.213852   slack (MET)


Startpoint: _1671_ (rising edge-triggered flip-flop clocked by clk_10mhz)
Endpoint: _1671_ (rising edge-triggered flip-flop clocked by clk_10mhz)
Path Group: clk_10mhz
Path Type: min

Fanout         Cap        Slew       Delay        Time   Description
---------------------------------------------------------------------------------------------
                      0.150000    0.000000    0.000000   clock clk_10mhz (rise edge)
                                  0.000000    0.000000   clock network delay (ideal)
                      0.150000    0.000000    0.000000 ^ _1671_/CLK (sky130_fd_sc_hd__dfxtp_2)
     2    0.004065    0.036518    0.346292    0.346292 ^ _1671_/Q (sky130_fd_sc_hd__dfxtp_2)
                                                         u_fifo.mem[3][4] (net)
                      0.036518    0.000000    0.346292 ^ _1204_/A0 (sky130_fd_sc_hd__mux2_1)
     1    0.001674    0.033903    0.102464    0.448757 ^ _1204_/X (sky130_fd_sc_hd__mux2_1)
                                                         _0174_ (net)
                      0.033903    0.000000    0.448757 ^ _1671_/D (sky130_fd_sc_hd__dfxtp_2)
                                              0.448757   data arrival time

                      0.150000    0.000000    0.000000   clock clk_10mhz (rise edge)
                                  0.000000    0.000000   clock network delay (ideal)
                                  0.250000    0.250000   clock uncertainty
                                  0.000000    0.250000   clock reconvergence pessimism
                                              0.250000 ^ _1671_/CLK (sky130_fd_sc_hd__dfxtp_2)
                                 -0.015096    0.234904   library hold time
                                              0.234904   data required time
---------------------------------------------------------------------------------------------
                                              0.234904   data required time
                                             -0.448757   data arrival time
---------------------------------------------------------------------------------------------
                                              0.213853   slack (MET)


Startpoint: _1700_ (rising edge-triggered flip-flop clocked by clk_10mhz)
Endpoint: _1700_ (rising edge-triggered flip-flop clocked by clk_10mhz)
Path Group: clk_10mhz
Path Type: min

Fanout         Cap        Slew       Delay        Time   Description
---------------------------------------------------------------------------------------------
                      0.150000    0.000000    0.000000   clock clk_10mhz (rise edge)
                                  0.000000    0.000000   clock network delay (ideal)
                      0.150000    0.000000    0.000000 ^ _1700_/CLK (sky130_fd_sc_hd__dfxtp_2)
     2    0.004068    0.036531    0.346306    0.346306 ^ _1700_/Q (sky130_fd_sc_hd__dfxtp_2)
                                                         u_fifo.mem[0][1] (net)
                      0.036531    0.000000    0.346306 ^ _1237_/A0 (sky130_fd_sc_hd__mux2_1)
     1    0.001674    0.033900    0.102469    0.448775 ^ _1237_/X (sky130_fd_sc_hd__mux2_1)
                                                         _0203_ (net)
                      0.033900    0.000000    0.448775 ^ _1700_/D (sky130_fd_sc_hd__dfxtp_2)
                                              0.448775   data arrival time

                      0.150000    0.000000    0.000000   clock clk_10mhz (rise edge)
                                  0.000000    0.000000   clock network delay (ideal)
                                  0.250000    0.250000   clock uncertainty
                                  0.000000    0.250000   clock reconvergence pessimism
                                              0.250000 ^ _1700_/CLK (sky130_fd_sc_hd__dfxtp_2)
                                 -0.015096    0.234904   library hold time
                                              0.234904   data required time
---------------------------------------------------------------------------------------------
                                              0.234904   data required time
                                             -0.448775   data arrival time
---------------------------------------------------------------------------------------------
                                              0.213871   slack (MET)


Startpoint: _1701_ (rising edge-triggered flip-flop clocked by clk_10mhz)
Endpoint: _1701_ (rising edge-triggered flip-flop clocked by clk_10mhz)
Path Group: clk_10mhz
Path Type: min

Fanout         Cap        Slew       Delay        Time   Description
---------------------------------------------------------------------------------------------
                      0.150000    0.000000    0.000000   clock clk_10mhz (rise edge)
                                  0.000000    0.000000   clock network delay (ideal)
                      0.150000    0.000000    0.000000 ^ _1701_/CLK (sky130_fd_sc_hd__dfxtp_2)
     2    0.004068    0.036531    0.346306    0.346306 ^ _1701_/Q (sky130_fd_sc_hd__dfxtp_2)
                                                         u_fifo.mem[0][2] (net)
                      0.036531    0.000000    0.346306 ^ _1238_/A0 (sky130_fd_sc_hd__mux2_1)
     1    0.001674    0.033900    0.102469    0.448775 ^ _1238_/X (sky130_fd_sc_hd__mux2_1)
                                                         _0204_ (net)
                      0.033900    0.000000    0.448775 ^ _1701_/D (sky130_fd_sc_hd__dfxtp_2)
                                              0.448775   data arrival time

                      0.150000    0.000000    0.000000   clock clk_10mhz (rise edge)
                                  0.000000    0.000000   clock network delay (ideal)
                                  0.250000    0.250000   clock uncertainty
                                  0.000000    0.250000   clock reconvergence pessimism
                                              0.250000 ^ _1701_/CLK (sky130_fd_sc_hd__dfxtp_2)
                                 -0.015096    0.234904   library hold time
                                              0.234904   data required time
---------------------------------------------------------------------------------------------
                                              0.234904   data required time
                                             -0.448775   data arrival time
---------------------------------------------------------------------------------------------
                                              0.213871   slack (MET)


Startpoint: _1703_ (rising edge-triggered flip-flop clocked by clk_10mhz)
Endpoint: _1703_ (rising edge-triggered flip-flop clocked by clk_10mhz)
Path Group: clk_10mhz
Path Type: min

Fanout         Cap        Slew       Delay        Time   Description
---------------------------------------------------------------------------------------------
                      0.150000    0.000000    0.000000   clock clk_10mhz (rise edge)
                                  0.000000    0.000000   clock network delay (ideal)
                      0.150000    0.000000    0.000000 ^ _1703_/CLK (sky130_fd_sc_hd__dfxtp_2)
     2    0.004068    0.036531    0.346306    0.346306 ^ _1703_/Q (sky130_fd_sc_hd__dfxtp_2)
                                                         u_fifo.mem[0][4] (net)
                      0.036531    0.000000    0.346306 ^ _1240_/A0 (sky130_fd_sc_hd__mux2_1)
     1    0.001674    0.033900    0.102469    0.448775 ^ _1240_/X (sky130_fd_sc_hd__mux2_1)
                                                         _0206_ (net)
                      0.033900    0.000000    0.448775 ^ _1703_/D (sky130_fd_sc_hd__dfxtp_2)
                                              0.448775   data arrival time

                      0.150000    0.000000    0.000000   clock clk_10mhz (rise edge)
                                  0.000000    0.000000   clock network delay (ideal)
                                  0.250000    0.250000   clock uncertainty
                                  0.000000    0.250000   clock reconvergence pessimism
                                              0.250000 ^ _1703_/CLK (sky130_fd_sc_hd__dfxtp_2)
                                 -0.015096    0.234904   library hold time
                                              0.234904   data required time
---------------------------------------------------------------------------------------------
                                              0.234904   data required time
                                             -0.448775   data arrival time
---------------------------------------------------------------------------------------------
                                              0.213871   slack (MET)


Startpoint: _1704_ (rising edge-triggered flip-flop clocked by clk_10mhz)
Endpoint: _1704_ (rising edge-triggered flip-flop clocked by clk_10mhz)
Path Group: clk_10mhz
Path Type: min

Fanout         Cap        Slew       Delay        Time   Description
---------------------------------------------------------------------------------------------
                      0.150000    0.000000    0.000000   clock clk_10mhz (rise edge)
                                  0.000000    0.000000   clock network delay (ideal)
                      0.150000    0.000000    0.000000 ^ _1704_/CLK (sky130_fd_sc_hd__dfxtp_2)
     2    0.004068    0.036531    0.346306    0.346306 ^ _1704_/Q (sky130_fd_sc_hd__dfxtp_2)
                                                         u_fifo.mem[0][5] (net)
                      0.036531    0.000000    0.346306 ^ _1241_/A0 (sky130_fd_sc_hd__mux2_1)
     1    0.001674    0.033900    0.102469    0.448775 ^ _1241_/X (sky130_fd_sc_hd__mux2_1)
                                                         _0207_ (net)
                      0.033900    0.000000    0.448775 ^ _1704_/D (sky130_fd_sc_hd__dfxtp_2)
                                              0.448775   data arrival time

                      0.150000    0.000000    0.000000   clock clk_10mhz (rise edge)
                                  0.000000    0.000000   clock network delay (ideal)
                                  0.250000    0.250000   clock uncertainty
                                  0.000000    0.250000   clock reconvergence pessimism
                                              0.250000 ^ _1704_/CLK (sky130_fd_sc_hd__dfxtp_2)
                                 -0.015096    0.234904   library hold time
                                              0.234904   data required time
---------------------------------------------------------------------------------------------
                                              0.234904   data required time
                                             -0.448775   data arrival time
---------------------------------------------------------------------------------------------
                                              0.213871   slack (MET)


Startpoint: _1705_ (rising edge-triggered flip-flop clocked by clk_10mhz)
Endpoint: _1705_ (rising edge-triggered flip-flop clocked by clk_10mhz)
Path Group: clk_10mhz
Path Type: min

Fanout         Cap        Slew       Delay        Time   Description
---------------------------------------------------------------------------------------------
                      0.150000    0.000000    0.000000   clock clk_10mhz (rise edge)
                                  0.000000    0.000000   clock network delay (ideal)
                      0.150000    0.000000    0.000000 ^ _1705_/CLK (sky130_fd_sc_hd__dfxtp_2)
     2    0.004068    0.036531    0.346306    0.346306 ^ _1705_/Q (sky130_fd_sc_hd__dfxtp_2)
                                                         u_fifo.mem[0][6] (net)
                      0.036531    0.000000    0.346306 ^ _1242_/A0 (sky130_fd_sc_hd__mux2_1)
     1    0.001674    0.033900    0.102469    0.448775 ^ _1242_/X (sky130_fd_sc_hd__mux2_1)
                                                         _0208_ (net)
                      0.033900    0.000000    0.448775 ^ _1705_/D (sky130_fd_sc_hd__dfxtp_2)
                                              0.448775   data arrival time

                      0.150000    0.000000    0.000000   clock clk_10mhz (rise edge)
                                  0.000000    0.000000   clock network delay (ideal)
                                  0.250000    0.250000   clock uncertainty
                                  0.000000    0.250000   clock reconvergence pessimism
                                              0.250000 ^ _1705_/CLK (sky130_fd_sc_hd__dfxtp_2)
                                 -0.015096    0.234904   library hold time
                                              0.234904   data required time
---------------------------------------------------------------------------------------------
                                              0.234904   data required time
                                             -0.448775   data arrival time
---------------------------------------------------------------------------------------------
                                              0.213871   slack (MET)


Startpoint: _1706_ (rising edge-triggered flip-flop clocked by clk_10mhz)
Endpoint: _1706_ (rising edge-triggered flip-flop clocked by clk_10mhz)
Path Group: clk_10mhz
Path Type: min

Fanout         Cap        Slew       Delay        Time   Description
---------------------------------------------------------------------------------------------
                      0.150000    0.000000    0.000000   clock clk_10mhz (rise edge)
                                  0.000000    0.000000   clock network delay (ideal)
                      0.150000    0.000000    0.000000 ^ _1706_/CLK (sky130_fd_sc_hd__dfxtp_2)
     2    0.004068    0.036531    0.346306    0.346306 ^ _1706_/Q (sky130_fd_sc_hd__dfxtp_2)
                                                         u_fifo.mem[0][7] (net)
                      0.036531    0.000000    0.346306 ^ _1243_/A0 (sky130_fd_sc_hd__mux2_1)
     1    0.001674    0.033900    0.102469    0.448775 ^ _1243_/X (sky130_fd_sc_hd__mux2_1)
                                                         _0209_ (net)
                      0.033900    0.000000    0.448775 ^ _1706_/D (sky130_fd_sc_hd__dfxtp_2)
                                              0.448775   data arrival time

                      0.150000    0.000000    0.000000   clock clk_10mhz (rise edge)
                                  0.000000    0.000000   clock network delay (ideal)
                                  0.250000    0.250000   clock uncertainty
                                  0.000000    0.250000   clock reconvergence pessimism
                                              0.250000 ^ _1706_/CLK (sky130_fd_sc_hd__dfxtp_2)
                                 -0.015096    0.234904   library hold time
                                              0.234904   data required time
---------------------------------------------------------------------------------------------
                                              0.234904   data required time
                                             -0.448775   data arrival time
---------------------------------------------------------------------------------------------
                                              0.213871   slack (MET)


Startpoint: _1699_ (rising edge-triggered flip-flop clocked by clk_10mhz)
Endpoint: _1699_ (rising edge-triggered flip-flop clocked by clk_10mhz)
Path Group: clk_10mhz
Path Type: min

Fanout         Cap        Slew       Delay        Time   Description
---------------------------------------------------------------------------------------------
                      0.150000    0.000000    0.000000   clock clk_10mhz (rise edge)
                                  0.000000    0.000000   clock network delay (ideal)
                      0.150000    0.000000    0.000000 ^ _1699_/CLK (sky130_fd_sc_hd__dfxtp_2)
     2    0.004087    0.036614    0.346394    0.346394 ^ _1699_/Q (sky130_fd_sc_hd__dfxtp_2)
                                                         u_fifo.mem[0][0] (net)
                      0.036614    0.000000    0.346394 ^ _1236_/A0 (sky130_fd_sc_hd__mux2_1)
     1    0.001674    0.033900    0.102498    0.448892 ^ _1236_/X (sky130_fd_sc_hd__mux2_1)
                                                         _0202_ (net)
                      0.033900    0.000000    0.448892 ^ _1699_/D (sky130_fd_sc_hd__dfxtp_2)
                                              0.448892   data arrival time

                      0.150000    0.000000    0.000000   clock clk_10mhz (rise edge)
                                  0.000000    0.000000   clock network delay (ideal)
                                  0.250000    0.250000   clock uncertainty
                                  0.000000    0.250000   clock reconvergence pessimism
                                              0.250000 ^ _1699_/CLK (sky130_fd_sc_hd__dfxtp_2)
                                 -0.015096    0.234904   library hold time
                                              0.234904   data required time
---------------------------------------------------------------------------------------------
                                              0.234904   data required time
                                             -0.448892   data arrival time
---------------------------------------------------------------------------------------------
                                              0.213987   slack (MET)


Startpoint: _1605_ (rising edge-triggered flip-flop clocked by clk_10mhz)
Endpoint: _1605_ (rising edge-triggered flip-flop clocked by clk_10mhz)
Path Group: clk_10mhz
Path Type: min

Fanout         Cap        Slew       Delay        Time   Description
---------------------------------------------------------------------------------------------
                      0.150000    0.000000    0.000000   clock clk_10mhz (rise edge)
                                  0.000000    0.000000   clock network delay (ideal)
                      0.150000    0.000000    0.000000 ^ _1605_/CLK (sky130_fd_sc_hd__dfxtp_2)
     2    0.004106    0.036698    0.346482    0.346482 ^ _1605_/Q (sky130_fd_sc_hd__dfxtp_2)
                                                         u_fifo.mem[10][2] (net)
                      0.036698    0.000000    0.346482 ^ _1126_/A0 (sky130_fd_sc_hd__mux2_1)
     1    0.001674    0.033899    0.102526    0.449009 ^ _1126_/X (sky130_fd_sc_hd__mux2_1)
                                                         _0108_ (net)
                      0.033899    0.000000    0.449009 ^ _1605_/D (sky130_fd_sc_hd__dfxtp_2)
                                              0.449009   data arrival time

                      0.150000    0.000000    0.000000   clock clk_10mhz (rise edge)
                                  0.000000    0.000000   clock network delay (ideal)
                                  0.250000    0.250000   clock uncertainty
                                  0.000000    0.250000   clock reconvergence pessimism
                                              0.250000 ^ _1605_/CLK (sky130_fd_sc_hd__dfxtp_2)
                                 -0.015095    0.234905   library hold time
                                              0.234905   data required time
---------------------------------------------------------------------------------------------
                                              0.234905   data required time
                                             -0.449009   data arrival time
---------------------------------------------------------------------------------------------
                                              0.214104   slack (MET)


Startpoint: _1606_ (rising edge-triggered flip-flop clocked by clk_10mhz)
Endpoint: _1606_ (rising edge-triggered flip-flop clocked by clk_10mhz)
Path Group: clk_10mhz
Path Type: min

Fanout         Cap        Slew       Delay        Time   Description
---------------------------------------------------------------------------------------------
                      0.150000    0.000000    0.000000   clock clk_10mhz (rise edge)
                                  0.000000    0.000000   clock network delay (ideal)
                      0.150000    0.000000    0.000000 ^ _1606_/CLK (sky130_fd_sc_hd__dfxtp_2)
     2    0.004106    0.036698    0.346482    0.346482 ^ _1606_/Q (sky130_fd_sc_hd__dfxtp_2)
                                                         u_fifo.mem[10][3] (net)
                      0.036698    0.000000    0.346482 ^ _1127_/A0 (sky130_fd_sc_hd__mux2_1)
     1    0.001674    0.033899    0.102526    0.449009 ^ _1127_/X (sky130_fd_sc_hd__mux2_1)
                                                         _0109_ (net)
                      0.033899    0.000000    0.449009 ^ _1606_/D (sky130_fd_sc_hd__dfxtp_2)
                                              0.449009   data arrival time

                      0.150000    0.000000    0.000000   clock clk_10mhz (rise edge)
                                  0.000000    0.000000   clock network delay (ideal)
                                  0.250000    0.250000   clock uncertainty
                                  0.000000    0.250000   clock reconvergence pessimism
                                              0.250000 ^ _1606_/CLK (sky130_fd_sc_hd__dfxtp_2)
                                 -0.015095    0.234905   library hold time
                                              0.234905   data required time
---------------------------------------------------------------------------------------------
                                              0.234905   data required time
                                             -0.449009   data arrival time
---------------------------------------------------------------------------------------------
                                              0.214104   slack (MET)


Startpoint: _1634_ (rising edge-triggered flip-flop clocked by clk_10mhz)
Endpoint: _1634_ (rising edge-triggered flip-flop clocked by clk_10mhz)
Path Group: clk_10mhz
Path Type: min

Fanout         Cap        Slew       Delay        Time   Description
---------------------------------------------------------------------------------------------
                      0.150000    0.000000    0.000000   clock clk_10mhz (rise edge)
                                  0.000000    0.000000   clock network delay (ideal)
                      0.150000    0.000000    0.000000 ^ _1634_/CLK (sky130_fd_sc_hd__dfxtp_2)
     2    0.004106    0.036698    0.346482    0.346482 ^ _1634_/Q (sky130_fd_sc_hd__dfxtp_2)
                                                         u_fifo.mem[14][7] (net)
                      0.036698    0.000000    0.346482 ^ _1160_/A0 (sky130_fd_sc_hd__mux2_1)
     1    0.001674    0.033899    0.102526    0.449009 ^ _1160_/X (sky130_fd_sc_hd__mux2_1)
                                                         _0137_ (net)
                      0.033899    0.000000    0.449009 ^ _1634_/D (sky130_fd_sc_hd__dfxtp_2)
                                              0.449009   data arrival time

                      0.150000    0.000000    0.000000   clock clk_10mhz (rise edge)
                                  0.000000    0.000000   clock network delay (ideal)
                                  0.250000    0.250000   clock uncertainty
                                  0.000000    0.250000   clock reconvergence pessimism
                                              0.250000 ^ _1634_/CLK (sky130_fd_sc_hd__dfxtp_2)
                                 -0.015095    0.234905   library hold time
                                              0.234905   data required time
---------------------------------------------------------------------------------------------
                                              0.234905   data required time
                                             -0.449009   data arrival time
---------------------------------------------------------------------------------------------
                                              0.214104   slack (MET)


Startpoint: _1651_ (rising edge-triggered flip-flop clocked by clk_10mhz)
Endpoint: _1651_ (rising edge-triggered flip-flop clocked by clk_10mhz)
Path Group: clk_10mhz
Path Type: min

Fanout         Cap        Slew       Delay        Time   Description
---------------------------------------------------------------------------------------------
                      0.150000    0.000000    0.000000   clock clk_10mhz (rise edge)
                                  0.000000    0.000000   clock network delay (ideal)
                      0.150000    0.000000    0.000000 ^ _1651_/CLK (sky130_fd_sc_hd__dfxtp_2)
     2    0.004106    0.036698    0.346482    0.346482 ^ _1651_/Q (sky130_fd_sc_hd__dfxtp_2)
                                                         u_fifo.mem[5][0] (net)
                      0.036698    0.000000    0.346482 ^ _1181_/A0 (sky130_fd_sc_hd__mux2_1)
     1    0.001674    0.033899    0.102526    0.449009 ^ _1181_/X (sky130_fd_sc_hd__mux2_1)
                                                         _0154_ (net)
                      0.033899    0.000000    0.449009 ^ _1651_/D (sky130_fd_sc_hd__dfxtp_2)
                                              0.449009   data arrival time

                      0.150000    0.000000    0.000000   clock clk_10mhz (rise edge)
                                  0.000000    0.000000   clock network delay (ideal)
                                  0.250000    0.250000   clock uncertainty
                                  0.000000    0.250000   clock reconvergence pessimism
                                              0.250000 ^ _1651_/CLK (sky130_fd_sc_hd__dfxtp_2)
                                 -0.015095    0.234905   library hold time
                                              0.234905   data required time
---------------------------------------------------------------------------------------------
                                              0.234905   data required time
                                             -0.449009   data arrival time
---------------------------------------------------------------------------------------------
                                              0.214104   slack (MET)


Startpoint: _1656_ (rising edge-triggered flip-flop clocked by clk_10mhz)
Endpoint: _1656_ (rising edge-triggered flip-flop clocked by clk_10mhz)
Path Group: clk_10mhz
Path Type: min

Fanout         Cap        Slew       Delay        Time   Description
---------------------------------------------------------------------------------------------
                      0.150000    0.000000    0.000000   clock clk_10mhz (rise edge)
                                  0.000000    0.000000   clock network delay (ideal)
                      0.150000    0.000000    0.000000 ^ _1656_/CLK (sky130_fd_sc_hd__dfxtp_2)
     2    0.004106    0.036698    0.346482    0.346482 ^ _1656_/Q (sky130_fd_sc_hd__dfxtp_2)
                                                         u_fifo.mem[5][5] (net)
                      0.036698    0.000000    0.346482 ^ _1186_/A0 (sky130_fd_sc_hd__mux2_1)
     1    0.001674    0.033899    0.102526    0.449009 ^ _1186_/X (sky130_fd_sc_hd__mux2_1)
                                                         _0159_ (net)
                      0.033899    0.000000    0.449009 ^ _1656_/D (sky130_fd_sc_hd__dfxtp_2)
                                              0.449009   data arrival time

                      0.150000    0.000000    0.000000   clock clk_10mhz (rise edge)
                                  0.000000    0.000000   clock network delay (ideal)
                                  0.250000    0.250000   clock uncertainty
                                  0.000000    0.250000   clock reconvergence pessimism
                                              0.250000 ^ _1656_/CLK (sky130_fd_sc_hd__dfxtp_2)
                                 -0.015095    0.234905   library hold time
                                              0.234905   data required time
---------------------------------------------------------------------------------------------
                                              0.234905   data required time
                                             -0.449009   data arrival time
---------------------------------------------------------------------------------------------
                                              0.214104   slack (MET)


Startpoint: _1663_ (rising edge-triggered flip-flop clocked by clk_10mhz)
Endpoint: _1663_ (rising edge-triggered flip-flop clocked by clk_10mhz)
Path Group: clk_10mhz
Path Type: min

Fanout         Cap        Slew       Delay        Time   Description
---------------------------------------------------------------------------------------------
                      0.150000    0.000000    0.000000   clock clk_10mhz (rise edge)
                                  0.000000    0.000000   clock network delay (ideal)
                      0.150000    0.000000    0.000000 ^ _1663_/CLK (sky130_fd_sc_hd__dfxtp_2)
     2    0.004106    0.036698    0.346482    0.346482 ^ _1663_/Q (sky130_fd_sc_hd__dfxtp_2)
                                                         u_fifo.mem[4][4] (net)
                      0.036698    0.000000    0.346482 ^ _1194_/A0 (sky130_fd_sc_hd__mux2_1)
     1    0.001674    0.033900    0.102526    0.449009 ^ _1194_/X (sky130_fd_sc_hd__mux2_1)
                                                         _0166_ (net)
                      0.033900    0.000000    0.449009 ^ _1663_/D (sky130_fd_sc_hd__dfxtp_2)
                                              0.449009   data arrival time

                      0.150000    0.000000    0.000000   clock clk_10mhz (rise edge)
                                  0.000000    0.000000   clock network delay (ideal)
                                  0.250000    0.250000   clock uncertainty
                                  0.000000    0.250000   clock reconvergence pessimism
                                              0.250000 ^ _1663_/CLK (sky130_fd_sc_hd__dfxtp_2)
                                 -0.015096    0.234904   library hold time
                                              0.234904   data required time
---------------------------------------------------------------------------------------------
                                              0.234904   data required time
                                             -0.449009   data arrival time
---------------------------------------------------------------------------------------------
                                              0.214104   slack (MET)


Startpoint: _1664_ (rising edge-triggered flip-flop clocked by clk_10mhz)
Endpoint: _1664_ (rising edge-triggered flip-flop clocked by clk_10mhz)
Path Group: clk_10mhz
Path Type: min

Fanout         Cap        Slew       Delay        Time   Description
---------------------------------------------------------------------------------------------
                      0.150000    0.000000    0.000000   clock clk_10mhz (rise edge)
                                  0.000000    0.000000   clock network delay (ideal)
                      0.150000    0.000000    0.000000 ^ _1664_/CLK (sky130_fd_sc_hd__dfxtp_2)
     2    0.004106    0.036698    0.346482    0.346482 ^ _1664_/Q (sky130_fd_sc_hd__dfxtp_2)
                                                         u_fifo.mem[4][5] (net)
                      0.036698    0.000000    0.346482 ^ _1195_/A0 (sky130_fd_sc_hd__mux2_1)
     1    0.001674    0.033900    0.102526    0.449009 ^ _1195_/X (sky130_fd_sc_hd__mux2_1)
                                                         _0167_ (net)
                      0.033900    0.000000    0.449009 ^ _1664_/D (sky130_fd_sc_hd__dfxtp_2)
                                              0.449009   data arrival time

                      0.150000    0.000000    0.000000   clock clk_10mhz (rise edge)
                                  0.000000    0.000000   clock network delay (ideal)
                                  0.250000    0.250000   clock uncertainty
                                  0.000000    0.250000   clock reconvergence pessimism
                                              0.250000 ^ _1664_/CLK (sky130_fd_sc_hd__dfxtp_2)
                                 -0.015096    0.234904   library hold time
                                              0.234904   data required time
---------------------------------------------------------------------------------------------
                                              0.234904   data required time
                                             -0.449009   data arrival time
---------------------------------------------------------------------------------------------
                                              0.214104   slack (MET)


Startpoint: _1666_ (rising edge-triggered flip-flop clocked by clk_10mhz)
Endpoint: _1666_ (rising edge-triggered flip-flop clocked by clk_10mhz)
Path Group: clk_10mhz
Path Type: min

Fanout         Cap        Slew       Delay        Time   Description
---------------------------------------------------------------------------------------------
                      0.150000    0.000000    0.000000   clock clk_10mhz (rise edge)
                                  0.000000    0.000000   clock network delay (ideal)
                      0.150000    0.000000    0.000000 ^ _1666_/CLK (sky130_fd_sc_hd__dfxtp_2)
     2    0.004106    0.036698    0.346482    0.346482 ^ _1666_/Q (sky130_fd_sc_hd__dfxtp_2)
                                                         u_fifo.mem[4][7] (net)
                      0.036698    0.000000    0.346482 ^ _1197_/A0 (sky130_fd_sc_hd__mux2_1)
     1    0.001674    0.033900    0.102526    0.449009 ^ _1197_/X (sky130_fd_sc_hd__mux2_1)
                                                         _0169_ (net)
                      0.033900    0.000000    0.449009 ^ _1666_/D (sky130_fd_sc_hd__dfxtp_2)
                                              0.449009   data arrival time

                      0.150000    0.000000    0.000000   clock clk_10mhz (rise edge)
                                  0.000000    0.000000   clock network delay (ideal)
                                  0.250000    0.250000   clock uncertainty
                                  0.000000    0.250000   clock reconvergence pessimism
                                              0.250000 ^ _1666_/CLK (sky130_fd_sc_hd__dfxtp_2)
                                 -0.015096    0.234904   library hold time
                                              0.234904   data required time
---------------------------------------------------------------------------------------------
                                              0.234904   data required time
                                             -0.449009   data arrival time
---------------------------------------------------------------------------------------------
                                              0.214104   slack (MET)


Startpoint: _1625_ (rising edge-triggered flip-flop clocked by clk_10mhz)
Endpoint: _1625_ (rising edge-triggered flip-flop clocked by clk_10mhz)
Path Group: clk_10mhz
Path Type: min

Fanout         Cap        Slew       Delay        Time   Description
---------------------------------------------------------------------------------------------
                      0.150000    0.000000    0.000000   clock clk_10mhz (rise edge)
                                  0.000000    0.000000   clock network delay (ideal)
                      0.150000    0.000000    0.000000 ^ _1625_/CLK (sky130_fd_sc_hd__dfxtp_2)
     2    0.004106    0.036698    0.346482    0.346482 ^ _1625_/Q (sky130_fd_sc_hd__dfxtp_2)
                                                         u_fifo.mem[8][6] (net)
                      0.036698    0.000000    0.346482 ^ _1150_/A0 (sky130_fd_sc_hd__mux2_1)
     1    0.001674    0.033902    0.102526    0.449009 ^ _1150_/X (sky130_fd_sc_hd__mux2_1)
                                                         _0128_ (net)
                      0.033902    0.000000    0.449009 ^ _1625_/D (sky130_fd_sc_hd__dfxtp_2)
                                              0.449009   data arrival time

                      0.150000    0.000000    0.000000   clock clk_10mhz (rise edge)
                                  0.000000    0.000000   clock network delay (ideal)
                                  0.250000    0.250000   clock uncertainty
                                  0.000000    0.250000   clock reconvergence pessimism
                                              0.250000 ^ _1625_/CLK (sky130_fd_sc_hd__dfxtp_2)
                                 -0.015096    0.234904   library hold time
                                              0.234904   data required time
---------------------------------------------------------------------------------------------
                                              0.234904   data required time
                                             -0.449009   data arrival time
---------------------------------------------------------------------------------------------
                                              0.214104   slack (MET)


Startpoint: _1675_ (rising edge-triggered flip-flop clocked by clk_10mhz)
Endpoint: _1675_ (rising edge-triggered flip-flop clocked by clk_10mhz)
Path Group: clk_10mhz
Path Type: min

Fanout         Cap        Slew       Delay        Time   Description
---------------------------------------------------------------------------------------------
                      0.150000    0.000000    0.000000   clock clk_10mhz (rise edge)
                                  0.000000    0.000000   clock network delay (ideal)
                      0.150000    0.000000    0.000000 ^ _1675_/CLK (sky130_fd_sc_hd__dfxtp_2)
     2    0.004106    0.036698    0.346482    0.346482 ^ _1675_/Q (sky130_fd_sc_hd__dfxtp_2)
                                                         u_fifo.mem[12][0] (net)
                      0.036698    0.000000    0.346482 ^ _1209_/A0 (sky130_fd_sc_hd__mux2_1)
     1    0.001674    0.033902    0.102526    0.449009 ^ _1209_/X (sky130_fd_sc_hd__mux2_1)
                                                         _0178_ (net)
                      0.033902    0.000000    0.449009 ^ _1675_/D (sky130_fd_sc_hd__dfxtp_2)
                                              0.449009   data arrival time

                      0.150000    0.000000    0.000000   clock clk_10mhz (rise edge)
                                  0.000000    0.000000   clock network delay (ideal)
                                  0.250000    0.250000   clock uncertainty
                                  0.000000    0.250000   clock reconvergence pessimism
                                              0.250000 ^ _1675_/CLK (sky130_fd_sc_hd__dfxtp_2)
                                 -0.015096    0.234904   library hold time
                                              0.234904   data required time
---------------------------------------------------------------------------------------------
                                              0.234904   data required time
                                             -0.449009   data arrival time
---------------------------------------------------------------------------------------------
                                              0.214104   slack (MET)


Startpoint: _1636_ (rising edge-triggered flip-flop clocked by clk_10mhz)
Endpoint: _1636_ (rising edge-triggered flip-flop clocked by clk_10mhz)
Path Group: clk_10mhz
Path Type: min

Fanout         Cap        Slew       Delay        Time   Description
---------------------------------------------------------------------------------------------
                      0.150000    0.000000    0.000000   clock clk_10mhz (rise edge)
                                  0.000000    0.000000   clock network delay (ideal)
                      0.150000    0.000000    0.000000 ^ _1636_/CLK (sky130_fd_sc_hd__dfxtp_2)
     2    0.004106    0.036698    0.346482    0.346482 ^ _1636_/Q (sky130_fd_sc_hd__dfxtp_2)
                                                         u_fifo.mem[7][1] (net)
                      0.036698    0.000000    0.346482 ^ _1164_/A0 (sky130_fd_sc_hd__mux2_1)
     1    0.001674    0.033903    0.102526    0.449009 ^ _1164_/X (sky130_fd_sc_hd__mux2_1)
                                                         _0139_ (net)
                      0.033903    0.000000    0.449009 ^ _1636_/D (sky130_fd_sc_hd__dfxtp_2)
                                              0.449009   data arrival time

                      0.150000    0.000000    0.000000   clock clk_10mhz (rise edge)
                                  0.000000    0.000000   clock network delay (ideal)
                                  0.250000    0.250000   clock uncertainty
                                  0.000000    0.250000   clock reconvergence pessimism
                                              0.250000 ^ _1636_/CLK (sky130_fd_sc_hd__dfxtp_2)
                                 -0.015096    0.234904   library hold time
                                              0.234904   data required time
---------------------------------------------------------------------------------------------
                                              0.234904   data required time
                                             -0.449009   data arrival time
---------------------------------------------------------------------------------------------
                                              0.214105   slack (MET)


Startpoint: _1637_ (rising edge-triggered flip-flop clocked by clk_10mhz)
Endpoint: _1637_ (rising edge-triggered flip-flop clocked by clk_10mhz)
Path Group: clk_10mhz
Path Type: min

Fanout         Cap        Slew       Delay        Time   Description
---------------------------------------------------------------------------------------------
                      0.150000    0.000000    0.000000   clock clk_10mhz (rise edge)
                                  0.000000    0.000000   clock network delay (ideal)
                      0.150000    0.000000    0.000000 ^ _1637_/CLK (sky130_fd_sc_hd__dfxtp_2)
     2    0.004106    0.036698    0.346482    0.346482 ^ _1637_/Q (sky130_fd_sc_hd__dfxtp_2)
                                                         u_fifo.mem[7][2] (net)
                      0.036698    0.000000    0.346482 ^ _1165_/A0 (sky130_fd_sc_hd__mux2_1)
     1    0.001674    0.033903    0.102526    0.449009 ^ _1165_/X (sky130_fd_sc_hd__mux2_1)
                                                         _0140_ (net)
                      0.033903    0.000000    0.449009 ^ _1637_/D (sky130_fd_sc_hd__dfxtp_2)
                                              0.449009   data arrival time

                      0.150000    0.000000    0.000000   clock clk_10mhz (rise edge)
                                  0.000000    0.000000   clock network delay (ideal)
                                  0.250000    0.250000   clock uncertainty
                                  0.000000    0.250000   clock reconvergence pessimism
                                              0.250000 ^ _1637_/CLK (sky130_fd_sc_hd__dfxtp_2)
                                 -0.015096    0.234904   library hold time
                                              0.234904   data required time
---------------------------------------------------------------------------------------------
                                              0.234904   data required time
                                             -0.449009   data arrival time
---------------------------------------------------------------------------------------------
                                              0.214105   slack (MET)


Startpoint: _1667_ (rising edge-triggered flip-flop clocked by clk_10mhz)
Endpoint: _1667_ (rising edge-triggered flip-flop clocked by clk_10mhz)
Path Group: clk_10mhz
Path Type: min

Fanout         Cap        Slew       Delay        Time   Description
---------------------------------------------------------------------------------------------
                      0.150000    0.000000    0.000000   clock clk_10mhz (rise edge)
                                  0.000000    0.000000   clock network delay (ideal)
                      0.150000    0.000000    0.000000 ^ _1667_/CLK (sky130_fd_sc_hd__dfxtp_2)
     2    0.004106    0.036698    0.346482    0.346482 ^ _1667_/Q (sky130_fd_sc_hd__dfxtp_2)
                                                         u_fifo.mem[3][0] (net)
                      0.036698    0.000000    0.346482 ^ _1200_/A0 (sky130_fd_sc_hd__mux2_1)
     1    0.001674    0.033903    0.102526    0.449009 ^ _1200_/X (sky130_fd_sc_hd__mux2_1)
                                                         _0170_ (net)
                      0.033903    0.000000    0.449009 ^ _1667_/D (sky130_fd_sc_hd__dfxtp_2)
                                              0.449009   data arrival time

                      0.150000    0.000000    0.000000   clock clk_10mhz (rise edge)
                                  0.000000    0.000000   clock network delay (ideal)
                                  0.250000    0.250000   clock uncertainty
                                  0.000000    0.250000   clock reconvergence pessimism
                                              0.250000 ^ _1667_/CLK (sky130_fd_sc_hd__dfxtp_2)
                                 -0.015096    0.234904   library hold time
                                              0.234904   data required time
---------------------------------------------------------------------------------------------
                                              0.234904   data required time
                                             -0.449009   data arrival time
---------------------------------------------------------------------------------------------
                                              0.214105   slack (MET)


Startpoint: _1668_ (rising edge-triggered flip-flop clocked by clk_10mhz)
Endpoint: _1668_ (rising edge-triggered flip-flop clocked by clk_10mhz)
Path Group: clk_10mhz
Path Type: min

Fanout         Cap        Slew       Delay        Time   Description
---------------------------------------------------------------------------------------------
                      0.150000    0.000000    0.000000   clock clk_10mhz (rise edge)
                                  0.000000    0.000000   clock network delay (ideal)
                      0.150000    0.000000    0.000000 ^ _1668_/CLK (sky130_fd_sc_hd__dfxtp_2)
     2    0.004106    0.036698    0.346482    0.346482 ^ _1668_/Q (sky130_fd_sc_hd__dfxtp_2)
                                                         u_fifo.mem[3][1] (net)
                      0.036698    0.000000    0.346482 ^ _1201_/A0 (sky130_fd_sc_hd__mux2_1)
     1    0.001674    0.033903    0.102526    0.449009 ^ _1201_/X (sky130_fd_sc_hd__mux2_1)
                                                         _0171_ (net)
                      0.033903    0.000000    0.449009 ^ _1668_/D (sky130_fd_sc_hd__dfxtp_2)
                                              0.449009   data arrival time

                      0.150000    0.000000    0.000000   clock clk_10mhz (rise edge)
                                  0.000000    0.000000   clock network delay (ideal)
                                  0.250000    0.250000   clock uncertainty
                                  0.000000    0.250000   clock reconvergence pessimism
                                              0.250000 ^ _1668_/CLK (sky130_fd_sc_hd__dfxtp_2)
                                 -0.015096    0.234904   library hold time
                                              0.234904   data required time
---------------------------------------------------------------------------------------------
                                              0.234904   data required time
                                             -0.449009   data arrival time
---------------------------------------------------------------------------------------------
                                              0.214105   slack (MET)


Startpoint: _1670_ (rising edge-triggered flip-flop clocked by clk_10mhz)
Endpoint: _1670_ (rising edge-triggered flip-flop clocked by clk_10mhz)
Path Group: clk_10mhz
Path Type: min

Fanout         Cap        Slew       Delay        Time   Description
---------------------------------------------------------------------------------------------
                      0.150000    0.000000    0.000000   clock clk_10mhz (rise edge)
                                  0.000000    0.000000   clock network delay (ideal)
                      0.150000    0.000000    0.000000 ^ _1670_/CLK (sky130_fd_sc_hd__dfxtp_2)
     2    0.004106    0.036698    0.346482    0.346482 ^ _1670_/Q (sky130_fd_sc_hd__dfxtp_2)
                                                         u_fifo.mem[3][3] (net)
                      0.036698    0.000000    0.346482 ^ _1203_/A0 (sky130_fd_sc_hd__mux2_1)
     1    0.001674    0.033903    0.102526    0.449009 ^ _1203_/X (sky130_fd_sc_hd__mux2_1)
                                                         _0173_ (net)
                      0.033903    0.000000    0.449009 ^ _1670_/D (sky130_fd_sc_hd__dfxtp_2)
                                              0.449009   data arrival time

                      0.150000    0.000000    0.000000   clock clk_10mhz (rise edge)
                                  0.000000    0.000000   clock network delay (ideal)
                                  0.250000    0.250000   clock uncertainty
                                  0.000000    0.250000   clock reconvergence pessimism
                                              0.250000 ^ _1670_/CLK (sky130_fd_sc_hd__dfxtp_2)
                                 -0.015096    0.234904   library hold time
                                              0.234904   data required time
---------------------------------------------------------------------------------------------
                                              0.234904   data required time
                                             -0.449009   data arrival time
---------------------------------------------------------------------------------------------
                                              0.214105   slack (MET)


Startpoint: _1673_ (rising edge-triggered flip-flop clocked by clk_10mhz)
Endpoint: _1673_ (rising edge-triggered flip-flop clocked by clk_10mhz)
Path Group: clk_10mhz
Path Type: min

Fanout         Cap        Slew       Delay        Time   Description
---------------------------------------------------------------------------------------------
                      0.150000    0.000000    0.000000   clock clk_10mhz (rise edge)
                                  0.000000    0.000000   clock network delay (ideal)
                      0.150000    0.000000    0.000000 ^ _1673_/CLK (sky130_fd_sc_hd__dfxtp_2)
     2    0.004106    0.036698    0.346482    0.346482 ^ _1673_/Q (sky130_fd_sc_hd__dfxtp_2)
                                                         u_fifo.mem[3][6] (net)
                      0.036698    0.000000    0.346482 ^ _1206_/A0 (sky130_fd_sc_hd__mux2_1)
     1    0.001674    0.033903    0.102526    0.449009 ^ _1206_/X (sky130_fd_sc_hd__mux2_1)
                                                         _0176_ (net)
                      0.033903    0.000000    0.449009 ^ _1673_/D (sky130_fd_sc_hd__dfxtp_2)
                                              0.449009   data arrival time

                      0.150000    0.000000    0.000000   clock clk_10mhz (rise edge)
                                  0.000000    0.000000   clock network delay (ideal)
                                  0.250000    0.250000   clock uncertainty
                                  0.000000    0.250000   clock reconvergence pessimism
                                              0.250000 ^ _1673_/CLK (sky130_fd_sc_hd__dfxtp_2)
                                 -0.015096    0.234904   library hold time
                                              0.234904   data required time
---------------------------------------------------------------------------------------------
                                              0.234904   data required time
                                             -0.449009   data arrival time
---------------------------------------------------------------------------------------------
                                              0.214105   slack (MET)


Startpoint: _1627_ (rising edge-triggered flip-flop clocked by clk_10mhz)
Endpoint: _1627_ (rising edge-triggered flip-flop clocked by clk_10mhz)
Path Group: clk_10mhz
Path Type: min

Fanout         Cap        Slew       Delay        Time   Description
---------------------------------------------------------------------------------------------
                      0.150000    0.000000    0.000000   clock clk_10mhz (rise edge)
                                  0.000000    0.000000   clock network delay (ideal)
                      0.150000    0.000000    0.000000 ^ _1627_/CLK (sky130_fd_sc_hd__dfxtp_2)
     2    0.004143    0.036860    0.346653    0.346653 ^ _1627_/Q (sky130_fd_sc_hd__dfxtp_2)
                                                         u_fifo.mem[14][0] (net)
                      0.036860    0.000000    0.346653 ^ _1153_/A0 (sky130_fd_sc_hd__mux2_1)
     1    0.001674    0.033899    0.102583    0.449236 ^ _1153_/X (sky130_fd_sc_hd__mux2_1)
                                                         _0130_ (net)
                      0.033899    0.000000    0.449236 ^ _1627_/D (sky130_fd_sc_hd__dfxtp_2)
                                              0.449236   data arrival time

                      0.150000    0.000000    0.000000   clock clk_10mhz (rise edge)
                                  0.000000    0.000000   clock network delay (ideal)
                                  0.250000    0.250000   clock uncertainty
                                  0.000000    0.250000   clock reconvergence pessimism
                                              0.250000 ^ _1627_/CLK (sky130_fd_sc_hd__dfxtp_2)
                                 -0.015095    0.234905   library hold time
                                              0.234905   data required time
---------------------------------------------------------------------------------------------
                                              0.234905   data required time
                                             -0.449236   data arrival time
---------------------------------------------------------------------------------------------
                                              0.214331   slack (MET)


Startpoint: _1628_ (rising edge-triggered flip-flop clocked by clk_10mhz)
Endpoint: _1628_ (rising edge-triggered flip-flop clocked by clk_10mhz)
Path Group: clk_10mhz
Path Type: min

Fanout         Cap        Slew       Delay        Time   Description
---------------------------------------------------------------------------------------------
                      0.150000    0.000000    0.000000   clock clk_10mhz (rise edge)
                                  0.000000    0.000000   clock network delay (ideal)
                      0.150000    0.000000    0.000000 ^ _1628_/CLK (sky130_fd_sc_hd__dfxtp_2)
     2    0.004143    0.036860    0.346653    0.346653 ^ _1628_/Q (sky130_fd_sc_hd__dfxtp_2)
                                                         u_fifo.mem[14][1] (net)
                      0.036860    0.000000    0.346653 ^ _1154_/A0 (sky130_fd_sc_hd__mux2_1)
     1    0.001674    0.033899    0.102583    0.449236 ^ _1154_/X (sky130_fd_sc_hd__mux2_1)
                                                         _0131_ (net)
                      0.033899    0.000000    0.449236 ^ _1628_/D (sky130_fd_sc_hd__dfxtp_2)
                                              0.449236   data arrival time

                      0.150000    0.000000    0.000000   clock clk_10mhz (rise edge)
                                  0.000000    0.000000   clock network delay (ideal)
                                  0.250000    0.250000   clock uncertainty
                                  0.000000    0.250000   clock reconvergence pessimism
                                              0.250000 ^ _1628_/CLK (sky130_fd_sc_hd__dfxtp_2)
                                 -0.015095    0.234905   library hold time
                                              0.234905   data required time
---------------------------------------------------------------------------------------------
                                              0.234905   data required time
                                             -0.449236   data arrival time
---------------------------------------------------------------------------------------------
                                              0.214331   slack (MET)


Startpoint: _1629_ (rising edge-triggered flip-flop clocked by clk_10mhz)
Endpoint: _1629_ (rising edge-triggered flip-flop clocked by clk_10mhz)
Path Group: clk_10mhz
Path Type: min

Fanout         Cap        Slew       Delay        Time   Description
---------------------------------------------------------------------------------------------
                      0.150000    0.000000    0.000000   clock clk_10mhz (rise edge)
                                  0.000000    0.000000   clock network delay (ideal)
                      0.150000    0.000000    0.000000 ^ _1629_/CLK (sky130_fd_sc_hd__dfxtp_2)
     2    0.004143    0.036860    0.346653    0.346653 ^ _1629_/Q (sky130_fd_sc_hd__dfxtp_2)
                                                         u_fifo.mem[14][2] (net)
                      0.036860    0.000000    0.346653 ^ _1155_/A0 (sky130_fd_sc_hd__mux2_1)
     1    0.001674    0.033899    0.102583    0.449236 ^ _1155_/X (sky130_fd_sc_hd__mux2_1)
                                                         _0132_ (net)
                      0.033899    0.000000    0.449236 ^ _1629_/D (sky130_fd_sc_hd__dfxtp_2)
                                              0.449236   data arrival time

                      0.150000    0.000000    0.000000   clock clk_10mhz (rise edge)
                                  0.000000    0.000000   clock network delay (ideal)
                                  0.250000    0.250000   clock uncertainty
                                  0.000000    0.250000   clock reconvergence pessimism
                                              0.250000 ^ _1629_/CLK (sky130_fd_sc_hd__dfxtp_2)
                                 -0.015095    0.234905   library hold time
                                              0.234905   data required time
---------------------------------------------------------------------------------------------
                                              0.234905   data required time
                                             -0.449236   data arrival time
---------------------------------------------------------------------------------------------
                                              0.214331   slack (MET)


Startpoint: _1630_ (rising edge-triggered flip-flop clocked by clk_10mhz)
Endpoint: _1630_ (rising edge-triggered flip-flop clocked by clk_10mhz)
Path Group: clk_10mhz
Path Type: min

Fanout         Cap        Slew       Delay        Time   Description
---------------------------------------------------------------------------------------------
                      0.150000    0.000000    0.000000   clock clk_10mhz (rise edge)
                                  0.000000    0.000000   clock network delay (ideal)
                      0.150000    0.000000    0.000000 ^ _1630_/CLK (sky130_fd_sc_hd__dfxtp_2)
     2    0.004143    0.036860    0.346653    0.346653 ^ _1630_/Q (sky130_fd_sc_hd__dfxtp_2)
                                                         u_fifo.mem[14][3] (net)
                      0.036860    0.000000    0.346653 ^ _1156_/A0 (sky130_fd_sc_hd__mux2_1)
     1    0.001674    0.033899    0.102583    0.449236 ^ _1156_/X (sky130_fd_sc_hd__mux2_1)
                                                         _0133_ (net)
                      0.033899    0.000000    0.449236 ^ _1630_/D (sky130_fd_sc_hd__dfxtp_2)
                                              0.449236   data arrival time

                      0.150000    0.000000    0.000000   clock clk_10mhz (rise edge)
                                  0.000000    0.000000   clock network delay (ideal)
                                  0.250000    0.250000   clock uncertainty
                                  0.000000    0.250000   clock reconvergence pessimism
                                              0.250000 ^ _1630_/CLK (sky130_fd_sc_hd__dfxtp_2)
                                 -0.015095    0.234905   library hold time
                                              0.234905   data required time
---------------------------------------------------------------------------------------------
                                              0.234905   data required time
                                             -0.449236   data arrival time
---------------------------------------------------------------------------------------------
                                              0.214331   slack (MET)


Startpoint: _1631_ (rising edge-triggered flip-flop clocked by clk_10mhz)
Endpoint: _1631_ (rising edge-triggered flip-flop clocked by clk_10mhz)
Path Group: clk_10mhz
Path Type: min

Fanout         Cap        Slew       Delay        Time   Description
---------------------------------------------------------------------------------------------
                      0.150000    0.000000    0.000000   clock clk_10mhz (rise edge)
                                  0.000000    0.000000   clock network delay (ideal)
                      0.150000    0.000000    0.000000 ^ _1631_/CLK (sky130_fd_sc_hd__dfxtp_2)
     2    0.004143    0.036860    0.346653    0.346653 ^ _1631_/Q (sky130_fd_sc_hd__dfxtp_2)
                                                         u_fifo.mem[14][4] (net)
                      0.036860    0.000000    0.346653 ^ _1157_/A0 (sky130_fd_sc_hd__mux2_1)
     1    0.001674    0.033899    0.102583    0.449236 ^ _1157_/X (sky130_fd_sc_hd__mux2_1)
                                                         _0134_ (net)
                      0.033899    0.000000    0.449236 ^ _1631_/D (sky130_fd_sc_hd__dfxtp_2)
                                              0.449236   data arrival time

                      0.150000    0.000000    0.000000   clock clk_10mhz (rise edge)
                                  0.000000    0.000000   clock network delay (ideal)
                                  0.250000    0.250000   clock uncertainty
                                  0.000000    0.250000   clock reconvergence pessimism
                                              0.250000 ^ _1631_/CLK (sky130_fd_sc_hd__dfxtp_2)
                                 -0.015095    0.234905   library hold time
                                              0.234905   data required time
---------------------------------------------------------------------------------------------
                                              0.234905   data required time
                                             -0.449236   data arrival time
---------------------------------------------------------------------------------------------
                                              0.214331   slack (MET)


Startpoint: _1648_ (rising edge-triggered flip-flop clocked by clk_10mhz)
Endpoint: _1648_ (rising edge-triggered flip-flop clocked by clk_10mhz)
Path Group: clk_10mhz
Path Type: min

Fanout         Cap        Slew       Delay        Time   Description
---------------------------------------------------------------------------------------------
                      0.150000    0.000000    0.000000   clock clk_10mhz (rise edge)
                                  0.000000    0.000000   clock network delay (ideal)
                      0.150000    0.000000    0.000000 ^ _1648_/CLK (sky130_fd_sc_hd__dfxtp_2)
     2    0.004143    0.036860    0.346653    0.346653 ^ _1648_/Q (sky130_fd_sc_hd__dfxtp_2)
                                                         u_fifo.mem[6][5] (net)
                      0.036860    0.000000    0.346653 ^ _1177_/A0 (sky130_fd_sc_hd__mux2_1)
     1    0.001674    0.033899    0.102583    0.449236 ^ _1177_/X (sky130_fd_sc_hd__mux2_1)
                                                         _0151_ (net)
                      0.033899    0.000000    0.449236 ^ _1648_/D (sky130_fd_sc_hd__dfxtp_2)
                                              0.449236   data arrival time

                      0.150000    0.000000    0.000000   clock clk_10mhz (rise edge)
                                  0.000000    0.000000   clock network delay (ideal)
                                  0.250000    0.250000   clock uncertainty
                                  0.000000    0.250000   clock reconvergence pessimism
                                              0.250000 ^ _1648_/CLK (sky130_fd_sc_hd__dfxtp_2)
                                 -0.015095    0.234905   library hold time
                                              0.234905   data required time
---------------------------------------------------------------------------------------------
                                              0.234905   data required time
                                             -0.449236   data arrival time
---------------------------------------------------------------------------------------------
                                              0.214331   slack (MET)


Startpoint: _1654_ (rising edge-triggered flip-flop clocked by clk_10mhz)
Endpoint: _1654_ (rising edge-triggered flip-flop clocked by clk_10mhz)
Path Group: clk_10mhz
Path Type: min

Fanout         Cap        Slew       Delay        Time   Description
---------------------------------------------------------------------------------------------
                      0.150000    0.000000    0.000000   clock clk_10mhz (rise edge)
                                  0.000000    0.000000   clock network delay (ideal)
                      0.150000    0.000000    0.000000 ^ _1654_/CLK (sky130_fd_sc_hd__dfxtp_2)
     2    0.004143    0.036860    0.346653    0.346653 ^ _1654_/Q (sky130_fd_sc_hd__dfxtp_2)
                                                         u_fifo.mem[5][3] (net)
                      0.036860    0.000000    0.346653 ^ _1184_/A0 (sky130_fd_sc_hd__mux2_1)
     1    0.001674    0.033899    0.102583    0.449236 ^ _1184_/X (sky130_fd_sc_hd__mux2_1)
                                                         _0157_ (net)
                      0.033899    0.000000    0.449236 ^ _1654_/D (sky130_fd_sc_hd__dfxtp_2)
                                              0.449236   data arrival time

                      0.150000    0.000000    0.000000   clock clk_10mhz (rise edge)
                                  0.000000    0.000000   clock network delay (ideal)
                                  0.250000    0.250000   clock uncertainty
                                  0.000000    0.250000   clock reconvergence pessimism
                                              0.250000 ^ _1654_/CLK (sky130_fd_sc_hd__dfxtp_2)
                                 -0.015095    0.234905   library hold time
                                              0.234905   data required time
---------------------------------------------------------------------------------------------
                                              0.234905   data required time
                                             -0.449236   data arrival time
---------------------------------------------------------------------------------------------
                                              0.214331   slack (MET)


Startpoint: _1659_ (rising edge-triggered flip-flop clocked by clk_10mhz)
Endpoint: _1659_ (rising edge-triggered flip-flop clocked by clk_10mhz)
Path Group: clk_10mhz
Path Type: min

Fanout         Cap        Slew       Delay        Time   Description
---------------------------------------------------------------------------------------------
                      0.150000    0.000000    0.000000   clock clk_10mhz (rise edge)
                                  0.000000    0.000000   clock network delay (ideal)
                      0.150000    0.000000    0.000000 ^ _1659_/CLK (sky130_fd_sc_hd__dfxtp_2)
     2    0.004143    0.036860    0.346653    0.346653 ^ _1659_/Q (sky130_fd_sc_hd__dfxtp_2)
                                                         u_fifo.mem[4][0] (net)
                      0.036860    0.000000    0.346653 ^ _1190_/A0 (sky130_fd_sc_hd__mux2_1)
     1    0.001674    0.033900    0.102583    0.449236 ^ _1190_/X (sky130_fd_sc_hd__mux2_1)
                                                         _0162_ (net)
                      0.033900    0.000000    0.449236 ^ _1659_/D (sky130_fd_sc_hd__dfxtp_2)
                                              0.449236   data arrival time

                      0.150000    0.000000    0.000000   clock clk_10mhz (rise edge)
                                  0.000000    0.000000   clock network delay (ideal)
                                  0.250000    0.250000   clock uncertainty
                                  0.000000    0.250000   clock reconvergence pessimism
                                              0.250000 ^ _1659_/CLK (sky130_fd_sc_hd__dfxtp_2)
                                 -0.015096    0.234904   library hold time
                                              0.234904   data required time
---------------------------------------------------------------------------------------------
                                              0.234904   data required time
                                             -0.449236   data arrival time
---------------------------------------------------------------------------------------------
                                              0.214332   slack (MET)


Startpoint: _1660_ (rising edge-triggered flip-flop clocked by clk_10mhz)
Endpoint: _1660_ (rising edge-triggered flip-flop clocked by clk_10mhz)
Path Group: clk_10mhz
Path Type: min

Fanout         Cap        Slew       Delay        Time   Description
---------------------------------------------------------------------------------------------
                      0.150000    0.000000    0.000000   clock clk_10mhz (rise edge)
                                  0.000000    0.000000   clock network delay (ideal)
                      0.150000    0.000000    0.000000 ^ _1660_/CLK (sky130_fd_sc_hd__dfxtp_2)
     2    0.004143    0.036860    0.346653    0.346653 ^ _1660_/Q (sky130_fd_sc_hd__dfxtp_2)
                                                         u_fifo.mem[4][1] (net)
                      0.036860    0.000000    0.346653 ^ _1191_/A0 (sky130_fd_sc_hd__mux2_1)
     1    0.001674    0.033900    0.102583    0.449236 ^ _1191_/X (sky130_fd_sc_hd__mux2_1)
                                                         _0163_ (net)
                      0.033900    0.000000    0.449236 ^ _1660_/D (sky130_fd_sc_hd__dfxtp_2)
                                              0.449236   data arrival time

                      0.150000    0.000000    0.000000   clock clk_10mhz (rise edge)
                                  0.000000    0.000000   clock network delay (ideal)
                                  0.250000    0.250000   clock uncertainty
                                  0.000000    0.250000   clock reconvergence pessimism
                                              0.250000 ^ _1660_/CLK (sky130_fd_sc_hd__dfxtp_2)
                                 -0.015096    0.234904   library hold time
                                              0.234904   data required time
---------------------------------------------------------------------------------------------
                                              0.234904   data required time
                                             -0.449236   data arrival time
---------------------------------------------------------------------------------------------
                                              0.214332   slack (MET)


Startpoint: _1697_ (rising edge-triggered flip-flop clocked by clk_10mhz)
Endpoint: _1697_ (rising edge-triggered flip-flop clocked by clk_10mhz)
Path Group: clk_10mhz
Path Type: min

Fanout         Cap        Slew       Delay        Time   Description
---------------------------------------------------------------------------------------------
                      0.150000    0.000000    0.000000   clock clk_10mhz (rise edge)
                                  0.000000    0.000000   clock network delay (ideal)
                      0.150000    0.000000    0.000000 ^ _1697_/CLK (sky130_fd_sc_hd__dfxtp_2)
     2    0.004143    0.036860    0.346653    0.346653 ^ _1697_/Q (sky130_fd_sc_hd__dfxtp_2)
                                                         u_fifo.mem[1][6] (net)
                      0.036860    0.000000    0.346653 ^ _1233_/A0 (sky130_fd_sc_hd__mux2_1)
     1    0.001674    0.033899    0.102583    0.449236 ^ _1233_/X (sky130_fd_sc_hd__mux2_1)
                                                         _0200_ (net)
                      0.033899    0.000000    0.449236 ^ _1697_/D (sky130_fd_sc_hd__dfxtp_2)
                                              0.449236   data arrival time

                      0.150000    0.000000    0.000000   clock clk_10mhz (rise edge)
                                  0.000000    0.000000   clock network delay (ideal)
                                  0.250000    0.250000   clock uncertainty
                                  0.000000    0.250000   clock reconvergence pessimism
                                              0.250000 ^ _1697_/CLK (sky130_fd_sc_hd__dfxtp_2)
                                 -0.015095    0.234905   library hold time
                                              0.234905   data required time
---------------------------------------------------------------------------------------------
                                              0.234905   data required time
                                             -0.449236   data arrival time
---------------------------------------------------------------------------------------------
                                              0.214331   slack (MET)


Startpoint: _1639_ (rising edge-triggered flip-flop clocked by clk_10mhz)
Endpoint: _1639_ (rising edge-triggered flip-flop clocked by clk_10mhz)
Path Group: clk_10mhz
Path Type: min

Fanout         Cap        Slew       Delay        Time   Description
---------------------------------------------------------------------------------------------
                      0.150000    0.000000    0.000000   clock clk_10mhz (rise edge)
                                  0.000000    0.000000   clock network delay (ideal)
                      0.150000    0.000000    0.000000 ^ _1639_/CLK (sky130_fd_sc_hd__dfxtp_2)
     2    0.004143    0.036860    0.346653    0.346653 ^ _1639_/Q (sky130_fd_sc_hd__dfxtp_2)
                                                         u_fifo.mem[7][4] (net)
                      0.036860    0.000000    0.346653 ^ _1167_/A0 (sky130_fd_sc_hd__mux2_1)
     1    0.001674    0.033903    0.102583    0.449236 ^ _1167_/X (sky130_fd_sc_hd__mux2_1)
                                                         _0142_ (net)
                      0.033903    0.000000    0.449236 ^ _1639_/D (sky130_fd_sc_hd__dfxtp_2)
                                              0.449236   data arrival time

                      0.150000    0.000000    0.000000   clock clk_10mhz (rise edge)
                                  0.000000    0.000000   clock network delay (ideal)
                                  0.250000    0.250000   clock uncertainty
                                  0.000000    0.250000   clock reconvergence pessimism
                                              0.250000 ^ _1639_/CLK (sky130_fd_sc_hd__dfxtp_2)
                                 -0.015096    0.234904   library hold time
                                              0.234904   data required time
---------------------------------------------------------------------------------------------
                                              0.234904   data required time
                                             -0.449236   data arrival time
---------------------------------------------------------------------------------------------
                                              0.214332   slack (MET)


Startpoint: _1642_ (rising edge-triggered flip-flop clocked by clk_10mhz)
Endpoint: _1642_ (rising edge-triggered flip-flop clocked by clk_10mhz)
Path Group: clk_10mhz
Path Type: min

Fanout         Cap        Slew       Delay        Time   Description
---------------------------------------------------------------------------------------------
                      0.150000    0.000000    0.000000   clock clk_10mhz (rise edge)
                                  0.000000    0.000000   clock network delay (ideal)
                      0.150000    0.000000    0.000000 ^ _1642_/CLK (sky130_fd_sc_hd__dfxtp_2)
     2    0.004143    0.036860    0.346653    0.346653 ^ _1642_/Q (sky130_fd_sc_hd__dfxtp_2)
                                                         u_fifo.mem[7][7] (net)
                      0.036860    0.000000    0.346653 ^ _1170_/A0 (sky130_fd_sc_hd__mux2_1)
     1    0.001674    0.033903    0.102583    0.449236 ^ _1170_/X (sky130_fd_sc_hd__mux2_1)
                                                         _0145_ (net)
                      0.033903    0.000000    0.449236 ^ _1642_/D (sky130_fd_sc_hd__dfxtp_2)
                                              0.449236   data arrival time

                      0.150000    0.000000    0.000000   clock clk_10mhz (rise edge)
                                  0.000000    0.000000   clock network delay (ideal)
                                  0.250000    0.250000   clock uncertainty
                                  0.000000    0.250000   clock reconvergence pessimism
                                              0.250000 ^ _1642_/CLK (sky130_fd_sc_hd__dfxtp_2)
                                 -0.015096    0.234904   library hold time
                                              0.234904   data required time
---------------------------------------------------------------------------------------------
                                              0.234904   data required time
                                             -0.449236   data arrival time
---------------------------------------------------------------------------------------------
                                              0.214332   slack (MET)


Startpoint: _1669_ (rising edge-triggered flip-flop clocked by clk_10mhz)
Endpoint: _1669_ (rising edge-triggered flip-flop clocked by clk_10mhz)
Path Group: clk_10mhz
Path Type: min

Fanout         Cap        Slew       Delay        Time   Description
---------------------------------------------------------------------------------------------
                      0.150000    0.000000    0.000000   clock clk_10mhz (rise edge)
                                  0.000000    0.000000   clock network delay (ideal)
                      0.150000    0.000000    0.000000 ^ _1669_/CLK (sky130_fd_sc_hd__dfxtp_2)
     2    0.004143    0.036860    0.346653    0.346653 ^ _1669_/Q (sky130_fd_sc_hd__dfxtp_2)
                                                         u_fifo.mem[3][2] (net)
                      0.036860    0.000000    0.346653 ^ _1202_/A0 (sky130_fd_sc_hd__mux2_1)
     1    0.001674    0.033903    0.102583    0.449236 ^ _1202_/X (sky130_fd_sc_hd__mux2_1)
                                                         _0172_ (net)
                      0.033903    0.000000    0.449236 ^ _1669_/D (sky130_fd_sc_hd__dfxtp_2)
                                              0.449236   data arrival time

                      0.150000    0.000000    0.000000   clock clk_10mhz (rise edge)
                                  0.000000    0.000000   clock network delay (ideal)
                                  0.250000    0.250000   clock uncertainty
                                  0.000000    0.250000   clock reconvergence pessimism
                                              0.250000 ^ _1669_/CLK (sky130_fd_sc_hd__dfxtp_2)
                                 -0.015096    0.234904   library hold time
                                              0.234904   data required time
---------------------------------------------------------------------------------------------
                                              0.234904   data required time
                                             -0.449236   data arrival time
---------------------------------------------------------------------------------------------
                                              0.214332   slack (MET)


Startpoint: _1672_ (rising edge-triggered flip-flop clocked by clk_10mhz)
Endpoint: _1672_ (rising edge-triggered flip-flop clocked by clk_10mhz)
Path Group: clk_10mhz
Path Type: min

Fanout         Cap        Slew       Delay        Time   Description
---------------------------------------------------------------------------------------------
                      0.150000    0.000000    0.000000   clock clk_10mhz (rise edge)
                                  0.000000    0.000000   clock network delay (ideal)
                      0.150000    0.000000    0.000000 ^ _1672_/CLK (sky130_fd_sc_hd__dfxtp_2)
     2    0.004143    0.036860    0.346653    0.346653 ^ _1672_/Q (sky130_fd_sc_hd__dfxtp_2)
                                                         u_fifo.mem[3][5] (net)
                      0.036860    0.000000    0.346653 ^ _1205_/A0 (sky130_fd_sc_hd__mux2_1)
     1    0.001674    0.033903    0.102583    0.449236 ^ _1205_/X (sky130_fd_sc_hd__mux2_1)
                                                         _0175_ (net)
                      0.033903    0.000000    0.449236 ^ _1672_/D (sky130_fd_sc_hd__dfxtp_2)
                                              0.449236   data arrival time

                      0.150000    0.000000    0.000000   clock clk_10mhz (rise edge)
                                  0.000000    0.000000   clock network delay (ideal)
                                  0.250000    0.250000   clock uncertainty
                                  0.000000    0.250000   clock reconvergence pessimism
                                              0.250000 ^ _1672_/CLK (sky130_fd_sc_hd__dfxtp_2)
                                 -0.015096    0.234904   library hold time
                                              0.234904   data required time
---------------------------------------------------------------------------------------------
                                              0.234904   data required time
                                             -0.449236   data arrival time
---------------------------------------------------------------------------------------------
                                              0.214332   slack (MET)


Startpoint: _1674_ (rising edge-triggered flip-flop clocked by clk_10mhz)
Endpoint: _1674_ (rising edge-triggered flip-flop clocked by clk_10mhz)
Path Group: clk_10mhz
Path Type: min

Fanout         Cap        Slew       Delay        Time   Description
---------------------------------------------------------------------------------------------
                      0.150000    0.000000    0.000000   clock clk_10mhz (rise edge)
                                  0.000000    0.000000   clock network delay (ideal)
                      0.150000    0.000000    0.000000 ^ _1674_/CLK (sky130_fd_sc_hd__dfxtp_2)
     2    0.004143    0.036860    0.346653    0.346653 ^ _1674_/Q (sky130_fd_sc_hd__dfxtp_2)
                                                         u_fifo.mem[3][7] (net)
                      0.036860    0.000000    0.346653 ^ _1207_/A0 (sky130_fd_sc_hd__mux2_1)
     1    0.001674    0.033903    0.102583    0.449236 ^ _1207_/X (sky130_fd_sc_hd__mux2_1)
                                                         _0177_ (net)
                      0.033903    0.000000    0.449236 ^ _1674_/D (sky130_fd_sc_hd__dfxtp_2)
                                              0.449236   data arrival time

                      0.150000    0.000000    0.000000   clock clk_10mhz (rise edge)
                                  0.000000    0.000000   clock network delay (ideal)
                                  0.250000    0.250000   clock uncertainty
                                  0.000000    0.250000   clock reconvergence pessimism
                                              0.250000 ^ _1674_/CLK (sky130_fd_sc_hd__dfxtp_2)
                                 -0.015096    0.234904   library hold time
                                              0.234904   data required time
---------------------------------------------------------------------------------------------
                                              0.234904   data required time
                                             -0.449236   data arrival time
---------------------------------------------------------------------------------------------
                                              0.214332   slack (MET)


Startpoint: _1702_ (rising edge-triggered flip-flop clocked by clk_10mhz)
Endpoint: _1702_ (rising edge-triggered flip-flop clocked by clk_10mhz)
Path Group: clk_10mhz
Path Type: min

Fanout         Cap        Slew       Delay        Time   Description
---------------------------------------------------------------------------------------------
                      0.150000    0.000000    0.000000   clock clk_10mhz (rise edge)
                                  0.000000    0.000000   clock network delay (ideal)
                      0.150000    0.000000    0.000000 ^ _1702_/CLK (sky130_fd_sc_hd__dfxtp_2)
     2    0.004151    0.036895    0.346691    0.346691 ^ _1702_/Q (sky130_fd_sc_hd__dfxtp_2)
                                                         u_fifo.mem[0][3] (net)
                      0.036895    0.000000    0.346691 ^ _1239_/A0 (sky130_fd_sc_hd__mux2_1)
     1    0.001674    0.033900    0.102595    0.449285 ^ _1239_/X (sky130_fd_sc_hd__mux2_1)
                                                         _0205_ (net)
                      0.033900    0.000000    0.449285 ^ _1702_/D (sky130_fd_sc_hd__dfxtp_2)
                                              0.449285   data arrival time

                      0.150000    0.000000    0.000000   clock clk_10mhz (rise edge)
                                  0.000000    0.000000   clock network delay (ideal)
                                  0.250000    0.250000   clock uncertainty
                                  0.000000    0.250000   clock reconvergence pessimism
                                              0.250000 ^ _1702_/CLK (sky130_fd_sc_hd__dfxtp_2)
                                 -0.015096    0.234904   library hold time
                                              0.234904   data required time
---------------------------------------------------------------------------------------------
                                              0.234904   data required time
                                             -0.449285   data arrival time
---------------------------------------------------------------------------------------------
                                              0.214381   slack (MET)


Startpoint: _1683_ (rising edge-triggered flip-flop clocked by clk_10mhz)
Endpoint: _1683_ (rising edge-triggered flip-flop clocked by clk_10mhz)
Path Group: clk_10mhz
Path Type: min

Fanout         Cap        Slew       Delay        Time   Description
---------------------------------------------------------------------------------------------
                      0.150000    0.000000    0.000000   clock clk_10mhz (rise edge)
                                  0.000000    0.000000   clock network delay (ideal)
                      0.150000    0.000000    0.000000 ^ _1683_/CLK (sky130_fd_sc_hd__dfxtp_2)
     2    0.004158    0.036926    0.346723    0.346723 ^ _1683_/Q (sky130_fd_sc_hd__dfxtp_2)
                                                         u_fifo.mem[2][0] (net)
                      0.036926    0.000000    0.346723 ^ _1218_/A0 (sky130_fd_sc_hd__mux2_1)
     1    0.001674    0.033899    0.102605    0.449328 ^ _1218_/X (sky130_fd_sc_hd__mux2_1)
                                                         _0186_ (net)
                      0.033899    0.000000    0.449328 ^ _1683_/D (sky130_fd_sc_hd__dfxtp_2)
                                              0.449328   data arrival time

                      0.150000    0.000000    0.000000   clock clk_10mhz (rise edge)
                                  0.000000    0.000000   clock network delay (ideal)
                                  0.250000    0.250000   clock uncertainty
                                  0.000000    0.250000   clock reconvergence pessimism
                                              0.250000 ^ _1683_/CLK (sky130_fd_sc_hd__dfxtp_2)
                                 -0.015095    0.234905   library hold time
                                              0.234905   data required time
---------------------------------------------------------------------------------------------
                                              0.234905   data required time
                                             -0.449328   data arrival time
---------------------------------------------------------------------------------------------
                                              0.214424   slack (MET)


Startpoint: _1685_ (rising edge-triggered flip-flop clocked by clk_10mhz)
Endpoint: _1685_ (rising edge-triggered flip-flop clocked by clk_10mhz)
Path Group: clk_10mhz
Path Type: min

Fanout         Cap        Slew       Delay        Time   Description
---------------------------------------------------------------------------------------------
                      0.150000    0.000000    0.000000   clock clk_10mhz (rise edge)
                                  0.000000    0.000000   clock network delay (ideal)
                      0.150000    0.000000    0.000000 ^ _1685_/CLK (sky130_fd_sc_hd__dfxtp_2)
     2    0.004158    0.036926    0.346723    0.346723 ^ _1685_/Q (sky130_fd_sc_hd__dfxtp_2)
                                                         u_fifo.mem[2][2] (net)
                      0.036926    0.000000    0.346723 ^ _1220_/A0 (sky130_fd_sc_hd__mux2_1)
     1    0.001674    0.033899    0.102605    0.449328 ^ _1220_/X (sky130_fd_sc_hd__mux2_1)
                                                         _0188_ (net)
                      0.033899    0.000000    0.449328 ^ _1685_/D (sky130_fd_sc_hd__dfxtp_2)
                                              0.449328   data arrival time

                      0.150000    0.000000    0.000000   clock clk_10mhz (rise edge)
                                  0.000000    0.000000   clock network delay (ideal)
                                  0.250000    0.250000   clock uncertainty
                                  0.000000    0.250000   clock reconvergence pessimism
                                              0.250000 ^ _1685_/CLK (sky130_fd_sc_hd__dfxtp_2)
                                 -0.015095    0.234905   library hold time
                                              0.234905   data required time
---------------------------------------------------------------------------------------------
                                              0.234905   data required time
                                             -0.449328   data arrival time
---------------------------------------------------------------------------------------------
                                              0.214424   slack (MET)


Startpoint: _1686_ (rising edge-triggered flip-flop clocked by clk_10mhz)
Endpoint: _1686_ (rising edge-triggered flip-flop clocked by clk_10mhz)
Path Group: clk_10mhz
Path Type: min

Fanout         Cap        Slew       Delay        Time   Description
---------------------------------------------------------------------------------------------
                      0.150000    0.000000    0.000000   clock clk_10mhz (rise edge)
                                  0.000000    0.000000   clock network delay (ideal)
                      0.150000    0.000000    0.000000 ^ _1686_/CLK (sky130_fd_sc_hd__dfxtp_2)
     2    0.004158    0.036926    0.346723    0.346723 ^ _1686_/Q (sky130_fd_sc_hd__dfxtp_2)
                                                         u_fifo.mem[2][3] (net)
                      0.036926    0.000000    0.346723 ^ _1221_/A0 (sky130_fd_sc_hd__mux2_1)
     1    0.001674    0.033899    0.102605    0.449328 ^ _1221_/X (sky130_fd_sc_hd__mux2_1)
                                                         _0189_ (net)
                      0.033899    0.000000    0.449328 ^ _1686_/D (sky130_fd_sc_hd__dfxtp_2)
                                              0.449328   data arrival time

                      0.150000    0.000000    0.000000   clock clk_10mhz (rise edge)
                                  0.000000    0.000000   clock network delay (ideal)
                                  0.250000    0.250000   clock uncertainty
                                  0.000000    0.250000   clock reconvergence pessimism
                                              0.250000 ^ _1686_/CLK (sky130_fd_sc_hd__dfxtp_2)
                                 -0.015095    0.234905   library hold time
                                              0.234905   data required time
---------------------------------------------------------------------------------------------
                                              0.234905   data required time
                                             -0.449328   data arrival time
---------------------------------------------------------------------------------------------
                                              0.214424   slack (MET)


Startpoint: _1687_ (rising edge-triggered flip-flop clocked by clk_10mhz)
Endpoint: _1687_ (rising edge-triggered flip-flop clocked by clk_10mhz)
Path Group: clk_10mhz
Path Type: min

Fanout         Cap        Slew       Delay        Time   Description
---------------------------------------------------------------------------------------------
                      0.150000    0.000000    0.000000   clock clk_10mhz (rise edge)
                                  0.000000    0.000000   clock network delay (ideal)
                      0.150000    0.000000    0.000000 ^ _1687_/CLK (sky130_fd_sc_hd__dfxtp_2)
     2    0.004158    0.036926    0.346723    0.346723 ^ _1687_/Q (sky130_fd_sc_hd__dfxtp_2)
                                                         u_fifo.mem[2][4] (net)
                      0.036926    0.000000    0.346723 ^ _1222_/A0 (sky130_fd_sc_hd__mux2_1)
     1    0.001674    0.033899    0.102605    0.449328 ^ _1222_/X (sky130_fd_sc_hd__mux2_1)
                                                         _0190_ (net)
                      0.033899    0.000000    0.449328 ^ _1687_/D (sky130_fd_sc_hd__dfxtp_2)
                                              0.449328   data arrival time

                      0.150000    0.000000    0.000000   clock clk_10mhz (rise edge)
                                  0.000000    0.000000   clock network delay (ideal)
                                  0.250000    0.250000   clock uncertainty
                                  0.000000    0.250000   clock reconvergence pessimism
                                              0.250000 ^ _1687_/CLK (sky130_fd_sc_hd__dfxtp_2)
                                 -0.015095    0.234905   library hold time
                                              0.234905   data required time
---------------------------------------------------------------------------------------------
                                              0.234905   data required time
                                             -0.449328   data arrival time
---------------------------------------------------------------------------------------------
                                              0.214424   slack (MET)


Startpoint: _1688_ (rising edge-triggered flip-flop clocked by clk_10mhz)
Endpoint: _1688_ (rising edge-triggered flip-flop clocked by clk_10mhz)
Path Group: clk_10mhz
Path Type: min

Fanout         Cap        Slew       Delay        Time   Description
---------------------------------------------------------------------------------------------
                      0.150000    0.000000    0.000000   clock clk_10mhz (rise edge)
                                  0.000000    0.000000   clock network delay (ideal)
                      0.150000    0.000000    0.000000 ^ _1688_/CLK (sky130_fd_sc_hd__dfxtp_2)
     2    0.004158    0.036926    0.346723    0.346723 ^ _1688_/Q (sky130_fd_sc_hd__dfxtp_2)
                                                         u_fifo.mem[2][5] (net)
                      0.036926    0.000000    0.346723 ^ _1223_/A0 (sky130_fd_sc_hd__mux2_1)
     1    0.001674    0.033899    0.102605    0.449328 ^ _1223_/X (sky130_fd_sc_hd__mux2_1)
                                                         _0191_ (net)
                      0.033899    0.000000    0.449328 ^ _1688_/D (sky130_fd_sc_hd__dfxtp_2)
                                              0.449328   data arrival time

                      0.150000    0.000000    0.000000   clock clk_10mhz (rise edge)
                                  0.000000    0.000000   clock network delay (ideal)
                                  0.250000    0.250000   clock uncertainty
                                  0.000000    0.250000   clock reconvergence pessimism
                                              0.250000 ^ _1688_/CLK (sky130_fd_sc_hd__dfxtp_2)
                                 -0.015095    0.234905   library hold time
                                              0.234905   data required time
---------------------------------------------------------------------------------------------
                                              0.234905   data required time
                                             -0.449328   data arrival time
---------------------------------------------------------------------------------------------
                                              0.214424   slack (MET)


Startpoint: _1689_ (rising edge-triggered flip-flop clocked by clk_10mhz)
Endpoint: _1689_ (rising edge-triggered flip-flop clocked by clk_10mhz)
Path Group: clk_10mhz
Path Type: min

Fanout         Cap        Slew       Delay        Time   Description
---------------------------------------------------------------------------------------------
                      0.150000    0.000000    0.000000   clock clk_10mhz (rise edge)
                                  0.000000    0.000000   clock network delay (ideal)
                      0.150000    0.000000    0.000000 ^ _1689_/CLK (sky130_fd_sc_hd__dfxtp_2)
     2    0.004158    0.036926    0.346723    0.346723 ^ _1689_/Q (sky130_fd_sc_hd__dfxtp_2)
                                                         u_fifo.mem[2][6] (net)
                      0.036926    0.000000    0.346723 ^ _1224_/A0 (sky130_fd_sc_hd__mux2_1)
     1    0.001674    0.033899    0.102605    0.449328 ^ _1224_/X (sky130_fd_sc_hd__mux2_1)
                                                         _0192_ (net)
                      0.033899    0.000000    0.449328 ^ _1689_/D (sky130_fd_sc_hd__dfxtp_2)
                                              0.449328   data arrival time

                      0.150000    0.000000    0.000000   clock clk_10mhz (rise edge)
                                  0.000000    0.000000   clock network delay (ideal)
                                  0.250000    0.250000   clock uncertainty
                                  0.000000    0.250000   clock reconvergence pessimism
                                              0.250000 ^ _1689_/CLK (sky130_fd_sc_hd__dfxtp_2)
                                 -0.015095    0.234905   library hold time
                                              0.234905   data required time
---------------------------------------------------------------------------------------------
                                              0.234905   data required time
                                             -0.449328   data arrival time
---------------------------------------------------------------------------------------------
                                              0.214424   slack (MET)


Startpoint: _1690_ (rising edge-triggered flip-flop clocked by clk_10mhz)
Endpoint: _1690_ (rising edge-triggered flip-flop clocked by clk_10mhz)
Path Group: clk_10mhz
Path Type: min

Fanout         Cap        Slew       Delay        Time   Description
---------------------------------------------------------------------------------------------
                      0.150000    0.000000    0.000000   clock clk_10mhz (rise edge)
                                  0.000000    0.000000   clock network delay (ideal)
                      0.150000    0.000000    0.000000 ^ _1690_/CLK (sky130_fd_sc_hd__dfxtp_2)
     2    0.004158    0.036926    0.346723    0.346723 ^ _1690_/Q (sky130_fd_sc_hd__dfxtp_2)
                                                         u_fifo.mem[2][7] (net)
                      0.036926    0.000000    0.346723 ^ _1225_/A0 (sky130_fd_sc_hd__mux2_1)
     1    0.001674    0.033899    0.102605    0.449328 ^ _1225_/X (sky130_fd_sc_hd__mux2_1)
                                                         _0193_ (net)
                      0.033899    0.000000    0.449328 ^ _1690_/D (sky130_fd_sc_hd__dfxtp_2)
                                              0.449328   data arrival time

                      0.150000    0.000000    0.000000   clock clk_10mhz (rise edge)
                                  0.000000    0.000000   clock network delay (ideal)
                                  0.250000    0.250000   clock uncertainty
                                  0.000000    0.250000   clock reconvergence pessimism
                                              0.250000 ^ _1690_/CLK (sky130_fd_sc_hd__dfxtp_2)
                                 -0.015095    0.234905   library hold time
                                              0.234905   data required time
---------------------------------------------------------------------------------------------
                                              0.234905   data required time
                                             -0.449328   data arrival time
---------------------------------------------------------------------------------------------
                                              0.214424   slack (MET)


Startpoint: _1662_ (rising edge-triggered flip-flop clocked by clk_10mhz)
Endpoint: _1662_ (rising edge-triggered flip-flop clocked by clk_10mhz)
Path Group: clk_10mhz
Path Type: min

Fanout         Cap        Slew       Delay        Time   Description
---------------------------------------------------------------------------------------------
                      0.150000    0.000000    0.000000   clock clk_10mhz (rise edge)
                                  0.000000    0.000000   clock network delay (ideal)
                      0.150000    0.000000    0.000000 ^ _1662_/CLK (sky130_fd_sc_hd__dfxtp_2)
     2    0.004169    0.036974    0.346774    0.346774 ^ _1662_/Q (sky130_fd_sc_hd__dfxtp_2)
                                                         u_fifo.mem[4][3] (net)
                      0.036974    0.000000    0.346774 ^ _1193_/A0 (sky130_fd_sc_hd__mux2_1)
     1    0.001674    0.033900    0.102622    0.449396 ^ _1193_/X (sky130_fd_sc_hd__mux2_1)
                                                         _0165_ (net)
                      0.033900    0.000000    0.449396 ^ _1662_/D (sky130_fd_sc_hd__dfxtp_2)
                                              0.449396   data arrival time

                      0.150000    0.000000    0.000000   clock clk_10mhz (rise edge)
                                  0.000000    0.000000   clock network delay (ideal)
                                  0.250000    0.250000   clock uncertainty
                                  0.000000    0.250000   clock reconvergence pessimism
                                              0.250000 ^ _1662_/CLK (sky130_fd_sc_hd__dfxtp_2)
                                 -0.015096    0.234904   library hold time
                                              0.234904   data required time
---------------------------------------------------------------------------------------------
                                              0.234904   data required time
                                             -0.449396   data arrival time
---------------------------------------------------------------------------------------------
                                              0.214491   slack (MET)


Startpoint: _1626_ (rising edge-triggered flip-flop clocked by clk_10mhz)
Endpoint: _1626_ (rising edge-triggered flip-flop clocked by clk_10mhz)
Path Group: clk_10mhz
Path Type: min

Fanout         Cap        Slew       Delay        Time   Description
---------------------------------------------------------------------------------------------
                      0.150000    0.000000    0.000000   clock clk_10mhz (rise edge)
                                  0.000000    0.000000   clock network delay (ideal)
                      0.150000    0.000000    0.000000 ^ _1626_/CLK (sky130_fd_sc_hd__dfxtp_2)
     2    0.004169    0.036974    0.346774    0.346774 ^ _1626_/Q (sky130_fd_sc_hd__dfxtp_2)
                                                         u_fifo.mem[8][7] (net)
                      0.036974    0.000000    0.346774 ^ _1151_/A0 (sky130_fd_sc_hd__mux2_1)
     1    0.001674    0.033902    0.102622    0.449396 ^ _1151_/X (sky130_fd_sc_hd__mux2_1)
                                                         _0129_ (net)
                      0.033902    0.000000    0.449396 ^ _1626_/D (sky130_fd_sc_hd__dfxtp_2)
                                              0.449396   data arrival time

                      0.150000    0.000000    0.000000   clock clk_10mhz (rise edge)
                                  0.000000    0.000000   clock network delay (ideal)
                                  0.250000    0.250000   clock uncertainty
                                  0.000000    0.250000   clock reconvergence pessimism
                                              0.250000 ^ _1626_/CLK (sky130_fd_sc_hd__dfxtp_2)
                                 -0.015096    0.234904   library hold time
                                              0.234904   data required time
---------------------------------------------------------------------------------------------
                                              0.234904   data required time
                                             -0.449396   data arrival time
---------------------------------------------------------------------------------------------
                                              0.214492   slack (MET)


Startpoint: _1679_ (rising edge-triggered flip-flop clocked by clk_10mhz)
Endpoint: _1679_ (rising edge-triggered flip-flop clocked by clk_10mhz)
Path Group: clk_10mhz
Path Type: min

Fanout         Cap        Slew       Delay        Time   Description
---------------------------------------------------------------------------------------------
                      0.150000    0.000000    0.000000   clock clk_10mhz (rise edge)
                                  0.000000    0.000000   clock network delay (ideal)
                      0.150000    0.000000    0.000000 ^ _1679_/CLK (sky130_fd_sc_hd__dfxtp_2)
     2    0.004169    0.036974    0.346774    0.346774 ^ _1679_/Q (sky130_fd_sc_hd__dfxtp_2)
                                                         u_fifo.mem[12][4] (net)
                      0.036974    0.000000    0.346774 ^ _1213_/A0 (sky130_fd_sc_hd__mux2_1)
     1    0.001674    0.033902    0.102622    0.449396 ^ _1213_/X (sky130_fd_sc_hd__mux2_1)
                                                         _0182_ (net)
                      0.033902    0.000000    0.449396 ^ _1679_/D (sky130_fd_sc_hd__dfxtp_2)
                                              0.449396   data arrival time

                      0.150000    0.000000    0.000000   clock clk_10mhz (rise edge)
                                  0.000000    0.000000   clock network delay (ideal)
                                  0.250000    0.250000   clock uncertainty
                                  0.000000    0.250000   clock reconvergence pessimism
                                              0.250000 ^ _1679_/CLK (sky130_fd_sc_hd__dfxtp_2)
                                 -0.015096    0.234904   library hold time
                                              0.234904   data required time
---------------------------------------------------------------------------------------------
                                              0.234904   data required time
                                             -0.449396   data arrival time
---------------------------------------------------------------------------------------------
                                              0.214492   slack (MET)


Startpoint: _1641_ (rising edge-triggered flip-flop clocked by clk_10mhz)
Endpoint: _1641_ (rising edge-triggered flip-flop clocked by clk_10mhz)
Path Group: clk_10mhz
Path Type: min

Fanout         Cap        Slew       Delay        Time   Description
---------------------------------------------------------------------------------------------
                      0.150000    0.000000    0.000000   clock clk_10mhz (rise edge)
                                  0.000000    0.000000   clock network delay (ideal)
                      0.150000    0.000000    0.000000 ^ _1641_/CLK (sky130_fd_sc_hd__dfxtp_2)
     2    0.004169    0.036974    0.346774    0.346774 ^ _1641_/Q (sky130_fd_sc_hd__dfxtp_2)
                                                         u_fifo.mem[7][6] (net)
                      0.036974    0.000000    0.346774 ^ _1169_/A0 (sky130_fd_sc_hd__mux2_1)
     1    0.001674    0.033903    0.102622    0.449396 ^ _1169_/X (sky130_fd_sc_hd__mux2_1)
                                                         _0144_ (net)
                      0.033903    0.000000    0.449396 ^ _1641_/D (sky130_fd_sc_hd__dfxtp_2)
                                              0.449396   data arrival time

                      0.150000    0.000000    0.000000   clock clk_10mhz (rise edge)
                                  0.000000    0.000000   clock network delay (ideal)
                                  0.250000    0.250000   clock uncertainty
                                  0.000000    0.250000   clock reconvergence pessimism
                                              0.250000 ^ _1641_/CLK (sky130_fd_sc_hd__dfxtp_2)
                                 -0.015096    0.234904   library hold time
                                              0.234904   data required time
---------------------------------------------------------------------------------------------
                                              0.234904   data required time
                                             -0.449396   data arrival time
---------------------------------------------------------------------------------------------
                                              0.214492   slack (MET)


Startpoint: _1717_ (rising edge-triggered flip-flop clocked by clk_10mhz)
Endpoint: _1717_ (rising edge-triggered flip-flop clocked by clk_10mhz)
Path Group: clk_10mhz
Path Type: min

Fanout         Cap        Slew       Delay        Time   Description
---------------------------------------------------------------------------------------------
                      0.150000    0.000000    0.000000   clock clk_10mhz (rise edge)
                                  0.000000    0.000000   clock network delay (ideal)
                      0.150000    0.000000    0.000000 ^ _1717_/CLK (sky130_fd_sc_hd__dfxtp_2)
     2    0.003928    0.035917    0.345658    0.345658 ^ _1717_/Q (sky130_fd_sc_hd__dfxtp_2)
                                                         fifo_dout[0] (net)
                      0.035917    0.000000    0.345658 ^ _1292_/A1 (sky130_fd_sc_hd__mux2_1)
     1    0.001674    0.033890    0.105089    0.450747 ^ _1292_/X (sky130_fd_sc_hd__mux2_1)
                                                         _0220_ (net)
                      0.033890    0.000000    0.450747 ^ _1717_/D (sky130_fd_sc_hd__dfxtp_2)
                                              0.450747   data arrival time

                      0.150000    0.000000    0.000000   clock clk_10mhz (rise edge)
                                  0.000000    0.000000   clock network delay (ideal)
                                  0.250000    0.250000   clock uncertainty
                                  0.000000    0.250000   clock reconvergence pessimism
                                              0.250000 ^ _1717_/CLK (sky130_fd_sc_hd__dfxtp_2)
                                 -0.015094    0.234906   library hold time
                                              0.234906   data required time
---------------------------------------------------------------------------------------------
                                              0.234906   data required time
                                             -0.450747   data arrival time
---------------------------------------------------------------------------------------------
                                              0.215840   slack (MET)


Startpoint: _1718_ (rising edge-triggered flip-flop clocked by clk_10mhz)
Endpoint: _1718_ (rising edge-triggered flip-flop clocked by clk_10mhz)
Path Group: clk_10mhz
Path Type: min

Fanout         Cap        Slew       Delay        Time   Description
---------------------------------------------------------------------------------------------
                      0.150000    0.000000    0.000000   clock clk_10mhz (rise edge)
                                  0.000000    0.000000   clock network delay (ideal)
                      0.150000    0.000000    0.000000 ^ _1718_/CLK (sky130_fd_sc_hd__dfxtp_2)
     2    0.003928    0.035917    0.345658    0.345658 ^ _1718_/Q (sky130_fd_sc_hd__dfxtp_2)
                                                         fifo_dout[1] (net)
                      0.035917    0.000000    0.345658 ^ _1303_/A1 (sky130_fd_sc_hd__mux2_1)
     1    0.001674    0.033890    0.105089    0.450747 ^ _1303_/X (sky130_fd_sc_hd__mux2_1)
                                                         _0221_ (net)
                      0.033890    0.000000    0.450747 ^ _1718_/D (sky130_fd_sc_hd__dfxtp_2)
                                              0.450747   data arrival time

                      0.150000    0.000000    0.000000   clock clk_10mhz (rise edge)
                                  0.000000    0.000000   clock network delay (ideal)
                                  0.250000    0.250000   clock uncertainty
                                  0.000000    0.250000   clock reconvergence pessimism
                                              0.250000 ^ _1718_/CLK (sky130_fd_sc_hd__dfxtp_2)
                                 -0.015094    0.234906   library hold time
                                              0.234906   data required time
---------------------------------------------------------------------------------------------
                                              0.234906   data required time
                                             -0.450747   data arrival time
---------------------------------------------------------------------------------------------
                                              0.215840   slack (MET)


Startpoint: _1719_ (rising edge-triggered flip-flop clocked by clk_10mhz)
Endpoint: _1719_ (rising edge-triggered flip-flop clocked by clk_10mhz)
Path Group: clk_10mhz
Path Type: min

Fanout         Cap        Slew       Delay        Time   Description
---------------------------------------------------------------------------------------------
                      0.150000    0.000000    0.000000   clock clk_10mhz (rise edge)
                                  0.000000    0.000000   clock network delay (ideal)
                      0.150000    0.000000    0.000000 ^ _1719_/CLK (sky130_fd_sc_hd__dfxtp_2)
     2    0.003928    0.035917    0.345658    0.345658 ^ _1719_/Q (sky130_fd_sc_hd__dfxtp_2)
                                                         fifo_dout[2] (net)
                      0.035917    0.000000    0.345658 ^ _1314_/A1 (sky130_fd_sc_hd__mux2_1)
     1    0.001674    0.033890    0.105089    0.450747 ^ _1314_/X (sky130_fd_sc_hd__mux2_1)
                                                         _0222_ (net)
                      0.033890    0.000000    0.450747 ^ _1719_/D (sky130_fd_sc_hd__dfxtp_2)
                                              0.450747   data arrival time

                      0.150000    0.000000    0.000000   clock clk_10mhz (rise edge)
                                  0.000000    0.000000   clock network delay (ideal)
                                  0.250000    0.250000   clock uncertainty
                                  0.000000    0.250000   clock reconvergence pessimism
                                              0.250000 ^ _1719_/CLK (sky130_fd_sc_hd__dfxtp_2)
                                 -0.015094    0.234906   library hold time
                                              0.234906   data required time
---------------------------------------------------------------------------------------------
                                              0.234906   data required time
                                             -0.450747   data arrival time
---------------------------------------------------------------------------------------------
                                              0.215840   slack (MET)


Startpoint: _1721_ (rising edge-triggered flip-flop clocked by clk_10mhz)
Endpoint: _1721_ (rising edge-triggered flip-flop clocked by clk_10mhz)
Path Group: clk_10mhz
Path Type: min

Fanout         Cap        Slew       Delay        Time   Description
---------------------------------------------------------------------------------------------
                      0.150000    0.000000    0.000000   clock clk_10mhz (rise edge)
                                  0.000000    0.000000   clock network delay (ideal)
                      0.150000    0.000000    0.000000 ^ _1721_/CLK (sky130_fd_sc_hd__dfxtp_2)
     2    0.003928    0.035917    0.345658    0.345658 ^ _1721_/Q (sky130_fd_sc_hd__dfxtp_2)
                                                         fifo_dout[4] (net)
                      0.035917    0.000000    0.345658 ^ _1336_/A1 (sky130_fd_sc_hd__mux2_1)
     1    0.001674    0.033890    0.105089    0.450747 ^ _1336_/X (sky130_fd_sc_hd__mux2_1)
                                                         _0224_ (net)
                      0.033890    0.000000    0.450747 ^ _1721_/D (sky130_fd_sc_hd__dfxtp_2)
                                              0.450747   data arrival time

                      0.150000    0.000000    0.000000   clock clk_10mhz (rise edge)
                                  0.000000    0.000000   clock network delay (ideal)
                                  0.250000    0.250000   clock uncertainty
                                  0.000000    0.250000   clock reconvergence pessimism
                                              0.250000 ^ _1721_/CLK (sky130_fd_sc_hd__dfxtp_2)
                                 -0.015094    0.234906   library hold time
                                              0.234906   data required time
---------------------------------------------------------------------------------------------
                                              0.234906   data required time
                                             -0.450747   data arrival time
---------------------------------------------------------------------------------------------
                                              0.215840   slack (MET)


Startpoint: _1722_ (rising edge-triggered flip-flop clocked by clk_10mhz)
Endpoint: _1722_ (rising edge-triggered flip-flop clocked by clk_10mhz)
Path Group: clk_10mhz
Path Type: min

Fanout         Cap        Slew       Delay        Time   Description
---------------------------------------------------------------------------------------------
                      0.150000    0.000000    0.000000   clock clk_10mhz (rise edge)
                                  0.000000    0.000000   clock network delay (ideal)
                      0.150000    0.000000    0.000000 ^ _1722_/CLK (sky130_fd_sc_hd__dfxtp_2)
     2    0.003928    0.035917    0.345658    0.345658 ^ _1722_/Q (sky130_fd_sc_hd__dfxtp_2)
                                                         fifo_dout[5] (net)
                      0.035917    0.000000    0.345658 ^ _1347_/A1 (sky130_fd_sc_hd__mux2_1)
     1    0.001674    0.033890    0.105089    0.450747 ^ _1347_/X (sky130_fd_sc_hd__mux2_1)
                                                         _0225_ (net)
                      0.033890    0.000000    0.450747 ^ _1722_/D (sky130_fd_sc_hd__dfxtp_2)
                                              0.450747   data arrival time

                      0.150000    0.000000    0.000000   clock clk_10mhz (rise edge)
                                  0.000000    0.000000   clock network delay (ideal)
                                  0.250000    0.250000   clock uncertainty
                                  0.000000    0.250000   clock reconvergence pessimism
                                              0.250000 ^ _1722_/CLK (sky130_fd_sc_hd__dfxtp_2)
                                 -0.015094    0.234906   library hold time
                                              0.234906   data required time
---------------------------------------------------------------------------------------------
                                              0.234906   data required time
                                             -0.450747   data arrival time
---------------------------------------------------------------------------------------------
                                              0.215840   slack (MET)


Startpoint: _1723_ (rising edge-triggered flip-flop clocked by clk_10mhz)
Endpoint: _1723_ (rising edge-triggered flip-flop clocked by clk_10mhz)
Path Group: clk_10mhz
Path Type: min

Fanout         Cap        Slew       Delay        Time   Description
---------------------------------------------------------------------------------------------
                      0.150000    0.000000    0.000000   clock clk_10mhz (rise edge)
                                  0.000000    0.000000   clock network delay (ideal)
                      0.150000    0.000000    0.000000 ^ _1723_/CLK (sky130_fd_sc_hd__dfxtp_2)
     2    0.003928    0.035917    0.345658    0.345658 ^ _1723_/Q (sky130_fd_sc_hd__dfxtp_2)
                                                         fifo_dout[6] (net)
                      0.035917    0.000000    0.345658 ^ _1358_/A1 (sky130_fd_sc_hd__mux2_1)
     1    0.001674    0.033890    0.105089    0.450747 ^ _1358_/X (sky130_fd_sc_hd__mux2_1)
                                                         _0226_ (net)
                      0.033890    0.000000    0.450747 ^ _1723_/D (sky130_fd_sc_hd__dfxtp_2)
                                              0.450747   data arrival time

                      0.150000    0.000000    0.000000   clock clk_10mhz (rise edge)
                                  0.000000    0.000000   clock network delay (ideal)
                                  0.250000    0.250000   clock uncertainty
                                  0.000000    0.250000   clock reconvergence pessimism
                                              0.250000 ^ _1723_/CLK (sky130_fd_sc_hd__dfxtp_2)
                                 -0.015094    0.234906   library hold time
                                              0.234906   data required time
---------------------------------------------------------------------------------------------
                                              0.234906   data required time
                                             -0.450747   data arrival time
---------------------------------------------------------------------------------------------
                                              0.215840   slack (MET)


Startpoint: _1724_ (rising edge-triggered flip-flop clocked by clk_10mhz)
Endpoint: _1724_ (rising edge-triggered flip-flop clocked by clk_10mhz)
Path Group: clk_10mhz
Path Type: min

Fanout         Cap        Slew       Delay        Time   Description
---------------------------------------------------------------------------------------------
                      0.150000    0.000000    0.000000   clock clk_10mhz (rise edge)
                                  0.000000    0.000000   clock network delay (ideal)
                      0.150000    0.000000    0.000000 ^ _1724_/CLK (sky130_fd_sc_hd__dfxtp_2)
     2    0.003928    0.035917    0.345658    0.345658 ^ _1724_/Q (sky130_fd_sc_hd__dfxtp_2)
                                                         fifo_dout[7] (net)
                      0.035917    0.000000    0.345658 ^ _1369_/A1 (sky130_fd_sc_hd__mux2_1)
     1    0.001674    0.033890    0.105089    0.450747 ^ _1369_/X (sky130_fd_sc_hd__mux2_1)
                                                         _0227_ (net)
                      0.033890    0.000000    0.450747 ^ _1724_/D (sky130_fd_sc_hd__dfxtp_2)
                                              0.450747   data arrival time

                      0.150000    0.000000    0.000000   clock clk_10mhz (rise edge)
                                  0.000000    0.000000   clock network delay (ideal)
                                  0.250000    0.250000   clock uncertainty
                                  0.000000    0.250000   clock reconvergence pessimism
                                              0.250000 ^ _1724_/CLK (sky130_fd_sc_hd__dfxtp_2)
                                 -0.015094    0.234906   library hold time
                                              0.234906   data required time
---------------------------------------------------------------------------------------------
                                              0.234906   data required time
                                             -0.450747   data arrival time
---------------------------------------------------------------------------------------------
                                              0.215840   slack (MET)


Startpoint: _1565_ (rising edge-triggered flip-flop clocked by clk_10mhz)
Endpoint: _1565_ (rising edge-triggered flip-flop clocked by clk_10mhz)
Path Group: clk_10mhz
Path Type: min

Fanout         Cap        Slew       Delay        Time   Description
---------------------------------------------------------------------------------------------
                      0.150000    0.000000    0.000000   clock clk_10mhz (rise edge)
                                  0.000000    0.000000   clock network delay (ideal)
                      0.150000    0.000000    0.000000 ^ _1565_/CLK (sky130_fd_sc_hd__dfxtp_2)
     2    0.004389    0.037960    0.347653    0.347653 ^ _1565_/Q (sky130_fd_sc_hd__dfxtp_2)
                                                         u_fifo.mem[15][4] (net)
                      0.037960    0.000000    0.347653 ^ _1069_/A1 (sky130_fd_sc_hd__mux2_1)
     1    0.001674    0.033888    0.105794    0.453448 ^ _1069_/X (sky130_fd_sc_hd__mux2_1)
                                                         _0073_ (net)
                      0.033888    0.000000    0.453448 ^ _1565_/D (sky130_fd_sc_hd__dfxtp_2)
                                              0.453448   data arrival time

                      0.150000    0.000000    0.000000   clock clk_10mhz (rise edge)
                                  0.000000    0.000000   clock network delay (ideal)
                                  0.250000    0.250000   clock uncertainty
                                  0.000000    0.250000   clock reconvergence pessimism
                                              0.250000 ^ _1565_/CLK (sky130_fd_sc_hd__dfxtp_2)
                                 -0.015093    0.234907   library hold time
                                              0.234907   data required time
---------------------------------------------------------------------------------------------
                                              0.234907   data required time
                                             -0.453448   data arrival time
---------------------------------------------------------------------------------------------
                                              0.218541   slack (MET)


Startpoint: _1566_ (rising edge-triggered flip-flop clocked by clk_10mhz)
Endpoint: _1566_ (rising edge-triggered flip-flop clocked by clk_10mhz)
Path Group: clk_10mhz
Path Type: min

Fanout         Cap        Slew       Delay        Time   Description
---------------------------------------------------------------------------------------------
                      0.150000    0.000000    0.000000   clock clk_10mhz (rise edge)
                                  0.000000    0.000000   clock network delay (ideal)
                      0.150000    0.000000    0.000000 ^ _1566_/CLK (sky130_fd_sc_hd__dfxtp_2)
     2    0.004389    0.037960    0.347653    0.347653 ^ _1566_/Q (sky130_fd_sc_hd__dfxtp_2)
                                                         u_fifo.mem[15][5] (net)
                      0.037960    0.000000    0.347653 ^ _1070_/A1 (sky130_fd_sc_hd__mux2_1)
     1    0.001674    0.033888    0.105794    0.453448 ^ _1070_/X (sky130_fd_sc_hd__mux2_1)
                                                         _0074_ (net)
                      0.033888    0.000000    0.453448 ^ _1566_/D (sky130_fd_sc_hd__dfxtp_2)
                                              0.453448   data arrival time

                      0.150000    0.000000    0.000000   clock clk_10mhz (rise edge)
                                  0.000000    0.000000   clock network delay (ideal)
                                  0.250000    0.250000   clock uncertainty
                                  0.000000    0.250000   clock reconvergence pessimism
                                              0.250000 ^ _1566_/CLK (sky130_fd_sc_hd__dfxtp_2)
                                 -0.015093    0.234907   library hold time
                                              0.234907   data required time
---------------------------------------------------------------------------------------------
                                              0.234907   data required time
                                             -0.453448   data arrival time
---------------------------------------------------------------------------------------------
                                              0.218541   slack (MET)


Startpoint: _1611_ (rising edge-triggered flip-flop clocked by clk_10mhz)
Endpoint: _1611_ (rising edge-triggered flip-flop clocked by clk_10mhz)
Path Group: clk_10mhz
Path Type: min

Fanout         Cap        Slew       Delay        Time   Description
---------------------------------------------------------------------------------------------
                      0.150000    0.000000    0.000000   clock clk_10mhz (rise edge)
                                  0.000000    0.000000   clock network delay (ideal)
                      0.150000    0.000000    0.000000 ^ _1611_/CLK (sky130_fd_sc_hd__dfxtp_2)
     2    0.004389    0.037960    0.347653    0.347653 ^ _1611_/Q (sky130_fd_sc_hd__dfxtp_2)
                                                         u_fifo.mem[9][0] (net)
                      0.037960    0.000000    0.347653 ^ _1134_/A1 (sky130_fd_sc_hd__mux2_1)
     1    0.001674    0.033888    0.105794    0.453448 ^ _1134_/X (sky130_fd_sc_hd__mux2_1)
                                                         _0114_ (net)
                      0.033888    0.000000    0.453448 ^ _1611_/D (sky130_fd_sc_hd__dfxtp_2)
                                              0.453448   data arrival time

                      0.150000    0.000000    0.000000   clock clk_10mhz (rise edge)
                                  0.000000    0.000000   clock network delay (ideal)
                                  0.250000    0.250000   clock uncertainty
                                  0.000000    0.250000   clock reconvergence pessimism
                                              0.250000 ^ _1611_/CLK (sky130_fd_sc_hd__dfxtp_2)
                                 -0.015093    0.234907   library hold time
                                              0.234907   data required time
---------------------------------------------------------------------------------------------
                                              0.234907   data required time
                                             -0.453448   data arrival time
---------------------------------------------------------------------------------------------
                                              0.218541   slack (MET)


Startpoint: _1561_ (rising edge-triggered flip-flop clocked by clk_10mhz)
Endpoint: _1561_ (rising edge-triggered flip-flop clocked by clk_10mhz)
Path Group: clk_10mhz
Path Type: min

Fanout         Cap        Slew       Delay        Time   Description
---------------------------------------------------------------------------------------------
                      0.150000    0.000000    0.000000   clock clk_10mhz (rise edge)
                                  0.000000    0.000000   clock network delay (ideal)
                      0.150000    0.000000    0.000000 ^ _1561_/CLK (sky130_fd_sc_hd__dfxtp_2)
     2    0.004392    0.037974    0.347665    0.347665 ^ _1561_/Q (sky130_fd_sc_hd__dfxtp_2)
                                                         u_fifo.mem[15][0] (net)
                      0.037974    0.000000    0.347665 ^ _1065_/A1 (sky130_fd_sc_hd__mux2_1)
     1    0.001674    0.033888    0.105799    0.453464 ^ _1065_/X (sky130_fd_sc_hd__mux2_1)
                                                         _0069_ (net)
                      0.033888    0.000000    0.453464 ^ _1561_/D (sky130_fd_sc_hd__dfxtp_2)
                                              0.453464   data arrival time

                      0.150000    0.000000    0.000000   clock clk_10mhz (rise edge)
                                  0.000000    0.000000   clock network delay (ideal)
                                  0.250000    0.250000   clock uncertainty
                                  0.000000    0.250000   clock reconvergence pessimism
                                              0.250000 ^ _1561_/CLK (sky130_fd_sc_hd__dfxtp_2)
                                 -0.015093    0.234907   library hold time
                                              0.234907   data required time
---------------------------------------------------------------------------------------------
                                              0.234907   data required time
                                             -0.453464   data arrival time
---------------------------------------------------------------------------------------------
                                              0.218557   slack (MET)


Startpoint: _1562_ (rising edge-triggered flip-flop clocked by clk_10mhz)
Endpoint: _1562_ (rising edge-triggered flip-flop clocked by clk_10mhz)
Path Group: clk_10mhz
Path Type: min

Fanout         Cap        Slew       Delay        Time   Description
---------------------------------------------------------------------------------------------
                      0.150000    0.000000    0.000000   clock clk_10mhz (rise edge)
                                  0.000000    0.000000   clock network delay (ideal)
                      0.150000    0.000000    0.000000 ^ _1562_/CLK (sky130_fd_sc_hd__dfxtp_2)
     2    0.004392    0.037974    0.347665    0.347665 ^ _1562_/Q (sky130_fd_sc_hd__dfxtp_2)
                                                         u_fifo.mem[15][1] (net)
                      0.037974    0.000000    0.347665 ^ _1066_/A1 (sky130_fd_sc_hd__mux2_1)
     1    0.001674    0.033888    0.105799    0.453464 ^ _1066_/X (sky130_fd_sc_hd__mux2_1)
                                                         _0070_ (net)
                      0.033888    0.000000    0.453464 ^ _1562_/D (sky130_fd_sc_hd__dfxtp_2)
                                              0.453464   data arrival time

                      0.150000    0.000000    0.000000   clock clk_10mhz (rise edge)
                                  0.000000    0.000000   clock network delay (ideal)
                                  0.250000    0.250000   clock uncertainty
                                  0.000000    0.250000   clock reconvergence pessimism
                                              0.250000 ^ _1562_/CLK (sky130_fd_sc_hd__dfxtp_2)
                                 -0.015093    0.234907   library hold time
                                              0.234907   data required time
---------------------------------------------------------------------------------------------
                                              0.234907   data required time
                                             -0.453464   data arrival time
---------------------------------------------------------------------------------------------
                                              0.218557   slack (MET)


Startpoint: _1563_ (rising edge-triggered flip-flop clocked by clk_10mhz)
Endpoint: _1563_ (rising edge-triggered flip-flop clocked by clk_10mhz)
Path Group: clk_10mhz
Path Type: min

Fanout         Cap        Slew       Delay        Time   Description
---------------------------------------------------------------------------------------------
                      0.150000    0.000000    0.000000   clock clk_10mhz (rise edge)
                                  0.000000    0.000000   clock network delay (ideal)
                      0.150000    0.000000    0.000000 ^ _1563_/CLK (sky130_fd_sc_hd__dfxtp_2)
     2    0.004392    0.037974    0.347665    0.347665 ^ _1563_/Q (sky130_fd_sc_hd__dfxtp_2)
                                                         u_fifo.mem[15][2] (net)
                      0.037974    0.000000    0.347665 ^ _1067_/A1 (sky130_fd_sc_hd__mux2_1)
     1    0.001674    0.033888    0.105799    0.453464 ^ _1067_/X (sky130_fd_sc_hd__mux2_1)
                                                         _0071_ (net)
                      0.033888    0.000000    0.453464 ^ _1563_/D (sky130_fd_sc_hd__dfxtp_2)
                                              0.453464   data arrival time

                      0.150000    0.000000    0.000000   clock clk_10mhz (rise edge)
                                  0.000000    0.000000   clock network delay (ideal)
                                  0.250000    0.250000   clock uncertainty
                                  0.000000    0.250000   clock reconvergence pessimism
                                              0.250000 ^ _1563_/CLK (sky130_fd_sc_hd__dfxtp_2)
                                 -0.015093    0.234907   library hold time
                                              0.234907   data required time
---------------------------------------------------------------------------------------------
                                              0.234907   data required time
                                             -0.453464   data arrival time
---------------------------------------------------------------------------------------------
                                              0.218557   slack (MET)


Startpoint: _1564_ (rising edge-triggered flip-flop clocked by clk_10mhz)
Endpoint: _1564_ (rising edge-triggered flip-flop clocked by clk_10mhz)
Path Group: clk_10mhz
Path Type: min

Fanout         Cap        Slew       Delay        Time   Description
---------------------------------------------------------------------------------------------
                      0.150000    0.000000    0.000000   clock clk_10mhz (rise edge)
                                  0.000000    0.000000   clock network delay (ideal)
                      0.150000    0.000000    0.000000 ^ _1564_/CLK (sky130_fd_sc_hd__dfxtp_2)
     2    0.004392    0.037974    0.347665    0.347665 ^ _1564_/Q (sky130_fd_sc_hd__dfxtp_2)
                                                         u_fifo.mem[15][3] (net)
                      0.037974    0.000000    0.347665 ^ _1068_/A1 (sky130_fd_sc_hd__mux2_1)
     1    0.001674    0.033888    0.105799    0.453464 ^ _1068_/X (sky130_fd_sc_hd__mux2_1)
                                                         _0072_ (net)
                      0.033888    0.000000    0.453464 ^ _1564_/D (sky130_fd_sc_hd__dfxtp_2)
                                              0.453464   data arrival time

                      0.150000    0.000000    0.000000   clock clk_10mhz (rise edge)
                                  0.000000    0.000000   clock network delay (ideal)
                                  0.250000    0.250000   clock uncertainty
                                  0.000000    0.250000   clock reconvergence pessimism
                                              0.250000 ^ _1564_/CLK (sky130_fd_sc_hd__dfxtp_2)
                                 -0.015093    0.234907   library hold time
                                              0.234907   data required time
---------------------------------------------------------------------------------------------
                                              0.234907   data required time
                                             -0.453464   data arrival time
---------------------------------------------------------------------------------------------
                                              0.218557   slack (MET)


Startpoint: _1567_ (rising edge-triggered flip-flop clocked by clk_10mhz)
Endpoint: _1567_ (rising edge-triggered flip-flop clocked by clk_10mhz)
Path Group: clk_10mhz
Path Type: min

Fanout         Cap        Slew       Delay        Time   Description
---------------------------------------------------------------------------------------------
                      0.150000    0.000000    0.000000   clock clk_10mhz (rise edge)
                                  0.000000    0.000000   clock network delay (ideal)
                      0.150000    0.000000    0.000000 ^ _1567_/CLK (sky130_fd_sc_hd__dfxtp_2)
     2    0.004392    0.037974    0.347665    0.347665 ^ _1567_/Q (sky130_fd_sc_hd__dfxtp_2)
                                                         u_fifo.mem[15][6] (net)
                      0.037974    0.000000    0.347665 ^ _1071_/A1 (sky130_fd_sc_hd__mux2_1)
     1    0.001674    0.033888    0.105799    0.453464 ^ _1071_/X (sky130_fd_sc_hd__mux2_1)
                                                         _0075_ (net)
                      0.033888    0.000000    0.453464 ^ _1567_/D (sky130_fd_sc_hd__dfxtp_2)
                                              0.453464   data arrival time

                      0.150000    0.000000    0.000000   clock clk_10mhz (rise edge)
                                  0.000000    0.000000   clock network delay (ideal)
                                  0.250000    0.250000   clock uncertainty
                                  0.000000    0.250000   clock reconvergence pessimism
                                              0.250000 ^ _1567_/CLK (sky130_fd_sc_hd__dfxtp_2)
                                 -0.015093    0.234907   library hold time
                                              0.234907   data required time
---------------------------------------------------------------------------------------------
                                              0.234907   data required time
                                             -0.453464   data arrival time
---------------------------------------------------------------------------------------------
                                              0.218557   slack (MET)


Startpoint: _1568_ (rising edge-triggered flip-flop clocked by clk_10mhz)
Endpoint: _1568_ (rising edge-triggered flip-flop clocked by clk_10mhz)
Path Group: clk_10mhz
Path Type: min

Fanout         Cap        Slew       Delay        Time   Description
---------------------------------------------------------------------------------------------
                      0.150000    0.000000    0.000000   clock clk_10mhz (rise edge)
                                  0.000000    0.000000   clock network delay (ideal)
                      0.150000    0.000000    0.000000 ^ _1568_/CLK (sky130_fd_sc_hd__dfxtp_2)
     2    0.004392    0.037974    0.347665    0.347665 ^ _1568_/Q (sky130_fd_sc_hd__dfxtp_2)
                                                         u_fifo.mem[15][7] (net)
                      0.037974    0.000000    0.347665 ^ _1072_/A1 (sky130_fd_sc_hd__mux2_1)
     1    0.001674    0.033888    0.105799    0.453464 ^ _1072_/X (sky130_fd_sc_hd__mux2_1)
                                                         _0076_ (net)
                      0.033888    0.000000    0.453464 ^ _1568_/D (sky130_fd_sc_hd__dfxtp_2)
                                              0.453464   data arrival time

                      0.150000    0.000000    0.000000   clock clk_10mhz (rise edge)
                                  0.000000    0.000000   clock network delay (ideal)
                                  0.250000    0.250000   clock uncertainty
                                  0.000000    0.250000   clock reconvergence pessimism
                                              0.250000 ^ _1568_/CLK (sky130_fd_sc_hd__dfxtp_2)
                                 -0.015093    0.234907   library hold time
                                              0.234907   data required time
---------------------------------------------------------------------------------------------
                                              0.234907   data required time
                                             -0.453464   data arrival time
---------------------------------------------------------------------------------------------
                                              0.218557   slack (MET)


Startpoint: _1618_ (rising edge-triggered flip-flop clocked by clk_10mhz)
Endpoint: _1618_ (rising edge-triggered flip-flop clocked by clk_10mhz)
Path Group: clk_10mhz
Path Type: min

Fanout         Cap        Slew       Delay        Time   Description
---------------------------------------------------------------------------------------------
                      0.150000    0.000000    0.000000   clock clk_10mhz (rise edge)
                                  0.000000    0.000000   clock network delay (ideal)
                      0.150000    0.000000    0.000000 ^ _1618_/CLK (sky130_fd_sc_hd__dfxtp_2)
     2    0.004392    0.037974    0.347665    0.347665 ^ _1618_/Q (sky130_fd_sc_hd__dfxtp_2)
                                                         u_fifo.mem[9][7] (net)
                      0.037974    0.000000    0.347665 ^ _1141_/A1 (sky130_fd_sc_hd__mux2_1)
     1    0.001674    0.033888    0.105799    0.453464 ^ _1141_/X (sky130_fd_sc_hd__mux2_1)
                                                         _0121_ (net)
                      0.033888    0.000000    0.453464 ^ _1618_/D (sky130_fd_sc_hd__dfxtp_2)
                                              0.453464   data arrival time

                      0.150000    0.000000    0.000000   clock clk_10mhz (rise edge)
                                  0.000000    0.000000   clock network delay (ideal)
                                  0.250000    0.250000   clock uncertainty
                                  0.000000    0.250000   clock reconvergence pessimism
                                              0.250000 ^ _1618_/CLK (sky130_fd_sc_hd__dfxtp_2)
                                 -0.015093    0.234907   library hold time
                                              0.234907   data required time
---------------------------------------------------------------------------------------------
                                              0.234907   data required time
                                             -0.453464   data arrival time
---------------------------------------------------------------------------------------------
                                              0.218557   slack (MET)


Startpoint: _1598_ (rising edge-triggered flip-flop clocked by clk_10mhz)
Endpoint: _1598_ (rising edge-triggered flip-flop clocked by clk_10mhz)
Path Group: clk_10mhz
Path Type: min

Fanout         Cap        Slew       Delay        Time   Description
---------------------------------------------------------------------------------------------
                      0.150000    0.000000    0.000000   clock clk_10mhz (rise edge)
                                  0.000000    0.000000   clock network delay (ideal)
                      0.150000    0.000000    0.000000 ^ _1598_/CLK (sky130_fd_sc_hd__dfxtp_2)
     2    0.004418    0.038091    0.347762    0.347762 ^ _1598_/Q (sky130_fd_sc_hd__dfxtp_2)
                                                         u_fifo.mem[11][3] (net)
                      0.038091    0.000000    0.347762 ^ _1118_/A1 (sky130_fd_sc_hd__mux2_1)
     1    0.001674    0.033888    0.105840    0.453602 ^ _1118_/X (sky130_fd_sc_hd__mux2_1)
                                                         _0101_ (net)
                      0.033888    0.000000    0.453602 ^ _1598_/D (sky130_fd_sc_hd__dfxtp_2)
                                              0.453602   data arrival time

                      0.150000    0.000000    0.000000   clock clk_10mhz (rise edge)
                                  0.000000    0.000000   clock network delay (ideal)
                                  0.250000    0.250000   clock uncertainty
                                  0.000000    0.250000   clock reconvergence pessimism
                                              0.250000 ^ _1598_/CLK (sky130_fd_sc_hd__dfxtp_2)
                                 -0.015093    0.234907   library hold time
                                              0.234907   data required time
---------------------------------------------------------------------------------------------
                                              0.234907   data required time
                                             -0.453602   data arrival time
---------------------------------------------------------------------------------------------
                                              0.218695   slack (MET)


Startpoint: _1595_ (rising edge-triggered flip-flop clocked by clk_10mhz)
Endpoint: _1595_ (rising edge-triggered flip-flop clocked by clk_10mhz)
Path Group: clk_10mhz
Path Type: min

Fanout         Cap        Slew       Delay        Time   Description
---------------------------------------------------------------------------------------------
                      0.150000    0.000000    0.000000   clock clk_10mhz (rise edge)
                                  0.000000    0.000000   clock network delay (ideal)
                      0.150000    0.000000    0.000000 ^ _1595_/CLK (sky130_fd_sc_hd__dfxtp_2)
     2    0.004459    0.038277    0.347916    0.347916 ^ _1595_/Q (sky130_fd_sc_hd__dfxtp_2)
                                                         u_fifo.mem[11][0] (net)
                      0.038277    0.000000    0.347916 ^ _1115_/A1 (sky130_fd_sc_hd__mux2_1)
     1    0.001674    0.033888    0.105904    0.453819 ^ _1115_/X (sky130_fd_sc_hd__mux2_1)
                                                         _0098_ (net)
                      0.033888    0.000000    0.453819 ^ _1595_/D (sky130_fd_sc_hd__dfxtp_2)
                                              0.453819   data arrival time

                      0.150000    0.000000    0.000000   clock clk_10mhz (rise edge)
                                  0.000000    0.000000   clock network delay (ideal)
                                  0.250000    0.250000   clock uncertainty
                                  0.000000    0.250000   clock reconvergence pessimism
                                              0.250000 ^ _1595_/CLK (sky130_fd_sc_hd__dfxtp_2)
                                 -0.015093    0.234907   library hold time
                                              0.234907   data required time
---------------------------------------------------------------------------------------------
                                              0.234907   data required time
                                             -0.453819   data arrival time
---------------------------------------------------------------------------------------------
                                              0.218912   slack (MET)


Startpoint: _1597_ (rising edge-triggered flip-flop clocked by clk_10mhz)
Endpoint: _1597_ (rising edge-triggered flip-flop clocked by clk_10mhz)
Path Group: clk_10mhz
Path Type: min

Fanout         Cap        Slew       Delay        Time   Description
---------------------------------------------------------------------------------------------
                      0.150000    0.000000    0.000000   clock clk_10mhz (rise edge)
                                  0.000000    0.000000   clock network delay (ideal)
                      0.150000    0.000000    0.000000 ^ _1597_/CLK (sky130_fd_sc_hd__dfxtp_2)
     2    0.004459    0.038277    0.347916    0.347916 ^ _1597_/Q (sky130_fd_sc_hd__dfxtp_2)
                                                         u_fifo.mem[11][2] (net)
                      0.038277    0.000000    0.347916 ^ _1117_/A1 (sky130_fd_sc_hd__mux2_1)
     1    0.001674    0.033888    0.105904    0.453819 ^ _1117_/X (sky130_fd_sc_hd__mux2_1)
                                                         _0100_ (net)
                      0.033888    0.000000    0.453819 ^ _1597_/D (sky130_fd_sc_hd__dfxtp_2)
                                              0.453819   data arrival time

                      0.150000    0.000000    0.000000   clock clk_10mhz (rise edge)
                                  0.000000    0.000000   clock network delay (ideal)
                                  0.250000    0.250000   clock uncertainty
                                  0.000000    0.250000   clock reconvergence pessimism
                                              0.250000 ^ _1597_/CLK (sky130_fd_sc_hd__dfxtp_2)
                                 -0.015093    0.234907   library hold time
                                              0.234907   data required time
---------------------------------------------------------------------------------------------
                                              0.234907   data required time
                                             -0.453819   data arrival time
---------------------------------------------------------------------------------------------
                                              0.218912   slack (MET)


Startpoint: _1599_ (rising edge-triggered flip-flop clocked by clk_10mhz)
Endpoint: _1599_ (rising edge-triggered flip-flop clocked by clk_10mhz)
Path Group: clk_10mhz
Path Type: min

Fanout         Cap        Slew       Delay        Time   Description
---------------------------------------------------------------------------------------------
                      0.150000    0.000000    0.000000   clock clk_10mhz (rise edge)
                                  0.000000    0.000000   clock network delay (ideal)
                      0.150000    0.000000    0.000000 ^ _1599_/CLK (sky130_fd_sc_hd__dfxtp_2)
     2    0.004459    0.038277    0.347916    0.347916 ^ _1599_/Q (sky130_fd_sc_hd__dfxtp_2)
                                                         u_fifo.mem[11][4] (net)
                      0.038277    0.000000    0.347916 ^ _1119_/A1 (sky130_fd_sc_hd__mux2_1)
     1    0.001674    0.033888    0.105904    0.453819 ^ _1119_/X (sky130_fd_sc_hd__mux2_1)
                                                         _0102_ (net)
                      0.033888    0.000000    0.453819 ^ _1599_/D (sky130_fd_sc_hd__dfxtp_2)
                                              0.453819   data arrival time

                      0.150000    0.000000    0.000000   clock clk_10mhz (rise edge)
                                  0.000000    0.000000   clock network delay (ideal)
                                  0.250000    0.250000   clock uncertainty
                                  0.000000    0.250000   clock reconvergence pessimism
                                              0.250000 ^ _1599_/CLK (sky130_fd_sc_hd__dfxtp_2)
                                 -0.015093    0.234907   library hold time
                                              0.234907   data required time
---------------------------------------------------------------------------------------------
                                              0.234907   data required time
                                             -0.453819   data arrival time
---------------------------------------------------------------------------------------------
                                              0.218912   slack (MET)


Startpoint: _1602_ (rising edge-triggered flip-flop clocked by clk_10mhz)
Endpoint: _1602_ (rising edge-triggered flip-flop clocked by clk_10mhz)
Path Group: clk_10mhz
Path Type: min

Fanout         Cap        Slew       Delay        Time   Description
---------------------------------------------------------------------------------------------
                      0.150000    0.000000    0.000000   clock clk_10mhz (rise edge)
                                  0.000000    0.000000   clock network delay (ideal)
                      0.150000    0.000000    0.000000 ^ _1602_/CLK (sky130_fd_sc_hd__dfxtp_2)
     2    0.004459    0.038277    0.347916    0.347916 ^ _1602_/Q (sky130_fd_sc_hd__dfxtp_2)
                                                         u_fifo.mem[11][7] (net)
                      0.038277    0.000000    0.347916 ^ _1122_/A1 (sky130_fd_sc_hd__mux2_1)
     1    0.001674    0.033888    0.105904    0.453819 ^ _1122_/X (sky130_fd_sc_hd__mux2_1)
                                                         _0105_ (net)
                      0.033888    0.000000    0.453819 ^ _1602_/D (sky130_fd_sc_hd__dfxtp_2)
                                              0.453819   data arrival time

                      0.150000    0.000000    0.000000   clock clk_10mhz (rise edge)
                                  0.000000    0.000000   clock network delay (ideal)
                                  0.250000    0.250000   clock uncertainty
                                  0.000000    0.250000   clock reconvergence pessimism
                                              0.250000 ^ _1602_/CLK (sky130_fd_sc_hd__dfxtp_2)
                                 -0.015093    0.234907   library hold time
                                              0.234907   data required time
---------------------------------------------------------------------------------------------
                                              0.234907   data required time
                                             -0.453819   data arrival time
---------------------------------------------------------------------------------------------
                                              0.218912   slack (MET)


Startpoint: _1613_ (rising edge-triggered flip-flop clocked by clk_10mhz)
Endpoint: _1613_ (rising edge-triggered flip-flop clocked by clk_10mhz)
Path Group: clk_10mhz
Path Type: min

Fanout         Cap        Slew       Delay        Time   Description
---------------------------------------------------------------------------------------------
                      0.150000    0.000000    0.000000   clock clk_10mhz (rise edge)
                                  0.000000    0.000000   clock network delay (ideal)
                      0.150000    0.000000    0.000000 ^ _1613_/CLK (sky130_fd_sc_hd__dfxtp_2)
     2    0.004459    0.038277    0.347916    0.347916 ^ _1613_/Q (sky130_fd_sc_hd__dfxtp_2)
                                                         u_fifo.mem[9][2] (net)
                      0.038277    0.000000    0.347916 ^ _1136_/A1 (sky130_fd_sc_hd__mux2_1)
     1    0.001674    0.033888    0.105904    0.453819 ^ _1136_/X (sky130_fd_sc_hd__mux2_1)
                                                         _0116_ (net)
                      0.033888    0.000000    0.453819 ^ _1613_/D (sky130_fd_sc_hd__dfxtp_2)
                                              0.453819   data arrival time

                      0.150000    0.000000    0.000000   clock clk_10mhz (rise edge)
                                  0.000000    0.000000   clock network delay (ideal)
                                  0.250000    0.250000   clock uncertainty
                                  0.000000    0.250000   clock reconvergence pessimism
                                              0.250000 ^ _1613_/CLK (sky130_fd_sc_hd__dfxtp_2)
                                 -0.015093    0.234907   library hold time
                                              0.234907   data required time
---------------------------------------------------------------------------------------------
                                              0.234907   data required time
                                             -0.453819   data arrival time
---------------------------------------------------------------------------------------------
                                              0.218913   slack (MET)


Startpoint: _1615_ (rising edge-triggered flip-flop clocked by clk_10mhz)
Endpoint: _1615_ (rising edge-triggered flip-flop clocked by clk_10mhz)
Path Group: clk_10mhz
Path Type: min

Fanout         Cap        Slew       Delay        Time   Description
---------------------------------------------------------------------------------------------
                      0.150000    0.000000    0.000000   clock clk_10mhz (rise edge)
                                  0.000000    0.000000   clock network delay (ideal)
                      0.150000    0.000000    0.000000 ^ _1615_/CLK (sky130_fd_sc_hd__dfxtp_2)
     2    0.004459    0.038277    0.347916    0.347916 ^ _1615_/Q (sky130_fd_sc_hd__dfxtp_2)
                                                         u_fifo.mem[9][4] (net)
                      0.038277    0.000000    0.347916 ^ _1138_/A1 (sky130_fd_sc_hd__mux2_1)
     1    0.001674    0.033888    0.105904    0.453819 ^ _1138_/X (sky130_fd_sc_hd__mux2_1)
                                                         _0118_ (net)
                      0.033888    0.000000    0.453819 ^ _1615_/D (sky130_fd_sc_hd__dfxtp_2)
                                              0.453819   data arrival time

                      0.150000    0.000000    0.000000   clock clk_10mhz (rise edge)
                                  0.000000    0.000000   clock network delay (ideal)
                                  0.250000    0.250000   clock uncertainty
                                  0.000000    0.250000   clock reconvergence pessimism
                                              0.250000 ^ _1615_/CLK (sky130_fd_sc_hd__dfxtp_2)
                                 -0.015093    0.234907   library hold time
                                              0.234907   data required time
---------------------------------------------------------------------------------------------
                                              0.234907   data required time
                                             -0.453819   data arrival time
---------------------------------------------------------------------------------------------
                                              0.218913   slack (MET)


Startpoint: _1616_ (rising edge-triggered flip-flop clocked by clk_10mhz)
Endpoint: _1616_ (rising edge-triggered flip-flop clocked by clk_10mhz)
Path Group: clk_10mhz
Path Type: min

Fanout         Cap        Slew       Delay        Time   Description
---------------------------------------------------------------------------------------------
                      0.150000    0.000000    0.000000   clock clk_10mhz (rise edge)
                                  0.000000    0.000000   clock network delay (ideal)
                      0.150000    0.000000    0.000000 ^ _1616_/CLK (sky130_fd_sc_hd__dfxtp_2)
     2    0.004459    0.038277    0.347916    0.347916 ^ _1616_/Q (sky130_fd_sc_hd__dfxtp_2)
                                                         u_fifo.mem[9][5] (net)
                      0.038277    0.000000    0.347916 ^ _1139_/A1 (sky130_fd_sc_hd__mux2_1)
     1    0.001674    0.033888    0.105904    0.453819 ^ _1139_/X (sky130_fd_sc_hd__mux2_1)
                                                         _0119_ (net)
                      0.033888    0.000000    0.453819 ^ _1616_/D (sky130_fd_sc_hd__dfxtp_2)
                                              0.453819   data arrival time

                      0.150000    0.000000    0.000000   clock clk_10mhz (rise edge)
                                  0.000000    0.000000   clock network delay (ideal)
                                  0.250000    0.250000   clock uncertainty
                                  0.000000    0.250000   clock reconvergence pessimism
                                              0.250000 ^ _1616_/CLK (sky130_fd_sc_hd__dfxtp_2)
                                 -0.015093    0.234907   library hold time
                                              0.234907   data required time
---------------------------------------------------------------------------------------------
                                              0.234907   data required time
                                             -0.453819   data arrival time
---------------------------------------------------------------------------------------------
                                              0.218913   slack (MET)


Startpoint: _1617_ (rising edge-triggered flip-flop clocked by clk_10mhz)
Endpoint: _1617_ (rising edge-triggered flip-flop clocked by clk_10mhz)
Path Group: clk_10mhz
Path Type: min

Fanout         Cap        Slew       Delay        Time   Description
---------------------------------------------------------------------------------------------
                      0.150000    0.000000    0.000000   clock clk_10mhz (rise edge)
                                  0.000000    0.000000   clock network delay (ideal)
                      0.150000    0.000000    0.000000 ^ _1617_/CLK (sky130_fd_sc_hd__dfxtp_2)
     2    0.004459    0.038277    0.347916    0.347916 ^ _1617_/Q (sky130_fd_sc_hd__dfxtp_2)
                                                         u_fifo.mem[9][6] (net)
                      0.038277    0.000000    0.347916 ^ _1140_/A1 (sky130_fd_sc_hd__mux2_1)
     1    0.001674    0.033888    0.105904    0.453819 ^ _1140_/X (sky130_fd_sc_hd__mux2_1)
                                                         _0120_ (net)
                      0.033888    0.000000    0.453819 ^ _1617_/D (sky130_fd_sc_hd__dfxtp_2)
                                              0.453819   data arrival time

                      0.150000    0.000000    0.000000   clock clk_10mhz (rise edge)
                                  0.000000    0.000000   clock network delay (ideal)
                                  0.250000    0.250000   clock uncertainty
                                  0.000000    0.250000   clock reconvergence pessimism
                                              0.250000 ^ _1617_/CLK (sky130_fd_sc_hd__dfxtp_2)
                                 -0.015093    0.234907   library hold time
                                              0.234907   data required time
---------------------------------------------------------------------------------------------
                                              0.234907   data required time
                                             -0.453819   data arrival time
---------------------------------------------------------------------------------------------
                                              0.218913   slack (MET)


Startpoint: _1726_ (rising edge-triggered flip-flop clocked by clk_10mhz)
Endpoint: _1726_ (rising edge-triggered flip-flop clocked by clk_10mhz)
Path Group: clk_10mhz
Path Type: min

Fanout         Cap        Slew       Delay        Time   Description
---------------------------------------------------------------------------------------------
                      0.150000    0.000000    0.000000   clock clk_10mhz (rise edge)
                                  0.000000    0.000000   clock network delay (ideal)
                      0.150000    0.000000    0.000000 ^ _1726_/CLK (sky130_fd_sc_hd__dfxtp_2)
     2    0.004459    0.038277    0.347916    0.347916 ^ _1726_/Q (sky130_fd_sc_hd__dfxtp_2)
                                                         u_fifo.mem[13][1] (net)
                      0.038277    0.000000    0.347916 ^ _1372_/A1 (sky130_fd_sc_hd__mux2_1)
     1    0.001674    0.033888    0.105904    0.453819 ^ _1372_/X (sky130_fd_sc_hd__mux2_1)
                                                         _0229_ (net)
                      0.033888    0.000000    0.453819 ^ _1726_/D (sky130_fd_sc_hd__dfxtp_2)
                                              0.453819   data arrival time

                      0.150000    0.000000    0.000000   clock clk_10mhz (rise edge)
                                  0.000000    0.000000   clock network delay (ideal)
                                  0.250000    0.250000   clock uncertainty
                                  0.000000    0.250000   clock reconvergence pessimism
                                              0.250000 ^ _1726_/CLK (sky130_fd_sc_hd__dfxtp_2)
                                 -0.015093    0.234907   library hold time
                                              0.234907   data required time
---------------------------------------------------------------------------------------------
                                              0.234907   data required time
                                             -0.453819   data arrival time
---------------------------------------------------------------------------------------------
                                              0.218913   slack (MET)


Startpoint: _1728_ (rising edge-triggered flip-flop clocked by clk_10mhz)
Endpoint: _1728_ (rising edge-triggered flip-flop clocked by clk_10mhz)
Path Group: clk_10mhz
Path Type: min

Fanout         Cap        Slew       Delay        Time   Description
---------------------------------------------------------------------------------------------
                      0.150000    0.000000    0.000000   clock clk_10mhz (rise edge)
                                  0.000000    0.000000   clock network delay (ideal)
                      0.150000    0.000000    0.000000 ^ _1728_/CLK (sky130_fd_sc_hd__dfxtp_2)
     2    0.004459    0.038277    0.347916    0.347916 ^ _1728_/Q (sky130_fd_sc_hd__dfxtp_2)
                                                         u_fifo.mem[13][3] (net)
                      0.038277    0.000000    0.347916 ^ _1374_/A1 (sky130_fd_sc_hd__mux2_1)
     1    0.001674    0.033888    0.105904    0.453819 ^ _1374_/X (sky130_fd_sc_hd__mux2_1)
                                                         _0231_ (net)
                      0.033888    0.000000    0.453819 ^ _1728_/D (sky130_fd_sc_hd__dfxtp_2)
                                              0.453819   data arrival time

                      0.150000    0.000000    0.000000   clock clk_10mhz (rise edge)
                                  0.000000    0.000000   clock network delay (ideal)
                                  0.250000    0.250000   clock uncertainty
                                  0.000000    0.250000   clock reconvergence pessimism
                                              0.250000 ^ _1728_/CLK (sky130_fd_sc_hd__dfxtp_2)
                                 -0.015093    0.234907   library hold time
                                              0.234907   data required time
---------------------------------------------------------------------------------------------
                                              0.234907   data required time
                                             -0.453819   data arrival time
---------------------------------------------------------------------------------------------
                                              0.218913   slack (MET)


Startpoint: _1729_ (rising edge-triggered flip-flop clocked by clk_10mhz)
Endpoint: _1729_ (rising edge-triggered flip-flop clocked by clk_10mhz)
Path Group: clk_10mhz
Path Type: min

Fanout         Cap        Slew       Delay        Time   Description
---------------------------------------------------------------------------------------------
                      0.150000    0.000000    0.000000   clock clk_10mhz (rise edge)
                                  0.000000    0.000000   clock network delay (ideal)
                      0.150000    0.000000    0.000000 ^ _1729_/CLK (sky130_fd_sc_hd__dfxtp_2)
     2    0.004459    0.038277    0.347916    0.347916 ^ _1729_/Q (sky130_fd_sc_hd__dfxtp_2)
                                                         u_fifo.mem[13][4] (net)
                      0.038277    0.000000    0.347916 ^ _1375_/A1 (sky130_fd_sc_hd__mux2_1)
     1    0.001674    0.033888    0.105904    0.453819 ^ _1375_/X (sky130_fd_sc_hd__mux2_1)
                                                         _0232_ (net)
                      0.033888    0.000000    0.453819 ^ _1729_/D (sky130_fd_sc_hd__dfxtp_2)
                                              0.453819   data arrival time

                      0.150000    0.000000    0.000000   clock clk_10mhz (rise edge)
                                  0.000000    0.000000   clock network delay (ideal)
                                  0.250000    0.250000   clock uncertainty
                                  0.000000    0.250000   clock reconvergence pessimism
                                              0.250000 ^ _1729_/CLK (sky130_fd_sc_hd__dfxtp_2)
                                 -0.015093    0.234907   library hold time
                                              0.234907   data required time
---------------------------------------------------------------------------------------------
                                              0.234907   data required time
                                             -0.453819   data arrival time
---------------------------------------------------------------------------------------------
                                              0.218913   slack (MET)


Startpoint: _1731_ (rising edge-triggered flip-flop clocked by clk_10mhz)
Endpoint: _1731_ (rising edge-triggered flip-flop clocked by clk_10mhz)
Path Group: clk_10mhz
Path Type: min

Fanout         Cap        Slew       Delay        Time   Description
---------------------------------------------------------------------------------------------
                      0.150000    0.000000    0.000000   clock clk_10mhz (rise edge)
                                  0.000000    0.000000   clock network delay (ideal)
                      0.150000    0.000000    0.000000 ^ _1731_/CLK (sky130_fd_sc_hd__dfxtp_2)
     2    0.004459    0.038277    0.347916    0.347916 ^ _1731_/Q (sky130_fd_sc_hd__dfxtp_2)
                                                         u_fifo.mem[13][6] (net)
                      0.038277    0.000000    0.347916 ^ _1377_/A1 (sky130_fd_sc_hd__mux2_1)
     1    0.001674    0.033888    0.105904    0.453819 ^ _1377_/X (sky130_fd_sc_hd__mux2_1)
                                                         _0234_ (net)
                      0.033888    0.000000    0.453819 ^ _1731_/D (sky130_fd_sc_hd__dfxtp_2)
                                              0.453819   data arrival time

                      0.150000    0.000000    0.000000   clock clk_10mhz (rise edge)
                                  0.000000    0.000000   clock network delay (ideal)
                                  0.250000    0.250000   clock uncertainty
                                  0.000000    0.250000   clock reconvergence pessimism
                                              0.250000 ^ _1731_/CLK (sky130_fd_sc_hd__dfxtp_2)
                                 -0.015093    0.234907   library hold time
                                              0.234907   data required time
---------------------------------------------------------------------------------------------
                                              0.234907   data required time
                                             -0.453819   data arrival time
---------------------------------------------------------------------------------------------
                                              0.218913   slack (MET)


Startpoint: _1732_ (rising edge-triggered flip-flop clocked by clk_10mhz)
Endpoint: _1732_ (rising edge-triggered flip-flop clocked by clk_10mhz)
Path Group: clk_10mhz
Path Type: min

Fanout         Cap        Slew       Delay        Time   Description
---------------------------------------------------------------------------------------------
                      0.150000    0.000000    0.000000   clock clk_10mhz (rise edge)
                                  0.000000    0.000000   clock network delay (ideal)
                      0.150000    0.000000    0.000000 ^ _1732_/CLK (sky130_fd_sc_hd__dfxtp_2)
     2    0.004459    0.038277    0.347916    0.347916 ^ _1732_/Q (sky130_fd_sc_hd__dfxtp_2)
                                                         u_fifo.mem[13][7] (net)
                      0.038277    0.000000    0.347916 ^ _1378_/A1 (sky130_fd_sc_hd__mux2_1)
     1    0.001674    0.033888    0.105904    0.453819 ^ _1378_/X (sky130_fd_sc_hd__mux2_1)
                                                         _0235_ (net)
                      0.033888    0.000000    0.453819 ^ _1732_/D (sky130_fd_sc_hd__dfxtp_2)
                                              0.453819   data arrival time

                      0.150000    0.000000    0.000000   clock clk_10mhz (rise edge)
                                  0.000000    0.000000   clock network delay (ideal)
                                  0.250000    0.250000   clock uncertainty
                                  0.000000    0.250000   clock reconvergence pessimism
                                              0.250000 ^ _1732_/CLK (sky130_fd_sc_hd__dfxtp_2)
                                 -0.015093    0.234907   library hold time
                                              0.234907   data required time
---------------------------------------------------------------------------------------------
                                              0.234907   data required time
                                             -0.453819   data arrival time
---------------------------------------------------------------------------------------------
                                              0.218913   slack (MET)


Startpoint: _1596_ (rising edge-triggered flip-flop clocked by clk_10mhz)
Endpoint: _1596_ (rising edge-triggered flip-flop clocked by clk_10mhz)
Path Group: clk_10mhz
Path Type: min

Fanout         Cap        Slew       Delay        Time   Description
---------------------------------------------------------------------------------------------
                      0.150000    0.000000    0.000000   clock clk_10mhz (rise edge)
                                  0.000000    0.000000   clock network delay (ideal)
                      0.150000    0.000000    0.000000 ^ _1596_/CLK (sky130_fd_sc_hd__dfxtp_2)
     2    0.004496    0.038444    0.348054    0.348054 ^ _1596_/Q (sky130_fd_sc_hd__dfxtp_2)
                                                         u_fifo.mem[11][1] (net)
                      0.038444    0.000000    0.348054 ^ _1116_/A1 (sky130_fd_sc_hd__mux2_1)
     1    0.001674    0.033888    0.105961    0.454016 ^ _1116_/X (sky130_fd_sc_hd__mux2_1)
                                                         _0099_ (net)
                      0.033888    0.000000    0.454016 ^ _1596_/D (sky130_fd_sc_hd__dfxtp_2)
                                              0.454016   data arrival time

                      0.150000    0.000000    0.000000   clock clk_10mhz (rise edge)
                                  0.000000    0.000000   clock network delay (ideal)
                                  0.250000    0.250000   clock uncertainty
                                  0.000000    0.250000   clock reconvergence pessimism
                                              0.250000 ^ _1596_/CLK (sky130_fd_sc_hd__dfxtp_2)
                                 -0.015093    0.234907   library hold time
                                              0.234907   data required time
---------------------------------------------------------------------------------------------
                                              0.234907   data required time
                                             -0.454016   data arrival time
---------------------------------------------------------------------------------------------
                                              0.219109   slack (MET)


Startpoint: _1600_ (rising edge-triggered flip-flop clocked by clk_10mhz)
Endpoint: _1600_ (rising edge-triggered flip-flop clocked by clk_10mhz)
Path Group: clk_10mhz
Path Type: min

Fanout         Cap        Slew       Delay        Time   Description
---------------------------------------------------------------------------------------------
                      0.150000    0.000000    0.000000   clock clk_10mhz (rise edge)
                                  0.000000    0.000000   clock network delay (ideal)
                      0.150000    0.000000    0.000000 ^ _1600_/CLK (sky130_fd_sc_hd__dfxtp_2)
     2    0.004496    0.038444    0.348054    0.348054 ^ _1600_/Q (sky130_fd_sc_hd__dfxtp_2)
                                                         u_fifo.mem[11][5] (net)
                      0.038444    0.000000    0.348054 ^ _1120_/A1 (sky130_fd_sc_hd__mux2_1)
     1    0.001674    0.033888    0.105961    0.454016 ^ _1120_/X (sky130_fd_sc_hd__mux2_1)
                                                         _0103_ (net)
                      0.033888    0.000000    0.454016 ^ _1600_/D (sky130_fd_sc_hd__dfxtp_2)
                                              0.454016   data arrival time

                      0.150000    0.000000    0.000000   clock clk_10mhz (rise edge)
                                  0.000000    0.000000   clock network delay (ideal)
                                  0.250000    0.250000   clock uncertainty
                                  0.000000    0.250000   clock reconvergence pessimism
                                              0.250000 ^ _1600_/CLK (sky130_fd_sc_hd__dfxtp_2)
                                 -0.015093    0.234907   library hold time
                                              0.234907   data required time
---------------------------------------------------------------------------------------------
                                              0.234907   data required time
                                             -0.454016   data arrival time
---------------------------------------------------------------------------------------------
                                              0.219109   slack (MET)


Startpoint: _1601_ (rising edge-triggered flip-flop clocked by clk_10mhz)
Endpoint: _1601_ (rising edge-triggered flip-flop clocked by clk_10mhz)
Path Group: clk_10mhz
Path Type: min

Fanout         Cap        Slew       Delay        Time   Description
---------------------------------------------------------------------------------------------
                      0.150000    0.000000    0.000000   clock clk_10mhz (rise edge)
                                  0.000000    0.000000   clock network delay (ideal)
                      0.150000    0.000000    0.000000 ^ _1601_/CLK (sky130_fd_sc_hd__dfxtp_2)
     2    0.004496    0.038444    0.348054    0.348054 ^ _1601_/Q (sky130_fd_sc_hd__dfxtp_2)
                                                         u_fifo.mem[11][6] (net)
                      0.038444    0.000000    0.348054 ^ _1121_/A1 (sky130_fd_sc_hd__mux2_1)
     1    0.001674    0.033888    0.105961    0.454016 ^ _1121_/X (sky130_fd_sc_hd__mux2_1)
                                                         _0104_ (net)
                      0.033888    0.000000    0.454016 ^ _1601_/D (sky130_fd_sc_hd__dfxtp_2)
                                              0.454016   data arrival time

                      0.150000    0.000000    0.000000   clock clk_10mhz (rise edge)
                                  0.000000    0.000000   clock network delay (ideal)
                                  0.250000    0.250000   clock uncertainty
                                  0.000000    0.250000   clock reconvergence pessimism
                                              0.250000 ^ _1601_/CLK (sky130_fd_sc_hd__dfxtp_2)
                                 -0.015093    0.234907   library hold time
                                              0.234907   data required time
---------------------------------------------------------------------------------------------
                                              0.234907   data required time
                                             -0.454016   data arrival time
---------------------------------------------------------------------------------------------
                                              0.219109   slack (MET)


Startpoint: _1614_ (rising edge-triggered flip-flop clocked by clk_10mhz)
Endpoint: _1614_ (rising edge-triggered flip-flop clocked by clk_10mhz)
Path Group: clk_10mhz
Path Type: min

Fanout         Cap        Slew       Delay        Time   Description
---------------------------------------------------------------------------------------------
                      0.150000    0.000000    0.000000   clock clk_10mhz (rise edge)
                                  0.000000    0.000000   clock network delay (ideal)
                      0.150000    0.000000    0.000000 ^ _1614_/CLK (sky130_fd_sc_hd__dfxtp_2)
     2    0.004496    0.038444    0.348054    0.348054 ^ _1614_/Q (sky130_fd_sc_hd__dfxtp_2)
                                                         u_fifo.mem[9][3] (net)
                      0.038444    0.000000    0.348054 ^ _1137_/A1 (sky130_fd_sc_hd__mux2_1)
     1    0.001674    0.033888    0.105961    0.454016 ^ _1137_/X (sky130_fd_sc_hd__mux2_1)
                                                         _0117_ (net)
                      0.033888    0.000000    0.454016 ^ _1614_/D (sky130_fd_sc_hd__dfxtp_2)
                                              0.454016   data arrival time

                      0.150000    0.000000    0.000000   clock clk_10mhz (rise edge)
                                  0.000000    0.000000   clock network delay (ideal)
                                  0.250000    0.250000   clock uncertainty
                                  0.000000    0.250000   clock reconvergence pessimism
                                              0.250000 ^ _1614_/CLK (sky130_fd_sc_hd__dfxtp_2)
                                 -0.015093    0.234907   library hold time
                                              0.234907   data required time
---------------------------------------------------------------------------------------------
                                              0.234907   data required time
                                             -0.454016   data arrival time
---------------------------------------------------------------------------------------------
                                              0.219109   slack (MET)


Startpoint: _1725_ (rising edge-triggered flip-flop clocked by clk_10mhz)
Endpoint: _1725_ (rising edge-triggered flip-flop clocked by clk_10mhz)
Path Group: clk_10mhz
Path Type: min

Fanout         Cap        Slew       Delay        Time   Description
---------------------------------------------------------------------------------------------
                      0.150000    0.000000    0.000000   clock clk_10mhz (rise edge)
                                  0.000000    0.000000   clock network delay (ideal)
                      0.150000    0.000000    0.000000 ^ _1725_/CLK (sky130_fd_sc_hd__dfxtp_2)
     2    0.004496    0.038444    0.348054    0.348054 ^ _1725_/Q (sky130_fd_sc_hd__dfxtp_2)
                                                         u_fifo.mem[13][0] (net)
                      0.038444    0.000000    0.348054 ^ _1371_/A1 (sky130_fd_sc_hd__mux2_1)
     1    0.001674    0.033888    0.105961    0.454016 ^ _1371_/X (sky130_fd_sc_hd__mux2_1)
                                                         _0228_ (net)
                      0.033888    0.000000    0.454016 ^ _1725_/D (sky130_fd_sc_hd__dfxtp_2)
                                              0.454016   data arrival time

                      0.150000    0.000000    0.000000   clock clk_10mhz (rise edge)
                                  0.000000    0.000000   clock network delay (ideal)
                                  0.250000    0.250000   clock uncertainty
                                  0.000000    0.250000   clock reconvergence pessimism
                                              0.250000 ^ _1725_/CLK (sky130_fd_sc_hd__dfxtp_2)
                                 -0.015093    0.234907   library hold time
                                              0.234907   data required time
---------------------------------------------------------------------------------------------
                                              0.234907   data required time
                                             -0.454016   data arrival time
---------------------------------------------------------------------------------------------
                                              0.219109   slack (MET)


Startpoint: _1727_ (rising edge-triggered flip-flop clocked by clk_10mhz)
Endpoint: _1727_ (rising edge-triggered flip-flop clocked by clk_10mhz)
Path Group: clk_10mhz
Path Type: min

Fanout         Cap        Slew       Delay        Time   Description
---------------------------------------------------------------------------------------------
                      0.150000    0.000000    0.000000   clock clk_10mhz (rise edge)
                                  0.000000    0.000000   clock network delay (ideal)
                      0.150000    0.000000    0.000000 ^ _1727_/CLK (sky130_fd_sc_hd__dfxtp_2)
     2    0.004496    0.038444    0.348054    0.348054 ^ _1727_/Q (sky130_fd_sc_hd__dfxtp_2)
                                                         u_fifo.mem[13][2] (net)
                      0.038444    0.000000    0.348054 ^ _1373_/A1 (sky130_fd_sc_hd__mux2_1)
     1    0.001674    0.033888    0.105961    0.454016 ^ _1373_/X (sky130_fd_sc_hd__mux2_1)
                                                         _0230_ (net)
                      0.033888    0.000000    0.454016 ^ _1727_/D (sky130_fd_sc_hd__dfxtp_2)
                                              0.454016   data arrival time

                      0.150000    0.000000    0.000000   clock clk_10mhz (rise edge)
                                  0.000000    0.000000   clock network delay (ideal)
                                  0.250000    0.250000   clock uncertainty
                                  0.000000    0.250000   clock reconvergence pessimism
                                              0.250000 ^ _1727_/CLK (sky130_fd_sc_hd__dfxtp_2)
                                 -0.015093    0.234907   library hold time
                                              0.234907   data required time
---------------------------------------------------------------------------------------------
                                              0.234907   data required time
                                             -0.454016   data arrival time
---------------------------------------------------------------------------------------------
                                              0.219109   slack (MET)


Startpoint: _1730_ (rising edge-triggered flip-flop clocked by clk_10mhz)
Endpoint: _1730_ (rising edge-triggered flip-flop clocked by clk_10mhz)
Path Group: clk_10mhz
Path Type: min

Fanout         Cap        Slew       Delay        Time   Description
---------------------------------------------------------------------------------------------
                      0.150000    0.000000    0.000000   clock clk_10mhz (rise edge)
                                  0.000000    0.000000   clock network delay (ideal)
                      0.150000    0.000000    0.000000 ^ _1730_/CLK (sky130_fd_sc_hd__dfxtp_2)
     2    0.004496    0.038444    0.348054    0.348054 ^ _1730_/Q (sky130_fd_sc_hd__dfxtp_2)
                                                         u_fifo.mem[13][5] (net)
                      0.038444    0.000000    0.348054 ^ _1376_/A1 (sky130_fd_sc_hd__mux2_1)
     1    0.001674    0.033888    0.105961    0.454016 ^ _1376_/X (sky130_fd_sc_hd__mux2_1)
                                                         _0233_ (net)
                      0.033888    0.000000    0.454016 ^ _1730_/D (sky130_fd_sc_hd__dfxtp_2)
                                              0.454016   data arrival time

                      0.150000    0.000000    0.000000   clock clk_10mhz (rise edge)
                                  0.000000    0.000000   clock network delay (ideal)
                                  0.250000    0.250000   clock uncertainty
                                  0.000000    0.250000   clock reconvergence pessimism
                                              0.250000 ^ _1730_/CLK (sky130_fd_sc_hd__dfxtp_2)
                                 -0.015093    0.234907   library hold time
                                              0.234907   data required time
---------------------------------------------------------------------------------------------
                                              0.234907   data required time
                                             -0.454016   data arrival time
---------------------------------------------------------------------------------------------
                                              0.219109   slack (MET)


Startpoint: _1612_ (rising edge-triggered flip-flop clocked by clk_10mhz)
Endpoint: _1612_ (rising edge-triggered flip-flop clocked by clk_10mhz)
Path Group: clk_10mhz
Path Type: min

Fanout         Cap        Slew       Delay        Time   Description
---------------------------------------------------------------------------------------------
                      0.150000    0.000000    0.000000   clock clk_10mhz (rise edge)
                                  0.000000    0.000000   clock network delay (ideal)
                      0.150000    0.000000    0.000000 ^ _1612_/CLK (sky130_fd_sc_hd__dfxtp_2)
     2    0.004522    0.038562    0.348152    0.348152 ^ _1612_/Q (sky130_fd_sc_hd__dfxtp_2)
                                                         u_fifo.mem[9][1] (net)
                      0.038562    0.000000    0.348152 ^ _1135_/A1 (sky130_fd_sc_hd__mux2_1)
     1    0.001674    0.033888    0.106002    0.454154 ^ _1135_/X (sky130_fd_sc_hd__mux2_1)
                                                         _0115_ (net)
                      0.033888    0.000000    0.454154 ^ _1612_/D (sky130_fd_sc_hd__dfxtp_2)
                                              0.454154   data arrival time

                      0.150000    0.000000    0.000000   clock clk_10mhz (rise edge)
                                  0.000000    0.000000   clock network delay (ideal)
                                  0.250000    0.250000   clock uncertainty
                                  0.000000    0.250000   clock reconvergence pessimism
                                              0.250000 ^ _1612_/CLK (sky130_fd_sc_hd__dfxtp_2)
                                 -0.015093    0.234907   library hold time
                                              0.234907   data required time
---------------------------------------------------------------------------------------------
                                              0.234907   data required time
                                             -0.454154   data arrival time
---------------------------------------------------------------------------------------------
                                              0.219247   slack (MET)


Startpoint: _1717_ (rising edge-triggered flip-flop clocked by clk_10mhz)
Endpoint: _1569_ (rising edge-triggered flip-flop clocked by clk_10mhz)
Path Group: clk_10mhz
Path Type: min

Fanout         Cap        Slew       Delay        Time   Description
---------------------------------------------------------------------------------------------
                      0.150000    0.000000    0.000000   clock clk_10mhz (rise edge)
                                  0.000000    0.000000   clock network delay (ideal)
                      0.150000    0.000000    0.000000 ^ _1717_/CLK (sky130_fd_sc_hd__dfxtp_2)
     2    0.003928    0.035917    0.345658    0.345658 ^ _1717_/Q (sky130_fd_sc_hd__dfxtp_2)
                                                         fifo_dout[0] (net)
                      0.035917    0.000000    0.345658 ^ _1073_/A1 (sky130_fd_sc_hd__mux2_1)
     1    0.002005    0.036511    0.107731    0.453388 ^ _1073_/X (sky130_fd_sc_hd__mux2_1)
                                                         _0077_ (net)
                      0.036511    0.000000    0.453388 ^ _1569_/D (sky130_fd_sc_hd__dfrtp_2)
                                              0.453388   data arrival time

                      0.150000    0.000000    0.000000   clock clk_10mhz (rise edge)
                                  0.000000    0.000000   clock network delay (ideal)
                                  0.250000    0.250000   clock uncertainty
                                  0.000000    0.250000   clock reconvergence pessimism
                                              0.250000 ^ _1569_/CLK (sky130_fd_sc_hd__dfrtp_2)
                                 -0.018594    0.231406   library hold time
                                              0.231406   data required time
---------------------------------------------------------------------------------------------
                                              0.231406   data required time
                                             -0.453388   data arrival time
---------------------------------------------------------------------------------------------
                                              0.221982   slack (MET)


Startpoint: _1718_ (rising edge-triggered flip-flop clocked by clk_10mhz)
Endpoint: _1570_ (rising edge-triggered flip-flop clocked by clk_10mhz)
Path Group: clk_10mhz
Path Type: min

Fanout         Cap        Slew       Delay        Time   Description
---------------------------------------------------------------------------------------------
                      0.150000    0.000000    0.000000   clock clk_10mhz (rise edge)
                                  0.000000    0.000000   clock network delay (ideal)
                      0.150000    0.000000    0.000000 ^ _1718_/CLK (sky130_fd_sc_hd__dfxtp_2)
     2    0.003928    0.035917    0.345658    0.345658 ^ _1718_/Q (sky130_fd_sc_hd__dfxtp_2)
                                                         fifo_dout[1] (net)
                      0.035917    0.000000    0.345658 ^ _1074_/A1 (sky130_fd_sc_hd__mux2_1)
     1    0.002005    0.036511    0.107731    0.453388 ^ _1074_/X (sky130_fd_sc_hd__mux2_1)
                                                         _0078_ (net)
                      0.036511    0.000000    0.453388 ^ _1570_/D (sky130_fd_sc_hd__dfrtp_2)
                                              0.453388   data arrival time

                      0.150000    0.000000    0.000000   clock clk_10mhz (rise edge)
                                  0.000000    0.000000   clock network delay (ideal)
                                  0.250000    0.250000   clock uncertainty
                                  0.000000    0.250000   clock reconvergence pessimism
                                              0.250000 ^ _1570_/CLK (sky130_fd_sc_hd__dfrtp_2)
                                 -0.018594    0.231406   library hold time
                                              0.231406   data required time
---------------------------------------------------------------------------------------------
                                              0.231406   data required time
                                             -0.453388   data arrival time
---------------------------------------------------------------------------------------------
                                              0.221982   slack (MET)


Startpoint: _1719_ (rising edge-triggered flip-flop clocked by clk_10mhz)
Endpoint: _1571_ (rising edge-triggered flip-flop clocked by clk_10mhz)
Path Group: clk_10mhz
Path Type: min

Fanout         Cap        Slew       Delay        Time   Description
---------------------------------------------------------------------------------------------
                      0.150000    0.000000    0.000000   clock clk_10mhz (rise edge)
                                  0.000000    0.000000   clock network delay (ideal)
                      0.150000    0.000000    0.000000 ^ _1719_/CLK (sky130_fd_sc_hd__dfxtp_2)
     2    0.003928    0.035917    0.345658    0.345658 ^ _1719_/Q (sky130_fd_sc_hd__dfxtp_2)
                                                         fifo_dout[2] (net)
                      0.035917    0.000000    0.345658 ^ _1075_/A1 (sky130_fd_sc_hd__mux2_1)
     1    0.002005    0.036511    0.107731    0.453388 ^ _1075_/X (sky130_fd_sc_hd__mux2_1)
                                                         _0079_ (net)
                      0.036511    0.000000    0.453388 ^ _1571_/D (sky130_fd_sc_hd__dfrtp_2)
                                              0.453388   data arrival time

                      0.150000    0.000000    0.000000   clock clk_10mhz (rise edge)
                                  0.000000    0.000000   clock network delay (ideal)
                                  0.250000    0.250000   clock uncertainty
                                  0.000000    0.250000   clock reconvergence pessimism
                                              0.250000 ^ _1571_/CLK (sky130_fd_sc_hd__dfrtp_2)
                                 -0.018594    0.231406   library hold time
                                              0.231406   data required time
---------------------------------------------------------------------------------------------
                                              0.231406   data required time
                                             -0.453388   data arrival time
---------------------------------------------------------------------------------------------
                                              0.221982   slack (MET)


Startpoint: _1721_ (rising edge-triggered flip-flop clocked by clk_10mhz)
Endpoint: _1573_ (rising edge-triggered flip-flop clocked by clk_10mhz)
Path Group: clk_10mhz
Path Type: min

Fanout         Cap        Slew       Delay        Time   Description
---------------------------------------------------------------------------------------------
                      0.150000    0.000000    0.000000   clock clk_10mhz (rise edge)
                                  0.000000    0.000000   clock network delay (ideal)
                      0.150000    0.000000    0.000000 ^ _1721_/CLK (sky130_fd_sc_hd__dfxtp_2)
     2    0.003928    0.035917    0.345658    0.345658 ^ _1721_/Q (sky130_fd_sc_hd__dfxtp_2)
                                                         fifo_dout[4] (net)
                      0.035917    0.000000    0.345658 ^ _1077_/A1 (sky130_fd_sc_hd__mux2_1)
     1    0.002005    0.036511    0.107731    0.453388 ^ _1077_/X (sky130_fd_sc_hd__mux2_1)
                                                         _0081_ (net)
                      0.036511    0.000000    0.453388 ^ _1573_/D (sky130_fd_sc_hd__dfrtp_2)
                                              0.453388   data arrival time

                      0.150000    0.000000    0.000000   clock clk_10mhz (rise edge)
                                  0.000000    0.000000   clock network delay (ideal)
                                  0.250000    0.250000   clock uncertainty
                                  0.000000    0.250000   clock reconvergence pessimism
                                              0.250000 ^ _1573_/CLK (sky130_fd_sc_hd__dfrtp_2)
                                 -0.018594    0.231406   library hold time
                                              0.231406   data required time
---------------------------------------------------------------------------------------------
                                              0.231406   data required time
                                             -0.453388   data arrival time
---------------------------------------------------------------------------------------------
                                              0.221982   slack (MET)


Startpoint: _1722_ (rising edge-triggered flip-flop clocked by clk_10mhz)
Endpoint: _1574_ (rising edge-triggered flip-flop clocked by clk_10mhz)
Path Group: clk_10mhz
Path Type: min

Fanout         Cap        Slew       Delay        Time   Description
---------------------------------------------------------------------------------------------
                      0.150000    0.000000    0.000000   clock clk_10mhz (rise edge)
                                  0.000000    0.000000   clock network delay (ideal)
                      0.150000    0.000000    0.000000 ^ _1722_/CLK (sky130_fd_sc_hd__dfxtp_2)
     2    0.003928    0.035917    0.345658    0.345658 ^ _1722_/Q (sky130_fd_sc_hd__dfxtp_2)
                                                         fifo_dout[5] (net)
                      0.035917    0.000000    0.345658 ^ _1078_/A1 (sky130_fd_sc_hd__mux2_1)
     1    0.002005    0.036511    0.107731    0.453388 ^ _1078_/X (sky130_fd_sc_hd__mux2_1)
                                                         _0082_ (net)
                      0.036511    0.000000    0.453388 ^ _1574_/D (sky130_fd_sc_hd__dfrtp_2)
                                              0.453388   data arrival time

                      0.150000    0.000000    0.000000   clock clk_10mhz (rise edge)
                                  0.000000    0.000000   clock network delay (ideal)
                                  0.250000    0.250000   clock uncertainty
                                  0.000000    0.250000   clock reconvergence pessimism
                                              0.250000 ^ _1574_/CLK (sky130_fd_sc_hd__dfrtp_2)
                                 -0.018594    0.231406   library hold time
                                              0.231406   data required time
---------------------------------------------------------------------------------------------
                                              0.231406   data required time
                                             -0.453388   data arrival time
---------------------------------------------------------------------------------------------
                                              0.221982   slack (MET)


Startpoint: _1723_ (rising edge-triggered flip-flop clocked by clk_10mhz)
Endpoint: _1575_ (rising edge-triggered flip-flop clocked by clk_10mhz)
Path Group: clk_10mhz
Path Type: min

Fanout         Cap        Slew       Delay        Time   Description
---------------------------------------------------------------------------------------------
                      0.150000    0.000000    0.000000   clock clk_10mhz (rise edge)
                                  0.000000    0.000000   clock network delay (ideal)
                      0.150000    0.000000    0.000000 ^ _1723_/CLK (sky130_fd_sc_hd__dfxtp_2)
     2    0.003928    0.035917    0.345658    0.345658 ^ _1723_/Q (sky130_fd_sc_hd__dfxtp_2)
                                                         fifo_dout[6] (net)
                      0.035917    0.000000    0.345658 ^ _1079_/A1 (sky130_fd_sc_hd__mux2_1)
     1    0.002005    0.036511    0.107731    0.453388 ^ _1079_/X (sky130_fd_sc_hd__mux2_1)
                                                         _0083_ (net)
                      0.036511    0.000000    0.453388 ^ _1575_/D (sky130_fd_sc_hd__dfrtp_2)
                                              0.453388   data arrival time

                      0.150000    0.000000    0.000000   clock clk_10mhz (rise edge)
                                  0.000000    0.000000   clock network delay (ideal)
                                  0.250000    0.250000   clock uncertainty
                                  0.000000    0.250000   clock reconvergence pessimism
                                              0.250000 ^ _1575_/CLK (sky130_fd_sc_hd__dfrtp_2)
                                 -0.018594    0.231406   library hold time
                                              0.231406   data required time
---------------------------------------------------------------------------------------------
                                              0.231406   data required time
                                             -0.453388   data arrival time
---------------------------------------------------------------------------------------------
                                              0.221982   slack (MET)


Startpoint: _1724_ (rising edge-triggered flip-flop clocked by clk_10mhz)
Endpoint: _1576_ (rising edge-triggered flip-flop clocked by clk_10mhz)
Path Group: clk_10mhz
Path Type: min

Fanout         Cap        Slew       Delay        Time   Description
---------------------------------------------------------------------------------------------
                      0.150000    0.000000    0.000000   clock clk_10mhz (rise edge)
                                  0.000000    0.000000   clock network delay (ideal)
                      0.150000    0.000000    0.000000 ^ _1724_/CLK (sky130_fd_sc_hd__dfxtp_2)
     2    0.003928    0.035917    0.345658    0.345658 ^ _1724_/Q (sky130_fd_sc_hd__dfxtp_2)
                                                         fifo_dout[7] (net)
                      0.035917    0.000000    0.345658 ^ _1080_/A1 (sky130_fd_sc_hd__mux2_1)
     1    0.002005    0.036511    0.107731    0.453388 ^ _1080_/X (sky130_fd_sc_hd__mux2_1)
                                                         _0084_ (net)
                      0.036511    0.000000    0.453388 ^ _1576_/D (sky130_fd_sc_hd__dfrtp_2)
                                              0.453388   data arrival time

                      0.150000    0.000000    0.000000   clock clk_10mhz (rise edge)
                                  0.000000    0.000000   clock network delay (ideal)
                                  0.250000    0.250000   clock uncertainty
                                  0.000000    0.250000   clock reconvergence pessimism
                                              0.250000 ^ _1576_/CLK (sky130_fd_sc_hd__dfrtp_2)
                                 -0.018594    0.231406   library hold time
                                              0.231406   data required time
---------------------------------------------------------------------------------------------
                                              0.231406   data required time
                                             -0.453388   data arrival time
---------------------------------------------------------------------------------------------
                                              0.221982   slack (MET)


Startpoint: _1720_ (rising edge-triggered flip-flop clocked by clk_10mhz)
Endpoint: _1572_ (rising edge-triggered flip-flop clocked by clk_10mhz)
Path Group: clk_10mhz
Path Type: min

Fanout         Cap        Slew       Delay        Time   Description
---------------------------------------------------------------------------------------------
                      0.150000    0.000000    0.000000   clock clk_10mhz (rise edge)
                                  0.000000    0.000000   clock network delay (ideal)
                      0.150000    0.000000    0.000000 ^ _1720_/CLK (sky130_fd_sc_hd__dfxtp_2)
     2    0.004392    0.037974    0.347665    0.347665 ^ _1720_/Q (sky130_fd_sc_hd__dfxtp_2)
                                                         fifo_dout[3] (net)
                      0.037974    0.000000    0.347665 ^ _1076_/A1 (sky130_fd_sc_hd__mux2_1)
     1    0.002005    0.036511    0.108440    0.456104 ^ _1076_/X (sky130_fd_sc_hd__mux2_1)
                                                         _0080_ (net)
                      0.036511    0.000000    0.456104 ^ _1572_/D (sky130_fd_sc_hd__dfrtp_2)
                                              0.456104   data arrival time

                      0.150000    0.000000    0.000000   clock clk_10mhz (rise edge)
                                  0.000000    0.000000   clock network delay (ideal)
                                  0.250000    0.250000   clock uncertainty
                                  0.000000    0.250000   clock reconvergence pessimism
                                              0.250000 ^ _1572_/CLK (sky130_fd_sc_hd__dfrtp_2)
                                 -0.018594    0.231406   library hold time
                                              0.231406   data required time
---------------------------------------------------------------------------------------------
                                              0.231406   data required time
                                             -0.456104   data arrival time
---------------------------------------------------------------------------------------------
                                              0.224698   slack (MET)


Startpoint: _1684_ (rising edge-triggered flip-flop clocked by clk_10mhz)
Endpoint: _1684_ (rising edge-triggered flip-flop clocked by clk_10mhz)
Path Group: clk_10mhz
Path Type: min

Fanout         Cap        Slew       Delay        Time   Description
---------------------------------------------------------------------------------------------
                      0.150000    0.000000    0.000000   clock clk_10mhz (rise edge)
                                  0.000000    0.000000   clock network delay (ideal)
                      0.150000    0.000000    0.000000 ^ _1684_/CLK (sky130_fd_sc_hd__dfxtp_2)
     2    0.006351    0.046829    0.355006    0.355006 ^ _1684_/Q (sky130_fd_sc_hd__dfxtp_2)
                                                         u_fifo.mem[2][1] (net)
                      0.046829    0.000000    0.355006 ^ _1219_/A0 (sky130_fd_sc_hd__mux2_1)
     1    0.001674    0.033899    0.106027    0.461033 ^ _1219_/X (sky130_fd_sc_hd__mux2_1)
                                                         _0187_ (net)
                      0.033899    0.000000    0.461033 ^ _1684_/D (sky130_fd_sc_hd__dfxtp_2)
                                              0.461033   data arrival time

                      0.150000    0.000000    0.000000   clock clk_10mhz (rise edge)
                                  0.000000    0.000000   clock network delay (ideal)
                                  0.250000    0.250000   clock uncertainty
                                  0.000000    0.250000   clock reconvergence pessimism
                                              0.250000 ^ _1684_/CLK (sky130_fd_sc_hd__dfxtp_2)
                                 -0.015095    0.234905   library hold time
                                              0.234905   data required time
---------------------------------------------------------------------------------------------
                                              0.234905   data required time
                                             -0.461033   data arrival time
---------------------------------------------------------------------------------------------
                                              0.226128   slack (MET)


Startpoint: _1545_ (rising edge-triggered flip-flop clocked by clk_10mhz)
Endpoint: _1545_ (rising edge-triggered flip-flop clocked by clk_10mhz)
Path Group: clk_10mhz
Path Type: min

Fanout         Cap        Slew       Delay        Time   Description
---------------------------------------------------------------------------------------------
                      0.150000    0.000000    0.000000   clock clk_10mhz (rise edge)
                                  0.000000    0.000000   clock network delay (ideal)
                      0.150000    0.000000    0.000000 ^ _1545_/CLK (sky130_fd_sc_hd__dfrtp_2)
     6    0.019312    0.110846    0.435481    0.435481 ^ _1545_/Q (sky130_fd_sc_hd__dfrtp_2)
                                                         u_max30102_ctrl.clk_div[0] (net)
                      0.110846    0.000000    0.435481 ^ _0757_/A (sky130_fd_sc_hd__inv_2)
     1    0.001949    0.023692    0.031664    0.467144 v _0757_/Y (sky130_fd_sc_hd__inv_2)
                                                         _0005_ (net)
                      0.023692    0.000000    0.467144 v _1545_/D (sky130_fd_sc_hd__dfrtp_2)
                                              0.467144   data arrival time

                      0.150000    0.000000    0.000000   clock clk_10mhz (rise edge)
                                  0.000000    0.000000   clock network delay (ideal)
                                  0.250000    0.250000   clock uncertainty
                                  0.000000    0.250000   clock reconvergence pessimism
                                              0.250000 ^ _1545_/CLK (sky130_fd_sc_hd__dfrtp_2)
                                 -0.009498    0.240502   library hold time
                                              0.240502   data required time
---------------------------------------------------------------------------------------------
                                              0.240502   data required time
                                             -0.467144   data arrival time
---------------------------------------------------------------------------------------------
                                              0.226643   slack (MET)


Startpoint: _1560_ (rising edge-triggered flip-flop clocked by clk_10mhz)
Endpoint: _1560_ (rising edge-triggered flip-flop clocked by clk_10mhz)
Path Group: clk_10mhz
Path Type: min

Fanout         Cap        Slew       Delay        Time   Description
---------------------------------------------------------------------------------------------
                      0.150000    0.000000    0.000000   clock clk_10mhz (rise edge)
                                  0.000000    0.000000   clock network delay (ideal)
                      0.150000    0.000000    0.000000 ^ _1560_/CLK (sky130_fd_sc_hd__dfrtp_2)
     2    0.010983    0.074980    0.405393    0.405393 ^ _1560_/Q (sky130_fd_sc_hd__dfrtp_2)
                                                         u_max30102_ctrl.clk_div[15] (net)
                      0.074980    0.000000    0.405393 ^ _0847_/A (sky130_fd_sc_hd__xor2_2)
     1    0.001949    0.027952    0.061150    0.466543 v _0847_/X (sky130_fd_sc_hd__xor2_2)
                                                         _0011_ (net)
                      0.027952    0.000000    0.466543 v _1560_/D (sky130_fd_sc_hd__dfrtp_2)
                                              0.466543   data arrival time

                      0.150000    0.000000    0.000000   clock clk_10mhz (rise edge)
                                  0.000000    0.000000   clock network delay (ideal)
                                  0.250000    0.250000   clock uncertainty
                                  0.000000    0.250000   clock reconvergence pessimism
                                              0.250000 ^ _1560_/CLK (sky130_fd_sc_hd__dfrtp_2)
                                 -0.011231    0.238769   library hold time
                                              0.238769   data required time
---------------------------------------------------------------------------------------------
                                              0.238769   data required time
                                             -0.466543   data arrival time
---------------------------------------------------------------------------------------------
                                              0.227774   slack (MET)


Startpoint: _1720_ (rising edge-triggered flip-flop clocked by clk_10mhz)
Endpoint: _1720_ (rising edge-triggered flip-flop clocked by clk_10mhz)
Path Group: clk_10mhz
Path Type: min

Fanout         Cap        Slew       Delay        Time   Description
---------------------------------------------------------------------------------------------
                      0.150000    0.000000    0.000000   clock clk_10mhz (rise edge)
                                  0.000000    0.000000   clock network delay (ideal)
                      0.150000    0.000000    0.000000 ^ _1720_/CLK (sky130_fd_sc_hd__dfxtp_2)
     2    0.004392    0.037974    0.347665    0.347665 ^ _1720_/Q (sky130_fd_sc_hd__dfxtp_2)
                                                         fifo_dout[3] (net)
                      0.037974    0.000000    0.347665 ^ _1325_/A1 (sky130_fd_sc_hd__a22o_2)
     1    0.001674    0.028771    0.116331    0.463995 ^ _1325_/X (sky130_fd_sc_hd__a22o_2)
                                                         _0223_ (net)
                      0.028771    0.000000    0.463995 ^ _1720_/D (sky130_fd_sc_hd__dfxtp_2)
                                              0.463995   data arrival time

                      0.150000    0.000000    0.000000   clock clk_10mhz (rise edge)
                                  0.000000    0.000000   clock network delay (ideal)
                                  0.250000    0.250000   clock uncertainty
                                  0.000000    0.250000   clock reconvergence pessimism
                                              0.250000 ^ _1720_/CLK (sky130_fd_sc_hd__dfxtp_2)
                                 -0.014047    0.235953   library hold time
                                              0.235953   data required time
---------------------------------------------------------------------------------------------
                                              0.235953   data required time
                                             -0.463995   data arrival time
---------------------------------------------------------------------------------------------
                                              0.228042   slack (MET)


Startpoint: _1740_ (rising edge-triggered flip-flop clocked by clk_10mhz)
Endpoint: _1740_ (rising edge-triggered flip-flop clocked by clk_10mhz)
Path Group: clk_10mhz
Path Type: min

Fanout         Cap        Slew       Delay        Time   Description
---------------------------------------------------------------------------------------------
                      0.150000    0.000000    0.000000   clock clk_10mhz (rise edge)
                                  0.000000    0.000000   clock network delay (ideal)
                      0.150000    0.000000    0.000000 ^ _1740_/CLK (sky130_fd_sc_hd__dfrtp_2)
     4    0.015454    0.094189    0.422231    0.422231 ^ _1740_/Q (sky130_fd_sc_hd__dfrtp_2)
                                                         u_uart.clk_count[0] (net)
                      0.094189    0.000000    0.422231 ^ _1399_/A1 (sky130_fd_sc_hd__a21oi_2)
     1    0.001949    0.029567    0.052536    0.474768 v _1399_/Y (sky130_fd_sc_hd__a21oi_2)
                                                         _0243_ (net)
                      0.029567    0.000000    0.474768 v _1740_/D (sky130_fd_sc_hd__dfrtp_2)
                                              0.474768   data arrival time

                      0.150000    0.000000    0.000000   clock clk_10mhz (rise edge)
                                  0.000000    0.000000   clock network delay (ideal)
                                  0.250000    0.250000   clock uncertainty
                                  0.000000    0.250000   clock reconvergence pessimism
                                              0.250000 ^ _1740_/CLK (sky130_fd_sc_hd__dfrtp_2)
                                 -0.011887    0.238113   library hold time
                                              0.238113   data required time
---------------------------------------------------------------------------------------------
                                              0.238113   data required time
                                             -0.474768   data arrival time
---------------------------------------------------------------------------------------------
                                              0.236655   slack (MET)


Startpoint: _1496_ (rising edge-triggered flip-flop clocked by clk_10mhz)
Endpoint: _1496_ (rising edge-triggered flip-flop clocked by clk_10mhz)
Path Group: clk_10mhz
Path Type: min

Fanout         Cap        Slew       Delay        Time   Description
---------------------------------------------------------------------------------------------
                      0.150000    0.000000    0.000000   clock clk_10mhz (rise edge)
                                  0.000000    0.000000   clock network delay (ideal)
                      0.150000    0.000000    0.000000 ^ _1496_/CLK (sky130_fd_sc_hd__dfrtp_2)
     6    0.017014    0.100924    0.427589    0.427589 ^ _1496_/Q (sky130_fd_sc_hd__dfrtp_2)
                                                         u_srf_ctrl.timer[0] (net)
                      0.100924    0.000000    0.427589 ^ _0862_/A1 (sky130_fd_sc_hd__a21oi_2)
     1    0.001949    0.020107    0.054176    0.481765 v _0862_/Y (sky130_fd_sc_hd__a21oi_2)
                                                         _0022_ (net)
                      0.020107    0.000000    0.481765 v _1496_/D (sky130_fd_sc_hd__dfrtp_2)
                                              0.481765   data arrival time

                      0.150000    0.000000    0.000000   clock clk_10mhz (rise edge)
                                  0.000000    0.000000   clock network delay (ideal)
                                  0.250000    0.250000   clock uncertainty
                                  0.000000    0.250000   clock reconvergence pessimism
                                              0.250000 ^ _1496_/CLK (sky130_fd_sc_hd__dfrtp_2)
                                 -0.008041    0.241959   library hold time
                                              0.241959   data required time
---------------------------------------------------------------------------------------------
                                              0.241959   data required time
                                             -0.481765   data arrival time
---------------------------------------------------------------------------------------------
                                              0.239805   slack (MET)


Startpoint: _1737_ (rising edge-triggered flip-flop clocked by clk_10mhz)
Endpoint: _1737_ (rising edge-triggered flip-flop clocked by clk_10mhz)
Path Group: clk_10mhz
Path Type: min

Fanout         Cap        Slew       Delay        Time   Description
---------------------------------------------------------------------------------------------
                      0.150000    0.000000    0.000000   clock clk_10mhz (rise edge)
                                  0.000000    0.000000   clock network delay (ideal)
                      0.150000    0.000000    0.000000 ^ _1737_/CLK (sky130_fd_sc_hd__dfrtp_2)
     2    0.004134    0.045690    0.375638    0.375638 ^ _1737_/Q (sky130_fd_sc_hd__dfrtp_2)
                                                         distance_out[4] (net)
                      0.045690    0.000000    0.375638 ^ _1388_/A2 (sky130_fd_sc_hd__o21a_2)
     1    0.002005    0.026594    0.099693    0.475331 ^ _1388_/X (sky130_fd_sc_hd__o21a_2)
                                                         _0240_ (net)
                      0.026594    0.000000    0.475331 ^ _1737_/D (sky130_fd_sc_hd__dfrtp_2)
                                              0.475331   data arrival time

                      0.150000    0.000000    0.000000   clock clk_10mhz (rise edge)
                                  0.000000    0.000000   clock network delay (ideal)
                                  0.250000    0.250000   clock uncertainty
                                  0.000000    0.250000   clock reconvergence pessimism
                                              0.250000 ^ _1737_/CLK (sky130_fd_sc_hd__dfrtp_2)
                                 -0.016566    0.233433   library hold time
                                              0.233433   data required time
---------------------------------------------------------------------------------------------
                                              0.233433   data required time
                                             -0.475331   data arrival time
---------------------------------------------------------------------------------------------
                                              0.241897   slack (MET)


Startpoint: _1739_ (rising edge-triggered flip-flop clocked by clk_10mhz)
Endpoint: _1739_ (rising edge-triggered flip-flop clocked by clk_10mhz)
Path Group: clk_10mhz
Path Type: min

Fanout         Cap        Slew       Delay        Time   Description
---------------------------------------------------------------------------------------------
                      0.150000    0.000000    0.000000   clock clk_10mhz (rise edge)
                                  0.000000    0.000000   clock network delay (ideal)
                      0.150000    0.000000    0.000000 ^ _1739_/CLK (sky130_fd_sc_hd__dfrtp_2)
     2    0.004251    0.046252    0.376327    0.376327 ^ _1739_/Q (sky130_fd_sc_hd__dfrtp_2)
                                                         u_uart.busy (net)
                      0.046252    0.000000    0.376327 ^ _1390_/A1 (sky130_fd_sc_hd__a21o_2)
     1    0.002005    0.026912    0.101887    0.478214 ^ _1390_/X (sky130_fd_sc_hd__a21o_2)
                                                         _0242_ (net)
                      0.026912    0.000000    0.478214 ^ _1739_/D (sky130_fd_sc_hd__dfrtp_2)
                                              0.478214   data arrival time

                      0.150000    0.000000    0.000000   clock clk_10mhz (rise edge)
                                  0.000000    0.000000   clock network delay (ideal)
                                  0.250000    0.250000   clock uncertainty
                                  0.000000    0.250000   clock reconvergence pessimism
                                              0.250000 ^ _1739_/CLK (sky130_fd_sc_hd__dfrtp_2)
                                 -0.016631    0.233369   library hold time
                                              0.233369   data required time
---------------------------------------------------------------------------------------------
                                              0.233369   data required time
                                             -0.478214   data arrival time
---------------------------------------------------------------------------------------------
                                              0.244846   slack (MET)


Startpoint: _1550_ (rising edge-triggered flip-flop clocked by clk_10mhz)
Endpoint: _1550_ (rising edge-triggered flip-flop clocked by clk_10mhz)
Path Group: clk_10mhz
Path Type: min

Fanout         Cap        Slew       Delay        Time   Description
---------------------------------------------------------------------------------------------
                      0.150000    0.000000    0.000000   clock clk_10mhz (rise edge)
                                  0.000000    0.000000   clock network delay (ideal)
                      0.150000    0.000000    0.000000 ^ _1550_/CLK (sky130_fd_sc_hd__dfrtp_2)
     4    0.014514    0.090130    0.419003    0.419003 ^ _1550_/Q (sky130_fd_sc_hd__dfrtp_2)
                                                         u_max30102_ctrl.clk_div[5] (net)
                      0.090130    0.000000    0.419003 ^ _0825_/A (sky130_fd_sc_hd__xnor2_2)
     1    0.001949    0.025784    0.065961    0.484964 v _0825_/Y (sky130_fd_sc_hd__xnor2_2)
                                                         _0016_ (net)
                      0.025784    0.000000    0.484964 v _1550_/D (sky130_fd_sc_hd__dfrtp_2)
                                              0.484964   data arrival time

                      0.150000    0.000000    0.000000   clock clk_10mhz (rise edge)
                                  0.000000    0.000000   clock network delay (ideal)
                                  0.250000    0.250000   clock uncertainty
                                  0.000000    0.250000   clock reconvergence pessimism
                                              0.250000 ^ _1550_/CLK (sky130_fd_sc_hd__dfrtp_2)
                                 -0.010349    0.239651   library hold time
                                              0.239651   data required time
---------------------------------------------------------------------------------------------
                                              0.239651   data required time
                                             -0.484964   data arrival time
---------------------------------------------------------------------------------------------
                                              0.245313   slack (MET)


Startpoint: _1743_ (rising edge-triggered flip-flop clocked by clk_10mhz)
Endpoint: _1743_ (rising edge-triggered flip-flop clocked by clk_10mhz)
Path Group: clk_10mhz
Path Type: min

Fanout         Cap        Slew       Delay        Time   Description
---------------------------------------------------------------------------------------------
                      0.150000    0.000000    0.000000   clock clk_10mhz (rise edge)
                                  0.000000    0.000000   clock network delay (ideal)
                      0.150000    0.000000    0.000000 ^ _1743_/CLK (sky130_fd_sc_hd__dfrtp_2)
     5    0.018381    0.106827    0.432283    0.432283 ^ _1743_/Q (sky130_fd_sc_hd__dfrtp_2)
                                                         u_uart.clk_count[3] (net)
                      0.106827    0.000000    0.432283 ^ _1407_/A1 (sky130_fd_sc_hd__a21oi_2)
     1    0.001949    0.021751    0.055613    0.487896 v _1407_/Y (sky130_fd_sc_hd__a21oi_2)
                                                         _0246_ (net)
                      0.021751    0.000000    0.487896 v _1743_/D (sky130_fd_sc_hd__dfrtp_2)
                                              0.487896   data arrival time

                      0.150000    0.000000    0.000000   clock clk_10mhz (rise edge)
                                  0.000000    0.000000   clock network delay (ideal)
                                  0.250000    0.250000   clock uncertainty
                                  0.000000    0.250000   clock reconvergence pessimism
                                              0.250000 ^ _1743_/CLK (sky130_fd_sc_hd__dfrtp_2)
                                 -0.008709    0.241291   library hold time
                                              0.241291   data required time
---------------------------------------------------------------------------------------------
                                              0.241291   data required time
                                             -0.487896   data arrival time
---------------------------------------------------------------------------------------------
                                              0.246605   slack (MET)


Startpoint: _1547_ (rising edge-triggered flip-flop clocked by clk_10mhz)
Endpoint: _1547_ (rising edge-triggered flip-flop clocked by clk_10mhz)
Path Group: clk_10mhz
Path Type: min

Fanout         Cap        Slew       Delay        Time   Description
---------------------------------------------------------------------------------------------
                      0.150000    0.000000    0.000000   clock clk_10mhz (rise edge)
                                  0.000000    0.000000   clock network delay (ideal)
                      0.150000    0.000000    0.000000 ^ _1547_/CLK (sky130_fd_sc_hd__dfrtp_2)
     4    0.014906    0.091823    0.420350    0.420350 ^ _1547_/Q (sky130_fd_sc_hd__dfrtp_2)
                                                         u_max30102_ctrl.clk_div[2] (net)
                      0.091823    0.000000    0.420350 ^ _0817_/A (sky130_fd_sc_hd__xnor2_2)
     1    0.001949    0.025762    0.066342    0.486691 v _0817_/Y (sky130_fd_sc_hd__xnor2_2)
                                                         _0013_ (net)
                      0.025762    0.000000    0.486691 v _1547_/D (sky130_fd_sc_hd__dfrtp_2)
                                              0.486691   data arrival time

                      0.150000    0.000000    0.000000   clock clk_10mhz (rise edge)
                                  0.000000    0.000000   clock network delay (ideal)
                                  0.250000    0.250000   clock uncertainty
                                  0.000000    0.250000   clock reconvergence pessimism
                                              0.250000 ^ _1547_/CLK (sky130_fd_sc_hd__dfrtp_2)
                                 -0.010340    0.239660   library hold time
                                              0.239660   data required time
---------------------------------------------------------------------------------------------
                                              0.239660   data required time
                                             -0.486691   data arrival time
---------------------------------------------------------------------------------------------
                                              0.247031   slack (MET)


Startpoint: _1735_ (rising edge-triggered flip-flop clocked by clk_10mhz)
Endpoint: _1735_ (rising edge-triggered flip-flop clocked by clk_10mhz)
Path Group: clk_10mhz
Path Type: min

Fanout         Cap        Slew       Delay        Time   Description
---------------------------------------------------------------------------------------------
                      0.150000    0.000000    0.000000   clock clk_10mhz (rise edge)
                                  0.000000    0.000000   clock network delay (ideal)
                      0.150000    0.000000    0.000000 ^ _1735_/CLK (sky130_fd_sc_hd__dfrtp_2)
     2    0.007049    0.058213    0.388471    0.388471 ^ _1735_/Q (sky130_fd_sc_hd__dfrtp_2)
                                                         distance_out[2] (net)
                      0.058213    0.000000    0.388471 ^ _1383_/B (sky130_fd_sc_hd__nand2_2)
     1    0.004267    0.029415    0.051095    0.439566 v _1383_/Y (sky130_fd_sc_hd__nand2_2)
                                                         _0397_ (net)
                      0.029415    0.000000    0.439566 v _1384_/B1 (sky130_fd_sc_hd__o31ai_2)
     1    0.002005    0.040403    0.041803    0.481369 ^ _1384_/Y (sky130_fd_sc_hd__o31ai_2)
                                                         _0238_ (net)
                      0.040403    0.000000    0.481369 ^ _1735_/D (sky130_fd_sc_hd__dfrtp_2)
                                              0.481369   data arrival time

                      0.150000    0.000000    0.000000   clock clk_10mhz (rise edge)
                                  0.000000    0.000000   clock network delay (ideal)
                                  0.250000    0.250000   clock uncertainty
                                  0.000000    0.250000   clock reconvergence pessimism
                                              0.250000 ^ _1735_/CLK (sky130_fd_sc_hd__dfrtp_2)
                                 -0.019390    0.230610   library hold time
                                              0.230610   data required time
---------------------------------------------------------------------------------------------
                                              0.230610   data required time
                                             -0.481369   data arrival time
---------------------------------------------------------------------------------------------
                                              0.250759   slack (MET)


Startpoint: _1736_ (rising edge-triggered flip-flop clocked by clk_10mhz)
Endpoint: _1736_ (rising edge-triggered flip-flop clocked by clk_10mhz)
Path Group: clk_10mhz
Path Type: min

Fanout         Cap        Slew       Delay        Time   Description
---------------------------------------------------------------------------------------------
                      0.150000    0.000000    0.000000   clock clk_10mhz (rise edge)
                                  0.000000    0.000000   clock network delay (ideal)
                      0.150000    0.000000    0.000000 ^ _1736_/CLK (sky130_fd_sc_hd__dfrtp_2)
     2    0.004030    0.045190    0.375026    0.375026 ^ _1736_/Q (sky130_fd_sc_hd__dfrtp_2)
                                                         distance_out[3] (net)
                      0.045190    0.000000    0.375026 ^ _1386_/A2 (sky130_fd_sc_hd__o21ba_2)
     1    0.002005    0.029573    0.109653    0.484680 ^ _1386_/X (sky130_fd_sc_hd__o21ba_2)
                                                         _0239_ (net)
                      0.029573    0.000000    0.484680 ^ _1736_/D (sky130_fd_sc_hd__dfrtp_2)
                                              0.484680   data arrival time

                      0.150000    0.000000    0.000000   clock clk_10mhz (rise edge)
                                  0.000000    0.000000   clock network delay (ideal)
                                  0.250000    0.250000   clock uncertainty
                                  0.000000    0.250000   clock reconvergence pessimism
                                              0.250000 ^ _1736_/CLK (sky130_fd_sc_hd__dfrtp_2)
                                 -0.017175    0.232825   library hold time
                                              0.232825   data required time
---------------------------------------------------------------------------------------------
                                              0.232825   data required time
                                             -0.484680   data arrival time
---------------------------------------------------------------------------------------------
                                              0.251855   slack (MET)


Startpoint: _1734_ (rising edge-triggered flip-flop clocked by clk_10mhz)
Endpoint: _1734_ (rising edge-triggered flip-flop clocked by clk_10mhz)
Path Group: clk_10mhz
Path Type: min

Fanout         Cap        Slew       Delay        Time   Description
---------------------------------------------------------------------------------------------
                      0.150000    0.000000    0.000000   clock clk_10mhz (rise edge)
                                  0.000000    0.000000   clock network delay (ideal)
                      0.150000    0.000000    0.000000 ^ _1734_/CLK (sky130_fd_sc_hd__dfrtp_2)
     2    0.007277    0.059185    0.389451    0.389451 ^ _1734_/Q (sky130_fd_sc_hd__dfrtp_2)
                                                         distance_out[1] (net)
                      0.059185    0.000000    0.389451 ^ _1381_/B (sky130_fd_sc_hd__nand2_2)
     1    0.004267    0.029542    0.051314    0.440765 v _1381_/Y (sky130_fd_sc_hd__nand2_2)
                                                         _0396_ (net)
                      0.029542    0.000000    0.440765 v _1382_/B1 (sky130_fd_sc_hd__o31ai_2)
     1    0.002005    0.040411    0.041859    0.482624 ^ _1382_/Y (sky130_fd_sc_hd__o31ai_2)
                                                         _0237_ (net)
                      0.040411    0.000000    0.482624 ^ _1734_/D (sky130_fd_sc_hd__dfrtp_2)
                                              0.482624   data arrival time

                      0.150000    0.000000    0.000000   clock clk_10mhz (rise edge)
                                  0.000000    0.000000   clock network delay (ideal)
                                  0.250000    0.250000   clock uncertainty
                                  0.000000    0.250000   clock reconvergence pessimism
                                              0.250000 ^ _1734_/CLK (sky130_fd_sc_hd__dfrtp_2)
                                 -0.019391    0.230609   library hold time
                                              0.230609   data required time
---------------------------------------------------------------------------------------------
                                              0.230609   data required time
                                             -0.482624   data arrival time
---------------------------------------------------------------------------------------------
                                              0.252016   slack (MET)


Startpoint: _1540_ (rising edge-triggered flip-flop clocked by clk_10mhz)
Endpoint: _1540_ (rising edge-triggered flip-flop clocked by clk_10mhz)
Path Group: clk_10mhz
Path Type: min

Fanout         Cap        Slew       Delay        Time   Description
---------------------------------------------------------------------------------------------
                      0.150000    0.000000    0.000000   clock clk_10mhz (rise edge)
                                  0.000000    0.000000   clock network delay (ideal)
                      0.150000    0.000000    0.000000 ^ _1540_/CLK (sky130_fd_sc_hd__dfrtp_2)
     2    0.002919    0.039854    0.368488    0.368488 ^ _1540_/Q (sky130_fd_sc_hd__dfrtp_2)
                                                         u_packet_assembler.timer[20] (net)
                      0.039854    0.000000    0.368488 ^ _1057_/A (sky130_fd_sc_hd__and2_2)
     1    0.002005    0.033931    0.117083    0.485571 ^ _1057_/X (sky130_fd_sc_hd__and2_2)
                                                         _0065_ (net)
                      0.033931    0.000000    0.485571 ^ _1540_/D (sky130_fd_sc_hd__dfrtp_2)
                                              0.485571   data arrival time

                      0.150000    0.000000    0.000000   clock clk_10mhz (rise edge)
                                  0.000000    0.000000   clock network delay (ideal)
                                  0.250000    0.250000   clock uncertainty
                                  0.000000    0.250000   clock reconvergence pessimism
                                              0.250000 ^ _1540_/CLK (sky130_fd_sc_hd__dfrtp_2)
                                 -0.018066    0.231934   library hold time
                                              0.231934   data required time
---------------------------------------------------------------------------------------------
                                              0.231934   data required time
                                             -0.485571   data arrival time
---------------------------------------------------------------------------------------------
                                              0.253638   slack (MET)


Startpoint: _1750_ (rising edge-triggered flip-flop clocked by clk_10mhz)
Endpoint: _1750_ (rising edge-triggered flip-flop clocked by clk_10mhz)
Path Group: clk_10mhz
Path Type: min

Fanout         Cap        Slew       Delay        Time   Description
---------------------------------------------------------------------------------------------
                      0.150000    0.000000    0.000000   clock clk_10mhz (rise edge)
                                  0.000000    0.000000   clock network delay (ideal)
                      0.150000    0.000000    0.000000 ^ _1750_/CLK (sky130_fd_sc_hd__dfrtp_2)
     2    0.002919    0.039854    0.368488    0.368488 ^ _1750_/Q (sky130_fd_sc_hd__dfrtp_2)
                                                         u_uart.clk_count[10] (net)
                      0.039854    0.000000    0.368488 ^ _1418_/A (sky130_fd_sc_hd__and2_2)
     1    0.002005    0.033931    0.117083    0.485571 ^ _1418_/X (sky130_fd_sc_hd__and2_2)
                                                         _0253_ (net)
                      0.033931    0.000000    0.485571 ^ _1750_/D (sky130_fd_sc_hd__dfrtp_2)
                                              0.485571   data arrival time

                      0.150000    0.000000    0.000000   clock clk_10mhz (rise edge)
                                  0.000000    0.000000   clock network delay (ideal)
                                  0.250000    0.250000   clock uncertainty
                                  0.000000    0.250000   clock reconvergence pessimism
                                              0.250000 ^ _1750_/CLK (sky130_fd_sc_hd__dfrtp_2)
                                 -0.018066    0.231934   library hold time
                                              0.231934   data required time
---------------------------------------------------------------------------------------------
                                              0.231934   data required time
                                             -0.485571   data arrival time
---------------------------------------------------------------------------------------------
                                              0.253638   slack (MET)


Startpoint: _1516_ (rising edge-triggered flip-flop clocked by clk_10mhz)
Endpoint: _1516_ (rising edge-triggered flip-flop clocked by clk_10mhz)
Path Group: clk_10mhz
Path Type: min

Fanout         Cap        Slew       Delay        Time   Description
---------------------------------------------------------------------------------------------
                      0.150000    0.000000    0.000000   clock clk_10mhz (rise edge)
                                  0.000000    0.000000   clock network delay (ideal)
                      0.150000    0.000000    0.000000 ^ _1516_/CLK (sky130_fd_sc_hd__dfrtp_2)
     4    0.015519    0.094469    0.422455    0.422455 ^ _1516_/Q (sky130_fd_sc_hd__dfrtp_2)
                                                         u_srf_ctrl.timer[20] (net)
                      0.094469    0.000000    0.422455 ^ _0927_/A1 (sky130_fd_sc_hd__o31ai_2)
     1    0.001949    0.021809    0.072668    0.495122 v _0927_/Y (sky130_fd_sc_hd__o31ai_2)
                                                         _0042_ (net)
                      0.021809    0.000000    0.495122 v _1516_/D (sky130_fd_sc_hd__dfrtp_2)
                                              0.495122   data arrival time

                      0.150000    0.000000    0.000000   clock clk_10mhz (rise edge)
                                  0.000000    0.000000   clock network delay (ideal)
                                  0.250000    0.250000   clock uncertainty
                                  0.000000    0.250000   clock reconvergence pessimism
                                              0.250000 ^ _1516_/CLK (sky130_fd_sc_hd__dfrtp_2)
                                 -0.008733    0.241267   library hold time
                                              0.241267   data required time
---------------------------------------------------------------------------------------------
                                              0.241267   data required time
                                             -0.495122   data arrival time
---------------------------------------------------------------------------------------------
                                              0.253855   slack (MET)


Startpoint: _1539_ (rising edge-triggered flip-flop clocked by clk_10mhz)
Endpoint: _1539_ (rising edge-triggered flip-flop clocked by clk_10mhz)
Path Group: clk_10mhz
Path Type: min

Fanout         Cap        Slew       Delay        Time   Description
---------------------------------------------------------------------------------------------
                      0.150000    0.000000    0.000000   clock clk_10mhz (rise edge)
                                  0.000000    0.000000   clock network delay (ideal)
                      0.150000    0.000000    0.000000 ^ _1539_/CLK (sky130_fd_sc_hd__dfrtp_2)
     2    0.002989    0.040190    0.368900    0.368900 ^ _1539_/Q (sky130_fd_sc_hd__dfrtp_2)
                                                         u_packet_assembler.timer[19] (net)
                      0.040190    0.000000    0.368900 ^ _1056_/A (sky130_fd_sc_hd__and2_2)
     1    0.002005    0.033932    0.117203    0.486102 ^ _1056_/X (sky130_fd_sc_hd__and2_2)
                                                         _0064_ (net)
                      0.033932    0.000000    0.486102 ^ _1539_/D (sky130_fd_sc_hd__dfrtp_2)
                                              0.486102   data arrival time

                      0.150000    0.000000    0.000000   clock clk_10mhz (rise edge)
                                  0.000000    0.000000   clock network delay (ideal)
                                  0.250000    0.250000   clock uncertainty
                                  0.000000    0.250000   clock reconvergence pessimism
                                              0.250000 ^ _1539_/CLK (sky130_fd_sc_hd__dfrtp_2)
                                 -0.018067    0.231933   library hold time
                                              0.231933   data required time
---------------------------------------------------------------------------------------------
                                              0.231933   data required time
                                             -0.486102   data arrival time
---------------------------------------------------------------------------------------------
                                              0.254169   slack (MET)


Startpoint: _1543_ (rising edge-triggered flip-flop clocked by clk_10mhz)
Endpoint: _1543_ (rising edge-triggered flip-flop clocked by clk_10mhz)
Path Group: clk_10mhz
Path Type: min

Fanout         Cap        Slew       Delay        Time   Description
---------------------------------------------------------------------------------------------
                      0.150000    0.000000    0.000000   clock clk_10mhz (rise edge)
                                  0.000000    0.000000   clock network delay (ideal)
                      0.150000    0.000000    0.000000 ^ _1543_/CLK (sky130_fd_sc_hd__dfrtp_2)
     2    0.002989    0.040190    0.368900    0.368900 ^ _1543_/Q (sky130_fd_sc_hd__dfrtp_2)
                                                         u_packet_assembler.timer[23] (net)
                      0.040190    0.000000    0.368900 ^ _1060_/A (sky130_fd_sc_hd__and2_2)
     1    0.002005    0.033932    0.117203    0.486102 ^ _1060_/X (sky130_fd_sc_hd__and2_2)
                                                         _0068_ (net)
                      0.033932    0.000000    0.486102 ^ _1543_/D (sky130_fd_sc_hd__dfrtp_2)
                                              0.486102   data arrival time

                      0.150000    0.000000    0.000000   clock clk_10mhz (rise edge)
                                  0.000000    0.000000   clock network delay (ideal)
                                  0.250000    0.250000   clock uncertainty
                                  0.000000    0.250000   clock reconvergence pessimism
                                              0.250000 ^ _1543_/CLK (sky130_fd_sc_hd__dfrtp_2)
                                 -0.018067    0.231933   library hold time
                                              0.231933   data required time
---------------------------------------------------------------------------------------------
                                              0.231933   data required time
                                             -0.486102   data arrival time
---------------------------------------------------------------------------------------------
                                              0.254169   slack (MET)


Startpoint: _1749_ (rising edge-triggered flip-flop clocked by clk_10mhz)
Endpoint: _1749_ (rising edge-triggered flip-flop clocked by clk_10mhz)
Path Group: clk_10mhz
Path Type: min

Fanout         Cap        Slew       Delay        Time   Description
---------------------------------------------------------------------------------------------
                      0.150000    0.000000    0.000000   clock clk_10mhz (rise edge)
                                  0.000000    0.000000   clock network delay (ideal)
                      0.150000    0.000000    0.000000 ^ _1749_/CLK (sky130_fd_sc_hd__dfrtp_2)
     2    0.002989    0.040190    0.368900    0.368900 ^ _1749_/Q (sky130_fd_sc_hd__dfrtp_2)
                                                         u_uart.clk_count[9] (net)
                      0.040190    0.000000    0.368900 ^ _1417_/A (sky130_fd_sc_hd__and2_2)
     1    0.002005    0.033932    0.117203    0.486102 ^ _1417_/X (sky130_fd_sc_hd__and2_2)
                                                         _0252_ (net)
                      0.033932    0.000000    0.486102 ^ _1749_/D (sky130_fd_sc_hd__dfrtp_2)
                                              0.486102   data arrival time

                      0.150000    0.000000    0.000000   clock clk_10mhz (rise edge)
                                  0.000000    0.000000   clock network delay (ideal)
                                  0.250000    0.250000   clock uncertainty
                                  0.000000    0.250000   clock reconvergence pessimism
                                              0.250000 ^ _1749_/CLK (sky130_fd_sc_hd__dfrtp_2)
                                 -0.018067    0.231933   library hold time
                                              0.231933   data required time
---------------------------------------------------------------------------------------------
                                              0.231933   data required time
                                             -0.486102   data arrival time
---------------------------------------------------------------------------------------------
                                              0.254169   slack (MET)


Startpoint: _1753_ (rising edge-triggered flip-flop clocked by clk_10mhz)
Endpoint: _1753_ (rising edge-triggered flip-flop clocked by clk_10mhz)
Path Group: clk_10mhz
Path Type: min

Fanout         Cap        Slew       Delay        Time   Description
---------------------------------------------------------------------------------------------
                      0.150000    0.000000    0.000000   clock clk_10mhz (rise edge)
                                  0.000000    0.000000   clock network delay (ideal)
                      0.150000    0.000000    0.000000 ^ _1753_/CLK (sky130_fd_sc_hd__dfrtp_2)
     2    0.002989    0.040190    0.368900    0.368900 ^ _1753_/Q (sky130_fd_sc_hd__dfrtp_2)
                                                         u_uart.clk_count[13] (net)
                      0.040190    0.000000    0.368900 ^ _1421_/A (sky130_fd_sc_hd__and2_2)
     1    0.002005    0.033932    0.117203    0.486102 ^ _1421_/X (sky130_fd_sc_hd__and2_2)
                                                         _0256_ (net)
                      0.033932    0.000000    0.486102 ^ _1753_/D (sky130_fd_sc_hd__dfrtp_2)
                                              0.486102   data arrival time

                      0.150000    0.000000    0.000000   clock clk_10mhz (rise edge)
                                  0.000000    0.000000   clock network delay (ideal)
                                  0.250000    0.250000   clock uncertainty
                                  0.000000    0.250000   clock reconvergence pessimism
                                              0.250000 ^ _1753_/CLK (sky130_fd_sc_hd__dfrtp_2)
                                 -0.018067    0.231933   library hold time
                                              0.231933   data required time
---------------------------------------------------------------------------------------------
                                              0.231933   data required time
                                             -0.486102   data arrival time
---------------------------------------------------------------------------------------------
                                              0.254169   slack (MET)


Startpoint: _1559_ (rising edge-triggered flip-flop clocked by clk_10mhz)
Endpoint: _1559_ (rising edge-triggered flip-flop clocked by clk_10mhz)
Path Group: clk_10mhz
Path Type: min

Fanout         Cap        Slew       Delay        Time   Description
---------------------------------------------------------------------------------------------
                      0.150000    0.000000    0.000000   clock clk_10mhz (rise edge)
                                  0.000000    0.000000   clock network delay (ideal)
                      0.150000    0.000000    0.000000 ^ _1559_/CLK (sky130_fd_sc_hd__dfrtp_2)
     3    0.007678    0.060894    0.391176    0.391176 ^ _1559_/Q (sky130_fd_sc_hd__dfrtp_2)
                                                         u_max30102_ctrl.clk_div[14] (net)
                      0.060894    0.000000    0.391176 ^ _0845_/B1 (sky130_fd_sc_hd__a21oi_2)
     1    0.004136    0.026287    0.035250    0.426426 v _0845_/Y (sky130_fd_sc_hd__a21oi_2)
                                                         _0543_ (net)
                      0.026287    0.000000    0.426426 v _0846_/B (sky130_fd_sc_hd__nor2_2)
     1    0.002005    0.053533    0.056036    0.482463 ^ _0846_/Y (sky130_fd_sc_hd__nor2_2)
                                                         _0010_ (net)
                      0.053533    0.000000    0.482463 ^ _1559_/D (sky130_fd_sc_hd__dfrtp_2)
                                              0.482463   data arrival time

                      0.150000    0.000000    0.000000   clock clk_10mhz (rise edge)
                                  0.000000    0.000000   clock network delay (ideal)
                                  0.250000    0.250000   clock uncertainty
                                  0.000000    0.250000   clock reconvergence pessimism
                                              0.250000 ^ _1559_/CLK (sky130_fd_sc_hd__dfrtp_2)
                                 -0.022074    0.227926   library hold time
                                              0.227926   data required time
---------------------------------------------------------------------------------------------
                                              0.227926   data required time
                                             -0.482463   data arrival time
---------------------------------------------------------------------------------------------
                                              0.254536   slack (MET)


Startpoint: _1537_ (rising edge-triggered flip-flop clocked by clk_10mhz)
Endpoint: _1537_ (rising edge-triggered flip-flop clocked by clk_10mhz)
Path Group: clk_10mhz
Path Type: min

Fanout         Cap        Slew       Delay        Time   Description
---------------------------------------------------------------------------------------------
                      0.150000    0.000000    0.000000   clock clk_10mhz (rise edge)
                                  0.000000    0.000000   clock network delay (ideal)
                      0.150000    0.000000    0.000000 ^ _1537_/CLK (sky130_fd_sc_hd__dfrtp_2)
     2    0.003090    0.040675    0.369494    0.369494 ^ _1537_/Q (sky130_fd_sc_hd__dfrtp_2)
                                                         u_packet_assembler.timer[17] (net)
                      0.040675    0.000000    0.369494 ^ _1054_/A (sky130_fd_sc_hd__and2_2)
     1    0.002005    0.033934    0.117375    0.486869 ^ _1054_/X (sky130_fd_sc_hd__and2_2)
                                                         _0062_ (net)
                      0.033934    0.000000    0.486869 ^ _1537_/D (sky130_fd_sc_hd__dfrtp_2)
                                              0.486869   data arrival time

                      0.150000    0.000000    0.000000   clock clk_10mhz (rise edge)
                                  0.000000    0.000000   clock network delay (ideal)
                                  0.250000    0.250000   clock uncertainty
                                  0.000000    0.250000   clock reconvergence pessimism
                                              0.250000 ^ _1537_/CLK (sky130_fd_sc_hd__dfrtp_2)
                                 -0.018067    0.231933   library hold time
                                              0.231933   data required time
---------------------------------------------------------------------------------------------
                                              0.231933   data required time
                                             -0.486869   data arrival time
---------------------------------------------------------------------------------------------
                                              0.254936   slack (MET)


Startpoint: _1541_ (rising edge-triggered flip-flop clocked by clk_10mhz)
Endpoint: _1541_ (rising edge-triggered flip-flop clocked by clk_10mhz)
Path Group: clk_10mhz
Path Type: min

Fanout         Cap        Slew       Delay        Time   Description
---------------------------------------------------------------------------------------------
                      0.150000    0.000000    0.000000   clock clk_10mhz (rise edge)
                                  0.000000    0.000000   clock network delay (ideal)
                      0.150000    0.000000    0.000000 ^ _1541_/CLK (sky130_fd_sc_hd__dfrtp_2)
     2    0.003090    0.040675    0.369494    0.369494 ^ _1541_/Q (sky130_fd_sc_hd__dfrtp_2)
                                                         u_packet_assembler.timer[21] (net)
                      0.040675    0.000000    0.369494 ^ _1058_/A (sky130_fd_sc_hd__and2_2)
     1    0.002005    0.033934    0.117375    0.486869 ^ _1058_/X (sky130_fd_sc_hd__and2_2)
                                                         _0066_ (net)
                      0.033934    0.000000    0.486869 ^ _1541_/D (sky130_fd_sc_hd__dfrtp_2)
                                              0.486869   data arrival time

                      0.150000    0.000000    0.000000   clock clk_10mhz (rise edge)
                                  0.000000    0.000000   clock network delay (ideal)
                                  0.250000    0.250000   clock uncertainty
                                  0.000000    0.250000   clock reconvergence pessimism
                                              0.250000 ^ _1541_/CLK (sky130_fd_sc_hd__dfrtp_2)
                                 -0.018067    0.231933   library hold time
                                              0.231933   data required time
---------------------------------------------------------------------------------------------
                                              0.231933   data required time
                                             -0.486869   data arrival time
---------------------------------------------------------------------------------------------
                                              0.254936   slack (MET)


Startpoint: _1747_ (rising edge-triggered flip-flop clocked by clk_10mhz)
Endpoint: _1747_ (rising edge-triggered flip-flop clocked by clk_10mhz)
Path Group: clk_10mhz
Path Type: min

Fanout         Cap        Slew       Delay        Time   Description
---------------------------------------------------------------------------------------------
                      0.150000    0.000000    0.000000   clock clk_10mhz (rise edge)
                                  0.000000    0.000000   clock network delay (ideal)
                      0.150000    0.000000    0.000000 ^ _1747_/CLK (sky130_fd_sc_hd__dfrtp_2)
     2    0.003090    0.040675    0.369494    0.369494 ^ _1747_/Q (sky130_fd_sc_hd__dfrtp_2)
                                                         u_uart.clk_count[7] (net)
                      0.040675    0.000000    0.369494 ^ _1415_/A (sky130_fd_sc_hd__and2_2)
     1    0.002005    0.033934    0.117375    0.486869 ^ _1415_/X (sky130_fd_sc_hd__and2_2)
                                                         _0250_ (net)
                      0.033934    0.000000    0.486869 ^ _1747_/D (sky130_fd_sc_hd__dfrtp_2)
                                              0.486869   data arrival time

                      0.150000    0.000000    0.000000   clock clk_10mhz (rise edge)
                                  0.000000    0.000000   clock network delay (ideal)
                                  0.250000    0.250000   clock uncertainty
                                  0.000000    0.250000   clock reconvergence pessimism
                                              0.250000 ^ _1747_/CLK (sky130_fd_sc_hd__dfrtp_2)
                                 -0.018067    0.231933   library hold time
                                              0.231933   data required time
---------------------------------------------------------------------------------------------
                                              0.231933   data required time
                                             -0.486869   data arrival time
---------------------------------------------------------------------------------------------
                                              0.254936   slack (MET)


Startpoint: _1751_ (rising edge-triggered flip-flop clocked by clk_10mhz)
Endpoint: _1751_ (rising edge-triggered flip-flop clocked by clk_10mhz)
Path Group: clk_10mhz
Path Type: min

Fanout         Cap        Slew       Delay        Time   Description
---------------------------------------------------------------------------------------------
                      0.150000    0.000000    0.000000   clock clk_10mhz (rise edge)
                                  0.000000    0.000000   clock network delay (ideal)
                      0.150000    0.000000    0.000000 ^ _1751_/CLK (sky130_fd_sc_hd__dfrtp_2)
     2    0.003090    0.040675    0.369494    0.369494 ^ _1751_/Q (sky130_fd_sc_hd__dfrtp_2)
                                                         u_uart.clk_count[11] (net)
                      0.040675    0.000000    0.369494 ^ _1419_/A (sky130_fd_sc_hd__and2_2)
     1    0.002005    0.033934    0.117375    0.486869 ^ _1419_/X (sky130_fd_sc_hd__and2_2)
                                                         _0254_ (net)
                      0.033934    0.000000    0.486869 ^ _1751_/D (sky130_fd_sc_hd__dfrtp_2)
                                              0.486869   data arrival time

                      0.150000    0.000000    0.000000   clock clk_10mhz (rise edge)
                                  0.000000    0.000000   clock network delay (ideal)
                                  0.250000    0.250000   clock uncertainty
                                  0.000000    0.250000   clock reconvergence pessimism
                                              0.250000 ^ _1751_/CLK (sky130_fd_sc_hd__dfrtp_2)
                                 -0.018067    0.231933   library hold time
                                              0.231933   data required time
---------------------------------------------------------------------------------------------
                                              0.231933   data required time
                                             -0.486869   data arrival time
---------------------------------------------------------------------------------------------
                                              0.254936   slack (MET)


Startpoint: _1556_ (rising edge-triggered flip-flop clocked by clk_10mhz)
Endpoint: _1556_ (rising edge-triggered flip-flop clocked by clk_10mhz)
Path Group: clk_10mhz
Path Type: min

Fanout         Cap        Slew       Delay        Time   Description
---------------------------------------------------------------------------------------------
                      0.150000    0.000000    0.000000   clock clk_10mhz (rise edge)
                                  0.000000    0.000000   clock network delay (ideal)
                      0.150000    0.000000    0.000000 ^ _1556_/CLK (sky130_fd_sc_hd__dfrtp_2)
     3    0.007761    0.061248    0.391533    0.391533 ^ _1556_/Q (sky130_fd_sc_hd__dfrtp_2)
                                                         u_max30102_ctrl.clk_div[11] (net)
                      0.061248    0.000000    0.391533 ^ _0838_/B1 (sky130_fd_sc_hd__a21oi_2)
     1    0.004136    0.026368    0.035307    0.426840 v _0838_/Y (sky130_fd_sc_hd__a21oi_2)
                                                         _0539_ (net)
                      0.026368    0.000000    0.426840 v _0839_/B (sky130_fd_sc_hd__nor2_2)
     1    0.002005    0.053532    0.056066    0.482906 ^ _0839_/Y (sky130_fd_sc_hd__nor2_2)
                                                         _0007_ (net)
                      0.053532    0.000000    0.482906 ^ _1556_/D (sky130_fd_sc_hd__dfrtp_2)
                                              0.482906   data arrival time

                      0.150000    0.000000    0.000000   clock clk_10mhz (rise edge)
                                  0.000000    0.000000   clock network delay (ideal)
                                  0.250000    0.250000   clock uncertainty
                                  0.000000    0.250000   clock reconvergence pessimism
                                              0.250000 ^ _1556_/CLK (sky130_fd_sc_hd__dfrtp_2)
                                 -0.022074    0.227926   library hold time
                                              0.227926   data required time
---------------------------------------------------------------------------------------------
                                              0.227926   data required time
                                             -0.482906   data arrival time
---------------------------------------------------------------------------------------------
                                              0.254980   slack (MET)


Startpoint: _1581_ (rising edge-triggered flip-flop clocked by clk_10mhz)
Endpoint: _1581_ (rising edge-triggered flip-flop clocked by clk_10mhz)
Path Group: clk_10mhz
Path Type: min

Fanout         Cap        Slew       Delay        Time   Description
---------------------------------------------------------------------------------------------
                      0.150000    0.000000    0.000000   clock clk_10mhz (rise edge)
                                  0.000000    0.000000   clock network delay (ideal)
                      0.150000    0.000000    0.000000 ^ _1581_/CLK (sky130_fd_sc_hd__dfstp_2)
     2    0.010333    0.037957    0.408803    0.408803 v _1581_/Q (sky130_fd_sc_hd__dfstp_2)
                                                         u_max30102_ctrl.scl_internal (net)
                      0.037957    0.000000    0.408803 v _1081_/A (sky130_fd_sc_hd__xnor2_2)
     1    0.002233    0.027333    0.118073    0.526877 v _1081_/Y (sky130_fd_sc_hd__xnor2_2)
                                                         _0085_ (net)
                      0.027333    0.000000    0.526877 v _1581_/D (sky130_fd_sc_hd__dfstp_2)
                                              0.526877   data arrival time

                      0.150000    0.000000    0.000000   clock clk_10mhz (rise edge)
                                  0.000000    0.000000   clock network delay (ideal)
                                  0.250000    0.250000   clock uncertainty
                                  0.000000    0.250000   clock reconvergence pessimism
                                              0.250000 ^ _1581_/CLK (sky130_fd_sc_hd__dfstp_2)
                                  0.020544    0.270544   library hold time
                                              0.270544   data required time
---------------------------------------------------------------------------------------------
                                              0.270544   data required time
                                             -0.526877   data arrival time
---------------------------------------------------------------------------------------------
                                              0.256333   slack (MET)


Startpoint: _1538_ (rising edge-triggered flip-flop clocked by clk_10mhz)
Endpoint: _1538_ (rising edge-triggered flip-flop clocked by clk_10mhz)
Path Group: clk_10mhz
Path Type: min

Fanout         Cap        Slew       Delay        Time   Description
---------------------------------------------------------------------------------------------
                      0.150000    0.000000    0.000000   clock clk_10mhz (rise edge)
                                  0.000000    0.000000   clock network delay (ideal)
                      0.150000    0.000000    0.000000 ^ _1538_/CLK (sky130_fd_sc_hd__dfrtp_2)
     2    0.003291    0.041640    0.370677    0.370677 ^ _1538_/Q (sky130_fd_sc_hd__dfrtp_2)
                                                         u_packet_assembler.timer[18] (net)
                      0.041640    0.000000    0.370677 ^ _1055_/A (sky130_fd_sc_hd__and2_2)
     1    0.002005    0.033938    0.117717    0.488394 ^ _1055_/X (sky130_fd_sc_hd__and2_2)
                                                         _0063_ (net)
                      0.033938    0.000000    0.488394 ^ _1538_/D (sky130_fd_sc_hd__dfrtp_2)
                                              0.488394   data arrival time

                      0.150000    0.000000    0.000000   clock clk_10mhz (rise edge)
                                  0.000000    0.000000   clock network delay (ideal)
                                  0.250000    0.250000   clock uncertainty
                                  0.000000    0.250000   clock reconvergence pessimism
                                              0.250000 ^ _1538_/CLK (sky130_fd_sc_hd__dfrtp_2)
                                 -0.018068    0.231932   library hold time
                                              0.231932   data required time
---------------------------------------------------------------------------------------------
                                              0.231932   data required time
                                             -0.488394   data arrival time
---------------------------------------------------------------------------------------------
                                              0.256462   slack (MET)


Startpoint: _1542_ (rising edge-triggered flip-flop clocked by clk_10mhz)
Endpoint: _1542_ (rising edge-triggered flip-flop clocked by clk_10mhz)
Path Group: clk_10mhz
Path Type: min

Fanout         Cap        Slew       Delay        Time   Description
---------------------------------------------------------------------------------------------
                      0.150000    0.000000    0.000000   clock clk_10mhz (rise edge)
                                  0.000000    0.000000   clock network delay (ideal)
                      0.150000    0.000000    0.000000 ^ _1542_/CLK (sky130_fd_sc_hd__dfrtp_2)
     2    0.003291    0.041640    0.370677    0.370677 ^ _1542_/Q (sky130_fd_sc_hd__dfrtp_2)
                                                         u_packet_assembler.timer[22] (net)
                      0.041640    0.000000    0.370677 ^ _1059_/A (sky130_fd_sc_hd__and2_2)
     1    0.002005    0.033938    0.117717    0.488394 ^ _1059_/X (sky130_fd_sc_hd__and2_2)
                                                         _0067_ (net)
                      0.033938    0.000000    0.488394 ^ _1542_/D (sky130_fd_sc_hd__dfrtp_2)
                                              0.488394   data arrival time

                      0.150000    0.000000    0.000000   clock clk_10mhz (rise edge)
                                  0.000000    0.000000   clock network delay (ideal)
                                  0.250000    0.250000   clock uncertainty
                                  0.000000    0.250000   clock reconvergence pessimism
                                              0.250000 ^ _1542_/CLK (sky130_fd_sc_hd__dfrtp_2)
                                 -0.018068    0.231932   library hold time
                                              0.231932   data required time
---------------------------------------------------------------------------------------------
                                              0.231932   data required time
                                             -0.488394   data arrival time
---------------------------------------------------------------------------------------------
                                              0.256462   slack (MET)


Startpoint: _1748_ (rising edge-triggered flip-flop clocked by clk_10mhz)
Endpoint: _1748_ (rising edge-triggered flip-flop clocked by clk_10mhz)
Path Group: clk_10mhz
Path Type: min

Fanout         Cap        Slew       Delay        Time   Description
---------------------------------------------------------------------------------------------
                      0.150000    0.000000    0.000000   clock clk_10mhz (rise edge)
                                  0.000000    0.000000   clock network delay (ideal)
                      0.150000    0.000000    0.000000 ^ _1748_/CLK (sky130_fd_sc_hd__dfrtp_2)
     2    0.003291    0.041640    0.370677    0.370677 ^ _1748_/Q (sky130_fd_sc_hd__dfrtp_2)
                                                         u_uart.clk_count[8] (net)
                      0.041640    0.000000    0.370677 ^ _1416_/A (sky130_fd_sc_hd__and2_2)
     1    0.002005    0.033938    0.117717    0.488394 ^ _1416_/X (sky130_fd_sc_hd__and2_2)
                                                         _0251_ (net)
                      0.033938    0.000000    0.488394 ^ _1748_/D (sky130_fd_sc_hd__dfrtp_2)
                                              0.488394   data arrival time

                      0.150000    0.000000    0.000000   clock clk_10mhz (rise edge)
                                  0.000000    0.000000   clock network delay (ideal)
                                  0.250000    0.250000   clock uncertainty
                                  0.000000    0.250000   clock reconvergence pessimism
                                              0.250000 ^ _1748_/CLK (sky130_fd_sc_hd__dfrtp_2)
                                 -0.018068    0.231932   library hold time
                                              0.231932   data required time
---------------------------------------------------------------------------------------------
                                              0.231932   data required time
                                             -0.488394   data arrival time
---------------------------------------------------------------------------------------------
                                              0.256462   slack (MET)


Startpoint: _1752_ (rising edge-triggered flip-flop clocked by clk_10mhz)
Endpoint: _1752_ (rising edge-triggered flip-flop clocked by clk_10mhz)
Path Group: clk_10mhz
Path Type: min

Fanout         Cap        Slew       Delay        Time   Description
---------------------------------------------------------------------------------------------
                      0.150000    0.000000    0.000000   clock clk_10mhz (rise edge)
                                  0.000000    0.000000   clock network delay (ideal)
                      0.150000    0.000000    0.000000 ^ _1752_/CLK (sky130_fd_sc_hd__dfrtp_2)
     2    0.003291    0.041640    0.370677    0.370677 ^ _1752_/Q (sky130_fd_sc_hd__dfrtp_2)
                                                         u_uart.clk_count[12] (net)
                      0.041640    0.000000    0.370677 ^ _1420_/A (sky130_fd_sc_hd__and2_2)
     1    0.002005    0.033938    0.117717    0.488394 ^ _1420_/X (sky130_fd_sc_hd__and2_2)
                                                         _0255_ (net)
                      0.033938    0.000000    0.488394 ^ _1752_/D (sky130_fd_sc_hd__dfrtp_2)
                                              0.488394   data arrival time

                      0.150000    0.000000    0.000000   clock clk_10mhz (rise edge)
                                  0.000000    0.000000   clock network delay (ideal)
                                  0.250000    0.250000   clock uncertainty
                                  0.000000    0.250000   clock reconvergence pessimism
                                              0.250000 ^ _1752_/CLK (sky130_fd_sc_hd__dfrtp_2)
                                 -0.018068    0.231932   library hold time
                                              0.231932   data required time
---------------------------------------------------------------------------------------------
                                              0.231932   data required time
                                             -0.488394   data arrival time
---------------------------------------------------------------------------------------------
                                              0.256462   slack (MET)


Startpoint: _1558_ (rising edge-triggered flip-flop clocked by clk_10mhz)
Endpoint: _1558_ (rising edge-triggered flip-flop clocked by clk_10mhz)
Path Group: clk_10mhz
Path Type: min

Fanout         Cap        Slew       Delay        Time   Description
---------------------------------------------------------------------------------------------
                      0.150000    0.000000    0.000000   clock clk_10mhz (rise edge)
                                  0.000000    0.000000   clock network delay (ideal)
                      0.150000    0.000000    0.000000 ^ _1558_/CLK (sky130_fd_sc_hd__dfrtp_2)
     4    0.016935    0.100583    0.427318    0.427318 ^ _1558_/Q (sky130_fd_sc_hd__dfrtp_2)
                                                         u_max30102_ctrl.clk_div[13] (net)
                      0.100583    0.000000    0.427318 ^ _0843_/A (sky130_fd_sc_hd__xor2_2)
     1    0.001949    0.027999    0.067912    0.495229 v _0843_/X (sky130_fd_sc_hd__xor2_2)
                                                         _0009_ (net)
                      0.027999    0.000000    0.495229 v _1558_/D (sky130_fd_sc_hd__dfrtp_2)
                                              0.495229   data arrival time

                      0.150000    0.000000    0.000000   clock clk_10mhz (rise edge)
                                  0.000000    0.000000   clock network delay (ideal)
                                  0.250000    0.250000   clock uncertainty
                                  0.000000    0.250000   clock reconvergence pessimism
                                              0.250000 ^ _1558_/CLK (sky130_fd_sc_hd__dfrtp_2)
                                 -0.011250    0.238750   library hold time
                                              0.238750   data required time
---------------------------------------------------------------------------------------------
                                              0.238750   data required time
                                             -0.495229   data arrival time
---------------------------------------------------------------------------------------------
                                              0.256479   slack (MET)


Startpoint: _1553_ (rising edge-triggered flip-flop clocked by clk_10mhz)
Endpoint: _1553_ (rising edge-triggered flip-flop clocked by clk_10mhz)
Path Group: clk_10mhz
Path Type: min

Fanout         Cap        Slew       Delay        Time   Description
---------------------------------------------------------------------------------------------
                      0.150000    0.000000    0.000000   clock clk_10mhz (rise edge)
                                  0.000000    0.000000   clock network delay (ideal)
                      0.150000    0.000000    0.000000 ^ _1553_/CLK (sky130_fd_sc_hd__dfrtp_2)
     3    0.008050    0.062479    0.392777    0.392777 ^ _1553_/Q (sky130_fd_sc_hd__dfrtp_2)
                                                         u_max30102_ctrl.clk_div[8] (net)
                      0.062479    0.000000    0.392777 ^ _0831_/B1 (sky130_fd_sc_hd__a21oi_2)
     1    0.004136    0.026648    0.035504    0.428281 v _0831_/Y (sky130_fd_sc_hd__a21oi_2)
                                                         _0535_ (net)
                      0.026648    0.000000    0.428281 v _0832_/B (sky130_fd_sc_hd__nor2_2)
     1    0.002005    0.053530    0.056170    0.484451 ^ _0832_/Y (sky130_fd_sc_hd__nor2_2)
                                                         _0019_ (net)
                      0.053530    0.000000    0.484451 ^ _1553_/D (sky130_fd_sc_hd__dfrtp_2)
                                              0.484451   data arrival time

                      0.150000    0.000000    0.000000   clock clk_10mhz (rise edge)
                                  0.000000    0.000000   clock network delay (ideal)
                                  0.250000    0.250000   clock uncertainty
                                  0.000000    0.250000   clock reconvergence pessimism
                                              0.250000 ^ _1553_/CLK (sky130_fd_sc_hd__dfrtp_2)
                                 -0.022073    0.227927   library hold time
                                              0.227927   data required time
---------------------------------------------------------------------------------------------
                                              0.227927   data required time
                                             -0.484451   data arrival time
---------------------------------------------------------------------------------------------
                                              0.256524   slack (MET)


Startpoint: _1555_ (rising edge-triggered flip-flop clocked by clk_10mhz)
Endpoint: _1555_ (rising edge-triggered flip-flop clocked by clk_10mhz)
Path Group: clk_10mhz
Path Type: min

Fanout         Cap        Slew       Delay        Time   Description
---------------------------------------------------------------------------------------------
                      0.150000    0.000000    0.000000   clock clk_10mhz (rise edge)
                                  0.000000    0.000000   clock network delay (ideal)
                      0.150000    0.000000    0.000000 ^ _1555_/CLK (sky130_fd_sc_hd__dfrtp_2)
     4    0.016953    0.100661    0.427379    0.427379 ^ _1555_/Q (sky130_fd_sc_hd__dfrtp_2)
                                                         u_max30102_ctrl.clk_div[10] (net)
                      0.100661    0.000000    0.427379 ^ _0836_/A (sky130_fd_sc_hd__xor2_2)
     1    0.001949    0.027999    0.067932    0.495312 v _0836_/X (sky130_fd_sc_hd__xor2_2)
                                                         _0006_ (net)
                      0.027999    0.000000    0.495312 v _1555_/D (sky130_fd_sc_hd__dfrtp_2)
                                              0.495312   data arrival time

                      0.150000    0.000000    0.000000   clock clk_10mhz (rise edge)
                                  0.000000    0.000000   clock network delay (ideal)
                                  0.250000    0.250000   clock uncertainty
                                  0.000000    0.250000   clock reconvergence pessimism
                                              0.250000 ^ _1555_/CLK (sky130_fd_sc_hd__dfrtp_2)
                                 -0.011250    0.238750   library hold time
                                              0.238750   data required time
---------------------------------------------------------------------------------------------
                                              0.238750   data required time
                                             -0.495312   data arrival time
---------------------------------------------------------------------------------------------
                                              0.256561   slack (MET)


Startpoint: _1552_ (rising edge-triggered flip-flop clocked by clk_10mhz)
Endpoint: _1552_ (rising edge-triggered flip-flop clocked by clk_10mhz)
Path Group: clk_10mhz
Path Type: min

Fanout         Cap        Slew       Delay        Time   Description
---------------------------------------------------------------------------------------------
                      0.150000    0.000000    0.000000   clock clk_10mhz (rise edge)
                                  0.000000    0.000000   clock network delay (ideal)
                      0.150000    0.000000    0.000000 ^ _1552_/CLK (sky130_fd_sc_hd__dfrtp_2)
     4    0.017036    0.101019    0.427664    0.427664 ^ _1552_/Q (sky130_fd_sc_hd__dfrtp_2)
                                                         u_max30102_ctrl.clk_div[7] (net)
                      0.101019    0.000000    0.427664 ^ _0829_/A (sky130_fd_sc_hd__xor2_2)
     1    0.001949    0.027999    0.068027    0.495691 v _0829_/X (sky130_fd_sc_hd__xor2_2)
                                                         _0018_ (net)
                      0.027999    0.000000    0.495691 v _1552_/D (sky130_fd_sc_hd__dfrtp_2)
                                              0.495691   data arrival time

                      0.150000    0.000000    0.000000   clock clk_10mhz (rise edge)
                                  0.000000    0.000000   clock network delay (ideal)
                                  0.250000    0.250000   clock uncertainty
                                  0.000000    0.250000   clock reconvergence pessimism
                                              0.250000 ^ _1552_/CLK (sky130_fd_sc_hd__dfrtp_2)
                                 -0.011250    0.238750   library hold time
                                              0.238750   data required time
---------------------------------------------------------------------------------------------
                                              0.238750   data required time
                                             -0.495691   data arrival time
---------------------------------------------------------------------------------------------
                                              0.256941   slack (MET)


Startpoint: _1577_ (rising edge-triggered flip-flop clocked by clk_10mhz)
Endpoint: _1577_ (rising edge-triggered flip-flop clocked by clk_10mhz)
Path Group: clk_10mhz
Path Type: min

Fanout         Cap        Slew       Delay        Time   Description
---------------------------------------------------------------------------------------------
                      0.150000    0.000000    0.000000   clock clk_10mhz (rise edge)
                                  0.000000    0.000000   clock network delay (ideal)
                      0.150000    0.000000    0.000000 ^ _1577_/CLK (sky130_fd_sc_hd__dfstp_2)
     3    0.012840    0.043116    0.414509    0.414509 v _1577_/Q (sky130_fd_sc_hd__dfstp_2)
                                                         u_srf_ctrl.state[0] (net)
                      0.043116    0.000000    0.414509 v _0768_/A (sky130_fd_sc_hd__nand2_2)
     2    0.009341    0.060342    0.069891    0.484400 ^ _0768_/Y (sky130_fd_sc_hd__nand2_2)
                                                         _0486_ (net)
                      0.060342    0.000000    0.484400 ^ _0769_/B (sky130_fd_sc_hd__nand2_2)
     1    0.002233    0.022834    0.044943    0.529343 v _0769_/Y (sky130_fd_sc_hd__nand2_2)
                                                         _0000_ (net)
                      0.022834    0.000000    0.529343 v _1577_/D (sky130_fd_sc_hd__dfstp_2)
                                              0.529343   data arrival time

                      0.150000    0.000000    0.000000   clock clk_10mhz (rise edge)
                                  0.000000    0.000000   clock network delay (ideal)
                                  0.250000    0.250000   clock uncertainty
                                  0.000000    0.250000   clock reconvergence pessimism
                                              0.250000 ^ _1577_/CLK (sky130_fd_sc_hd__dfstp_2)
                                  0.021931    0.271931   library hold time
                                              0.271931   data required time
---------------------------------------------------------------------------------------------
                                              0.271931   data required time
                                             -0.529343   data arrival time
---------------------------------------------------------------------------------------------
                                              0.257412   slack (MET)


Startpoint: _1554_ (rising edge-triggered flip-flop clocked by clk_10mhz)
Endpoint: _1554_ (rising edge-triggered flip-flop clocked by clk_10mhz)
Path Group: clk_10mhz
Path Type: min

Fanout         Cap        Slew       Delay        Time   Description
---------------------------------------------------------------------------------------------
                      0.150000    0.000000    0.000000   clock clk_10mhz (rise edge)
                                  0.000000    0.000000   clock network delay (ideal)
                      0.150000    0.000000    0.000000 ^ _1554_/CLK (sky130_fd_sc_hd__dfrtp_2)
     3    0.007600    0.060562    0.390841    0.390841 ^ _1554_/Q (sky130_fd_sc_hd__dfrtp_2)
                                                         u_max30102_ctrl.clk_div[9] (net)
                      0.060562    0.000000    0.390841 ^ _0834_/A (sky130_fd_sc_hd__nor2_2)
     1    0.004136    0.025326    0.041539    0.432380 v _0834_/Y (sky130_fd_sc_hd__nor2_2)
                                                         _0537_ (net)
                      0.025326    0.000000    0.432380 v _0835_/B (sky130_fd_sc_hd__nor2_2)
     1    0.002005    0.053541    0.055680    0.488060 ^ _0835_/Y (sky130_fd_sc_hd__nor2_2)
                                                         _0020_ (net)
                      0.053541    0.000000    0.488060 ^ _1554_/D (sky130_fd_sc_hd__dfrtp_2)
                                              0.488060   data arrival time

                      0.150000    0.000000    0.000000   clock clk_10mhz (rise edge)
                                  0.000000    0.000000   clock network delay (ideal)
                                  0.250000    0.250000   clock uncertainty
                                  0.000000    0.250000   clock reconvergence pessimism
                                              0.250000 ^ _1554_/CLK (sky130_fd_sc_hd__dfrtp_2)
                                 -0.022076    0.227924   library hold time
                                              0.227924   data required time
---------------------------------------------------------------------------------------------
                                              0.227924   data required time
                                             -0.488060   data arrival time
---------------------------------------------------------------------------------------------
                                              0.260135   slack (MET)


Startpoint: _1716_ (rising edge-triggered flip-flop clocked by clk_10mhz)
Endpoint: _1716_ (rising edge-triggered flip-flop clocked by clk_10mhz)
Path Group: clk_10mhz
Path Type: min

Fanout         Cap        Slew       Delay        Time   Description
---------------------------------------------------------------------------------------------
                      0.150000    0.000000    0.000000   clock clk_10mhz (rise edge)
                                  0.000000    0.000000   clock network delay (ideal)
                      0.150000    0.000000    0.000000 ^ _1716_/CLK (sky130_fd_sc_hd__dfrtp_2)
     2    0.017818    0.104396    0.430350    0.430350 ^ _1716_/Q (sky130_fd_sc_hd__dfrtp_2)
                                                         u_fifo.wr_ptr[4] (net)
                      0.104396    0.000000    0.430350 ^ _1263_/A (sky130_fd_sc_hd__xor2_2)
     1    0.001949    0.028007    0.068918    0.499268 v _1263_/X (sky130_fd_sc_hd__xor2_2)
                                                         _0219_ (net)
                      0.028007    0.000000    0.499268 v _1716_/D (sky130_fd_sc_hd__dfrtp_2)
                                              0.499268   data arrival time

                      0.150000    0.000000    0.000000   clock clk_10mhz (rise edge)
                                  0.000000    0.000000   clock network delay (ideal)
                                  0.250000    0.250000   clock uncertainty
                                  0.000000    0.250000   clock reconvergence pessimism
                                              0.250000 ^ _1716_/CLK (sky130_fd_sc_hd__dfrtp_2)
                                 -0.011253    0.238747   library hold time
                                              0.238747   data required time
---------------------------------------------------------------------------------------------
                                              0.238747   data required time
                                             -0.499268   data arrival time
---------------------------------------------------------------------------------------------
                                              0.260521   slack (MET)


Startpoint: _1711_ (rising edge-triggered flip-flop clocked by clk_10mhz)
Endpoint: _1711_ (rising edge-triggered flip-flop clocked by clk_10mhz)
Path Group: clk_10mhz
Path Type: min

Fanout         Cap        Slew       Delay        Time   Description
---------------------------------------------------------------------------------------------
                      0.150000    0.000000    0.000000   clock clk_10mhz (rise edge)
                                  0.000000    0.000000   clock network delay (ideal)
                      0.150000    0.000000    0.000000 ^ _1711_/CLK (sky130_fd_sc_hd__dfrtp_2)
     2    0.018080    0.105527    0.431250    0.431250 ^ _1711_/Q (sky130_fd_sc_hd__dfrtp_2)
                                                         u_fifo.rd_ptr[4] (net)
                      0.105527    0.000000    0.431250 ^ _1255_/A (sky130_fd_sc_hd__xnor2_2)
     1    0.001949    0.025145    0.069424    0.500674 v _1255_/Y (sky130_fd_sc_hd__xnor2_2)
                                                         _0214_ (net)
                      0.025145    0.000000    0.500674 v _1711_/D (sky130_fd_sc_hd__dfrtp_2)
                                              0.500674   data arrival time

                      0.150000    0.000000    0.000000   clock clk_10mhz (rise edge)
                                  0.000000    0.000000   clock network delay (ideal)
                                  0.250000    0.250000   clock uncertainty
                                  0.000000    0.250000   clock reconvergence pessimism
                                              0.250000 ^ _1711_/CLK (sky130_fd_sc_hd__dfrtp_2)
                                 -0.010089    0.239911   library hold time
                                              0.239911   data required time
---------------------------------------------------------------------------------------------
                                              0.239911   data required time
                                             -0.500674   data arrival time
---------------------------------------------------------------------------------------------
                                              0.260763   slack (MET)


Startpoint: _1557_ (rising edge-triggered flip-flop clocked by clk_10mhz)
Endpoint: _1557_ (rising edge-triggered flip-flop clocked by clk_10mhz)
Path Group: clk_10mhz
Path Type: min

Fanout         Cap        Slew       Delay        Time   Description
---------------------------------------------------------------------------------------------
                      0.150000    0.000000    0.000000   clock clk_10mhz (rise edge)
                                  0.000000    0.000000   clock network delay (ideal)
                      0.150000    0.000000    0.000000 ^ _1557_/CLK (sky130_fd_sc_hd__dfrtp_2)
     3    0.007902    0.061849    0.392140    0.392140 ^ _1557_/Q (sky130_fd_sc_hd__dfrtp_2)
                                                         u_max30102_ctrl.clk_div[12] (net)
                      0.061849    0.000000    0.392140 ^ _0841_/A (sky130_fd_sc_hd__nor2_2)
     1    0.004136    0.025567    0.041842    0.433982 v _0841_/Y (sky130_fd_sc_hd__nor2_2)
                                                         _0541_ (net)
                      0.025567    0.000000    0.433982 v _0842_/B (sky130_fd_sc_hd__nor2_2)
     1    0.002005    0.053539    0.055769    0.489751 ^ _0842_/Y (sky130_fd_sc_hd__nor2_2)
                                                         _0008_ (net)
                      0.053539    0.000000    0.489751 ^ _1557_/D (sky130_fd_sc_hd__dfrtp_2)
                                              0.489751   data arrival time

                      0.150000    0.000000    0.000000   clock clk_10mhz (rise edge)
                                  0.000000    0.000000   clock network delay (ideal)
                                  0.250000    0.250000   clock uncertainty
                                  0.000000    0.250000   clock reconvergence pessimism
                                              0.250000 ^ _1557_/CLK (sky130_fd_sc_hd__dfrtp_2)
                                 -0.022075    0.227925   library hold time
                                              0.227925   data required time
---------------------------------------------------------------------------------------------
                                              0.227925   data required time
                                             -0.489751   data arrival time
---------------------------------------------------------------------------------------------
                                              0.261826   slack (MET)


Startpoint: _1523_ (rising edge-triggered flip-flop clocked by clk_10mhz)
Endpoint: _1523_ (rising edge-triggered flip-flop clocked by clk_10mhz)
Path Group: clk_10mhz
Path Type: min

Fanout         Cap        Slew       Delay        Time   Description
---------------------------------------------------------------------------------------------
                      0.150000    0.000000    0.000000   clock clk_10mhz (rise edge)
                                  0.000000    0.000000   clock network delay (ideal)
                      0.150000    0.000000    0.000000 ^ _1523_/CLK (sky130_fd_sc_hd__dfrtp_2)
     3    0.006670    0.056598    0.386840    0.386840 ^ _1523_/Q (sky130_fd_sc_hd__dfrtp_2)
                                                         u_packet_assembler.timer[3] (net)
                      0.056598    0.000000    0.386840 ^ _1011_/B2 (sky130_fd_sc_hd__a32o_2)
     1    0.002005    0.037116    0.111273    0.498114 ^ _1011_/X (sky130_fd_sc_hd__a32o_2)
                                                         _0048_ (net)
                      0.037116    0.000000    0.498114 ^ _1523_/D (sky130_fd_sc_hd__dfrtp_2)
                                              0.498114   data arrival time

                      0.150000    0.000000    0.000000   clock clk_10mhz (rise edge)
                                  0.000000    0.000000   clock network delay (ideal)
                                  0.250000    0.250000   clock uncertainty
                                  0.000000    0.250000   clock reconvergence pessimism
                                              0.250000 ^ _1523_/CLK (sky130_fd_sc_hd__dfrtp_2)
                                 -0.018718    0.231282   library hold time
                                              0.231282   data required time
---------------------------------------------------------------------------------------------
                                              0.231282   data required time
                                             -0.498114   data arrival time
---------------------------------------------------------------------------------------------
                                              0.266831   slack (MET)


Startpoint: _1536_ (rising edge-triggered flip-flop clocked by clk_10mhz)
Endpoint: _1536_ (rising edge-triggered flip-flop clocked by clk_10mhz)
Path Group: clk_10mhz
Path Type: min

Fanout         Cap        Slew       Delay        Time   Description
---------------------------------------------------------------------------------------------
                      0.150000    0.000000    0.000000   clock clk_10mhz (rise edge)
                                  0.000000    0.000000   clock network delay (ideal)
                      0.150000    0.000000    0.000000 ^ _1536_/CLK (sky130_fd_sc_hd__dfrtp_2)
     2    0.004851    0.048846    0.379016    0.379016 ^ _1536_/Q (sky130_fd_sc_hd__dfrtp_2)
                                                         u_packet_assembler.timer[16] (net)
                      0.048846    0.000000    0.379016 ^ _1053_/A1 (sky130_fd_sc_hd__a22o_2)
     1    0.002005    0.029904    0.121739    0.500755 ^ _1053_/X (sky130_fd_sc_hd__a22o_2)
                                                         _0061_ (net)
                      0.029904    0.000000    0.500755 ^ _1536_/D (sky130_fd_sc_hd__dfrtp_2)
                                              0.500755   data arrival time

                      0.150000    0.000000    0.000000   clock clk_10mhz (rise edge)
                                  0.000000    0.000000   clock network delay (ideal)
                                  0.250000    0.250000   clock uncertainty
                                  0.000000    0.250000   clock reconvergence pessimism
                                              0.250000 ^ _1536_/CLK (sky130_fd_sc_hd__dfrtp_2)
                                 -0.017243    0.232757   library hold time
                                              0.232757   data required time
---------------------------------------------------------------------------------------------
                                              0.232757   data required time
                                             -0.500755   data arrival time
---------------------------------------------------------------------------------------------
                                              0.267998   slack (MET)


Startpoint: _1775_ (rising edge-triggered flip-flop clocked by clk_10mhz)
Endpoint: _1775_ (rising edge-triggered flip-flop clocked by clk_10mhz)
Path Group: clk_10mhz
Path Type: min

Fanout         Cap        Slew       Delay        Time   Description
---------------------------------------------------------------------------------------------
                      0.150000    0.000000    0.000000   clock clk_10mhz (rise edge)
                                  0.000000    0.000000   clock network delay (ideal)
                      0.150000    0.000000    0.000000 ^ _1775_/CLK (sky130_fd_sc_hd__dfrtp_2)
     4    0.019918    0.113463    0.437562    0.437562 ^ _1775_/Q (sky130_fd_sc_hd__dfrtp_2)
                                                         u_uart.state[0] (net)
                      0.113463    0.000000    0.437562 ^ _1492_/A (sky130_fd_sc_hd__xnor2_2)
     1    0.001949    0.027050    0.071210    0.508771 v _1492_/Y (sky130_fd_sc_hd__xnor2_2)
                                                         _0277_ (net)
                      0.027050    0.000000    0.508771 v _1775_/D (sky130_fd_sc_hd__dfrtp_2)
                                              0.508771   data arrival time

                      0.150000    0.000000    0.000000   clock clk_10mhz (rise edge)
                                  0.000000    0.000000   clock network delay (ideal)
                                  0.250000    0.250000   clock uncertainty
                                  0.000000    0.250000   clock reconvergence pessimism
                                              0.250000 ^ _1775_/CLK (sky130_fd_sc_hd__dfrtp_2)
                                 -0.010864    0.239136   library hold time
                                              0.239136   data required time
---------------------------------------------------------------------------------------------
                                              0.239136   data required time
                                             -0.508771   data arrival time
---------------------------------------------------------------------------------------------
                                              0.269635   slack (MET)


Startpoint: _1532_ (rising edge-triggered flip-flop clocked by clk_10mhz)
Endpoint: _1532_ (rising edge-triggered flip-flop clocked by clk_10mhz)
Path Group: clk_10mhz
Path Type: min

Fanout         Cap        Slew       Delay        Time   Description
---------------------------------------------------------------------------------------------
                      0.150000    0.000000    0.000000   clock clk_10mhz (rise edge)
                                  0.000000    0.000000   clock network delay (ideal)
                      0.150000    0.000000    0.000000 ^ _1532_/CLK (sky130_fd_sc_hd__dfrtp_2)
     4    0.007343    0.059466    0.389735    0.389735 ^ _1532_/Q (sky130_fd_sc_hd__dfrtp_2)
                                                         u_packet_assembler.timer[12] (net)
                      0.059466    0.000000    0.389735 ^ _1041_/B2 (sky130_fd_sc_hd__a32o_2)
     1    0.002005    0.037138    0.112073    0.501808 ^ _1041_/X (sky130_fd_sc_hd__a32o_2)
                                                         _0057_ (net)
                      0.037138    0.000000    0.501808 ^ _1532_/D (sky130_fd_sc_hd__dfrtp_2)
                                              0.501808   data arrival time

                      0.150000    0.000000    0.000000   clock clk_10mhz (rise edge)
                                  0.000000    0.000000   clock network delay (ideal)
                                  0.250000    0.250000   clock uncertainty
                                  0.000000    0.250000   clock reconvergence pessimism
                                              0.250000 ^ _1532_/CLK (sky130_fd_sc_hd__dfrtp_2)
                                 -0.018722    0.231278   library hold time
                                              0.231278   data required time
---------------------------------------------------------------------------------------------
                                              0.231278   data required time
                                             -0.501808   data arrival time
---------------------------------------------------------------------------------------------
                                              0.270531   slack (MET)


Startpoint: _1733_ (rising edge-triggered flip-flop clocked by clk_10mhz)
Endpoint: _1733_ (rising edge-triggered flip-flop clocked by clk_10mhz)
Path Group: clk_10mhz
Path Type: min

Fanout         Cap        Slew       Delay        Time   Description
---------------------------------------------------------------------------------------------
                      0.150000    0.000000    0.000000   clock clk_10mhz (rise edge)
                                  0.000000    0.000000   clock network delay (ideal)
                      0.150000    0.000000    0.000000 ^ _1733_/CLK (sky130_fd_sc_hd__dfrtp_2)
     2    0.007184    0.058789    0.389051    0.389051 ^ _1733_/Q (sky130_fd_sc_hd__dfrtp_2)
                                                         distance_out[0] (net)
                      0.058789    0.000000    0.389051 ^ _1379_/B (sky130_fd_sc_hd__nor2_2)
     1    0.004119    0.021665    0.035502    0.424553 v _1379_/Y (sky130_fd_sc_hd__nor2_2)
                                                         _0395_ (net)
                      0.021665    0.000000    0.424553 v _1380_/B1 (sky130_fd_sc_hd__a21oi_2)
     1    0.002005    0.061495    0.077225    0.501778 ^ _1380_/Y (sky130_fd_sc_hd__a21oi_2)
                                                         _0236_ (net)
                      0.061495    0.000000    0.501778 ^ _1733_/D (sky130_fd_sc_hd__dfrtp_2)
                                              0.501778   data arrival time

                      0.150000    0.000000    0.000000   clock clk_10mhz (rise edge)
                                  0.000000    0.000000   clock network delay (ideal)
                                  0.250000    0.250000   clock uncertainty
                                  0.000000    0.250000   clock reconvergence pessimism
                                              0.250000 ^ _1733_/CLK (sky130_fd_sc_hd__dfrtp_2)
                                 -0.023702    0.226298   library hold time
                                              0.226298   data required time
---------------------------------------------------------------------------------------------
                                              0.226298   data required time
                                             -0.501778   data arrival time
---------------------------------------------------------------------------------------------
                                              0.275480   slack (MET)


Startpoint: _1517_ (rising edge-triggered flip-flop clocked by clk_10mhz)
Endpoint: _1517_ (rising edge-triggered flip-flop clocked by clk_10mhz)
Path Group: clk_10mhz
Path Type: min

Fanout         Cap        Slew       Delay        Time   Description
---------------------------------------------------------------------------------------------
                      0.150000    0.000000    0.000000   clock clk_10mhz (rise edge)
                                  0.000000    0.000000   clock network delay (ideal)
                      0.150000    0.000000    0.000000 ^ _1517_/CLK (sky130_fd_sc_hd__dfrtp_2)
     3    0.006158    0.054416    0.384638    0.384638 ^ _1517_/Q (sky130_fd_sc_hd__dfrtp_2)
                                                         u_pmu.user_detected (net)
                      0.054416    0.000000    0.384638 ^ _0989_/B1 (sky130_fd_sc_hd__o32a_2)
     1    0.002005    0.029029    0.126108    0.510746 ^ _0989_/X (sky130_fd_sc_hd__o32a_2)
                                                         _0043_ (net)
                      0.029029    0.000000    0.510746 ^ _1517_/D (sky130_fd_sc_hd__dfrtp_2)
                                              0.510746   data arrival time

                      0.150000    0.000000    0.000000   clock clk_10mhz (rise edge)
                                  0.000000    0.000000   clock network delay (ideal)
                                  0.250000    0.250000   clock uncertainty
                                  0.000000    0.250000   clock reconvergence pessimism
                                              0.250000 ^ _1517_/CLK (sky130_fd_sc_hd__dfrtp_2)
                                 -0.017064    0.232936   library hold time
                                              0.232936   data required time
---------------------------------------------------------------------------------------------
                                              0.232936   data required time
                                             -0.510746   data arrival time
---------------------------------------------------------------------------------------------
                                              0.277810   slack (MET)


Startpoint: _1526_ (rising edge-triggered flip-flop clocked by clk_10mhz)
Endpoint: _1526_ (rising edge-triggered flip-flop clocked by clk_10mhz)
Path Group: clk_10mhz
Path Type: min

Fanout         Cap        Slew       Delay        Time   Description
---------------------------------------------------------------------------------------------
                      0.150000    0.000000    0.000000   clock clk_10mhz (rise edge)
                                  0.000000    0.000000   clock network delay (ideal)
                      0.150000    0.000000    0.000000 ^ _1526_/CLK (sky130_fd_sc_hd__dfrtp_2)
     4    0.009108    0.066989    0.397328    0.397328 ^ _1526_/Q (sky130_fd_sc_hd__dfrtp_2)
                                                         u_packet_assembler.timer[6] (net)
                      0.066989    0.000000    0.397328 ^ _1020_/B2 (sky130_fd_sc_hd__a32o_2)
     1    0.002005    0.037196    0.114171    0.511498 ^ _1020_/X (sky130_fd_sc_hd__a32o_2)
                                                         _0051_ (net)
                      0.037196    0.000000    0.511498 ^ _1526_/D (sky130_fd_sc_hd__dfrtp_2)
                                              0.511498   data arrival time

                      0.150000    0.000000    0.000000   clock clk_10mhz (rise edge)
                                  0.000000    0.000000   clock network delay (ideal)
                                  0.250000    0.250000   clock uncertainty
                                  0.000000    0.250000   clock reconvergence pessimism
                                              0.250000 ^ _1526_/CLK (sky130_fd_sc_hd__dfrtp_2)
                                 -0.018734    0.231266   library hold time
                                              0.231266   data required time
---------------------------------------------------------------------------------------------
                                              0.231266   data required time
                                             -0.511498   data arrival time
---------------------------------------------------------------------------------------------
                                              0.280232   slack (MET)


Startpoint: _1738_ (rising edge-triggered flip-flop clocked by clk_10mhz)
Endpoint: _1738_ (rising edge-triggered flip-flop clocked by clk_10mhz)
Path Group: clk_10mhz
Path Type: min

Fanout         Cap        Slew       Delay        Time   Description
---------------------------------------------------------------------------------------------
                      0.150000    0.000000    0.000000   clock clk_10mhz (rise edge)
                                  0.000000    0.000000   clock network delay (ideal)
                      0.150000    0.000000    0.000000 ^ _1738_/CLK (sky130_fd_sc_hd__dfrtp_2)
     2    0.004451    0.047141    0.377295    0.377295 ^ _1738_/Q (sky130_fd_sc_hd__dfrtp_2)
                                                         distance_out[5] (net)
                      0.047141    0.000000    0.377295 ^ _1389_/B1 (sky130_fd_sc_hd__a2bb2o_2)
     1    0.002005    0.028984    0.137867    0.515162 ^ _1389_/X (sky130_fd_sc_hd__a2bb2o_2)
                                                         _0241_ (net)
                      0.028984    0.000000    0.515162 ^ _1738_/D (sky130_fd_sc_hd__dfrtp_2)
                                              0.515162   data arrival time

                      0.150000    0.000000    0.000000   clock clk_10mhz (rise edge)
                                  0.000000    0.000000   clock network delay (ideal)
                                  0.250000    0.250000   clock uncertainty
                                  0.000000    0.250000   clock reconvergence pessimism
                                              0.250000 ^ _1738_/CLK (sky130_fd_sc_hd__dfrtp_2)
                                 -0.017055    0.232945   library hold time
                                              0.232945   data required time
---------------------------------------------------------------------------------------------
                                              0.232945   data required time
                                             -0.515162   data arrival time
---------------------------------------------------------------------------------------------
                                              0.282217   slack (MET)


Startpoint: _1531_ (rising edge-triggered flip-flop clocked by clk_10mhz)
Endpoint: _1531_ (rising edge-triggered flip-flop clocked by clk_10mhz)
Path Group: clk_10mhz
Path Type: min

Fanout         Cap        Slew       Delay        Time   Description
---------------------------------------------------------------------------------------------
                      0.150000    0.000000    0.000000   clock clk_10mhz (rise edge)
                                  0.000000    0.000000   clock network delay (ideal)
                      0.150000    0.000000    0.000000 ^ _1531_/CLK (sky130_fd_sc_hd__dfrtp_2)
     5    0.009654    0.069316    0.399676    0.399676 ^ _1531_/Q (sky130_fd_sc_hd__dfrtp_2)
                                                         u_packet_assembler.timer[11] (net)
                      0.069316    0.000000    0.399676 ^ _1037_/B2 (sky130_fd_sc_hd__a32o_2)
     1    0.002005    0.037214    0.114819    0.514496 ^ _1037_/X (sky130_fd_sc_hd__a32o_2)
                                                         _0056_ (net)
                      0.037214    0.000000    0.514496 ^ _1531_/D (sky130_fd_sc_hd__dfrtp_2)
                                              0.514496   data arrival time

                      0.150000    0.000000    0.000000   clock clk_10mhz (rise edge)
                                  0.000000    0.000000   clock network delay (ideal)
                                  0.250000    0.250000   clock uncertainty
                                  0.000000    0.250000   clock reconvergence pessimism
                                              0.250000 ^ _1531_/CLK (sky130_fd_sc_hd__dfrtp_2)
                                 -0.018738    0.231262   library hold time
                                              0.231262   data required time
---------------------------------------------------------------------------------------------
                                              0.231262   data required time
                                             -0.514496   data arrival time
---------------------------------------------------------------------------------------------
                                              0.283233   slack (MET)


Startpoint: _1746_ (rising edge-triggered flip-flop clocked by clk_10mhz)
Endpoint: _1746_ (rising edge-triggered flip-flop clocked by clk_10mhz)
Path Group: clk_10mhz
Path Type: min

Fanout         Cap        Slew       Delay        Time   Description
---------------------------------------------------------------------------------------------
                      0.150000    0.000000    0.000000   clock clk_10mhz (rise edge)
                                  0.000000    0.000000   clock network delay (ideal)
                      0.150000    0.000000    0.000000 ^ _1746_/CLK (sky130_fd_sc_hd__dfrtp_2)
     2    0.008555    0.055168    0.439088    0.439088 v _1746_/Q (sky130_fd_sc_hd__dfrtp_2)
                                                         u_uart.clk_count[6] (net)
                      0.055168    0.000000    0.439088 v _0752_/A (sky130_fd_sc_hd__inv_2)
     1    0.004606    0.031308    0.050839    0.489928 ^ _0752_/Y (sky130_fd_sc_hd__inv_2)
                                                         _0471_ (net)
                      0.031308    0.000000    0.489928 ^ _1414_/A1 (sky130_fd_sc_hd__a21oi_2)
     1    0.001949    0.025780    0.034880    0.524808 v _1414_/Y (sky130_fd_sc_hd__a21oi_2)
                                                         _0249_ (net)
                      0.025780    0.000000    0.524808 v _1746_/D (sky130_fd_sc_hd__dfrtp_2)
                                              0.524808   data arrival time

                      0.150000    0.000000    0.000000   clock clk_10mhz (rise edge)
                                  0.000000    0.000000   clock network delay (ideal)
                                  0.250000    0.250000   clock uncertainty
                                  0.000000    0.250000   clock reconvergence pessimism
                                              0.250000 ^ _1746_/CLK (sky130_fd_sc_hd__dfrtp_2)
                                 -0.010347    0.239653   library hold time
                                              0.239653   data required time
---------------------------------------------------------------------------------------------
                                              0.239653   data required time
                                             -0.524808   data arrival time
---------------------------------------------------------------------------------------------
                                              0.285155   slack (MET)


Startpoint: _1742_ (rising edge-triggered flip-flop clocked by clk_10mhz)
Endpoint: _1742_ (rising edge-triggered flip-flop clocked by clk_10mhz)
Path Group: clk_10mhz
Path Type: min

Fanout         Cap        Slew       Delay        Time   Description
---------------------------------------------------------------------------------------------
                      0.150000    0.000000    0.000000   clock clk_10mhz (rise edge)
                                  0.000000    0.000000   clock network delay (ideal)
                      0.150000    0.000000    0.000000 ^ _1742_/CLK (sky130_fd_sc_hd__dfrtp_2)
     3    0.008997    0.066516    0.396850    0.396850 ^ _1742_/Q (sky130_fd_sc_hd__dfrtp_2)
                                                         u_uart.clk_count[2] (net)
                      0.066516    0.000000    0.396850 ^ _1404_/A1 (sky130_fd_sc_hd__o21ai_2)
     1    0.004136    0.030825    0.061012    0.457863 v _1404_/Y (sky130_fd_sc_hd__o21ai_2)
                                                         _0411_ (net)
                      0.030825    0.000000    0.457863 v _1405_/B (sky130_fd_sc_hd__nor2_2)
     1    0.002005    0.053494    0.057718    0.515581 ^ _1405_/Y (sky130_fd_sc_hd__nor2_2)
                                                         _0245_ (net)
                      0.053494    0.000000    0.515581 ^ _1742_/D (sky130_fd_sc_hd__dfrtp_2)
                                              0.515581   data arrival time

                      0.150000    0.000000    0.000000   clock clk_10mhz (rise edge)
                                  0.000000    0.000000   clock network delay (ideal)
                                  0.250000    0.250000   clock uncertainty
                                  0.000000    0.250000   clock reconvergence pessimism
                                              0.250000 ^ _1742_/CLK (sky130_fd_sc_hd__dfrtp_2)
                                 -0.022066    0.227934   library hold time
                                              0.227934   data required time
---------------------------------------------------------------------------------------------
                                              0.227934   data required time
                                             -0.515581   data arrival time
---------------------------------------------------------------------------------------------
                                              0.287647   slack (MET)


Startpoint: _1502_ (rising edge-triggered flip-flop clocked by clk_10mhz)
Endpoint: _1502_ (rising edge-triggered flip-flop clocked by clk_10mhz)
Path Group: clk_10mhz
Path Type: min

Fanout         Cap        Slew       Delay        Time   Description
---------------------------------------------------------------------------------------------
                      0.150000    0.000000    0.000000   clock clk_10mhz (rise edge)
                                  0.000000    0.000000   clock network delay (ideal)
                      0.150000    0.000000    0.000000 ^ _1502_/CLK (sky130_fd_sc_hd__dfrtp_2)
     5    0.010573    0.073232    0.403629    0.403629 ^ _1502_/Q (sky130_fd_sc_hd__dfrtp_2)
                                                         u_srf_ctrl.timer[6] (net)
                      0.073232    0.000000    0.403629 ^ _0881_/B2 (sky130_fd_sc_hd__a32o_2)
     1    0.002005    0.037244    0.115911    0.519541 ^ _0881_/X (sky130_fd_sc_hd__a32o_2)
                                                         _0028_ (net)
                      0.037244    0.000000    0.519541 ^ _1502_/D (sky130_fd_sc_hd__dfrtp_2)
                                              0.519541   data arrival time

                      0.150000    0.000000    0.000000   clock clk_10mhz (rise edge)
                                  0.000000    0.000000   clock network delay (ideal)
                                  0.250000    0.250000   clock uncertainty
                                  0.000000    0.250000   clock reconvergence pessimism
                                              0.250000 ^ _1502_/CLK (sky130_fd_sc_hd__dfrtp_2)
                                 -0.018744    0.231256   library hold time
                                              0.231256   data required time
---------------------------------------------------------------------------------------------
                                              0.231256   data required time
                                             -0.519541   data arrival time
---------------------------------------------------------------------------------------------
                                              0.288285   slack (MET)


Startpoint: _1774_ (rising edge-triggered flip-flop clocked by clk_10mhz)
Endpoint: _1774_ (rising edge-triggered flip-flop clocked by clk_10mhz)
Path Group: clk_10mhz
Path Type: min

Fanout         Cap        Slew       Delay        Time   Description
---------------------------------------------------------------------------------------------
                      0.150000    0.000000    0.000000   clock clk_10mhz (rise edge)
                                  0.000000    0.000000   clock network delay (ideal)
                      0.150000    0.000000    0.000000 ^ _1774_/CLK (sky130_fd_sc_hd__dfrtp_2)
     4    0.014291    0.089167    0.418238    0.418238 ^ _1774_/Q (sky130_fd_sc_hd__dfrtp_2)
                                                         u_uart.bit_index[2] (net)
                      0.089167    0.000000    0.418238 ^ _1488_/B1 (sky130_fd_sc_hd__a21oi_2)
     1    0.004136    0.032734    0.039783    0.458020 v _1488_/Y (sky130_fd_sc_hd__a21oi_2)
                                                         _0464_ (net)
                      0.032734    0.000000    0.458020 v _1489_/B (sky130_fd_sc_hd__nor2_2)
     1    0.002005    0.053477    0.058426    0.516446 ^ _1489_/Y (sky130_fd_sc_hd__nor2_2)
                                                         _0276_ (net)
                      0.053477    0.000000    0.516446 ^ _1774_/D (sky130_fd_sc_hd__dfrtp_2)
                                              0.516446   data arrival time

                      0.150000    0.000000    0.000000   clock clk_10mhz (rise edge)
                                  0.000000    0.000000   clock network delay (ideal)
                                  0.250000    0.250000   clock uncertainty
                                  0.000000    0.250000   clock reconvergence pessimism
                                              0.250000 ^ _1774_/CLK (sky130_fd_sc_hd__dfrtp_2)
                                 -0.022063    0.227937   library hold time
                                              0.227937   data required time
---------------------------------------------------------------------------------------------
                                              0.227937   data required time
                                             -0.516446   data arrival time
---------------------------------------------------------------------------------------------
                                              0.288509   slack (MET)


Startpoint: _1528_ (rising edge-triggered flip-flop clocked by clk_10mhz)
Endpoint: _1528_ (rising edge-triggered flip-flop clocked by clk_10mhz)
Path Group: clk_10mhz
Path Type: min

Fanout         Cap        Slew       Delay        Time   Description
---------------------------------------------------------------------------------------------
                      0.150000    0.000000    0.000000   clock clk_10mhz (rise edge)
                                  0.000000    0.000000   clock network delay (ideal)
                      0.150000    0.000000    0.000000 ^ _1528_/CLK (sky130_fd_sc_hd__dfrtp_2)
     5    0.010846    0.074396    0.404804    0.404804 ^ _1528_/Q (sky130_fd_sc_hd__dfrtp_2)
                                                         u_packet_assembler.timer[8] (net)
                      0.074396    0.000000    0.404804 ^ _1027_/B2 (sky130_fd_sc_hd__a32o_2)
     1    0.002005    0.037253    0.116236    0.521040 ^ _1027_/X (sky130_fd_sc_hd__a32o_2)
                                                         _0053_ (net)
                      0.037253    0.000000    0.521040 ^ _1528_/D (sky130_fd_sc_hd__dfrtp_2)
                                              0.521040   data arrival time

                      0.150000    0.000000    0.000000   clock clk_10mhz (rise edge)
                                  0.000000    0.000000   clock network delay (ideal)
                                  0.250000    0.250000   clock uncertainty
                                  0.000000    0.250000   clock reconvergence pessimism
                                              0.250000 ^ _1528_/CLK (sky130_fd_sc_hd__dfrtp_2)
                                 -0.018746    0.231254   library hold time
                                              0.231254   data required time
---------------------------------------------------------------------------------------------
                                              0.231254   data required time
                                             -0.521040   data arrival time
---------------------------------------------------------------------------------------------
                                              0.289785   slack (MET)


Startpoint: _1744_ (rising edge-triggered flip-flop clocked by clk_10mhz)
Endpoint: _1744_ (rising edge-triggered flip-flop clocked by clk_10mhz)
Path Group: clk_10mhz
Path Type: min

Fanout         Cap        Slew       Delay        Time   Description
---------------------------------------------------------------------------------------------
                      0.150000    0.000000    0.000000   clock clk_10mhz (rise edge)
                                  0.000000    0.000000   clock network delay (ideal)
                      0.150000    0.000000    0.000000 ^ _1744_/CLK (sky130_fd_sc_hd__dfrtp_2)
     3    0.008598    0.064815    0.395134    0.395134 ^ _1744_/Q (sky130_fd_sc_hd__dfrtp_2)
                                                         u_uart.clk_count[4] (net)
                      0.064815    0.000000    0.395134 ^ _1409_/B1 (sky130_fd_sc_hd__a21oi_2)
     1    0.004002    0.026975    0.035571    0.430705 v _1409_/Y (sky130_fd_sc_hd__a21oi_2)
                                                         _0414_ (net)
                      0.026975    0.000000    0.430705 v _1410_/C (sky130_fd_sc_hd__nor3_2)
     1    0.002005    0.100393    0.078948    0.509653 ^ _1410_/Y (sky130_fd_sc_hd__nor3_2)
                                                         _0247_ (net)
                      0.100393    0.000000    0.509653 ^ _1744_/D (sky130_fd_sc_hd__dfrtp_2)
                                              0.509653   data arrival time

                      0.150000    0.000000    0.000000   clock clk_10mhz (rise edge)
                                  0.000000    0.000000   clock network delay (ideal)
                                  0.250000    0.250000   clock uncertainty
                                  0.000000    0.250000   clock reconvergence pessimism
                                              0.250000 ^ _1744_/CLK (sky130_fd_sc_hd__dfrtp_2)
                                 -0.031654    0.218346   library hold time
                                              0.218346   data required time
---------------------------------------------------------------------------------------------
                                              0.218346   data required time
                                             -0.509653   data arrival time
---------------------------------------------------------------------------------------------
                                              0.291307   slack (MET)


Startpoint: _1511_ (rising edge-triggered flip-flop clocked by clk_10mhz)
Endpoint: _1511_ (rising edge-triggered flip-flop clocked by clk_10mhz)
Path Group: clk_10mhz
Path Type: min

Fanout         Cap        Slew       Delay        Time   Description
---------------------------------------------------------------------------------------------
                      0.150000    0.000000    0.000000   clock clk_10mhz (rise edge)
                                  0.000000    0.000000   clock network delay (ideal)
                      0.150000    0.000000    0.000000 ^ _1511_/CLK (sky130_fd_sc_hd__dfrtp_2)
     6    0.011271    0.076207    0.406632    0.406632 ^ _1511_/Q (sky130_fd_sc_hd__dfrtp_2)
                                                         u_srf_ctrl.timer[15] (net)
                      0.076207    0.000000    0.406632 ^ _0910_/B2 (sky130_fd_sc_hd__a32o_2)
     1    0.002005    0.037267    0.116741    0.523373 ^ _0910_/X (sky130_fd_sc_hd__a32o_2)
                                                         _0037_ (net)
                      0.037267    0.000000    0.523373 ^ _1511_/D (sky130_fd_sc_hd__dfrtp_2)
                                              0.523373   data arrival time

                      0.150000    0.000000    0.000000   clock clk_10mhz (rise edge)
                                  0.000000    0.000000   clock network delay (ideal)
                                  0.250000    0.250000   clock uncertainty
                                  0.000000    0.250000   clock reconvergence pessimism
                                              0.250000 ^ _1511_/CLK (sky130_fd_sc_hd__dfrtp_2)
                                 -0.018748    0.231252   library hold time
                                              0.231252   data required time
---------------------------------------------------------------------------------------------
                                              0.231252   data required time
                                             -0.523373   data arrival time
---------------------------------------------------------------------------------------------
                                              0.292121   slack (MET)


Startpoint: _1508_ (rising edge-triggered flip-flop clocked by clk_10mhz)
Endpoint: _1508_ (rising edge-triggered flip-flop clocked by clk_10mhz)
Path Group: clk_10mhz
Path Type: min

Fanout         Cap        Slew       Delay        Time   Description
---------------------------------------------------------------------------------------------
                      0.150000    0.000000    0.000000   clock clk_10mhz (rise edge)
                                  0.000000    0.000000   clock network delay (ideal)
                      0.150000    0.000000    0.000000 ^ _1508_/CLK (sky130_fd_sc_hd__dfrtp_2)
     4    0.008836    0.055879    0.440129    0.440129 v _1508_/Q (sky130_fd_sc_hd__dfrtp_2)
                                                         u_srf_ctrl.timer[12] (net)
                      0.055879    0.000000    0.440129 v _0749_/A (sky130_fd_sc_hd__inv_2)
     2    0.006403    0.038893    0.056791    0.496920 ^ _0749_/Y (sky130_fd_sc_hd__inv_2)
                                                         _0468_ (net)
                      0.038893    0.000000    0.496920 ^ _0899_/A1 (sky130_fd_sc_hd__a21oi_2)
     1    0.001949    0.019823    0.037543    0.534463 v _0899_/Y (sky130_fd_sc_hd__a21oi_2)
                                                         _0034_ (net)
                      0.019823    0.000000    0.534463 v _1508_/D (sky130_fd_sc_hd__dfrtp_2)
                                              0.534463   data arrival time

                      0.150000    0.000000    0.000000   clock clk_10mhz (rise edge)
                                  0.000000    0.000000   clock network delay (ideal)
                                  0.250000    0.250000   clock uncertainty
                                  0.000000    0.250000   clock reconvergence pessimism
                                              0.250000 ^ _1508_/CLK (sky130_fd_sc_hd__dfrtp_2)
                                 -0.007926    0.242074   library hold time
                                              0.242074   data required time
---------------------------------------------------------------------------------------------
                                              0.242074   data required time
                                             -0.534463   data arrival time
---------------------------------------------------------------------------------------------
                                              0.292388   slack (MET)


Startpoint: _1534_ (rising edge-triggered flip-flop clocked by clk_10mhz)
Endpoint: _1534_ (rising edge-triggered flip-flop clocked by clk_10mhz)
Path Group: clk_10mhz
Path Type: min

Fanout         Cap        Slew       Delay        Time   Description
---------------------------------------------------------------------------------------------
                      0.150000    0.000000    0.000000   clock clk_10mhz (rise edge)
                                  0.000000    0.000000   clock network delay (ideal)
                      0.150000    0.000000    0.000000 ^ _1534_/CLK (sky130_fd_sc_hd__dfrtp_2)
     4    0.012266    0.080448    0.410912    0.410912 ^ _1534_/Q (sky130_fd_sc_hd__dfrtp_2)
                                                         u_packet_assembler.timer[14] (net)
                      0.080448    0.000000    0.410912 ^ _1048_/A1 (sky130_fd_sc_hd__a21oi_2)
     1    0.004136    0.025122    0.056076    0.466988 v _1048_/Y (sky130_fd_sc_hd__a21oi_2)
                                                         _0706_ (net)
                      0.025122    0.000000    0.466988 v _1049_/B (sky130_fd_sc_hd__nor2_2)
     1    0.002005    0.053543    0.055604    0.522592 ^ _1049_/Y (sky130_fd_sc_hd__nor2_2)
                                                         _0059_ (net)
                      0.053543    0.000000    0.522592 ^ _1534_/D (sky130_fd_sc_hd__dfrtp_2)
                                              0.522592   data arrival time

                      0.150000    0.000000    0.000000   clock clk_10mhz (rise edge)
                                  0.000000    0.000000   clock network delay (ideal)
                                  0.250000    0.250000   clock uncertainty
                                  0.000000    0.250000   clock reconvergence pessimism
                                              0.250000 ^ _1534_/CLK (sky130_fd_sc_hd__dfrtp_2)
                                 -0.022076    0.227924   library hold time
                                              0.227924   data required time
---------------------------------------------------------------------------------------------
                                              0.227924   data required time
                                             -0.522592   data arrival time
---------------------------------------------------------------------------------------------
                                              0.294668   slack (MET)


Startpoint: _1769_ (rising edge-triggered flip-flop clocked by clk_10mhz)
Endpoint: _1769_ (rising edge-triggered flip-flop clocked by clk_10mhz)
Path Group: clk_10mhz
Path Type: min

Fanout         Cap        Slew       Delay        Time   Description
---------------------------------------------------------------------------------------------
                      0.150000    0.000000    0.000000   clock clk_10mhz (rise edge)
                                  0.000000    0.000000   clock network delay (ideal)
                      0.150000    0.000000    0.000000 ^ _1769_/CLK (sky130_fd_sc_hd__dfrtp_2)
     5    0.011518    0.077260    0.407694    0.407694 ^ _1769_/Q (sky130_fd_sc_hd__dfrtp_2)
                                                         u_srf_ctrl.echo_counter[14] (net)
                      0.077260    0.000000    0.407694 ^ _1479_/A1 (sky130_fd_sc_hd__o21a_2)
     1    0.002005    0.026578    0.124213    0.531907 ^ _1479_/X (sky130_fd_sc_hd__o21a_2)
                                                         _0272_ (net)
                      0.026578    0.000000    0.531907 ^ _1769_/D (sky130_fd_sc_hd__dfrtp_2)
                                              0.531907   data arrival time

                      0.150000    0.000000    0.000000   clock clk_10mhz (rise edge)
                                  0.000000    0.000000   clock network delay (ideal)
                                  0.250000    0.250000   clock uncertainty
                                  0.000000    0.250000   clock reconvergence pessimism
                                              0.250000 ^ _1769_/CLK (sky130_fd_sc_hd__dfrtp_2)
                                 -0.016563    0.233437   library hold time
                                              0.233437   data required time
---------------------------------------------------------------------------------------------
                                              0.233437   data required time
                                             -0.531907   data arrival time
---------------------------------------------------------------------------------------------
                                              0.298470   slack (MET)


Startpoint: _1767_ (rising edge-triggered flip-flop clocked by clk_10mhz)
Endpoint: _1767_ (rising edge-triggered flip-flop clocked by clk_10mhz)
Path Group: clk_10mhz
Path Type: min

Fanout         Cap        Slew       Delay        Time   Description
---------------------------------------------------------------------------------------------
                      0.150000    0.000000    0.000000   clock clk_10mhz (rise edge)
                                  0.000000    0.000000   clock network delay (ideal)
                      0.150000    0.000000    0.000000 ^ _1767_/CLK (sky130_fd_sc_hd__dfrtp_2)
     5    0.011655    0.077844    0.408284    0.408284 ^ _1767_/Q (sky130_fd_sc_hd__dfrtp_2)
                                                         u_srf_ctrl.echo_counter[12] (net)
                      0.077844    0.000000    0.408284 ^ _1474_/A1 (sky130_fd_sc_hd__o21a_2)
     1    0.002005    0.026602    0.124384    0.532667 ^ _1474_/X (sky130_fd_sc_hd__o21a_2)
                                                         _0270_ (net)
                      0.026602    0.000000    0.532667 ^ _1767_/D (sky130_fd_sc_hd__dfrtp_2)
                                              0.532667   data arrival time

                      0.150000    0.000000    0.000000   clock clk_10mhz (rise edge)
                                  0.000000    0.000000   clock network delay (ideal)
                                  0.250000    0.250000   clock uncertainty
                                  0.000000    0.250000   clock reconvergence pessimism
                                              0.250000 ^ _1767_/CLK (sky130_fd_sc_hd__dfrtp_2)
                                 -0.016568    0.233432   library hold time
                                              0.233432   data required time
---------------------------------------------------------------------------------------------
                                              0.233432   data required time
                                             -0.532667   data arrival time
---------------------------------------------------------------------------------------------
                                              0.299235   slack (MET)


Startpoint: _1524_ (rising edge-triggered flip-flop clocked by clk_10mhz)
Endpoint: _1524_ (rising edge-triggered flip-flop clocked by clk_10mhz)
Path Group: clk_10mhz
Path Type: min

Fanout         Cap        Slew       Delay        Time   Description
---------------------------------------------------------------------------------------------
                      0.150000    0.000000    0.000000   clock clk_10mhz (rise edge)
                                  0.000000    0.000000   clock network delay (ideal)
                      0.150000    0.000000    0.000000 ^ _1524_/CLK (sky130_fd_sc_hd__dfrtp_2)
     5    0.012792    0.082695    0.413090    0.413090 ^ _1524_/Q (sky130_fd_sc_hd__dfrtp_2)
                                                         u_packet_assembler.timer[4] (net)
                      0.082695    0.000000    0.413090 ^ _1014_/B2 (sky130_fd_sc_hd__a32o_2)
     1    0.002005    0.037317    0.118550    0.531640 ^ _1014_/X (sky130_fd_sc_hd__a32o_2)
                                                         _0049_ (net)
                      0.037317    0.000000    0.531640 ^ _1524_/D (sky130_fd_sc_hd__dfrtp_2)
                                              0.531640   data arrival time

                      0.150000    0.000000    0.000000   clock clk_10mhz (rise edge)
                                  0.000000    0.000000   clock network delay (ideal)
                                  0.250000    0.250000   clock uncertainty
                                  0.000000    0.250000   clock reconvergence pessimism
                                              0.250000 ^ _1524_/CLK (sky130_fd_sc_hd__dfrtp_2)
                                 -0.018759    0.231241   library hold time
                                              0.231241   data required time
---------------------------------------------------------------------------------------------
                                              0.231241   data required time
                                             -0.531640   data arrival time
---------------------------------------------------------------------------------------------
                                              0.300398   slack (MET)


Startpoint: _1535_ (rising edge-triggered flip-flop clocked by clk_10mhz)
Endpoint: _1535_ (rising edge-triggered flip-flop clocked by clk_10mhz)
Path Group: clk_10mhz
Path Type: min

Fanout         Cap        Slew       Delay        Time   Description
---------------------------------------------------------------------------------------------
                      0.150000    0.000000    0.000000   clock clk_10mhz (rise edge)
                                  0.000000    0.000000   clock network delay (ideal)
                      0.150000    0.000000    0.000000 ^ _1535_/CLK (sky130_fd_sc_hd__dfrtp_2)
     4    0.011998    0.079306    0.409759    0.409759 ^ _1535_/Q (sky130_fd_sc_hd__dfrtp_2)
                                                         u_packet_assembler.timer[15] (net)
                      0.079306    0.000000    0.409759 ^ _1052_/A1 (sky130_fd_sc_hd__o21a_2)
     1    0.002005    0.026599    0.124811    0.534570 ^ _1052_/X (sky130_fd_sc_hd__o21a_2)
                                                         _0060_ (net)
                      0.026599    0.000000    0.534570 ^ _1535_/D (sky130_fd_sc_hd__dfrtp_2)
                                              0.534570   data arrival time

                      0.150000    0.000000    0.000000   clock clk_10mhz (rise edge)
                                  0.000000    0.000000   clock network delay (ideal)
                                  0.250000    0.250000   clock uncertainty
                                  0.000000    0.250000   clock reconvergence pessimism
                                              0.250000 ^ _1535_/CLK (sky130_fd_sc_hd__dfrtp_2)
                                 -0.016567    0.233433   library hold time
                                              0.233433   data required time
---------------------------------------------------------------------------------------------
                                              0.233433   data required time
                                             -0.534570   data arrival time
---------------------------------------------------------------------------------------------
                                              0.301138   slack (MET)


Startpoint: _1757_ (rising edge-triggered flip-flop clocked by clk_10mhz)
Endpoint: _1757_ (rising edge-triggered flip-flop clocked by clk_10mhz)
Path Group: clk_10mhz
Path Type: min

Fanout         Cap        Slew       Delay        Time   Description
---------------------------------------------------------------------------------------------
                      0.150000    0.000000    0.000000   clock clk_10mhz (rise edge)
                                  0.000000    0.000000   clock network delay (ideal)
                      0.150000    0.000000    0.000000 ^ _1757_/CLK (sky130_fd_sc_hd__dfrtp_2)
     6    0.013097    0.084012    0.414137    0.414137 ^ _1757_/Q (sky130_fd_sc_hd__dfrtp_2)
                                                         u_srf_ctrl.echo_counter[2] (net)
                      0.084012    0.000000    0.414137 ^ _1440_/B2 (sky130_fd_sc_hd__a32o_2)
     1    0.002005    0.037327    0.118917    0.533054 ^ _1440_/X (sky130_fd_sc_hd__a32o_2)
                                                         _0260_ (net)
                      0.037327    0.000000    0.533054 ^ _1757_/D (sky130_fd_sc_hd__dfrtp_2)
                                              0.533054   data arrival time

                      0.150000    0.000000    0.000000   clock clk_10mhz (rise edge)
                                  0.000000    0.000000   clock network delay (ideal)
                                  0.250000    0.250000   clock uncertainty
                                  0.000000    0.250000   clock reconvergence pessimism
                                              0.250000 ^ _1757_/CLK (sky130_fd_sc_hd__dfrtp_2)
                                 -0.018761    0.231239   library hold time
                                              0.231239   data required time
---------------------------------------------------------------------------------------------
                                              0.231239   data required time
                                             -0.533054   data arrival time
---------------------------------------------------------------------------------------------
                                              0.301815   slack (MET)


Startpoint: _1768_ (rising edge-triggered flip-flop clocked by clk_10mhz)
Endpoint: _1768_ (rising edge-triggered flip-flop clocked by clk_10mhz)
Path Group: clk_10mhz
Path Type: min

Fanout         Cap        Slew       Delay        Time   Description
---------------------------------------------------------------------------------------------
                      0.150000    0.000000    0.000000   clock clk_10mhz (rise edge)
                                  0.000000    0.000000   clock network delay (ideal)
                      0.150000    0.000000    0.000000 ^ _1768_/CLK (sky130_fd_sc_hd__dfrtp_2)
     4    0.011455    0.076991    0.407423    0.407423 ^ _1768_/Q (sky130_fd_sc_hd__dfrtp_2)
                                                         u_srf_ctrl.echo_counter[13] (net)
                      0.076991    0.000000    0.407423 ^ _1475_/S (sky130_fd_sc_hd__mux2_1)
     1    0.002005    0.036528    0.126536    0.533960 ^ _1475_/X (sky130_fd_sc_hd__mux2_1)
                                                         _0271_ (net)
                      0.036528    0.000000    0.533960 ^ _1768_/D (sky130_fd_sc_hd__dfrtp_2)
                                              0.533960   data arrival time

                      0.150000    0.000000    0.000000   clock clk_10mhz (rise edge)
                                  0.000000    0.000000   clock network delay (ideal)
                                  0.250000    0.250000   clock uncertainty
                                  0.000000    0.250000   clock reconvergence pessimism
                                              0.250000 ^ _1768_/CLK (sky130_fd_sc_hd__dfrtp_2)
                                 -0.018597    0.231403   library hold time
                                              0.231403   data required time
---------------------------------------------------------------------------------------------
                                              0.231403   data required time
                                             -0.533960   data arrival time
---------------------------------------------------------------------------------------------
                                              0.302557   slack (MET)


Startpoint: _1776_ (rising edge-triggered flip-flop clocked by clk_10mhz)
Endpoint: _1776_ (rising edge-triggered flip-flop clocked by clk_10mhz)
Path Group: clk_10mhz
Path Type: min

Fanout         Cap        Slew       Delay        Time   Description
---------------------------------------------------------------------------------------------
                      0.150000    0.000000    0.000000   clock clk_10mhz (rise edge)
                                  0.000000    0.000000   clock network delay (ideal)
                      0.150000    0.000000    0.000000 ^ _1776_/CLK (sky130_fd_sc_hd__dfrtp_2)
     5    0.014752    0.091158    0.419821    0.419821 ^ _1776_/Q (sky130_fd_sc_hd__dfrtp_2)
                                                         u_uart.state[1] (net)
                      0.091158    0.000000    0.419821 ^ _1493_/A1 (sky130_fd_sc_hd__a21o_2)
     1    0.002005    0.026150    0.117034    0.536855 ^ _1493_/X (sky130_fd_sc_hd__a21o_2)
                                                         _0278_ (net)
                      0.026150    0.000000    0.536855 ^ _1776_/D (sky130_fd_sc_hd__dfrtp_2)
                                              0.536855   data arrival time

                      0.150000    0.000000    0.000000   clock clk_10mhz (rise edge)
                                  0.000000    0.000000   clock network delay (ideal)
                                  0.250000    0.250000   clock uncertainty
                                  0.000000    0.250000   clock reconvergence pessimism
                                              0.250000 ^ _1776_/CLK (sky130_fd_sc_hd__dfrtp_2)
                                 -0.016476    0.233524   library hold time
                                              0.233524   data required time
---------------------------------------------------------------------------------------------
                                              0.233524   data required time
                                             -0.536855   data arrival time
---------------------------------------------------------------------------------------------
                                              0.303331   slack (MET)


Startpoint: _1505_ (rising edge-triggered flip-flop clocked by clk_10mhz)
Endpoint: _1505_ (rising edge-triggered flip-flop clocked by clk_10mhz)
Path Group: clk_10mhz
Path Type: min

Fanout         Cap        Slew       Delay        Time   Description
---------------------------------------------------------------------------------------------
                      0.150000    0.000000    0.000000   clock clk_10mhz (rise edge)
                                  0.000000    0.000000   clock network delay (ideal)
                      0.150000    0.000000    0.000000 ^ _1505_/CLK (sky130_fd_sc_hd__dfrtp_2)
     6    0.013486    0.085691    0.415473    0.415473 ^ _1505_/Q (sky130_fd_sc_hd__dfrtp_2)
                                                         u_srf_ctrl.timer[9] (net)
                      0.085691    0.000000    0.415473 ^ _0890_/B2 (sky130_fd_sc_hd__a32o_2)
     1    0.002005    0.037340    0.119386    0.534859 ^ _0890_/X (sky130_fd_sc_hd__a32o_2)
                                                         _0031_ (net)
                      0.037340    0.000000    0.534859 ^ _1505_/D (sky130_fd_sc_hd__dfrtp_2)
                                              0.534859   data arrival time

                      0.150000    0.000000    0.000000   clock clk_10mhz (rise edge)
                                  0.000000    0.000000   clock network delay (ideal)
                                  0.250000    0.250000   clock uncertainty
                                  0.000000    0.250000   clock reconvergence pessimism
                                              0.250000 ^ _1505_/CLK (sky130_fd_sc_hd__dfrtp_2)
                                 -0.018763    0.231237   library hold time
                                              0.231237   data required time
---------------------------------------------------------------------------------------------
                                              0.231237   data required time
                                             -0.534859   data arrival time
---------------------------------------------------------------------------------------------
                                              0.303622   slack (MET)


Startpoint: _1522_ (rising edge-triggered flip-flop clocked by clk_10mhz)
Endpoint: _1522_ (rising edge-triggered flip-flop clocked by clk_10mhz)
Path Group: clk_10mhz
Path Type: min

Fanout         Cap        Slew       Delay        Time   Description
---------------------------------------------------------------------------------------------
                      0.150000    0.000000    0.000000   clock clk_10mhz (rise edge)
                                  0.000000    0.000000   clock network delay (ideal)
                      0.150000    0.000000    0.000000 ^ _1522_/CLK (sky130_fd_sc_hd__dfrtp_2)
     5    0.013654    0.086417    0.416050    0.416050 ^ _1522_/Q (sky130_fd_sc_hd__dfrtp_2)
                                                         u_packet_assembler.timer[2] (net)
                      0.086417    0.000000    0.416050 ^ _1007_/B2 (sky130_fd_sc_hd__a32o_2)
     1    0.002005    0.037345    0.119588    0.535638 ^ _1007_/X (sky130_fd_sc_hd__a32o_2)
                                                         _0047_ (net)
                      0.037345    0.000000    0.535638 ^ _1522_/D (sky130_fd_sc_hd__dfrtp_2)
                                              0.535638   data arrival time

                      0.150000    0.000000    0.000000   clock clk_10mhz (rise edge)
                                  0.000000    0.000000   clock network delay (ideal)
                                  0.250000    0.250000   clock uncertainty
                                  0.000000    0.250000   clock reconvergence pessimism
                                              0.250000 ^ _1522_/CLK (sky130_fd_sc_hd__dfrtp_2)
                                 -0.018764    0.231236   library hold time
                                              0.231236   data required time
---------------------------------------------------------------------------------------------
                                              0.231236   data required time
                                             -0.535638   data arrival time
---------------------------------------------------------------------------------------------
                                              0.304402   slack (MET)


Startpoint: _1515_ (rising edge-triggered flip-flop clocked by clk_10mhz)
Endpoint: _1515_ (rising edge-triggered flip-flop clocked by clk_10mhz)
Path Group: clk_10mhz
Path Type: min

Fanout         Cap        Slew       Delay        Time   Description
---------------------------------------------------------------------------------------------
                      0.150000    0.000000    0.000000   clock clk_10mhz (rise edge)
                                  0.000000    0.000000   clock network delay (ideal)
                      0.150000    0.000000    0.000000 ^ _1515_/CLK (sky130_fd_sc_hd__dfrtp_2)
     6    0.014462    0.089906    0.418825    0.418825 ^ _1515_/Q (sky130_fd_sc_hd__dfrtp_2)
                                                         u_srf_ctrl.timer[19] (net)
                      0.089906    0.000000    0.418825 ^ _0924_/B2 (sky130_fd_sc_hd__a32o_2)
     1    0.002005    0.037372    0.120561    0.539385 ^ _0924_/X (sky130_fd_sc_hd__a32o_2)
                                                         _0041_ (net)
                      0.037372    0.000000    0.539385 ^ _1515_/D (sky130_fd_sc_hd__dfrtp_2)
                                              0.539385   data arrival time

                      0.150000    0.000000    0.000000   clock clk_10mhz (rise edge)
                                  0.000000    0.000000   clock network delay (ideal)
                                  0.250000    0.250000   clock uncertainty
                                  0.000000    0.250000   clock reconvergence pessimism
                                              0.250000 ^ _1515_/CLK (sky130_fd_sc_hd__dfrtp_2)
                                 -0.018770    0.231230   library hold time
                                              0.231230   data required time
---------------------------------------------------------------------------------------------
                                              0.231230   data required time
                                             -0.539385   data arrival time
---------------------------------------------------------------------------------------------
                                              0.308155   slack (MET)


Startpoint: _1593_ (rising edge-triggered flip-flop clocked by clk_10mhz)
Endpoint: _1593_ (rising edge-triggered flip-flop clocked by clk_10mhz)
Path Group: clk_10mhz
Path Type: min

Fanout         Cap        Slew       Delay        Time   Description
---------------------------------------------------------------------------------------------
                      0.150000    0.000000    0.000000   clock clk_10mhz (rise edge)
                                  0.000000    0.000000   clock network delay (ideal)
                      0.150000    0.000000    0.000000 ^ _1593_/CLK (sky130_fd_sc_hd__dfrtp_2)
     5    0.015016    0.092298    0.420727    0.420727 ^ _1593_/Q (sky130_fd_sc_hd__dfrtp_2)
                                                         u_packet_assembler.state[2] (net)
                      0.092298    0.000000    0.420727 ^ _1111_/A0 (sky130_fd_sc_hd__mux2_1)
     1    0.002005    0.036530    0.124340    0.545067 ^ _1111_/X (sky130_fd_sc_hd__mux2_1)
                                                         _0096_ (net)
                      0.036530    0.000000    0.545067 ^ _1593_/D (sky130_fd_sc_hd__dfrtp_2)
                                              0.545067   data arrival time

                      0.150000    0.000000    0.000000   clock clk_10mhz (rise edge)
                                  0.000000    0.000000   clock network delay (ideal)
                                  0.250000    0.250000   clock uncertainty
                                  0.000000    0.250000   clock reconvergence pessimism
                                              0.250000 ^ _1593_/CLK (sky130_fd_sc_hd__dfrtp_2)
                                 -0.018598    0.231402   library hold time
                                              0.231402   data required time
---------------------------------------------------------------------------------------------
                                              0.231402   data required time
                                             -0.545067   data arrival time
---------------------------------------------------------------------------------------------
                                              0.313665   slack (MET)


Startpoint: _1714_ (rising edge-triggered flip-flop clocked by clk_10mhz)
Endpoint: _1714_ (rising edge-triggered flip-flop clocked by clk_10mhz)
Path Group: clk_10mhz
Path Type: min

Fanout         Cap        Slew       Delay        Time   Description
---------------------------------------------------------------------------------------------
                      0.150000    0.000000    0.000000   clock clk_10mhz (rise edge)
                                  0.000000    0.000000   clock network delay (ideal)
                      0.150000    0.000000    0.000000 ^ _1714_/CLK (sky130_fd_sc_hd__dfrtp_2)
     8    0.030854    0.160682    0.475118    0.475118 ^ _1714_/Q (sky130_fd_sc_hd__dfrtp_2)
                                                         u_fifo.wr_ptr[2] (net)
                      0.160682    0.000000    0.475118 ^ _1259_/A (sky130_fd_sc_hd__xor2_2)
     1    0.001949    0.028061    0.079868    0.554986 v _1259_/X (sky130_fd_sc_hd__xor2_2)
                                                         _0217_ (net)
                      0.028061    0.000000    0.554986 v _1714_/D (sky130_fd_sc_hd__dfrtp_2)
                                              0.554986   data arrival time

                      0.150000    0.000000    0.000000   clock clk_10mhz (rise edge)
                                  0.000000    0.000000   clock network delay (ideal)
                                  0.250000    0.250000   clock uncertainty
                                  0.000000    0.250000   clock reconvergence pessimism
                                              0.250000 ^ _1714_/CLK (sky130_fd_sc_hd__dfrtp_2)
                                 -0.011275    0.238725   library hold time
                                              0.238725   data required time
---------------------------------------------------------------------------------------------
                                              0.238725   data required time
                                             -0.554986   data arrival time
---------------------------------------------------------------------------------------------
                                              0.316260   slack (MET)


Startpoint: _1770_ (rising edge-triggered flip-flop clocked by clk_10mhz)
Endpoint: _1770_ (rising edge-triggered flip-flop clocked by clk_10mhz)
Path Group: clk_10mhz
Path Type: min

Fanout         Cap        Slew       Delay        Time   Description
---------------------------------------------------------------------------------------------
                      0.150000    0.000000    0.000000   clock clk_10mhz (rise edge)
                                  0.000000    0.000000   clock network delay (ideal)
                      0.150000    0.000000    0.000000 ^ _1770_/CLK (sky130_fd_sc_hd__dfrtp_2)
     3    0.014402    0.089646    0.418619    0.418619 ^ _1770_/Q (sky130_fd_sc_hd__dfrtp_2)
                                                         u_srf_ctrl.echo_counter[15] (net)
                      0.089646    0.000000    0.418619 ^ _1480_/S (sky130_fd_sc_hd__mux2_1)
     1    0.002005    0.036526    0.130266    0.548885 ^ _1480_/X (sky130_fd_sc_hd__mux2_1)
                                                         _0273_ (net)
                      0.036526    0.000000    0.548885 ^ _1770_/D (sky130_fd_sc_hd__dfrtp_2)
                                              0.548885   data arrival time

                      0.150000    0.000000    0.000000   clock clk_10mhz (rise edge)
                                  0.000000    0.000000   clock network delay (ideal)
                                  0.250000    0.250000   clock uncertainty
                                  0.000000    0.250000   clock reconvergence pessimism
                                              0.250000 ^ _1770_/CLK (sky130_fd_sc_hd__dfrtp_2)
                                 -0.018597    0.231403   library hold time
                                              0.231403   data required time
---------------------------------------------------------------------------------------------
                                              0.231403   data required time
                                             -0.548885   data arrival time
---------------------------------------------------------------------------------------------
                                              0.317481   slack (MET)


Startpoint: _1510_ (rising edge-triggered flip-flop clocked by clk_10mhz)
Endpoint: _1510_ (rising edge-triggered flip-flop clocked by clk_10mhz)
Path Group: clk_10mhz
Path Type: min

Fanout         Cap        Slew       Delay        Time   Description
---------------------------------------------------------------------------------------------
                      0.150000    0.000000    0.000000   clock clk_10mhz (rise edge)
                                  0.000000    0.000000   clock network delay (ideal)
                      0.150000    0.000000    0.000000 ^ _1510_/CLK (sky130_fd_sc_hd__dfrtp_2)
     7    0.016593    0.099107    0.426143    0.426143 ^ _1510_/Q (sky130_fd_sc_hd__dfrtp_2)
                                                         u_srf_ctrl.timer[14] (net)
                      0.099107    0.000000    0.426143 ^ _0906_/B2 (sky130_fd_sc_hd__a32o_2)
     1    0.002005    0.037443    0.123126    0.549269 ^ _0906_/X (sky130_fd_sc_hd__a32o_2)
                                                         _0036_ (net)
                      0.037443    0.000000    0.549269 ^ _1510_/D (sky130_fd_sc_hd__dfrtp_2)
                                              0.549269   data arrival time

                      0.150000    0.000000    0.000000   clock clk_10mhz (rise edge)
                                  0.000000    0.000000   clock network delay (ideal)
                                  0.250000    0.250000   clock uncertainty
                                  0.000000    0.250000   clock reconvergence pessimism
                                              0.250000 ^ _1510_/CLK (sky130_fd_sc_hd__dfrtp_2)
                                 -0.018784    0.231216   library hold time
                                              0.231216   data required time
---------------------------------------------------------------------------------------------
                                              0.231216   data required time
                                             -0.549269   data arrival time
---------------------------------------------------------------------------------------------
                                              0.318054   slack (MET)


Startpoint: _1500_ (rising edge-triggered flip-flop clocked by clk_10mhz)
Endpoint: _1500_ (rising edge-triggered flip-flop clocked by clk_10mhz)
Path Group: clk_10mhz
Path Type: min

Fanout         Cap        Slew       Delay        Time   Description
---------------------------------------------------------------------------------------------
                      0.150000    0.000000    0.000000   clock clk_10mhz (rise edge)
                                  0.000000    0.000000   clock network delay (ideal)
                      0.150000    0.000000    0.000000 ^ _1500_/CLK (sky130_fd_sc_hd__dfrtp_2)
     7    0.016621    0.099227    0.426239    0.426239 ^ _1500_/Q (sky130_fd_sc_hd__dfrtp_2)
                                                         u_srf_ctrl.timer[4] (net)
                      0.099227    0.000000    0.426239 ^ _0875_/B2 (sky130_fd_sc_hd__a32o_2)
     1    0.002005    0.037444    0.123160    0.549399 ^ _0875_/X (sky130_fd_sc_hd__a32o_2)
                                                         _0026_ (net)
                      0.037444    0.000000    0.549399 ^ _1500_/D (sky130_fd_sc_hd__dfrtp_2)
                                              0.549399   data arrival time

                      0.150000    0.000000    0.000000   clock clk_10mhz (rise edge)
                                  0.000000    0.000000   clock network delay (ideal)
                                  0.250000    0.250000   clock uncertainty
                                  0.000000    0.250000   clock reconvergence pessimism
                                              0.250000 ^ _1500_/CLK (sky130_fd_sc_hd__dfrtp_2)
                                 -0.018785    0.231215   library hold time
                                              0.231215   data required time
---------------------------------------------------------------------------------------------
                                              0.231215   data required time
                                             -0.549399   data arrival time
---------------------------------------------------------------------------------------------
                                              0.318184   slack (MET)


Startpoint: _1529_ (rising edge-triggered flip-flop clocked by clk_10mhz)
Endpoint: _1529_ (rising edge-triggered flip-flop clocked by clk_10mhz)
Path Group: clk_10mhz
Path Type: min

Fanout         Cap        Slew       Delay        Time   Description
---------------------------------------------------------------------------------------------
                      0.150000    0.000000    0.000000   clock clk_10mhz (rise edge)
                                  0.000000    0.000000   clock network delay (ideal)
                      0.150000    0.000000    0.000000 ^ _1529_/CLK (sky130_fd_sc_hd__dfrtp_2)
     4    0.010839    0.074366    0.404774    0.404774 ^ _1529_/Q (sky130_fd_sc_hd__dfrtp_2)
                                                         u_packet_assembler.timer[9] (net)
                      0.074366    0.000000    0.404774 ^ _1030_/B1 (sky130_fd_sc_hd__a2bb2o_2)
     1    0.002005    0.028997    0.146450    0.551223 ^ _1030_/X (sky130_fd_sc_hd__a2bb2o_2)
                                                         _0054_ (net)
                      0.028997    0.000000    0.551223 ^ _1529_/D (sky130_fd_sc_hd__dfrtp_2)
                                              0.551223   data arrival time

                      0.150000    0.000000    0.000000   clock clk_10mhz (rise edge)
                                  0.000000    0.000000   clock network delay (ideal)
                                  0.250000    0.250000   clock uncertainty
                                  0.000000    0.250000   clock reconvergence pessimism
                                              0.250000 ^ _1529_/CLK (sky130_fd_sc_hd__dfrtp_2)
                                 -0.017058    0.232942   library hold time
                                              0.232942   data required time
---------------------------------------------------------------------------------------------
                                              0.232942   data required time
                                             -0.551223   data arrival time
---------------------------------------------------------------------------------------------
                                              0.318281   slack (MET)


Startpoint: _1773_ (rising edge-triggered flip-flop clocked by clk_10mhz)
Endpoint: _1773_ (rising edge-triggered flip-flop clocked by clk_10mhz)
Path Group: clk_10mhz
Path Type: min

Fanout         Cap        Slew       Delay        Time   Description
---------------------------------------------------------------------------------------------
                      0.150000    0.000000    0.000000   clock clk_10mhz (rise edge)
                                  0.000000    0.000000   clock network delay (ideal)
                      0.150000    0.000000    0.000000 ^ _1773_/CLK (sky130_fd_sc_hd__dfrtp_2)
     5    0.013492    0.085717    0.415494    0.415494 ^ _1773_/Q (sky130_fd_sc_hd__dfrtp_2)
                                                         u_uart.bit_index[1] (net)
                      0.085717    0.000000    0.415494 ^ _1487_/A1 (sky130_fd_sc_hd__o21ba_2)
     1    0.002005    0.029595    0.135635    0.551129 ^ _1487_/X (sky130_fd_sc_hd__o21ba_2)
                                                         _0275_ (net)
                      0.029595    0.000000    0.551129 ^ _1773_/D (sky130_fd_sc_hd__dfrtp_2)
                                              0.551129   data arrival time

                      0.150000    0.000000    0.000000   clock clk_10mhz (rise edge)
                                  0.000000    0.000000   clock network delay (ideal)
                                  0.250000    0.250000   clock uncertainty
                                  0.000000    0.250000   clock reconvergence pessimism
                                              0.250000 ^ _1773_/CLK (sky130_fd_sc_hd__dfrtp_2)
                                 -0.017180    0.232820   library hold time
                                              0.232820   data required time
---------------------------------------------------------------------------------------------
                                              0.232820   data required time
                                             -0.551129   data arrival time
---------------------------------------------------------------------------------------------
                                              0.318309   slack (MET)


Startpoint: _1527_ (rising edge-triggered flip-flop clocked by clk_10mhz)
Endpoint: _1527_ (rising edge-triggered flip-flop clocked by clk_10mhz)
Path Group: clk_10mhz
Path Type: min

Fanout         Cap        Slew       Delay        Time   Description
---------------------------------------------------------------------------------------------
                      0.150000    0.000000    0.000000   clock clk_10mhz (rise edge)
                                  0.000000    0.000000   clock network delay (ideal)
                      0.150000    0.000000    0.000000 ^ _1527_/CLK (sky130_fd_sc_hd__dfrtp_2)
     7    0.016677    0.099469    0.426431    0.426431 ^ _1527_/Q (sky130_fd_sc_hd__dfrtp_2)
                                                         u_packet_assembler.timer[7] (net)
                      0.099469    0.000000    0.426431 ^ _1023_/B2 (sky130_fd_sc_hd__a32o_2)
     1    0.002005    0.037446    0.123227    0.549659 ^ _1023_/X (sky130_fd_sc_hd__a32o_2)
                                                         _0052_ (net)
                      0.037446    0.000000    0.549659 ^ _1527_/D (sky130_fd_sc_hd__dfrtp_2)
                                              0.549659   data arrival time

                      0.150000    0.000000    0.000000   clock clk_10mhz (rise edge)
                                  0.000000    0.000000   clock network delay (ideal)
                                  0.250000    0.250000   clock uncertainty
                                  0.000000    0.250000   clock reconvergence pessimism
                                              0.250000 ^ _1527_/CLK (sky130_fd_sc_hd__dfrtp_2)
                                 -0.018785    0.231215   library hold time
                                              0.231215   data required time
---------------------------------------------------------------------------------------------
                                              0.231215   data required time
                                             -0.549659   data arrival time
---------------------------------------------------------------------------------------------
                                              0.318444   slack (MET)


Startpoint: _1533_ (rising edge-triggered flip-flop clocked by clk_10mhz)
Endpoint: _1533_ (rising edge-triggered flip-flop clocked by clk_10mhz)
Path Group: clk_10mhz
Path Type: min

Fanout         Cap        Slew       Delay        Time   Description
---------------------------------------------------------------------------------------------
                      0.150000    0.000000    0.000000   clock clk_10mhz (rise edge)
                                  0.000000    0.000000   clock network delay (ideal)
                      0.150000    0.000000    0.000000 ^ _1533_/CLK (sky130_fd_sc_hd__dfrtp_2)
     6    0.016732    0.099707    0.426620    0.426620 ^ _1533_/Q (sky130_fd_sc_hd__dfrtp_2)
                                                         u_packet_assembler.timer[13] (net)
                      0.099707    0.000000    0.426620 ^ _1044_/B2 (sky130_fd_sc_hd__a32o_2)
     1    0.002005    0.037447    0.123294    0.549914 ^ _1044_/X (sky130_fd_sc_hd__a32o_2)
                                                         _0058_ (net)
                      0.037447    0.000000    0.549914 ^ _1533_/D (sky130_fd_sc_hd__dfrtp_2)
                                              0.549914   data arrival time

                      0.150000    0.000000    0.000000   clock clk_10mhz (rise edge)
                                  0.000000    0.000000   clock network delay (ideal)
                                  0.250000    0.250000   clock uncertainty
                                  0.000000    0.250000   clock reconvergence pessimism
                                              0.250000 ^ _1533_/CLK (sky130_fd_sc_hd__dfrtp_2)
                                 -0.018785    0.231215   library hold time
                                              0.231215   data required time
---------------------------------------------------------------------------------------------
                                              0.231215   data required time
                                             -0.549914   data arrival time
---------------------------------------------------------------------------------------------
                                              0.318699   slack (MET)


Startpoint: _1530_ (rising edge-triggered flip-flop clocked by clk_10mhz)
Endpoint: _1530_ (rising edge-triggered flip-flop clocked by clk_10mhz)
Path Group: clk_10mhz
Path Type: min

Fanout         Cap        Slew       Delay        Time   Description
---------------------------------------------------------------------------------------------
                      0.150000    0.000000    0.000000   clock clk_10mhz (rise edge)
                                  0.000000    0.000000   clock network delay (ideal)
                      0.150000    0.000000    0.000000 ^ _1530_/CLK (sky130_fd_sc_hd__dfrtp_2)
     7    0.016736    0.099724    0.426634    0.426634 ^ _1530_/Q (sky130_fd_sc_hd__dfrtp_2)
                                                         u_packet_assembler.timer[10] (net)
                      0.099724    0.000000    0.426634 ^ _1033_/B2 (sky130_fd_sc_hd__a32o_2)
     1    0.002005    0.037448    0.123298    0.549932 ^ _1033_/X (sky130_fd_sc_hd__a32o_2)
                                                         _0055_ (net)
                      0.037448    0.000000    0.549932 ^ _1530_/D (sky130_fd_sc_hd__dfrtp_2)
                                              0.549932   data arrival time

                      0.150000    0.000000    0.000000   clock clk_10mhz (rise edge)
                                  0.000000    0.000000   clock network delay (ideal)
                                  0.250000    0.250000   clock uncertainty
                                  0.000000    0.250000   clock reconvergence pessimism
                                              0.250000 ^ _1530_/CLK (sky130_fd_sc_hd__dfrtp_2)
                                 -0.018785    0.231215   library hold time
                                              0.231215   data required time
---------------------------------------------------------------------------------------------
                                              0.231215   data required time
                                             -0.549932   data arrival time
---------------------------------------------------------------------------------------------
                                              0.318718   slack (MET)


Startpoint: _1507_ (rising edge-triggered flip-flop clocked by clk_10mhz)
Endpoint: _1507_ (rising edge-triggered flip-flop clocked by clk_10mhz)
Path Group: clk_10mhz
Path Type: min

Fanout         Cap        Slew       Delay        Time   Description
---------------------------------------------------------------------------------------------
                      0.150000    0.000000    0.000000   clock clk_10mhz (rise edge)
                                  0.000000    0.000000   clock network delay (ideal)
                      0.150000    0.000000    0.000000 ^ _1507_/CLK (sky130_fd_sc_hd__dfrtp_2)
     7    0.016877    0.100333    0.427118    0.427118 ^ _1507_/Q (sky130_fd_sc_hd__dfrtp_2)
                                                         u_srf_ctrl.timer[11] (net)
                      0.100333    0.000000    0.427118 ^ _0895_/B2 (sky130_fd_sc_hd__a32o_2)
     1    0.002005    0.037452    0.123468    0.550586 ^ _0895_/X (sky130_fd_sc_hd__a32o_2)
                                                         _0033_ (net)
                      0.037452    0.000000    0.550586 ^ _1507_/D (sky130_fd_sc_hd__dfrtp_2)
                                              0.550586   data arrival time

                      0.150000    0.000000    0.000000   clock clk_10mhz (rise edge)
                                  0.000000    0.000000   clock network delay (ideal)
                                  0.250000    0.250000   clock uncertainty
                                  0.000000    0.250000   clock reconvergence pessimism
                                              0.250000 ^ _1507_/CLK (sky130_fd_sc_hd__dfrtp_2)
                                 -0.018786    0.231214   library hold time
                                              0.231214   data required time
---------------------------------------------------------------------------------------------
                                              0.231214   data required time
                                             -0.550586   data arrival time
---------------------------------------------------------------------------------------------
                                              0.319373   slack (MET)


Startpoint: _1503_ (rising edge-triggered flip-flop clocked by clk_10mhz)
Endpoint: _1503_ (rising edge-triggered flip-flop clocked by clk_10mhz)
Path Group: clk_10mhz
Path Type: min

Fanout         Cap        Slew       Delay        Time   Description
---------------------------------------------------------------------------------------------
                      0.150000    0.000000    0.000000   clock clk_10mhz (rise edge)
                                  0.000000    0.000000   clock network delay (ideal)
                      0.150000    0.000000    0.000000 ^ _1503_/CLK (sky130_fd_sc_hd__dfrtp_2)
     7    0.016913    0.100488    0.427242    0.427242 ^ _1503_/Q (sky130_fd_sc_hd__dfrtp_2)
                                                         u_srf_ctrl.timer[7] (net)
                      0.100488    0.000000    0.427242 ^ _0884_/B2 (sky130_fd_sc_hd__a32o_2)
     1    0.002005    0.037453    0.123511    0.550753 ^ _0884_/X (sky130_fd_sc_hd__a32o_2)
                                                         _0029_ (net)
                      0.037453    0.000000    0.550753 ^ _1503_/D (sky130_fd_sc_hd__dfrtp_2)
                                              0.550753   data arrival time

                      0.150000    0.000000    0.000000   clock clk_10mhz (rise edge)
                                  0.000000    0.000000   clock network delay (ideal)
                                  0.250000    0.250000   clock uncertainty
                                  0.000000    0.250000   clock reconvergence pessimism
                                              0.250000 ^ _1503_/CLK (sky130_fd_sc_hd__dfrtp_2)
                                 -0.018787    0.231213   library hold time
                                              0.231213   data required time
---------------------------------------------------------------------------------------------
                                              0.231213   data required time
                                             -0.550753   data arrival time
---------------------------------------------------------------------------------------------
                                              0.319540   slack (MET)


Startpoint: _1512_ (rising edge-triggered flip-flop clocked by clk_10mhz)
Endpoint: _1512_ (rising edge-triggered flip-flop clocked by clk_10mhz)
Path Group: clk_10mhz
Path Type: min

Fanout         Cap        Slew       Delay        Time   Description
---------------------------------------------------------------------------------------------
                      0.150000    0.000000    0.000000   clock clk_10mhz (rise edge)
                                  0.000000    0.000000   clock network delay (ideal)
                      0.150000    0.000000    0.000000 ^ _1512_/CLK (sky130_fd_sc_hd__dfrtp_2)
     6    0.014198    0.088766    0.417918    0.417918 ^ _1512_/Q (sky130_fd_sc_hd__dfrtp_2)
                                                         u_srf_ctrl.timer[16] (net)
                      0.088766    0.000000    0.417918 ^ _0913_/A1 (sky130_fd_sc_hd__a22o_2)
     1    0.002005    0.030695    0.135833    0.553752 ^ _0913_/X (sky130_fd_sc_hd__a22o_2)
                                                         _0038_ (net)
                      0.030695    0.000000    0.553752 ^ _1512_/D (sky130_fd_sc_hd__dfrtp_2)
                                              0.553752   data arrival time

                      0.150000    0.000000    0.000000   clock clk_10mhz (rise edge)
                                  0.000000    0.000000   clock network delay (ideal)
                                  0.250000    0.250000   clock uncertainty
                                  0.000000    0.250000   clock reconvergence pessimism
                                              0.250000 ^ _1512_/CLK (sky130_fd_sc_hd__dfrtp_2)
                                 -0.017405    0.232595   library hold time
                                              0.232595   data required time
---------------------------------------------------------------------------------------------
                                              0.232595   data required time
                                             -0.553752   data arrival time
---------------------------------------------------------------------------------------------
                                              0.321156   slack (MET)


Startpoint: _1774_ (rising edge-triggered flip-flop clocked by clk_10mhz)
Endpoint: _1754_ (rising edge-triggered flip-flop clocked by clk_10mhz)
Path Group: clk_10mhz
Path Type: min

Fanout         Cap        Slew       Delay        Time   Description
---------------------------------------------------------------------------------------------
                      0.150000    0.000000    0.000000   clock clk_10mhz (rise edge)
                                  0.000000    0.000000   clock network delay (ideal)
                      0.150000    0.000000    0.000000 ^ _1774_/CLK (sky130_fd_sc_hd__dfrtp_2)
     4    0.014291    0.089167    0.418238    0.418238 ^ _1774_/Q (sky130_fd_sc_hd__dfrtp_2)
                                                         u_uart.bit_index[2] (net)
                      0.089167    0.000000    0.418238 ^ _1430_/A1 (sky130_fd_sc_hd__o31a_2)
     1    0.002488    0.032099    0.140014    0.558252 ^ _1430_/X (sky130_fd_sc_hd__o31a_2)
                                                         _0257_ (net)
                      0.032099    0.000000    0.558252 ^ _1754_/D (sky130_fd_sc_hd__dfstp_2)
                                              0.558252   data arrival time

                      0.150000    0.000000    0.000000   clock clk_10mhz (rise edge)
                                  0.000000    0.000000   clock network delay (ideal)
                                  0.250000    0.250000   clock uncertainty
                                  0.000000    0.250000   clock reconvergence pessimism
                                              0.250000 ^ _1754_/CLK (sky130_fd_sc_hd__dfstp_2)
                                 -0.016457    0.233543   library hold time
                                              0.233543   data required time
---------------------------------------------------------------------------------------------
                                              0.233543   data required time
                                             -0.558252   data arrival time
---------------------------------------------------------------------------------------------
                                              0.324708   slack (MET)


Startpoint: _1513_ (rising edge-triggered flip-flop clocked by clk_10mhz)
Endpoint: _1513_ (rising edge-triggered flip-flop clocked by clk_10mhz)
Path Group: clk_10mhz
Path Type: min

Fanout         Cap        Slew       Delay        Time   Description
---------------------------------------------------------------------------------------------
                      0.150000    0.000000    0.000000   clock clk_10mhz (rise edge)
                                  0.000000    0.000000   clock network delay (ideal)
                      0.150000    0.000000    0.000000 ^ _1513_/CLK (sky130_fd_sc_hd__dfrtp_2)
     7    0.018930    0.109197    0.434169    0.434169 ^ _1513_/Q (sky130_fd_sc_hd__dfrtp_2)
                                                         u_srf_ctrl.timer[17] (net)
                      0.109197    0.000000    0.434169 ^ _0916_/B2 (sky130_fd_sc_hd__a32o_2)
     1    0.002005    0.037520    0.125940    0.560109 ^ _0916_/X (sky130_fd_sc_hd__a32o_2)
                                                         _0039_ (net)
                      0.037520    0.000000    0.560109 ^ _1513_/D (sky130_fd_sc_hd__dfrtp_2)
                                              0.560109   data arrival time

                      0.150000    0.000000    0.000000   clock clk_10mhz (rise edge)
                                  0.000000    0.000000   clock network delay (ideal)
                                  0.250000    0.250000   clock uncertainty
                                  0.000000    0.250000   clock reconvergence pessimism
                                              0.250000 ^ _1513_/CLK (sky130_fd_sc_hd__dfrtp_2)
                                 -0.018800    0.231200   library hold time
                                              0.231200   data required time
---------------------------------------------------------------------------------------------
                                              0.231200   data required time
                                             -0.560109   data arrival time
---------------------------------------------------------------------------------------------
                                              0.328909   slack (MET)


Startpoint: _1756_ (rising edge-triggered flip-flop clocked by clk_10mhz)
Endpoint: _1756_ (rising edge-triggered flip-flop clocked by clk_10mhz)
Path Group: clk_10mhz
Path Type: min

Fanout         Cap        Slew       Delay        Time   Description
---------------------------------------------------------------------------------------------
                      0.150000    0.000000    0.000000   clock clk_10mhz (rise edge)
                                  0.000000    0.000000   clock network delay (ideal)
                      0.150000    0.000000    0.000000 ^ _1756_/CLK (sky130_fd_sc_hd__dfrtp_2)
     8    0.019362    0.111062    0.435652    0.435652 ^ _1756_/Q (sky130_fd_sc_hd__dfrtp_2)
                                                         u_srf_ctrl.echo_counter[1] (net)
                      0.111062    0.000000    0.435652 ^ _1436_/B2 (sky130_fd_sc_hd__a32o_2)
     1    0.002005    0.037535    0.126460    0.562112 ^ _1436_/X (sky130_fd_sc_hd__a32o_2)
                                                         _0259_ (net)
                      0.037535    0.000000    0.562112 ^ _1756_/D (sky130_fd_sc_hd__dfrtp_2)
                                              0.562112   data arrival time

                      0.150000    0.000000    0.000000   clock clk_10mhz (rise edge)
                                  0.000000    0.000000   clock network delay (ideal)
                                  0.250000    0.250000   clock uncertainty
                                  0.000000    0.250000   clock reconvergence pessimism
                                              0.250000 ^ _1756_/CLK (sky130_fd_sc_hd__dfrtp_2)
                                 -0.018803    0.231197   library hold time
                                              0.231197   data required time
---------------------------------------------------------------------------------------------
                                              0.231197   data required time
                                             -0.562112   data arrival time
---------------------------------------------------------------------------------------------
                                              0.330915   slack (MET)


Startpoint: _1755_ (rising edge-triggered flip-flop clocked by clk_10mhz)
Endpoint: _1755_ (rising edge-triggered flip-flop clocked by clk_10mhz)
Path Group: clk_10mhz
Path Type: min

Fanout         Cap        Slew       Delay        Time   Description
---------------------------------------------------------------------------------------------
                      0.150000    0.000000    0.000000   clock clk_10mhz (rise edge)
                                  0.000000    0.000000   clock network delay (ideal)
                      0.150000    0.000000    0.000000 ^ _1755_/CLK (sky130_fd_sc_hd__dfrtp_2)
     7    0.017512    0.103075    0.429299    0.429299 ^ _1755_/Q (sky130_fd_sc_hd__dfrtp_2)
                                                         u_srf_ctrl.echo_counter[0] (net)
                      0.103075    0.000000    0.429299 ^ _1434_/S (sky130_fd_sc_hd__mux2_1)
     1    0.002005    0.036523    0.134223    0.563522 ^ _1434_/X (sky130_fd_sc_hd__mux2_1)
                                                         _0258_ (net)
                      0.036523    0.000000    0.563522 ^ _1755_/D (sky130_fd_sc_hd__dfrtp_2)
                                              0.563522   data arrival time

                      0.150000    0.000000    0.000000   clock clk_10mhz (rise edge)
                                  0.000000    0.000000   clock network delay (ideal)
                                  0.250000    0.250000   clock uncertainty
                                  0.000000    0.250000   clock reconvergence pessimism
                                              0.250000 ^ _1755_/CLK (sky130_fd_sc_hd__dfrtp_2)
                                 -0.018596    0.231404   library hold time
                                              0.231404   data required time
---------------------------------------------------------------------------------------------
                                              0.231404   data required time
                                             -0.563522   data arrival time
---------------------------------------------------------------------------------------------
                                              0.332119   slack (MET)


Startpoint: _1521_ (rising edge-triggered flip-flop clocked by clk_10mhz)
Endpoint: _1521_ (rising edge-triggered flip-flop clocked by clk_10mhz)
Path Group: clk_10mhz
Path Type: min

Fanout         Cap        Slew       Delay        Time   Description
---------------------------------------------------------------------------------------------
                      0.150000    0.000000    0.000000   clock clk_10mhz (rise edge)
                                  0.000000    0.000000   clock network delay (ideal)
                      0.150000    0.000000    0.000000 ^ _1521_/CLK (sky130_fd_sc_hd__dfrtp_2)
     7    0.019822    0.113048    0.437232    0.437232 ^ _1521_/Q (sky130_fd_sc_hd__dfrtp_2)
                                                         u_packet_assembler.timer[1] (net)
                      0.113048    0.000000    0.437232 ^ _1004_/B2 (sky130_fd_sc_hd__a32o_2)
     1    0.002005    0.037550    0.127014    0.564246 ^ _1004_/X (sky130_fd_sc_hd__a32o_2)
                                                         _0046_ (net)
                      0.037550    0.000000    0.564246 ^ _1521_/D (sky130_fd_sc_hd__dfrtp_2)
                                              0.564246   data arrival time

                      0.150000    0.000000    0.000000   clock clk_10mhz (rise edge)
                                  0.000000    0.000000   clock network delay (ideal)
                                  0.250000    0.250000   clock uncertainty
                                  0.000000    0.250000   clock reconvergence pessimism
                                              0.250000 ^ _1521_/CLK (sky130_fd_sc_hd__dfrtp_2)
                                 -0.018806    0.231194   library hold time
                                              0.231194   data required time
---------------------------------------------------------------------------------------------
                                              0.231194   data required time
                                             -0.564246   data arrival time
---------------------------------------------------------------------------------------------
                                              0.333052   slack (MET)


Startpoint: _1741_ (rising edge-triggered flip-flop clocked by clk_10mhz)
Endpoint: _1741_ (rising edge-triggered flip-flop clocked by clk_10mhz)
Path Group: clk_10mhz
Path Type: min

Fanout         Cap        Slew       Delay        Time   Description
---------------------------------------------------------------------------------------------
                      0.150000    0.000000    0.000000   clock clk_10mhz (rise edge)
                                  0.000000    0.000000   clock network delay (ideal)
                      0.150000    0.000000    0.000000 ^ _1741_/CLK (sky130_fd_sc_hd__dfrtp_2)
     3    0.008577    0.064725    0.395043    0.395043 ^ _1741_/Q (sky130_fd_sc_hd__dfrtp_2)
                                                         u_uart.clk_count[1] (net)
                      0.064725    0.000000    0.395043 ^ _1400_/B1 (sky130_fd_sc_hd__a21oi_2)
     1    0.004083    0.027079    0.035743    0.430786 v _1400_/Y (sky130_fd_sc_hd__a21oi_2)
                                                         _0408_ (net)
                      0.027079    0.000000    0.430786 v _1402_/B (sky130_fd_sc_hd__nor3_2)
     1    0.002005    0.098863    0.123123    0.553909 ^ _1402_/Y (sky130_fd_sc_hd__nor3_2)
                                                         _0244_ (net)
                      0.098863    0.000000    0.553909 ^ _1741_/D (sky130_fd_sc_hd__dfrtp_2)
                                              0.553909   data arrival time

                      0.150000    0.000000    0.000000   clock clk_10mhz (rise edge)
                                  0.000000    0.000000   clock network delay (ideal)
                                  0.250000    0.250000   clock uncertainty
                                  0.000000    0.250000   clock reconvergence pessimism
                                              0.250000 ^ _1741_/CLK (sky130_fd_sc_hd__dfrtp_2)
                                 -0.031341    0.218659   library hold time
                                              0.218659   data required time
---------------------------------------------------------------------------------------------
                                              0.218659   data required time
                                             -0.553909   data arrival time
---------------------------------------------------------------------------------------------
                                              0.335251   slack (MET)


Startpoint: _1509_ (rising edge-triggered flip-flop clocked by clk_10mhz)
Endpoint: _1509_ (rising edge-triggered flip-flop clocked by clk_10mhz)
Path Group: clk_10mhz
Path Type: min

Fanout         Cap        Slew       Delay        Time   Description
---------------------------------------------------------------------------------------------
                      0.150000    0.000000    0.000000   clock clk_10mhz (rise edge)
                                  0.000000    0.000000   clock network delay (ideal)
                      0.150000    0.000000    0.000000 ^ _1509_/CLK (sky130_fd_sc_hd__dfrtp_2)
     8    0.020418    0.115622    0.439279    0.439279 ^ _1509_/Q (sky130_fd_sc_hd__dfrtp_2)
                                                         u_srf_ctrl.timer[13] (net)
                      0.115622    0.000000    0.439279 ^ _0902_/B2 (sky130_fd_sc_hd__a32o_2)
     1    0.002005    0.037570    0.127731    0.567010 ^ _0902_/X (sky130_fd_sc_hd__a32o_2)
                                                         _0035_ (net)
                      0.037570    0.000000    0.567010 ^ _1509_/D (sky130_fd_sc_hd__dfrtp_2)
                                              0.567010   data arrival time

                      0.150000    0.000000    0.000000   clock clk_10mhz (rise edge)
                                  0.000000    0.000000   clock network delay (ideal)
                                  0.250000    0.250000   clock uncertainty
                                  0.000000    0.250000   clock reconvergence pessimism
                                              0.250000 ^ _1509_/CLK (sky130_fd_sc_hd__dfrtp_2)
                                 -0.018810    0.231190   library hold time
                                              0.231190   data required time
---------------------------------------------------------------------------------------------
                                              0.231190   data required time
                                             -0.567010   data arrival time
---------------------------------------------------------------------------------------------
                                              0.335820   slack (MET)


Startpoint: _1772_ (rising edge-triggered flip-flop clocked by clk_10mhz)
Endpoint: _1772_ (rising edge-triggered flip-flop clocked by clk_10mhz)
Path Group: clk_10mhz
Path Type: min

Fanout         Cap        Slew       Delay        Time   Description
---------------------------------------------------------------------------------------------
                      0.150000    0.000000    0.000000   clock clk_10mhz (rise edge)
                                  0.000000    0.000000   clock network delay (ideal)
                      0.150000    0.000000    0.000000 ^ _1772_/CLK (sky130_fd_sc_hd__dfrtp_2)
     6    0.017278    0.102064    0.428495    0.428495 ^ _1772_/Q (sky130_fd_sc_hd__dfrtp_2)
                                                         u_uart.bit_index[0] (net)
                      0.102064    0.000000    0.428495 ^ _1485_/A1 (sky130_fd_sc_hd__o21ba_2)
     1    0.002005    0.030447    0.140022    0.568517 ^ _1485_/X (sky130_fd_sc_hd__o21ba_2)
                                                         _0274_ (net)
                      0.030447    0.000000    0.568517 ^ _1772_/D (sky130_fd_sc_hd__dfrtp_2)
                                              0.568517   data arrival time

                      0.150000    0.000000    0.000000   clock clk_10mhz (rise edge)
                                  0.000000    0.000000   clock network delay (ideal)
                                  0.250000    0.250000   clock uncertainty
                                  0.000000    0.250000   clock reconvergence pessimism
                                              0.250000 ^ _1772_/CLK (sky130_fd_sc_hd__dfrtp_2)
                                 -0.017354    0.232646   library hold time
                                              0.232646   data required time
---------------------------------------------------------------------------------------------
                                              0.232646   data required time
                                             -0.568517   data arrival time
---------------------------------------------------------------------------------------------
                                              0.335872   slack (MET)


Startpoint: _1525_ (rising edge-triggered flip-flop clocked by clk_10mhz)
Endpoint: _1525_ (rising edge-triggered flip-flop clocked by clk_10mhz)
Path Group: clk_10mhz
Path Type: min

Fanout         Cap        Slew       Delay        Time   Description
---------------------------------------------------------------------------------------------
                      0.150000    0.000000    0.000000   clock clk_10mhz (rise edge)
                                  0.000000    0.000000   clock network delay (ideal)
                      0.150000    0.000000    0.000000 ^ _1525_/CLK (sky130_fd_sc_hd__dfrtp_2)
     5    0.018028    0.105302    0.431071    0.431071 ^ _1525_/Q (sky130_fd_sc_hd__dfrtp_2)
                                                         u_packet_assembler.timer[5] (net)
                      0.105302    0.000000    0.431071 ^ _1016_/A1 (sky130_fd_sc_hd__a22o_2)
     1    0.002005    0.031388    0.141709    0.572780 ^ _1016_/X (sky130_fd_sc_hd__a22o_2)
                                                         _0050_ (net)
                      0.031388    0.000000    0.572780 ^ _1525_/D (sky130_fd_sc_hd__dfrtp_2)
                                              0.572780   data arrival time

                      0.150000    0.000000    0.000000   clock clk_10mhz (rise edge)
                                  0.000000    0.000000   clock network delay (ideal)
                                  0.250000    0.250000   clock uncertainty
                                  0.000000    0.250000   clock reconvergence pessimism
                                              0.250000 ^ _1525_/CLK (sky130_fd_sc_hd__dfrtp_2)
                                 -0.017547    0.232453   library hold time
                                              0.232453   data required time
---------------------------------------------------------------------------------------------
                                              0.232453   data required time
                                             -0.572780   data arrival time
---------------------------------------------------------------------------------------------
                                              0.340326   slack (MET)


Startpoint: _1501_ (rising edge-triggered flip-flop clocked by clk_10mhz)
Endpoint: _1501_ (rising edge-triggered flip-flop clocked by clk_10mhz)
Path Group: clk_10mhz
Path Type: min

Fanout         Cap        Slew       Delay        Time   Description
---------------------------------------------------------------------------------------------
                      0.150000    0.000000    0.000000   clock clk_10mhz (rise edge)
                                  0.000000    0.000000   clock network delay (ideal)
                      0.150000    0.000000    0.000000 ^ _1501_/CLK (sky130_fd_sc_hd__dfrtp_2)
     6    0.019445    0.111421    0.435937    0.435937 ^ _1501_/Q (sky130_fd_sc_hd__dfrtp_2)
                                                         u_srf_ctrl.timer[5] (net)
                      0.111421    0.000000    0.435937 ^ _0877_/A1 (sky130_fd_sc_hd__a22o_2)
     1    0.002005    0.030695    0.143883    0.579820 ^ _0877_/X (sky130_fd_sc_hd__a22o_2)
                                                         _0027_ (net)
                      0.030695    0.000000    0.579820 ^ _1501_/D (sky130_fd_sc_hd__dfrtp_2)
                                              0.579820   data arrival time

                      0.150000    0.000000    0.000000   clock clk_10mhz (rise edge)
                                  0.000000    0.000000   clock network delay (ideal)
                                  0.250000    0.250000   clock uncertainty
                                  0.000000    0.250000   clock reconvergence pessimism
                                              0.250000 ^ _1501_/CLK (sky130_fd_sc_hd__dfrtp_2)
                                 -0.017405    0.232595   library hold time
                                              0.232595   data required time
---------------------------------------------------------------------------------------------
                                              0.232595   data required time
                                             -0.579820   data arrival time
---------------------------------------------------------------------------------------------
                                              0.347225   slack (MET)


Startpoint: _1504_ (rising edge-triggered flip-flop clocked by clk_10mhz)
Endpoint: _1504_ (rising edge-triggered flip-flop clocked by clk_10mhz)
Path Group: clk_10mhz
Path Type: min

Fanout         Cap        Slew       Delay        Time   Description
---------------------------------------------------------------------------------------------
                      0.150000    0.000000    0.000000   clock clk_10mhz (rise edge)
                                  0.000000    0.000000   clock network delay (ideal)
                      0.150000    0.000000    0.000000 ^ _1504_/CLK (sky130_fd_sc_hd__dfrtp_2)
     6    0.019570    0.111960    0.436367    0.436367 ^ _1504_/Q (sky130_fd_sc_hd__dfrtp_2)
                                                         u_srf_ctrl.timer[8] (net)
                      0.111960    0.000000    0.436367 ^ _0886_/A1 (sky130_fd_sc_hd__a22o_2)
     1    0.002005    0.030695    0.144074    0.580441 ^ _0886_/X (sky130_fd_sc_hd__a22o_2)
                                                         _0030_ (net)
                      0.030695    0.000000    0.580441 ^ _1504_/D (sky130_fd_sc_hd__dfrtp_2)
                                              0.580441   data arrival time

                      0.150000    0.000000    0.000000   clock clk_10mhz (rise edge)
                                  0.000000    0.000000   clock network delay (ideal)
                                  0.250000    0.250000   clock uncertainty
                                  0.000000    0.250000   clock reconvergence pessimism
                                              0.250000 ^ _1504_/CLK (sky130_fd_sc_hd__dfrtp_2)
                                 -0.017405    0.232595   library hold time
                                              0.232595   data required time
---------------------------------------------------------------------------------------------
                                              0.232595   data required time
                                             -0.580441   data arrival time
---------------------------------------------------------------------------------------------
                                              0.347846   slack (MET)


Startpoint: _1520_ (rising edge-triggered flip-flop clocked by clk_10mhz)
Endpoint: _1520_ (rising edge-triggered flip-flop clocked by clk_10mhz)
Path Group: clk_10mhz
Path Type: min

Fanout         Cap        Slew       Delay        Time   Description
---------------------------------------------------------------------------------------------
                      0.150000    0.000000    0.000000   clock clk_10mhz (rise edge)
                                  0.000000    0.000000   clock network delay (ideal)
                      0.150000    0.000000    0.000000 ^ _1520_/CLK (sky130_fd_sc_hd__dfrtp_2)
     7    0.020886    0.117643    0.440886    0.440886 ^ _1520_/Q (sky130_fd_sc_hd__dfrtp_2)
                                                         u_packet_assembler.timer[0] (net)
                      0.117643    0.000000    0.440886 ^ _1001_/S (sky130_fd_sc_hd__mux2_1)
     1    0.002005    0.036521    0.138516    0.579402 ^ _1001_/X (sky130_fd_sc_hd__mux2_1)
                                                         _0045_ (net)
                      0.036521    0.000000    0.579402 ^ _1520_/D (sky130_fd_sc_hd__dfrtp_2)
                                              0.579402   data arrival time

                      0.150000    0.000000    0.000000   clock clk_10mhz (rise edge)
                                  0.000000    0.000000   clock network delay (ideal)
                                  0.250000    0.250000   clock uncertainty
                                  0.000000    0.250000   clock reconvergence pessimism
                                              0.250000 ^ _1520_/CLK (sky130_fd_sc_hd__dfrtp_2)
                                 -0.018596    0.231404   library hold time
                                              0.231404   data required time
---------------------------------------------------------------------------------------------
                                              0.231404   data required time
                                             -0.579402   data arrival time
---------------------------------------------------------------------------------------------
                                              0.347998   slack (MET)


Startpoint: _1544_ (rising edge-triggered flip-flop clocked by clk_10mhz)
Endpoint: _1578_ (rising edge-triggered flip-flop clocked by clk_10mhz)
Path Group: clk_10mhz
Path Type: min

Fanout         Cap        Slew       Delay        Time   Description
---------------------------------------------------------------------------------------------
                      0.150000    0.000000    0.000000   clock clk_10mhz (rise edge)
                                  0.000000    0.000000   clock network delay (ideal)
                      0.150000    0.000000    0.000000 ^ _1544_/CLK (sky130_fd_sc_hd__dfrtp_2)
     2    0.008077    0.062595    0.392893    0.392893 ^ _1544_/Q (sky130_fd_sc_hd__dfrtp_2)
                                                         u_srf_ctrl.echo_sync_1 (net)
                      0.062595    0.000000    0.392893 ^ _0796_/S (sky130_fd_sc_hd__mux2_1)
     2    0.006261    0.070591    0.151073    0.543965 ^ _0796_/X (sky130_fd_sc_hd__mux2_1)
                                                         _0511_ (net)
                      0.070591    0.000000    0.543965 ^ _0806_/A2 (sky130_fd_sc_hd__o21ai_2)
     1    0.001949    0.022142    0.046393    0.590358 v _0806_/Y (sky130_fd_sc_hd__o21ai_2)
                                                         _0001_ (net)
                      0.022142    0.000000    0.590358 v _1578_/D (sky130_fd_sc_hd__dfrtp_2)
                                              0.590358   data arrival time

                      0.150000    0.000000    0.000000   clock clk_10mhz (rise edge)
                                  0.000000    0.000000   clock network delay (ideal)
                                  0.250000    0.250000   clock uncertainty
                                  0.000000    0.250000   clock reconvergence pessimism
                                              0.250000 ^ _1578_/CLK (sky130_fd_sc_hd__dfrtp_2)
                                 -0.008868    0.241132   library hold time
                                              0.241132   data required time
---------------------------------------------------------------------------------------------
                                              0.241132   data required time
                                             -0.590358   data arrival time
---------------------------------------------------------------------------------------------
                                              0.349226   slack (MET)


Startpoint: _1592_ (rising edge-triggered flip-flop clocked by clk_10mhz)
Endpoint: _1592_ (rising edge-triggered flip-flop clocked by clk_10mhz)
Path Group: clk_10mhz
Path Type: min

Fanout         Cap        Slew       Delay        Time   Description
---------------------------------------------------------------------------------------------
                      0.150000    0.000000    0.000000   clock clk_10mhz (rise edge)
                                  0.000000    0.000000   clock network delay (ideal)
                      0.150000    0.000000    0.000000 ^ _1592_/CLK (sky130_fd_sc_hd__dfrtp_2)
     8    0.023664    0.129637    0.450426    0.450426 ^ _1592_/Q (sky130_fd_sc_hd__dfrtp_2)
                                                         u_packet_assembler.state[1] (net)
                      0.129637    0.000000    0.450426 ^ _1110_/B2 (sky130_fd_sc_hd__a32o_2)
     1    0.002005    0.037173    0.131107    0.581533 ^ _1110_/X (sky130_fd_sc_hd__a32o_2)
                                                         _0095_ (net)
                      0.037173    0.000000    0.581533 ^ _1592_/D (sky130_fd_sc_hd__dfrtp_2)
                                              0.581533   data arrival time

                      0.150000    0.000000    0.000000   clock clk_10mhz (rise edge)
                                  0.000000    0.000000   clock network delay (ideal)
                                  0.250000    0.250000   clock uncertainty
                                  0.000000    0.250000   clock reconvergence pessimism
                                              0.250000 ^ _1592_/CLK (sky130_fd_sc_hd__dfrtp_2)
                                 -0.018729    0.231271   library hold time
                                              0.231271   data required time
---------------------------------------------------------------------------------------------
                                              0.231271   data required time
                                             -0.581533   data arrival time
---------------------------------------------------------------------------------------------
                                              0.350262   slack (MET)


Startpoint: _1551_ (rising edge-triggered flip-flop clocked by clk_10mhz)
Endpoint: _1551_ (rising edge-triggered flip-flop clocked by clk_10mhz)
Path Group: clk_10mhz
Path Type: min

Fanout         Cap        Slew       Delay        Time   Description
---------------------------------------------------------------------------------------------
                      0.150000    0.000000    0.000000   clock clk_10mhz (rise edge)
                                  0.000000    0.000000   clock network delay (ideal)
                      0.150000    0.000000    0.000000 ^ _1551_/CLK (sky130_fd_sc_hd__dfrtp_2)
     3    0.005491    0.051573    0.381769    0.381769 ^ _1551_/Q (sky130_fd_sc_hd__dfrtp_2)
                                                         u_max30102_ctrl.clk_div[6] (net)
                      0.051573    0.000000    0.381769 ^ _0827_/B1 (sky130_fd_sc_hd__a31o_2)
     1    0.001689    0.026698    0.085339    0.467108 ^ _0827_/X (sky130_fd_sc_hd__a31o_2)
                                                         _0533_ (net)
                      0.026698    0.000000    0.467108 ^ _0828_/B (sky130_fd_sc_hd__and2b_2)
     1    0.002005    0.031718    0.118952    0.586060 ^ _0828_/X (sky130_fd_sc_hd__and2b_2)
                                                         _0017_ (net)
                      0.031718    0.000000    0.586060 ^ _1551_/D (sky130_fd_sc_hd__dfrtp_2)
                                              0.586060   data arrival time

                      0.150000    0.000000    0.000000   clock clk_10mhz (rise edge)
                                  0.000000    0.000000   clock network delay (ideal)
                                  0.250000    0.250000   clock uncertainty
                                  0.000000    0.250000   clock reconvergence pessimism
                                              0.250000 ^ _1551_/CLK (sky130_fd_sc_hd__dfrtp_2)
                                 -0.017614    0.232386   library hold time
                                              0.232386   data required time
---------------------------------------------------------------------------------------------
                                              0.232386   data required time
                                             -0.586060   data arrival time
---------------------------------------------------------------------------------------------
                                              0.353674   slack (MET)


Startpoint: _1761_ (rising edge-triggered flip-flop clocked by clk_10mhz)
Endpoint: _1761_ (rising edge-triggered flip-flop clocked by clk_10mhz)
Path Group: clk_10mhz
Path Type: min

Fanout         Cap        Slew       Delay        Time   Description
---------------------------------------------------------------------------------------------
                      0.150000    0.000000    0.000000   clock clk_10mhz (rise edge)
                                  0.000000    0.000000   clock network delay (ideal)
                      0.150000    0.000000    0.000000 ^ _1761_/CLK (sky130_fd_sc_hd__dfrtp_2)
     8    0.025112    0.135889    0.455399    0.455399 ^ _1761_/Q (sky130_fd_sc_hd__dfrtp_2)
                                                         u_srf_ctrl.echo_counter[6] (net)
                      0.135889    0.000000    0.455399 ^ _1454_/B2 (sky130_fd_sc_hd__a32o_2)
     1    0.002005    0.038012    0.132385    0.587784 ^ _1454_/X (sky130_fd_sc_hd__a32o_2)
                                                         _0264_ (net)
                      0.038012    0.000000    0.587784 ^ _1761_/D (sky130_fd_sc_hd__dfrtp_2)
                                              0.587784   data arrival time

                      0.150000    0.000000    0.000000   clock clk_10mhz (rise edge)
                                  0.000000    0.000000   clock network delay (ideal)
                                  0.250000    0.250000   clock uncertainty
                                  0.000000    0.250000   clock reconvergence pessimism
                                              0.250000 ^ _1761_/CLK (sky130_fd_sc_hd__dfrtp_2)
                                 -0.018901    0.231099   library hold time
                                              0.231099   data required time
---------------------------------------------------------------------------------------------
                                              0.231099   data required time
                                             -0.587784   data arrival time
---------------------------------------------------------------------------------------------
                                              0.356685   slack (MET)


Startpoint: _1738_ (rising edge-triggered flip-flop clocked by clk_10mhz)
Endpoint: _1587_ (rising edge-triggered flip-flop clocked by clk_10mhz)
Path Group: clk_10mhz
Path Type: min

Fanout         Cap        Slew       Delay        Time   Description
---------------------------------------------------------------------------------------------
                      0.150000    0.000000    0.000000   clock clk_10mhz (rise edge)
                                  0.000000    0.000000   clock network delay (ideal)
                      0.150000    0.000000    0.000000 ^ _1738_/CLK (sky130_fd_sc_hd__dfrtp_2)
     2    0.004451    0.047141    0.377295    0.377295 ^ _1738_/Q (sky130_fd_sc_hd__dfrtp_2)
                                                         distance_out[5] (net)
                      0.047141    0.000000    0.377295 ^ _1101_/B2 (sky130_fd_sc_hd__a32o_2)
     1    0.002476    0.039551    0.111252    0.488547 ^ _1101_/X (sky130_fd_sc_hd__a32o_2)
                                                         _0727_ (net)
                      0.039551    0.000000    0.488547 ^ _1102_/B2 (sky130_fd_sc_hd__o22a_2)
     1    0.002005    0.027889    0.105561    0.594108 ^ _1102_/X (sky130_fd_sc_hd__o22a_2)
                                                         _0091_ (net)
                      0.027889    0.000000    0.594108 ^ _1587_/D (sky130_fd_sc_hd__dfrtp_2)
                                              0.594108   data arrival time

                      0.150000    0.000000    0.000000   clock clk_10mhz (rise edge)
                                  0.000000    0.000000   clock network delay (ideal)
                                  0.250000    0.250000   clock uncertainty
                                  0.000000    0.250000   clock reconvergence pessimism
                                              0.250000 ^ _1587_/CLK (sky130_fd_sc_hd__dfrtp_2)
                                 -0.016831    0.233169   library hold time
                                              0.233169   data required time
---------------------------------------------------------------------------------------------
                                              0.233169   data required time
                                             -0.594108   data arrival time
---------------------------------------------------------------------------------------------
                                              0.360939   slack (MET)


Startpoint: _1594_ (rising edge-triggered flip-flop clocked by clk_10mhz)
Endpoint: _1594_ (rising edge-triggered flip-flop clocked by clk_10mhz)
Path Group: clk_10mhz
Path Type: min

Fanout         Cap        Slew       Delay        Time   Description
---------------------------------------------------------------------------------------------
                      0.150000    0.000000    0.000000   clock clk_10mhz (rise edge)
                                  0.000000    0.000000   clock network delay (ideal)
                      0.150000    0.000000    0.000000 ^ _1594_/CLK (sky130_fd_sc_hd__dfrtp_2)
     8    0.022265    0.123597    0.445622    0.445622 ^ _1594_/Q (sky130_fd_sc_hd__dfrtp_2)
                                                         u_packet_assembler.state[3] (net)
                      0.123597    0.000000    0.445622 ^ _1112_/A1 (sky130_fd_sc_hd__a22o_2)
     1    0.002005    0.029907    0.148143    0.593764 ^ _1112_/X (sky130_fd_sc_hd__a22o_2)
                                                         _0097_ (net)
                      0.029907    0.000000    0.593764 ^ _1594_/D (sky130_fd_sc_hd__dfrtp_2)
                                              0.593764   data arrival time

                      0.150000    0.000000    0.000000   clock clk_10mhz (rise edge)
                                  0.000000    0.000000   clock network delay (ideal)
                                  0.250000    0.250000   clock uncertainty
                                  0.000000    0.250000   clock reconvergence pessimism
                                              0.250000 ^ _1594_/CLK (sky130_fd_sc_hd__dfrtp_2)
                                 -0.017244    0.232756   library hold time
                                              0.232756   data required time
---------------------------------------------------------------------------------------------
                                              0.232756   data required time
                                             -0.593764   data arrival time
---------------------------------------------------------------------------------------------
                                              0.361008   slack (MET)


Startpoint: _1760_ (rising edge-triggered flip-flop clocked by clk_10mhz)
Endpoint: _1760_ (rising edge-triggered flip-flop clocked by clk_10mhz)
Path Group: clk_10mhz
Path Type: min

Fanout         Cap        Slew       Delay        Time   Description
---------------------------------------------------------------------------------------------
                      0.150000    0.000000    0.000000   clock clk_10mhz (rise edge)
                                  0.000000    0.000000   clock network delay (ideal)
                      0.150000    0.000000    0.000000 ^ _1760_/CLK (sky130_fd_sc_hd__dfrtp_2)
     8    0.026274    0.140906    0.459389    0.459389 ^ _1760_/Q (sky130_fd_sc_hd__dfrtp_2)
                                                         u_srf_ctrl.echo_counter[5] (net)
                      0.140906    0.000000    0.459389 ^ _1450_/B2 (sky130_fd_sc_hd__a32o_2)
     1    0.002005    0.038158    0.133411    0.592800 ^ _1450_/X (sky130_fd_sc_hd__a32o_2)
                                                         _0263_ (net)
                      0.038158    0.000000    0.592800 ^ _1760_/D (sky130_fd_sc_hd__dfrtp_2)
                                              0.592800   data arrival time

                      0.150000    0.000000    0.000000   clock clk_10mhz (rise edge)
                                  0.000000    0.000000   clock network delay (ideal)
                                  0.250000    0.250000   clock uncertainty
                                  0.000000    0.250000   clock reconvergence pessimism
                                              0.250000 ^ _1760_/CLK (sky130_fd_sc_hd__dfrtp_2)
                                 -0.018931    0.231069   library hold time
                                              0.231069   data required time
---------------------------------------------------------------------------------------------
                                              0.231069   data required time
                                             -0.592800   data arrival time
---------------------------------------------------------------------------------------------
                                              0.361731   slack (MET)


Startpoint: _1579_ (rising edge-triggered flip-flop clocked by clk_10mhz)
Endpoint: _1579_ (rising edge-triggered flip-flop clocked by clk_10mhz)
Path Group: clk_10mhz
Path Type: min

Fanout         Cap        Slew       Delay        Time   Description
---------------------------------------------------------------------------------------------
                      0.150000    0.000000    0.000000   clock clk_10mhz (rise edge)
                                  0.000000    0.000000   clock network delay (ideal)
                      0.150000    0.000000    0.000000 ^ _1579_/CLK (sky130_fd_sc_hd__dfrtp_2)
     7    0.026291    0.140980    0.459448    0.459448 ^ _1579_/Q (sky130_fd_sc_hd__dfrtp_2)
                                                         u_srf_ctrl.state[2] (net)
                      0.140980    0.000000    0.459448 ^ _0804_/A1 (sky130_fd_sc_hd__a21bo_2)
     1    0.002005    0.027292    0.137910    0.597358 ^ _0804_/X (sky130_fd_sc_hd__a21bo_2)
                                                         _0002_ (net)
                      0.027292    0.000000    0.597358 ^ _1579_/D (sky130_fd_sc_hd__dfrtp_2)
                                              0.597358   data arrival time

                      0.150000    0.000000    0.000000   clock clk_10mhz (rise edge)
                                  0.000000    0.000000   clock network delay (ideal)
                                  0.250000    0.250000   clock uncertainty
                                  0.000000    0.250000   clock reconvergence pessimism
                                              0.250000 ^ _1579_/CLK (sky130_fd_sc_hd__dfrtp_2)
                                 -0.016709    0.233291   library hold time
                                              0.233291   data required time
---------------------------------------------------------------------------------------------
                                              0.233291   data required time
                                             -0.597358   data arrival time
---------------------------------------------------------------------------------------------
                                              0.364067   slack (MET)


Startpoint: _1733_ (rising edge-triggered flip-flop clocked by clk_10mhz)
Endpoint: _1582_ (rising edge-triggered flip-flop clocked by clk_10mhz)
Path Group: clk_10mhz
Path Type: min

Fanout         Cap        Slew       Delay        Time   Description
---------------------------------------------------------------------------------------------
                      0.150000    0.000000    0.000000   clock clk_10mhz (rise edge)
                                  0.000000    0.000000   clock network delay (ideal)
                      0.150000    0.000000    0.000000 ^ _1733_/CLK (sky130_fd_sc_hd__dfrtp_2)
     2    0.007184    0.058789    0.389051    0.389051 ^ _1733_/Q (sky130_fd_sc_hd__dfrtp_2)
                                                         distance_out[0] (net)
                      0.058789    0.000000    0.389051 ^ _1085_/A1 (sky130_fd_sc_hd__a21o_2)
     1    0.001964    0.023038    0.105832    0.494884 ^ _1085_/X (sky130_fd_sc_hd__a21o_2)
                                                         _0716_ (net)
                      0.023038    0.000000    0.494884 ^ _1086_/A1 (sky130_fd_sc_hd__mux2_1)
     1    0.002005    0.036515    0.103292    0.598175 ^ _1086_/X (sky130_fd_sc_hd__mux2_1)
                                                         _0086_ (net)
                      0.036515    0.000000    0.598175 ^ _1582_/D (sky130_fd_sc_hd__dfrtp_2)
                                              0.598175   data arrival time

                      0.150000    0.000000    0.000000   clock clk_10mhz (rise edge)
                                  0.000000    0.000000   clock network delay (ideal)
                                  0.250000    0.250000   clock uncertainty
                                  0.000000    0.250000   clock reconvergence pessimism
                                              0.250000 ^ _1582_/CLK (sky130_fd_sc_hd__dfrtp_2)
                                 -0.018595    0.231405   library hold time
                                              0.231405   data required time
---------------------------------------------------------------------------------------------
                                              0.231405   data required time
                                             -0.598175   data arrival time
---------------------------------------------------------------------------------------------
                                              0.366770   slack (MET)


Startpoint: _1736_ (rising edge-triggered flip-flop clocked by clk_10mhz)
Endpoint: _1585_ (rising edge-triggered flip-flop clocked by clk_10mhz)
Path Group: clk_10mhz
Path Type: min

Fanout         Cap        Slew       Delay        Time   Description
---------------------------------------------------------------------------------------------
                      0.150000    0.000000    0.000000   clock clk_10mhz (rise edge)
                                  0.000000    0.000000   clock network delay (ideal)
                      0.150000    0.000000    0.000000 ^ _1736_/CLK (sky130_fd_sc_hd__dfrtp_2)
     2    0.004030    0.045190    0.375026    0.375026 ^ _1736_/Q (sky130_fd_sc_hd__dfrtp_2)
                                                         distance_out[3] (net)
                      0.045190    0.000000    0.375026 ^ _1095_/A (sky130_fd_sc_hd__and2_2)
     1    0.002476    0.036199    0.121404    0.496430 ^ _1095_/X (sky130_fd_sc_hd__and2_2)
                                                         _0723_ (net)
                      0.036199    0.000000    0.496430 ^ _1096_/B2 (sky130_fd_sc_hd__o22a_2)
     1    0.002005    0.027884    0.104427    0.600858 ^ _1096_/X (sky130_fd_sc_hd__o22a_2)
                                                         _0089_ (net)
                      0.027884    0.000000    0.600858 ^ _1585_/D (sky130_fd_sc_hd__dfrtp_2)
                                              0.600858   data arrival time

                      0.150000    0.000000    0.000000   clock clk_10mhz (rise edge)
                                  0.000000    0.000000   clock network delay (ideal)
                                  0.250000    0.250000   clock uncertainty
                                  0.000000    0.250000   clock reconvergence pessimism
                                              0.250000 ^ _1585_/CLK (sky130_fd_sc_hd__dfrtp_2)
                                 -0.016830    0.233170   library hold time
                                              0.233170   data required time
---------------------------------------------------------------------------------------------
                                              0.233170   data required time
                                             -0.600858   data arrival time
---------------------------------------------------------------------------------------------
                                              0.367688   slack (MET)


Startpoint: _1712_ (rising edge-triggered flip-flop clocked by clk_10mhz)
Endpoint: _1712_ (rising edge-triggered flip-flop clocked by clk_10mhz)
Path Group: clk_10mhz
Path Type: min

Fanout         Cap        Slew       Delay        Time   Description
---------------------------------------------------------------------------------------------
                      0.150000    0.000000    0.000000   clock clk_10mhz (rise edge)
                                  0.000000    0.000000   clock network delay (ideal)
                      0.150000    0.000000    0.000000 ^ _1712_/CLK (sky130_fd_sc_hd__dfrtp_2)
    14    0.043621    0.217286    0.517538    0.517538 ^ _1712_/Q (sky130_fd_sc_hd__dfrtp_2)
                                                         u_fifo.wr_ptr[0] (net)
                      0.217286    0.000000    0.517538 ^ _1256_/A (sky130_fd_sc_hd__xor2_2)
     1    0.001949    0.028061    0.089016    0.606554 v _1256_/X (sky130_fd_sc_hd__xor2_2)
                                                         _0215_ (net)
                      0.028061    0.000000    0.606554 v _1712_/D (sky130_fd_sc_hd__dfrtp_2)
                                              0.606554   data arrival time

                      0.150000    0.000000    0.000000   clock clk_10mhz (rise edge)
                                  0.000000    0.000000   clock network delay (ideal)
                                  0.250000    0.250000   clock uncertainty
                                  0.000000    0.250000   clock reconvergence pessimism
                                              0.250000 ^ _1712_/CLK (sky130_fd_sc_hd__dfrtp_2)
                                 -0.011275    0.238725   library hold time
                                              0.238725   data required time
---------------------------------------------------------------------------------------------
                                              0.238725   data required time
                                             -0.606554   data arrival time
---------------------------------------------------------------------------------------------
                                              0.367828   slack (MET)


Startpoint: _1766_ (rising edge-triggered flip-flop clocked by clk_10mhz)
Endpoint: _1766_ (rising edge-triggered flip-flop clocked by clk_10mhz)
Path Group: clk_10mhz
Path Type: min

Fanout         Cap        Slew       Delay        Time   Description
---------------------------------------------------------------------------------------------
                      0.150000    0.000000    0.000000   clock clk_10mhz (rise edge)
                                  0.000000    0.000000   clock network delay (ideal)
                      0.150000    0.000000    0.000000 ^ _1766_/CLK (sky130_fd_sc_hd__dfrtp_2)
     7    0.030034    0.157141    0.472302    0.472302 ^ _1766_/Q (sky130_fd_sc_hd__dfrtp_2)
                                                         u_srf_ctrl.echo_counter[11] (net)
                      0.157141    0.000000    0.472302 ^ _1469_/A1 (sky130_fd_sc_hd__a21o_2)
     1    0.002005    0.023218    0.136106    0.608408 ^ _1469_/X (sky130_fd_sc_hd__a21o_2)
                                                         _0269_ (net)
                      0.023218    0.000000    0.608408 ^ _1766_/D (sky130_fd_sc_hd__dfrtp_2)
                                              0.608408   data arrival time

                      0.150000    0.000000    0.000000   clock clk_10mhz (rise edge)
                                  0.000000    0.000000   clock network delay (ideal)
                                  0.250000    0.250000   clock uncertainty
                                  0.000000    0.250000   clock reconvergence pessimism
                                              0.250000 ^ _1766_/CLK (sky130_fd_sc_hd__dfrtp_2)
                                 -0.015876    0.234124   library hold time
                                              0.234124   data required time
---------------------------------------------------------------------------------------------
                                              0.234124   data required time
                                             -0.608408   data arrival time
---------------------------------------------------------------------------------------------
                                              0.374284   slack (MET)


Startpoint: _1514_ (rising edge-triggered flip-flop clocked by clk_10mhz)
Endpoint: _1514_ (rising edge-triggered flip-flop clocked by clk_10mhz)
Path Group: clk_10mhz
Path Type: min

Fanout         Cap        Slew       Delay        Time   Description
---------------------------------------------------------------------------------------------
                      0.150000    0.000000    0.000000   clock clk_10mhz (rise edge)
                                  0.000000    0.000000   clock network delay (ideal)
                      0.150000    0.000000    0.000000 ^ _1514_/CLK (sky130_fd_sc_hd__dfrtp_2)
     5    0.008679    0.065160    0.395482    0.395482 ^ _1514_/Q (sky130_fd_sc_hd__dfrtp_2)
                                                         u_srf_ctrl.timer[18] (net)
                      0.065160    0.000000    0.395482 ^ _0917_/B1 (sky130_fd_sc_hd__a21o_2)
     1    0.002445    0.025476    0.084350    0.479832 ^ _0917_/X (sky130_fd_sc_hd__a21o_2)
                                                         _0594_ (net)
                      0.025476    0.000000    0.479832 ^ _0921_/A2 (sky130_fd_sc_hd__a31o_2)
     1    0.002005    0.028272    0.127853    0.607685 ^ _0921_/X (sky130_fd_sc_hd__a31o_2)
                                                         _0040_ (net)
                      0.028272    0.000000    0.607685 ^ _1514_/D (sky130_fd_sc_hd__dfrtp_2)
                                              0.607685   data arrival time

                      0.150000    0.000000    0.000000   clock clk_10mhz (rise edge)
                                  0.000000    0.000000   clock network delay (ideal)
                                  0.250000    0.250000   clock uncertainty
                                  0.000000    0.250000   clock reconvergence pessimism
                                              0.250000 ^ _1514_/CLK (sky130_fd_sc_hd__dfrtp_2)
                                 -0.016910    0.233091   library hold time
                                              0.233091   data required time
---------------------------------------------------------------------------------------------
                                              0.233091   data required time
                                             -0.607685   data arrival time
---------------------------------------------------------------------------------------------
                                              0.374595   slack (MET)


Startpoint: _1734_ (rising edge-triggered flip-flop clocked by clk_10mhz)
Endpoint: _1583_ (rising edge-triggered flip-flop clocked by clk_10mhz)
Path Group: clk_10mhz
Path Type: min

Fanout         Cap        Slew       Delay        Time   Description
---------------------------------------------------------------------------------------------
                      0.150000    0.000000    0.000000   clock clk_10mhz (rise edge)
                                  0.000000    0.000000   clock network delay (ideal)
                      0.150000    0.000000    0.000000 ^ _1734_/CLK (sky130_fd_sc_hd__dfrtp_2)
     2    0.007277    0.059185    0.389451    0.389451 ^ _1734_/Q (sky130_fd_sc_hd__dfrtp_2)
                                                         distance_out[1] (net)
                      0.059185    0.000000    0.389451 ^ _1089_/B2 (sky130_fd_sc_hd__a32o_2)
     1    0.002476    0.039585    0.114729    0.504181 ^ _1089_/X (sky130_fd_sc_hd__a32o_2)
                                                         _0719_ (net)
                      0.039585    0.000000    0.504181 ^ _1090_/B2 (sky130_fd_sc_hd__o22a_2)
     1    0.002005    0.027889    0.105573    0.609754 ^ _1090_/X (sky130_fd_sc_hd__o22a_2)
                                                         _0087_ (net)
                      0.027889    0.000000    0.609754 ^ _1583_/D (sky130_fd_sc_hd__dfrtp_2)
                                              0.609754   data arrival time

                      0.150000    0.000000    0.000000   clock clk_10mhz (rise edge)
                                  0.000000    0.000000   clock network delay (ideal)
                                  0.250000    0.250000   clock uncertainty
                                  0.000000    0.250000   clock reconvergence pessimism
                                              0.250000 ^ _1583_/CLK (sky130_fd_sc_hd__dfrtp_2)
                                 -0.016831    0.233169   library hold time
                                              0.233169   data required time
---------------------------------------------------------------------------------------------
                                              0.233169   data required time
                                             -0.609754   data arrival time
---------------------------------------------------------------------------------------------
                                              0.376585   slack (MET)


Startpoint: _1709_ (rising edge-triggered flip-flop clocked by clk_10mhz)
Endpoint: _1709_ (rising edge-triggered flip-flop clocked by clk_10mhz)
Path Group: clk_10mhz
Path Type: min

Fanout         Cap        Slew       Delay        Time   Description
---------------------------------------------------------------------------------------------
                      0.150000    0.000000    0.000000   clock clk_10mhz (rise edge)
                                  0.000000    0.000000   clock network delay (ideal)
                      0.150000    0.000000    0.000000 ^ _1709_/CLK (sky130_fd_sc_hd__dfrtp_2)
    16    0.036399    0.184623    0.494161    0.494161 ^ _1709_/Q (sky130_fd_sc_hd__dfrtp_2)
                                                         u_fifo.rd_ptr[2] (net)
                      0.184623    0.000000    0.494161 ^ _1250_/B1 (sky130_fd_sc_hd__a21oi_2)
     1    0.004136    0.040762    0.049118    0.543278 v _1250_/Y (sky130_fd_sc_hd__a21oi_2)
                                                         _0290_ (net)
                      0.040762    0.000000    0.543278 v _1251_/B (sky130_fd_sc_hd__nor2_2)
     1    0.002005    0.053408    0.061401    0.604680 ^ _1251_/Y (sky130_fd_sc_hd__nor2_2)
                                                         _0212_ (net)
                      0.053408    0.000000    0.604680 ^ _1709_/D (sky130_fd_sc_hd__dfrtp_2)
                                              0.604680   data arrival time

                      0.150000    0.000000    0.000000   clock clk_10mhz (rise edge)
                                  0.000000    0.000000   clock network delay (ideal)
                                  0.250000    0.250000   clock uncertainty
                                  0.000000    0.250000   clock reconvergence pessimism
                                              0.250000 ^ _1709_/CLK (sky130_fd_sc_hd__dfrtp_2)
                                 -0.022048    0.227952   library hold time
                                              0.227952   data required time
---------------------------------------------------------------------------------------------
                                              0.227952   data required time
                                             -0.604680   data arrival time
---------------------------------------------------------------------------------------------
                                              0.376728   slack (MET)


Startpoint: _1506_ (rising edge-triggered flip-flop clocked by clk_10mhz)
Endpoint: _1506_ (rising edge-triggered flip-flop clocked by clk_10mhz)
Path Group: clk_10mhz
Path Type: min

Fanout         Cap        Slew       Delay        Time   Description
---------------------------------------------------------------------------------------------
                      0.150000    0.000000    0.000000   clock clk_10mhz (rise edge)
                                  0.000000    0.000000   clock network delay (ideal)
                      0.150000    0.000000    0.000000 ^ _1506_/CLK (sky130_fd_sc_hd__dfrtp_2)
     8    0.025829    0.138985    0.457861    0.457861 ^ _1506_/Q (sky130_fd_sc_hd__dfrtp_2)
                                                         u_srf_ctrl.timer[10] (net)
                      0.138985    0.000000    0.457861 ^ _0892_/A1 (sky130_fd_sc_hd__a22o_2)
     1    0.002005    0.030695    0.152704    0.610565 ^ _0892_/X (sky130_fd_sc_hd__a22o_2)
                                                         _0032_ (net)
                      0.030695    0.000000    0.610565 ^ _1506_/D (sky130_fd_sc_hd__dfrtp_2)
                                              0.610565   data arrival time

                      0.150000    0.000000    0.000000   clock clk_10mhz (rise edge)
                                  0.000000    0.000000   clock network delay (ideal)
                                  0.250000    0.250000   clock uncertainty
                                  0.000000    0.250000   clock reconvergence pessimism
                                              0.250000 ^ _1506_/CLK (sky130_fd_sc_hd__dfrtp_2)
                                 -0.017405    0.232595   library hold time
                                              0.232595   data required time
---------------------------------------------------------------------------------------------
                                              0.232595   data required time
                                             -0.610565   data arrival time
---------------------------------------------------------------------------------------------
                                              0.377970   slack (MET)


Startpoint: _1758_ (rising edge-triggered flip-flop clocked by clk_10mhz)
Endpoint: _1758_ (rising edge-triggered flip-flop clocked by clk_10mhz)
Path Group: clk_10mhz
Path Type: min

Fanout         Cap        Slew       Delay        Time   Description
---------------------------------------------------------------------------------------------
                      0.150000    0.000000    0.000000   clock clk_10mhz (rise edge)
                                  0.000000    0.000000   clock network delay (ideal)
                      0.150000    0.000000    0.000000 ^ _1758_/CLK (sky130_fd_sc_hd__dfrtp_2)
    11    0.030098    0.157417    0.472522    0.472522 ^ _1758_/Q (sky130_fd_sc_hd__dfrtp_2)
                                                         u_srf_ctrl.echo_counter[3] (net)
                      0.157417    0.000000    0.472522 ^ _1443_/B2 (sky130_fd_sc_hd__a32o_2)
     1    0.002005    0.038637    0.136787    0.609309 ^ _1443_/X (sky130_fd_sc_hd__a32o_2)
                                                         _0261_ (net)
                      0.038637    0.000000    0.609309 ^ _1758_/D (sky130_fd_sc_hd__dfrtp_2)
                                              0.609309   data arrival time

                      0.150000    0.000000    0.000000   clock clk_10mhz (rise edge)
                                  0.000000    0.000000   clock network delay (ideal)
                                  0.250000    0.250000   clock uncertainty
                                  0.000000    0.250000   clock reconvergence pessimism
                                              0.250000 ^ _1758_/CLK (sky130_fd_sc_hd__dfrtp_2)
                                 -0.019029    0.230971   library hold time
                                              0.230971   data required time
---------------------------------------------------------------------------------------------
                                              0.230971   data required time
                                             -0.609309   data arrival time
---------------------------------------------------------------------------------------------
                                              0.378338   slack (MET)


Startpoint: _1579_ (rising edge-triggered flip-flop clocked by clk_10mhz)
Endpoint: _1518_ (rising edge-triggered flip-flop clocked by clk_10mhz)
Path Group: clk_10mhz
Path Type: min

Fanout         Cap        Slew       Delay        Time   Description
---------------------------------------------------------------------------------------------
                      0.150000    0.000000    0.000000   clock clk_10mhz (rise edge)
                                  0.000000    0.000000   clock network delay (ideal)
                      0.150000    0.000000    0.000000 ^ _1579_/CLK (sky130_fd_sc_hd__dfrtp_2)
     7    0.026291    0.140980    0.459448    0.459448 ^ _1579_/Q (sky130_fd_sc_hd__dfrtp_2)
                                                         u_srf_ctrl.state[2] (net)
                      0.140980    0.000000    0.459448 ^ _0990_/A1 (sky130_fd_sc_hd__a22o_2)
     1    0.002005    0.029923    0.153295    0.612743 ^ _0990_/X (sky130_fd_sc_hd__a22o_2)
                                                         _0044_ (net)
                      0.029923    0.000000    0.612743 ^ _1518_/D (sky130_fd_sc_hd__dfrtp_2)
                                              0.612743   data arrival time

                      0.150000    0.000000    0.000000   clock clk_10mhz (rise edge)
                                  0.000000    0.000000   clock network delay (ideal)
                                  0.250000    0.250000   clock uncertainty
                                  0.000000    0.250000   clock reconvergence pessimism
                                              0.250000 ^ _1518_/CLK (sky130_fd_sc_hd__dfrtp_2)
                                 -0.017247    0.232753   library hold time
                                              0.232753   data required time
---------------------------------------------------------------------------------------------
                                              0.232753   data required time
                                             -0.612743   data arrival time
---------------------------------------------------------------------------------------------
                                              0.379990   slack (MET)


Startpoint: _1578_ (rising edge-triggered flip-flop clocked by clk_10mhz)
Endpoint: _1580_ (rising edge-triggered flip-flop clocked by clk_10mhz)
Path Group: clk_10mhz
Path Type: min

Fanout         Cap        Slew       Delay        Time   Description
---------------------------------------------------------------------------------------------
                      0.150000    0.000000    0.000000   clock clk_10mhz (rise edge)
                                  0.000000    0.000000   clock network delay (ideal)
                      0.150000    0.000000    0.000000 ^ _1578_/CLK (sky130_fd_sc_hd__dfrtp_2)
     8    0.026454    0.141684    0.460008    0.460008 ^ _1578_/Q (sky130_fd_sc_hd__dfrtp_2)
                                                         u_srf_ctrl.state[1] (net)
                      0.141684    0.000000    0.460008 ^ _0797_/A (sky130_fd_sc_hd__and2_2)
     1    0.002005    0.033869    0.152249    0.612257 ^ _0797_/X (sky130_fd_sc_hd__and2_2)
                                                         _0003_ (net)
                      0.033869    0.000000    0.612257 ^ _1580_/D (sky130_fd_sc_hd__dfrtp_2)
                                              0.612257   data arrival time

                      0.150000    0.000000    0.000000   clock clk_10mhz (rise edge)
                                  0.000000    0.000000   clock network delay (ideal)
                                  0.250000    0.250000   clock uncertainty
                                  0.000000    0.250000   clock reconvergence pessimism
                                              0.250000 ^ _1580_/CLK (sky130_fd_sc_hd__dfrtp_2)
                                 -0.018054    0.231946   library hold time
                                              0.231946   data required time
---------------------------------------------------------------------------------------------
                                              0.231946   data required time
                                             -0.612257   data arrival time
---------------------------------------------------------------------------------------------
                                              0.380311   slack (MET)


Startpoint: _1707_ (rising edge-triggered flip-flop clocked by clk_10mhz)
Endpoint: _1707_ (rising edge-triggered flip-flop clocked by clk_10mhz)
Path Group: clk_10mhz
Path Type: min

Fanout         Cap        Slew       Delay        Time   Description
---------------------------------------------------------------------------------------------
                      0.150000    0.000000    0.000000   clock clk_10mhz (rise edge)
                                  0.000000    0.000000   clock network delay (ideal)
                      0.150000    0.000000    0.000000 ^ _1707_/CLK (sky130_fd_sc_hd__dfrtp_2)
    16    0.035001    0.178587    0.489360    0.489360 ^ _1707_/Q (sky130_fd_sc_hd__dfrtp_2)
                                                         u_fifo.rd_ptr[0] (net)
                      0.178587    0.000000    0.489360 ^ _1246_/A (sky130_fd_sc_hd__nor2_2)
     1    0.004136    0.029333    0.062756    0.552116 v _1246_/Y (sky130_fd_sc_hd__nor2_2)
                                                         _0288_ (net)
                      0.029333    0.000000    0.552116 v _1247_/B (sky130_fd_sc_hd__nor2_2)
     1    0.002005    0.053507    0.057165    0.609281 ^ _1247_/Y (sky130_fd_sc_hd__nor2_2)
                                                         _0210_ (net)
                      0.053507    0.000000    0.609281 ^ _1707_/D (sky130_fd_sc_hd__dfrtp_2)
                                              0.609281   data arrival time

                      0.150000    0.000000    0.000000   clock clk_10mhz (rise edge)
                                  0.000000    0.000000   clock network delay (ideal)
                                  0.250000    0.250000   clock uncertainty
                                  0.000000    0.250000   clock reconvergence pessimism
                                              0.250000 ^ _1707_/CLK (sky130_fd_sc_hd__dfrtp_2)
                                 -0.022069    0.227931   library hold time
                                              0.227931   data required time
---------------------------------------------------------------------------------------------
                                              0.227931   data required time
                                             -0.609281   data arrival time
---------------------------------------------------------------------------------------------
                                              0.381349   slack (MET)


Startpoint: _1759_ (rising edge-triggered flip-flop clocked by clk_10mhz)
Endpoint: _1759_ (rising edge-triggered flip-flop clocked by clk_10mhz)
Path Group: clk_10mhz
Path Type: min

Fanout         Cap        Slew       Delay        Time   Description
---------------------------------------------------------------------------------------------
                      0.150000    0.000000    0.000000   clock clk_10mhz (rise edge)
                                  0.000000    0.000000   clock network delay (ideal)
                      0.150000    0.000000    0.000000 ^ _1759_/CLK (sky130_fd_sc_hd__dfrtp_2)
     9    0.030999    0.161308    0.475616    0.475616 ^ _1759_/Q (sky130_fd_sc_hd__dfrtp_2)
                                                         u_srf_ctrl.echo_counter[4] (net)
                      0.161308    0.000000    0.475616 ^ _1446_/B2 (sky130_fd_sc_hd__a32o_2)
     1    0.002005    0.038750    0.137583    0.613199 ^ _1446_/X (sky130_fd_sc_hd__a32o_2)
                                                         _0262_ (net)
                      0.038750    0.000000    0.613199 ^ _1759_/D (sky130_fd_sc_hd__dfrtp_2)
                                              0.613199   data arrival time

                      0.150000    0.000000    0.000000   clock clk_10mhz (rise edge)
                                  0.000000    0.000000   clock network delay (ideal)
                                  0.250000    0.250000   clock uncertainty
                                  0.000000    0.250000   clock reconvergence pessimism
                                              0.250000 ^ _1759_/CLK (sky130_fd_sc_hd__dfrtp_2)
                                 -0.019052    0.230948   library hold time
                                              0.230948   data required time
---------------------------------------------------------------------------------------------
                                              0.230948   data required time
                                             -0.613199   data arrival time
---------------------------------------------------------------------------------------------
                                              0.382250   slack (MET)


Startpoint: _1765_ (rising edge-triggered flip-flop clocked by clk_10mhz)
Endpoint: _1765_ (rising edge-triggered flip-flop clocked by clk_10mhz)
Path Group: clk_10mhz
Path Type: min

Fanout         Cap        Slew       Delay        Time   Description
---------------------------------------------------------------------------------------------
                      0.150000    0.000000    0.000000   clock clk_10mhz (rise edge)
                                  0.000000    0.000000   clock network delay (ideal)
                      0.150000    0.000000    0.000000 ^ _1765_/CLK (sky130_fd_sc_hd__dfrtp_2)
     8    0.029682    0.155621    0.471093    0.471093 ^ _1765_/Q (sky130_fd_sc_hd__dfrtp_2)
                                                         u_srf_ctrl.echo_counter[10] (net)
                      0.155621    0.000000    0.471093 ^ _1467_/A1 (sky130_fd_sc_hd__o21a_2)
     1    0.002005    0.026729    0.145346    0.616439 ^ _1467_/X (sky130_fd_sc_hd__o21a_2)
                                                         _0268_ (net)
                      0.026729    0.000000    0.616439 ^ _1765_/D (sky130_fd_sc_hd__dfrtp_2)
                                              0.616439   data arrival time

                      0.150000    0.000000    0.000000   clock clk_10mhz (rise edge)
                                  0.000000    0.000000   clock network delay (ideal)
                                  0.250000    0.250000   clock uncertainty
                                  0.000000    0.250000   clock reconvergence pessimism
                                              0.250000 ^ _1765_/CLK (sky130_fd_sc_hd__dfrtp_2)
                                 -0.016594    0.233406   library hold time
                                              0.233406   data required time
---------------------------------------------------------------------------------------------
                                              0.233406   data required time
                                             -0.616439   data arrival time
---------------------------------------------------------------------------------------------
                                              0.383033   slack (MET)


Startpoint: _1735_ (rising edge-triggered flip-flop clocked by clk_10mhz)
Endpoint: _1584_ (rising edge-triggered flip-flop clocked by clk_10mhz)
Path Group: clk_10mhz
Path Type: min

Fanout         Cap        Slew       Delay        Time   Description
---------------------------------------------------------------------------------------------
                      0.150000    0.000000    0.000000   clock clk_10mhz (rise edge)
                                  0.000000    0.000000   clock network delay (ideal)
                      0.150000    0.000000    0.000000 ^ _1735_/CLK (sky130_fd_sc_hd__dfrtp_2)
     2    0.007049    0.058213    0.388471    0.388471 ^ _1735_/Q (sky130_fd_sc_hd__dfrtp_2)
                                                         distance_out[2] (net)
                      0.058213    0.000000    0.388471 ^ _1093_/A1 (sky130_fd_sc_hd__a22o_2)
     1    0.001964    0.030381    0.124759    0.513230 ^ _1093_/X (sky130_fd_sc_hd__a22o_2)
                                                         _0722_ (net)
                      0.030381    0.000000    0.513230 ^ _1094_/A1 (sky130_fd_sc_hd__mux2_1)
     1    0.002005    0.036515    0.105822    0.619052 ^ _1094_/X (sky130_fd_sc_hd__mux2_1)
                                                         _0088_ (net)
                      0.036515    0.000000    0.619052 ^ _1584_/D (sky130_fd_sc_hd__dfrtp_2)
                                              0.619052   data arrival time

                      0.150000    0.000000    0.000000   clock clk_10mhz (rise edge)
                                  0.000000    0.000000   clock network delay (ideal)
                                  0.250000    0.250000   clock uncertainty
                                  0.000000    0.250000   clock reconvergence pessimism
                                              0.250000 ^ _1584_/CLK (sky130_fd_sc_hd__dfrtp_2)
                                 -0.018595    0.231405   library hold time
                                              0.231405   data required time
---------------------------------------------------------------------------------------------
                                              0.231405   data required time
                                             -0.619052   data arrival time
---------------------------------------------------------------------------------------------
                                              0.387647   slack (MET)


Startpoint: _1745_ (rising edge-triggered flip-flop clocked by clk_10mhz)
Endpoint: _1745_ (rising edge-triggered flip-flop clocked by clk_10mhz)
Path Group: clk_10mhz
Path Type: min

Fanout         Cap        Slew       Delay        Time   Description
---------------------------------------------------------------------------------------------
                      0.150000    0.000000    0.000000   clock clk_10mhz (rise edge)
                                  0.000000    0.000000   clock network delay (ideal)
                      0.150000    0.000000    0.000000 ^ _1745_/CLK (sky130_fd_sc_hd__dfrtp_2)
     3    0.008691    0.065211    0.395534    0.395534 ^ _1745_/Q (sky130_fd_sc_hd__dfrtp_2)
                                                         u_uart.clk_count[5] (net)
                      0.065211    0.000000    0.395534 ^ _1411_/A (sky130_fd_sc_hd__nand2_2)
     2    0.006084    0.038542    0.052502    0.448036 v _1411_/Y (sky130_fd_sc_hd__nand2_2)
                                                         _0415_ (net)
                      0.038542    0.000000    0.448036 v _1413_/B (sky130_fd_sc_hd__and3_2)
     1    0.001949    0.031870    0.180025    0.628061 v _1413_/X (sky130_fd_sc_hd__and3_2)
                                                         _0248_ (net)
                      0.031870    0.000000    0.628061 v _1745_/D (sky130_fd_sc_hd__dfrtp_2)
                                              0.628061   data arrival time

                      0.150000    0.000000    0.000000   clock clk_10mhz (rise edge)
                                  0.000000    0.000000   clock network delay (ideal)
                                  0.250000    0.250000   clock uncertainty
                                  0.000000    0.250000   clock reconvergence pessimism
                                              0.250000 ^ _1745_/CLK (sky130_fd_sc_hd__dfrtp_2)
                                 -0.012824    0.237176   library hold time
                                              0.237176   data required time
---------------------------------------------------------------------------------------------
                                              0.237176   data required time
                                             -0.628061   data arrival time
---------------------------------------------------------------------------------------------
                                              0.390884   slack (MET)


Startpoint: _1586_ (rising edge-triggered flip-flop clocked by clk_10mhz)
Endpoint: _1586_ (rising edge-triggered flip-flop clocked by clk_10mhz)
Path Group: clk_10mhz
Path Type: min

Fanout         Cap        Slew       Delay        Time   Description
---------------------------------------------------------------------------------------------
                      0.150000    0.000000    0.000000   clock clk_10mhz (rise edge)
                                  0.000000    0.000000   clock network delay (ideal)
                      0.150000    0.000000    0.000000 ^ _1586_/CLK (sky130_fd_sc_hd__dfrtp_2)
    17    0.031623    0.164002    0.477759    0.477759 ^ _1586_/Q (sky130_fd_sc_hd__dfrtp_2)
                                                         fifo_din[4] (net)
                      0.164002    0.000000    0.477759 ^ _1100_/A0 (sky130_fd_sc_hd__mux2_1)
     1    0.002005    0.036515    0.144765    0.622524 ^ _1100_/X (sky130_fd_sc_hd__mux2_1)
                                                         _0090_ (net)
                      0.036515    0.000000    0.622524 ^ _1586_/D (sky130_fd_sc_hd__dfrtp_2)
                                              0.622524   data arrival time

                      0.150000    0.000000    0.000000   clock clk_10mhz (rise edge)
                                  0.000000    0.000000   clock network delay (ideal)
                                  0.250000    0.250000   clock uncertainty
                                  0.000000    0.250000   clock reconvergence pessimism
                                              0.250000 ^ _1586_/CLK (sky130_fd_sc_hd__dfrtp_2)
                                 -0.018595    0.231405   library hold time
                                              0.231405   data required time
---------------------------------------------------------------------------------------------
                                              0.231405   data required time
                                             -0.622524   data arrival time
---------------------------------------------------------------------------------------------
                                              0.391119   slack (MET)


Startpoint: _1588_ (rising edge-triggered flip-flop clocked by clk_10mhz)
Endpoint: _1588_ (rising edge-triggered flip-flop clocked by clk_10mhz)
Path Group: clk_10mhz
Path Type: min

Fanout         Cap        Slew       Delay        Time   Description
---------------------------------------------------------------------------------------------
                      0.150000    0.000000    0.000000   clock clk_10mhz (rise edge)
                                  0.000000    0.000000   clock network delay (ideal)
                      0.150000    0.000000    0.000000 ^ _1588_/CLK (sky130_fd_sc_hd__dfrtp_2)
    17    0.031623    0.164002    0.477759    0.477759 ^ _1588_/Q (sky130_fd_sc_hd__dfrtp_2)
                                                         fifo_din[6] (net)
                      0.164002    0.000000    0.477759 ^ _1104_/A0 (sky130_fd_sc_hd__mux2_1)
     1    0.002005    0.036515    0.144765    0.622524 ^ _1104_/X (sky130_fd_sc_hd__mux2_1)
                                                         _0092_ (net)
                      0.036515    0.000000    0.622524 ^ _1588_/D (sky130_fd_sc_hd__dfrtp_2)
                                              0.622524   data arrival time

                      0.150000    0.000000    0.000000   clock clk_10mhz (rise edge)
                                  0.000000    0.000000   clock network delay (ideal)
                                  0.250000    0.250000   clock uncertainty
                                  0.000000    0.250000   clock reconvergence pessimism
                                              0.250000 ^ _1588_/CLK (sky130_fd_sc_hd__dfrtp_2)
                                 -0.018595    0.231405   library hold time
                                              0.231405   data required time
---------------------------------------------------------------------------------------------
                                              0.231405   data required time
                                             -0.622524   data arrival time
---------------------------------------------------------------------------------------------
                                              0.391119   slack (MET)


Startpoint: _1589_ (rising edge-triggered flip-flop clocked by clk_10mhz)
Endpoint: _1589_ (rising edge-triggered flip-flop clocked by clk_10mhz)
Path Group: clk_10mhz
Path Type: min

Fanout         Cap        Slew       Delay        Time   Description
---------------------------------------------------------------------------------------------
                      0.150000    0.000000    0.000000   clock clk_10mhz (rise edge)
                                  0.000000    0.000000   clock network delay (ideal)
                      0.150000    0.000000    0.000000 ^ _1589_/CLK (sky130_fd_sc_hd__dfrtp_2)
    17    0.032450    0.167573    0.480599    0.480599 ^ _1589_/Q (sky130_fd_sc_hd__dfrtp_2)
                                                         fifo_din[7] (net)
                      0.167573    0.000000    0.480599 ^ _1105_/A1 (sky130_fd_sc_hd__o21a_2)
     1    0.002005    0.027935    0.148197    0.628796 ^ _1105_/X (sky130_fd_sc_hd__o21a_2)
                                                         _0093_ (net)
                      0.027935    0.000000    0.628796 ^ _1589_/D (sky130_fd_sc_hd__dfrtp_2)
                                              0.628796   data arrival time

                      0.150000    0.000000    0.000000   clock clk_10mhz (rise edge)
                                  0.000000    0.000000   clock network delay (ideal)
                                  0.250000    0.250000   clock uncertainty
                                  0.000000    0.250000   clock reconvergence pessimism
                                              0.250000 ^ _1589_/CLK (sky130_fd_sc_hd__dfrtp_2)
                                 -0.016841    0.233159   library hold time
                                              0.233159   data required time
---------------------------------------------------------------------------------------------
                                              0.233159   data required time
                                             -0.628796   data arrival time
---------------------------------------------------------------------------------------------
                                              0.395637   slack (MET)


Startpoint: _1549_ (rising edge-triggered flip-flop clocked by clk_10mhz)
Endpoint: _1549_ (rising edge-triggered flip-flop clocked by clk_10mhz)
Path Group: clk_10mhz
Path Type: min

Fanout         Cap        Slew       Delay        Time   Description
---------------------------------------------------------------------------------------------
                      0.150000    0.000000    0.000000   clock clk_10mhz (rise edge)
                                  0.000000    0.000000   clock network delay (ideal)
                      0.150000    0.000000    0.000000 ^ _1549_/CLK (sky130_fd_sc_hd__dfrtp_2)
     5    0.011931    0.079020    0.409471    0.409471 ^ _1549_/Q (sky130_fd_sc_hd__dfrtp_2)
                                                         u_max30102_ctrl.clk_div[4] (net)
                      0.079020    0.000000    0.409471 ^ _0823_/A (sky130_fd_sc_hd__or2_2)
     1    0.001541    0.024040    0.102522    0.511993 ^ _0823_/X (sky130_fd_sc_hd__or2_2)
                                                         _0531_ (net)
                      0.024040    0.000000    0.511993 ^ _0824_/B (sky130_fd_sc_hd__and2_2)
     1    0.002005    0.033918    0.117163    0.629156 ^ _0824_/X (sky130_fd_sc_hd__and2_2)
                                                         _0015_ (net)
                      0.033918    0.000000    0.629156 ^ _1549_/D (sky130_fd_sc_hd__dfrtp_2)
                                              0.629156   data arrival time

                      0.150000    0.000000    0.000000   clock clk_10mhz (rise edge)
                                  0.000000    0.000000   clock network delay (ideal)
                                  0.250000    0.250000   clock uncertainty
                                  0.000000    0.250000   clock reconvergence pessimism
                                              0.250000 ^ _1549_/CLK (sky130_fd_sc_hd__dfrtp_2)
                                 -0.018064    0.231936   library hold time
                                              0.231936   data required time
---------------------------------------------------------------------------------------------
                                              0.231936   data required time
                                             -0.629156   data arrival time
---------------------------------------------------------------------------------------------
                                              0.397219   slack (MET)


Startpoint: _1497_ (rising edge-triggered flip-flop clocked by clk_10mhz)
Endpoint: _1497_ (rising edge-triggered flip-flop clocked by clk_10mhz)
Path Group: clk_10mhz
Path Type: min

Fanout         Cap        Slew       Delay        Time   Description
---------------------------------------------------------------------------------------------
                      0.150000    0.000000    0.000000   clock clk_10mhz (rise edge)
                                  0.000000    0.000000   clock network delay (ideal)
                      0.150000    0.000000    0.000000 ^ _1497_/CLK (sky130_fd_sc_hd__dfrtp_2)
     5    0.009465    0.068510    0.398863    0.398863 ^ _1497_/Q (sky130_fd_sc_hd__dfrtp_2)
                                                         u_srf_ctrl.timer[1] (net)
                      0.068510    0.000000    0.398863 ^ _0864_/B1 (sky130_fd_sc_hd__a21o_2)
     1    0.001532    0.021533    0.081608    0.480471 ^ _0864_/X (sky130_fd_sc_hd__a21o_2)
                                                         _0558_ (net)
                      0.021533    0.000000    0.480471 ^ _0865_/B (sky130_fd_sc_hd__and3b_2)
     1    0.002005    0.039157    0.150757    0.631228 ^ _0865_/X (sky130_fd_sc_hd__and3b_2)
                                                         _0023_ (net)
                      0.039157    0.000000    0.631228 ^ _1497_/D (sky130_fd_sc_hd__dfrtp_2)
                                              0.631228   data arrival time

                      0.150000    0.000000    0.000000   clock clk_10mhz (rise edge)
                                  0.000000    0.000000   clock network delay (ideal)
                                  0.250000    0.250000   clock uncertainty
                                  0.000000    0.250000   clock reconvergence pessimism
                                              0.250000 ^ _1497_/CLK (sky130_fd_sc_hd__dfrtp_2)
                                 -0.019135    0.230865   library hold time
                                              0.230865   data required time
---------------------------------------------------------------------------------------------
                                              0.230865   data required time
                                             -0.631228   data arrival time
---------------------------------------------------------------------------------------------
                                              0.400363   slack (MET)


Startpoint: _1546_ (rising edge-triggered flip-flop clocked by clk_10mhz)
Endpoint: _1546_ (rising edge-triggered flip-flop clocked by clk_10mhz)
Path Group: clk_10mhz
Path Type: min

Fanout         Cap        Slew       Delay        Time   Description
---------------------------------------------------------------------------------------------
                      0.150000    0.000000    0.000000   clock clk_10mhz (rise edge)
                                  0.000000    0.000000   clock network delay (ideal)
                      0.150000    0.000000    0.000000 ^ _1546_/CLK (sky130_fd_sc_hd__dfrtp_2)
     5    0.011601    0.077614    0.408051    0.408051 ^ _1546_/Q (sky130_fd_sc_hd__dfrtp_2)
                                                         u_max30102_ctrl.clk_div[1] (net)
                      0.077614    0.000000    0.408051 ^ _0811_/A (sky130_fd_sc_hd__nand2_2)
     2    0.009481    0.052508    0.066234    0.474286 v _0811_/Y (sky130_fd_sc_hd__nand2_2)
                                                         _0522_ (net)
                      0.052508    0.000000    0.474286 v _0816_/A (sky130_fd_sc_hd__and3_2)
     1    0.001949    0.031786    0.165913    0.640198 v _0816_/X (sky130_fd_sc_hd__and3_2)
                                                         _0012_ (net)
                      0.031786    0.000000    0.640198 v _1546_/D (sky130_fd_sc_hd__dfrtp_2)
                                              0.640198   data arrival time

                      0.150000    0.000000    0.000000   clock clk_10mhz (rise edge)
                                  0.000000    0.000000   clock network delay (ideal)
                                  0.250000    0.250000   clock uncertainty
                                  0.000000    0.250000   clock reconvergence pessimism
                                              0.250000 ^ _1546_/CLK (sky130_fd_sc_hd__dfrtp_2)
                                 -0.012789    0.237211   library hold time
                                              0.237211   data required time
---------------------------------------------------------------------------------------------
                                              0.237211   data required time
                                             -0.640198   data arrival time
---------------------------------------------------------------------------------------------
                                              0.402988   slack (MET)


Startpoint: _1548_ (rising edge-triggered flip-flop clocked by clk_10mhz)
Endpoint: _1548_ (rising edge-triggered flip-flop clocked by clk_10mhz)
Path Group: clk_10mhz
Path Type: min

Fanout         Cap        Slew       Delay        Time   Description
---------------------------------------------------------------------------------------------
                      0.150000    0.000000    0.000000   clock clk_10mhz (rise edge)
                                  0.000000    0.000000   clock network delay (ideal)
                      0.150000    0.000000    0.000000 ^ _1548_/CLK (sky130_fd_sc_hd__dfrtp_2)
     3    0.008718    0.065326    0.395650    0.395650 ^ _1548_/Q (sky130_fd_sc_hd__dfrtp_2)
                                                         u_max30102_ctrl.clk_div[3] (net)
                      0.065326    0.000000    0.395650 ^ _0820_/B1 (sky130_fd_sc_hd__a31o_2)
     1    0.001593    0.026474    0.089634    0.485284 ^ _0820_/X (sky130_fd_sc_hd__a31o_2)
                                                         _0529_ (net)
                      0.026474    0.000000    0.485284 ^ _0821_/C (sky130_fd_sc_hd__and3_2)
     1    0.002005    0.038935    0.155702    0.640986 ^ _0821_/X (sky130_fd_sc_hd__and3_2)
                                                         _0014_ (net)
                      0.038935    0.000000    0.640986 ^ _1548_/D (sky130_fd_sc_hd__dfrtp_2)
                                              0.640986   data arrival time

                      0.150000    0.000000    0.000000   clock clk_10mhz (rise edge)
                                  0.000000    0.000000   clock network delay (ideal)
                                  0.250000    0.250000   clock uncertainty
                                  0.000000    0.250000   clock reconvergence pessimism
                                              0.250000 ^ _1548_/CLK (sky130_fd_sc_hd__dfrtp_2)
                                 -0.019089    0.230911   library hold time
                                              0.230911   data required time
---------------------------------------------------------------------------------------------
                                              0.230911   data required time
                                             -0.640986   data arrival time
---------------------------------------------------------------------------------------------
                                              0.410075   slack (MET)


Startpoint: _1499_ (rising edge-triggered flip-flop clocked by clk_10mhz)
Endpoint: _1499_ (rising edge-triggered flip-flop clocked by clk_10mhz)
Path Group: clk_10mhz
Path Type: min

Fanout         Cap        Slew       Delay        Time   Description
---------------------------------------------------------------------------------------------
                      0.150000    0.000000    0.000000   clock clk_10mhz (rise edge)
                                  0.000000    0.000000   clock network delay (ideal)
                      0.150000    0.000000    0.000000 ^ _1499_/CLK (sky130_fd_sc_hd__dfrtp_2)
     4    0.014691    0.090894    0.419611    0.419611 ^ _1499_/Q (sky130_fd_sc_hd__dfrtp_2)
                                                         u_srf_ctrl.timer[3] (net)
                      0.090894    0.000000    0.419611 ^ _0870_/A (sky130_fd_sc_hd__xnor2_2)
     1    0.001541    0.028941    0.104954    0.524566 ^ _0870_/Y (sky130_fd_sc_hd__xnor2_2)
                                                         _0562_ (net)
                      0.028941    0.000000    0.524566 ^ _0871_/B (sky130_fd_sc_hd__and2_2)
     1    0.002005    0.033910    0.118644    0.643210 ^ _0871_/X (sky130_fd_sc_hd__and2_2)
                                                         _0025_ (net)
                      0.033910    0.000000    0.643210 ^ _1499_/D (sky130_fd_sc_hd__dfrtp_2)
                                              0.643210   data arrival time

                      0.150000    0.000000    0.000000   clock clk_10mhz (rise edge)
                                  0.000000    0.000000   clock network delay (ideal)
                                  0.250000    0.250000   clock uncertainty
                                  0.000000    0.250000   clock reconvergence pessimism
                                              0.250000 ^ _1499_/CLK (sky130_fd_sc_hd__dfrtp_2)
                                 -0.018062    0.231938   library hold time
                                              0.231938   data required time
---------------------------------------------------------------------------------------------
                                              0.231938   data required time
                                             -0.643210   data arrival time
---------------------------------------------------------------------------------------------
                                              0.411272   slack (MET)


Startpoint: _1763_ (rising edge-triggered flip-flop clocked by clk_10mhz)
Endpoint: _1763_ (rising edge-triggered flip-flop clocked by clk_10mhz)
Path Group: clk_10mhz
Path Type: min

Fanout         Cap        Slew       Delay        Time   Description
---------------------------------------------------------------------------------------------
                      0.150000    0.000000    0.000000   clock clk_10mhz (rise edge)
                                  0.000000    0.000000   clock network delay (ideal)
                      0.150000    0.000000    0.000000 ^ _1763_/CLK (sky130_fd_sc_hd__dfrtp_2)
     8    0.027132    0.096559    0.489558    0.489558 v _1763_/Q (sky130_fd_sc_hd__dfrtp_2)
                                                         u_srf_ctrl.echo_counter[8] (net)
                      0.096559    0.000000    0.489558 v _1460_/A (sky130_fd_sc_hd__nor2_2)
     1    0.004675    0.081163    0.126728    0.616286 ^ _1460_/Y (sky130_fd_sc_hd__nor2_2)
                                                         _0446_ (net)
                      0.081163    0.000000    0.616286 ^ _1462_/B (sky130_fd_sc_hd__nor3_2)
     1    0.001949    0.024735    0.045073    0.661359 v _1462_/Y (sky130_fd_sc_hd__nor3_2)
                                                         _0266_ (net)
                      0.024735    0.000000    0.661359 v _1763_/D (sky130_fd_sc_hd__dfrtp_2)
                                              0.661359   data arrival time

                      0.150000    0.000000    0.000000   clock clk_10mhz (rise edge)
                                  0.000000    0.000000   clock network delay (ideal)
                                  0.250000    0.250000   clock uncertainty
                                  0.000000    0.250000   clock reconvergence pessimism
                                              0.250000 ^ _1763_/CLK (sky130_fd_sc_hd__dfrtp_2)
                                 -0.009923    0.240077   library hold time
                                              0.240077   data required time
---------------------------------------------------------------------------------------------
                                              0.240077   data required time
                                             -0.661359   data arrival time
---------------------------------------------------------------------------------------------
                                              0.421281   slack (MET)


Startpoint: _1498_ (rising edge-triggered flip-flop clocked by clk_10mhz)
Endpoint: _1498_ (rising edge-triggered flip-flop clocked by clk_10mhz)
Path Group: clk_10mhz
Path Type: min

Fanout         Cap        Slew       Delay        Time   Description
---------------------------------------------------------------------------------------------
                      0.150000    0.000000    0.000000   clock clk_10mhz (rise edge)
                                  0.000000    0.000000   clock network delay (ideal)
                      0.150000    0.000000    0.000000 ^ _1498_/CLK (sky130_fd_sc_hd__dfrtp_2)
     5    0.011720    0.078121    0.408563    0.408563 ^ _1498_/Q (sky130_fd_sc_hd__dfrtp_2)
                                                         u_srf_ctrl.timer[2] (net)
                      0.078121    0.000000    0.408563 ^ _0866_/A (sky130_fd_sc_hd__nand2_2)
     2    0.009552    0.049077    0.066604    0.475167 v _0866_/Y (sky130_fd_sc_hd__nand2_2)
                                                         _0559_ (net)
                      0.049077    0.000000    0.475167 v _0868_/B (sky130_fd_sc_hd__and3_2)
     1    0.001949    0.031920    0.184669    0.659836 v _0868_/X (sky130_fd_sc_hd__and3_2)
                                                         _0024_ (net)
                      0.031920    0.000000    0.659836 v _1498_/D (sky130_fd_sc_hd__dfrtp_2)
                                              0.659836   data arrival time

                      0.150000    0.000000    0.000000   clock clk_10mhz (rise edge)
                                  0.000000    0.000000   clock network delay (ideal)
                                  0.250000    0.250000   clock uncertainty
                                  0.000000    0.250000   clock reconvergence pessimism
                                              0.250000 ^ _1498_/CLK (sky130_fd_sc_hd__dfrtp_2)
                                 -0.012844    0.237156   library hold time
                                              0.237156   data required time
---------------------------------------------------------------------------------------------
                                              0.237156   data required time
                                             -0.659836   data arrival time
---------------------------------------------------------------------------------------------
                                              0.422680   slack (MET)


Startpoint: _1771_ (rising edge-triggered flip-flop clocked by clk_10mhz)
Endpoint: _1708_ (rising edge-triggered flip-flop clocked by clk_10mhz)
Path Group: clk_10mhz
Path Type: min

Fanout         Cap        Slew       Delay        Time   Description
---------------------------------------------------------------------------------------------
                      0.150000    0.000000    0.000000   clock clk_10mhz (rise edge)
                                  0.000000    0.000000   clock network delay (ideal)
                      0.150000    0.000000    0.000000 ^ _1771_/CLK (sky130_fd_sc_hd__dfrtp_2)
     2    0.003018    0.040329    0.369071    0.369071 ^ _1771_/Q (sky130_fd_sc_hd__dfrtp_2)
                                                         fifo_rd_en (net)
                      0.040329    0.000000    0.369071 ^ _1245_/B (sky130_fd_sc_hd__and3_2)
     4    0.019698    0.120120    0.231011    0.600081 ^ _1245_/X (sky130_fd_sc_hd__and3_2)
                                                         _0287_ (net)
                      0.120120    0.000000    0.600081 ^ _1248_/B (sky130_fd_sc_hd__xnor2_2)
     1    0.001949    0.029942    0.061343    0.661424 v _1248_/Y (sky130_fd_sc_hd__xnor2_2)
                                                         _0211_ (net)
                      0.029942    0.000000    0.661424 v _1708_/D (sky130_fd_sc_hd__dfrtp_2)
                                              0.661424   data arrival time

                      0.150000    0.000000    0.000000   clock clk_10mhz (rise edge)
                                  0.000000    0.000000   clock network delay (ideal)
                                  0.250000    0.250000   clock uncertainty
                                  0.000000    0.250000   clock reconvergence pessimism
                                              0.250000 ^ _1708_/CLK (sky130_fd_sc_hd__dfrtp_2)
                                 -0.012040    0.237960   library hold time
                                              0.237960   data required time
---------------------------------------------------------------------------------------------
                                              0.237960   data required time
                                             -0.661424   data arrival time
---------------------------------------------------------------------------------------------
                                              0.423464   slack (MET)


Startpoint: _1764_ (rising edge-triggered flip-flop clocked by clk_10mhz)
Endpoint: _1764_ (rising edge-triggered flip-flop clocked by clk_10mhz)
Path Group: clk_10mhz
Path Type: min

Fanout         Cap        Slew       Delay        Time   Description
---------------------------------------------------------------------------------------------
                      0.150000    0.000000    0.000000   clock clk_10mhz (rise edge)
                                  0.000000    0.000000   clock network delay (ideal)
                      0.150000    0.000000    0.000000 ^ _1764_/CLK (sky130_fd_sc_hd__dfrtp_2)
     8    0.029263    0.101122    0.494744    0.494744 v _1764_/Q (sky130_fd_sc_hd__dfrtp_2)
                                                         u_srf_ctrl.echo_counter[9] (net)
                      0.101122    0.000000    0.494744 v _1463_/A (sky130_fd_sc_hd__nor2_2)
     1    0.004675    0.081029    0.128549    0.623292 ^ _1463_/Y (sky130_fd_sc_hd__nor2_2)
                                                         _0448_ (net)
                      0.081029    0.000000    0.623292 ^ _1465_/B (sky130_fd_sc_hd__nor3_2)
     1    0.001949    0.021582    0.045042    0.668334 v _1465_/Y (sky130_fd_sc_hd__nor3_2)
                                                         _0267_ (net)
                      0.021582    0.000000    0.668334 v _1764_/D (sky130_fd_sc_hd__dfrtp_2)
                                              0.668334   data arrival time

                      0.150000    0.000000    0.000000   clock clk_10mhz (rise edge)
                                  0.000000    0.000000   clock network delay (ideal)
                                  0.250000    0.250000   clock uncertainty
                                  0.000000    0.250000   clock reconvergence pessimism
                                              0.250000 ^ _1764_/CLK (sky130_fd_sc_hd__dfrtp_2)
                                 -0.008641    0.241359   library hold time
                                              0.241359   data required time
---------------------------------------------------------------------------------------------
                                              0.241359   data required time
                                             -0.668334   data arrival time
---------------------------------------------------------------------------------------------
                                              0.426975   slack (MET)


Startpoint: _1591_ (rising edge-triggered flip-flop clocked by clk_10mhz)
Endpoint: _1591_ (rising edge-triggered flip-flop clocked by clk_10mhz)
Path Group: clk_10mhz
Path Type: min

Fanout         Cap        Slew       Delay        Time   Description
---------------------------------------------------------------------------------------------
                      0.150000    0.000000    0.000000   clock clk_10mhz (rise edge)
                                  0.000000    0.000000   clock network delay (ideal)
                      0.150000    0.000000    0.000000 ^ _1591_/CLK (sky130_fd_sc_hd__dfrtp_2)
     5    0.015588    0.094767    0.422692    0.422692 ^ _1591_/Q (sky130_fd_sc_hd__dfrtp_2)
                                                         u_packet_assembler.state[0] (net)
                      0.094767    0.000000    0.422692 ^ _0759_/A (sky130_fd_sc_hd__inv_2)
     4    0.011072    0.039801    0.056295    0.478986 v _0759_/Y (sky130_fd_sc_hd__inv_2)
                                                         _0477_ (net)
                      0.039801    0.000000    0.478986 v _1109_/S (sky130_fd_sc_hd__mux2_1)
     1    0.002005    0.036528    0.180605    0.659591 ^ _1109_/X (sky130_fd_sc_hd__mux2_1)
                                                         _0094_ (net)
                      0.036528    0.000000    0.659591 ^ _1591_/D (sky130_fd_sc_hd__dfrtp_2)
                                              0.659591   data arrival time

                      0.150000    0.000000    0.000000   clock clk_10mhz (rise edge)
                                  0.000000    0.000000   clock network delay (ideal)
                                  0.250000    0.250000   clock uncertainty
                                  0.000000    0.250000   clock reconvergence pessimism
                                              0.250000 ^ _1591_/CLK (sky130_fd_sc_hd__dfrtp_2)
                                 -0.018597    0.231403   library hold time
                                              0.231403   data required time
---------------------------------------------------------------------------------------------
                                              0.231403   data required time
                                             -0.659591   data arrival time
---------------------------------------------------------------------------------------------
                                              0.428188   slack (MET)


Startpoint: _1715_ (rising edge-triggered flip-flop clocked by clk_10mhz)
Endpoint: _1715_ (rising edge-triggered flip-flop clocked by clk_10mhz)
Path Group: clk_10mhz
Path Type: min

Fanout         Cap        Slew       Delay        Time   Description
---------------------------------------------------------------------------------------------
                      0.150000    0.000000    0.000000   clock clk_10mhz (rise edge)
                                  0.000000    0.000000   clock network delay (ideal)
                      0.150000    0.000000    0.000000 ^ _1715_/CLK (sky130_fd_sc_hd__dfrtp_2)
     7    0.021897    0.122008    0.444358    0.444358 ^ _1715_/Q (sky130_fd_sc_hd__dfrtp_2)
                                                         u_fifo.wr_ptr[3] (net)
                      0.122008    0.000000    0.444358 ^ _1261_/B1 (sky130_fd_sc_hd__a21o_2)
     1    0.001689    0.023604    0.099401    0.543759 ^ _1261_/X (sky130_fd_sc_hd__a21o_2)
                                                         _0295_ (net)
                      0.023604    0.000000    0.543759 ^ _1262_/B (sky130_fd_sc_hd__and2b_2)
     1    0.002005    0.031704    0.118064    0.661824 ^ _1262_/X (sky130_fd_sc_hd__and2b_2)
                                                         _0218_ (net)
                      0.031704    0.000000    0.661824 ^ _1715_/D (sky130_fd_sc_hd__dfrtp_2)
                                              0.661824   data arrival time

                      0.150000    0.000000    0.000000   clock clk_10mhz (rise edge)
                                  0.000000    0.000000   clock network delay (ideal)
                                  0.250000    0.250000   clock uncertainty
                                  0.000000    0.250000   clock reconvergence pessimism
                                              0.250000 ^ _1715_/CLK (sky130_fd_sc_hd__dfrtp_2)
                                 -0.017611    0.232389   library hold time
                                              0.232389   data required time
---------------------------------------------------------------------------------------------
                                              0.232389   data required time
                                             -0.661824   data arrival time
---------------------------------------------------------------------------------------------
                                              0.429435   slack (MET)


Startpoint: _1762_ (rising edge-triggered flip-flop clocked by clk_10mhz)
Endpoint: _1762_ (rising edge-triggered flip-flop clocked by clk_10mhz)
Path Group: clk_10mhz
Path Type: min

Fanout         Cap        Slew       Delay        Time   Description
---------------------------------------------------------------------------------------------
                      0.150000    0.000000    0.000000   clock clk_10mhz (rise edge)
                                  0.000000    0.000000   clock network delay (ideal)
                      0.150000    0.000000    0.000000 ^ _1762_/CLK (sky130_fd_sc_hd__dfrtp_2)
    11    0.033383    0.171601    0.483803    0.483803 ^ _1762_/Q (sky130_fd_sc_hd__dfrtp_2)
                                                         u_srf_ctrl.echo_counter[7] (net)
                      0.171601    0.000000    0.483803 ^ _1459_/A1 (sky130_fd_sc_hd__o211a_2)
     1    0.002005    0.037868    0.188701    0.672505 ^ _1459_/X (sky130_fd_sc_hd__o211a_2)
                                                         _0265_ (net)
                      0.037868    0.000000    0.672505 ^ _1762_/D (sky130_fd_sc_hd__dfrtp_2)
                                              0.672505   data arrival time

                      0.150000    0.000000    0.000000   clock clk_10mhz (rise edge)
                                  0.000000    0.000000   clock network delay (ideal)
                                  0.250000    0.250000   clock uncertainty
                                  0.000000    0.250000   clock reconvergence pessimism
                                              0.250000 ^ _1762_/CLK (sky130_fd_sc_hd__dfrtp_2)
                                 -0.018871    0.231129   library hold time
                                              0.231129   data required time
---------------------------------------------------------------------------------------------
                                              0.231129   data required time
                                             -0.672505   data arrival time
---------------------------------------------------------------------------------------------
                                              0.441376   slack (MET)


Startpoint: _1710_ (rising edge-triggered flip-flop clocked by clk_10mhz)
Endpoint: _1710_ (rising edge-triggered flip-flop clocked by clk_10mhz)
Path Group: clk_10mhz
Path Type: min

Fanout         Cap        Slew       Delay        Time   Description
---------------------------------------------------------------------------------------------
                      0.150000    0.000000    0.000000   clock clk_10mhz (rise edge)
                                  0.000000    0.000000   clock network delay (ideal)
                      0.150000    0.000000    0.000000 ^ _1710_/CLK (sky130_fd_sc_hd__dfrtp_2)
     9    0.025840    0.093793    0.486413    0.486413 v _1710_/Q (sky130_fd_sc_hd__dfrtp_2)
                                                         u_fifo.rd_ptr[3] (net)
                      0.093793    0.000000    0.486413 v _0756_/A (sky130_fd_sc_hd__inv_2)
     8    0.023148    0.113502    0.126648    0.613061 ^ _0756_/Y (sky130_fd_sc_hd__inv_2)
                                                         _0475_ (net)
                      0.113502    0.000000    0.613061 ^ _1254_/A (sky130_fd_sc_hd__xnor2_2)
     1    0.001949    0.028213    0.071218    0.684280 v _1254_/Y (sky130_fd_sc_hd__xnor2_2)
                                                         _0213_ (net)
                      0.028213    0.000000    0.684280 v _1710_/D (sky130_fd_sc_hd__dfrtp_2)
                                              0.684280   data arrival time

                      0.150000    0.000000    0.000000   clock clk_10mhz (rise edge)
                                  0.000000    0.000000   clock network delay (ideal)
                                  0.250000    0.250000   clock uncertainty
                                  0.000000    0.250000   clock reconvergence pessimism
                                              0.250000 ^ _1710_/CLK (sky130_fd_sc_hd__dfrtp_2)
                                 -0.011337    0.238663   library hold time
                                              0.238663   data required time
---------------------------------------------------------------------------------------------
                                              0.238663   data required time
                                             -0.684280   data arrival time
---------------------------------------------------------------------------------------------
                                              0.445616   slack (MET)


Startpoint: _1495_ (rising edge-triggered flip-flop clocked by clk_10mhz)
Endpoint: _1520_ (removal check against rising-edge clock clk_10mhz)
Path Group: asynchronous
Path Type: min

Fanout         Cap        Slew       Delay        Time   Description
---------------------------------------------------------------------------------------------
                      0.150000    0.000000    0.000000   clock clk_10mhz (rise edge)
                                  0.000000    0.000000   clock network delay (ideal)
                      0.150000    0.000000    0.000000 ^ _1495_/CLK (sky130_fd_sc_hd__dfrtp_2)
     2    0.034983    0.178509    0.489298    0.489298 ^ _1495_/Q (sky130_fd_sc_hd__dfrtp_2)
                                                         pwr_ctrl (net)
                      0.178509    0.000000    0.489298 ^ _0807_/B (sky130_fd_sc_hd__and2_2)
    54    0.194856    0.969738    0.830444    1.319742 ^ _0807_/X (sky130_fd_sc_hd__and2_2)
                                                         u_max30102_ctrl.rst_n (net)
                      0.969738    0.000000    1.319742 ^ _1520_/RESET_B (sky130_fd_sc_hd__dfrtp_2)
                                              1.319742   data arrival time

                      0.150000    0.000000    0.000000   clock clk_10mhz (rise edge)
                                  0.000000    0.000000   clock network delay (ideal)
                                  0.250000    0.250000   clock uncertainty
                                  0.000000    0.250000   clock reconvergence pessimism
                                              0.250000 ^ _1520_/CLK (sky130_fd_sc_hd__dfrtp_2)
                                  0.597912    0.847912   library removal time
                                              0.847912   data required time
---------------------------------------------------------------------------------------------
                                              0.847912   data required time
                                             -1.319742   data arrival time
---------------------------------------------------------------------------------------------
                                              0.471830   slack (MET)


Startpoint: _1495_ (rising edge-triggered flip-flop clocked by clk_10mhz)
Endpoint: _1521_ (removal check against rising-edge clock clk_10mhz)
Path Group: asynchronous
Path Type: min

Fanout         Cap        Slew       Delay        Time   Description
---------------------------------------------------------------------------------------------
                      0.150000    0.000000    0.000000   clock clk_10mhz (rise edge)
                                  0.000000    0.000000   clock network delay (ideal)
                      0.150000    0.000000    0.000000 ^ _1495_/CLK (sky130_fd_sc_hd__dfrtp_2)
     2    0.034983    0.178509    0.489298    0.489298 ^ _1495_/Q (sky130_fd_sc_hd__dfrtp_2)
                                                         pwr_ctrl (net)
                      0.178509    0.000000    0.489298 ^ _0807_/B (sky130_fd_sc_hd__and2_2)
    54    0.194856    0.969738    0.830444    1.319742 ^ _0807_/X (sky130_fd_sc_hd__and2_2)
                                                         u_max30102_ctrl.rst_n (net)
                      0.969738    0.000000    1.319742 ^ _1521_/RESET_B (sky130_fd_sc_hd__dfrtp_2)
                                              1.319742   data arrival time

                      0.150000    0.000000    0.000000   clock clk_10mhz (rise edge)
                                  0.000000    0.000000   clock network delay (ideal)
                                  0.250000    0.250000   clock uncertainty
                                  0.000000    0.250000   clock reconvergence pessimism
                                              0.250000 ^ _1521_/CLK (sky130_fd_sc_hd__dfrtp_2)
                                  0.597912    0.847912   library removal time
                                              0.847912   data required time
---------------------------------------------------------------------------------------------
                                              0.847912   data required time
                                             -1.319742   data arrival time
---------------------------------------------------------------------------------------------
                                              0.471830   slack (MET)


Startpoint: _1495_ (rising edge-triggered flip-flop clocked by clk_10mhz)
Endpoint: _1522_ (removal check against rising-edge clock clk_10mhz)
Path Group: asynchronous
Path Type: min

Fanout         Cap        Slew       Delay        Time   Description
---------------------------------------------------------------------------------------------
                      0.150000    0.000000    0.000000   clock clk_10mhz (rise edge)
                                  0.000000    0.000000   clock network delay (ideal)
                      0.150000    0.000000    0.000000 ^ _1495_/CLK (sky130_fd_sc_hd__dfrtp_2)
     2    0.034983    0.178509    0.489298    0.489298 ^ _1495_/Q (sky130_fd_sc_hd__dfrtp_2)
                                                         pwr_ctrl (net)
                      0.178509    0.000000    0.489298 ^ _0807_/B (sky130_fd_sc_hd__and2_2)
    54    0.194856    0.969738    0.830444    1.319742 ^ _0807_/X (sky130_fd_sc_hd__and2_2)
                                                         u_max30102_ctrl.rst_n (net)
                      0.969738    0.000000    1.319742 ^ _1522_/RESET_B (sky130_fd_sc_hd__dfrtp_2)
                                              1.319742   data arrival time

                      0.150000    0.000000    0.000000   clock clk_10mhz (rise edge)
                                  0.000000    0.000000   clock network delay (ideal)
                                  0.250000    0.250000   clock uncertainty
                                  0.000000    0.250000   clock reconvergence pessimism
                                              0.250000 ^ _1522_/CLK (sky130_fd_sc_hd__dfrtp_2)
                                  0.597912    0.847912   library removal time
                                              0.847912   data required time
---------------------------------------------------------------------------------------------
                                              0.847912   data required time
                                             -1.319742   data arrival time
---------------------------------------------------------------------------------------------
                                              0.471830   slack (MET)


Startpoint: _1495_ (rising edge-triggered flip-flop clocked by clk_10mhz)
Endpoint: _1523_ (removal check against rising-edge clock clk_10mhz)
Path Group: asynchronous
Path Type: min

Fanout         Cap        Slew       Delay        Time   Description
---------------------------------------------------------------------------------------------
                      0.150000    0.000000    0.000000   clock clk_10mhz (rise edge)
                                  0.000000    0.000000   clock network delay (ideal)
                      0.150000    0.000000    0.000000 ^ _1495_/CLK (sky130_fd_sc_hd__dfrtp_2)
     2    0.034983    0.178509    0.489298    0.489298 ^ _1495_/Q (sky130_fd_sc_hd__dfrtp_2)
                                                         pwr_ctrl (net)
                      0.178509    0.000000    0.489298 ^ _0807_/B (sky130_fd_sc_hd__and2_2)
    54    0.194856    0.969738    0.830444    1.319742 ^ _0807_/X (sky130_fd_sc_hd__and2_2)
                                                         u_max30102_ctrl.rst_n (net)
                      0.969738    0.000000    1.319742 ^ _1523_/RESET_B (sky130_fd_sc_hd__dfrtp_2)
                                              1.319742   data arrival time

                      0.150000    0.000000    0.000000   clock clk_10mhz (rise edge)
                                  0.000000    0.000000   clock network delay (ideal)
                                  0.250000    0.250000   clock uncertainty
                                  0.000000    0.250000   clock reconvergence pessimism
                                              0.250000 ^ _1523_/CLK (sky130_fd_sc_hd__dfrtp_2)
                                  0.597912    0.847912   library removal time
                                              0.847912   data required time
---------------------------------------------------------------------------------------------
                                              0.847912   data required time
                                             -1.319742   data arrival time
---------------------------------------------------------------------------------------------
                                              0.471830   slack (MET)


Startpoint: _1495_ (rising edge-triggered flip-flop clocked by clk_10mhz)
Endpoint: _1524_ (removal check against rising-edge clock clk_10mhz)
Path Group: asynchronous
Path Type: min

Fanout         Cap        Slew       Delay        Time   Description
---------------------------------------------------------------------------------------------
                      0.150000    0.000000    0.000000   clock clk_10mhz (rise edge)
                                  0.000000    0.000000   clock network delay (ideal)
                      0.150000    0.000000    0.000000 ^ _1495_/CLK (sky130_fd_sc_hd__dfrtp_2)
     2    0.034983    0.178509    0.489298    0.489298 ^ _1495_/Q (sky130_fd_sc_hd__dfrtp_2)
                                                         pwr_ctrl (net)
                      0.178509    0.000000    0.489298 ^ _0807_/B (sky130_fd_sc_hd__and2_2)
    54    0.194856    0.969738    0.830444    1.319742 ^ _0807_/X (sky130_fd_sc_hd__and2_2)
                                                         u_max30102_ctrl.rst_n (net)
                      0.969738    0.000000    1.319742 ^ _1524_/RESET_B (sky130_fd_sc_hd__dfrtp_2)
                                              1.319742   data arrival time

                      0.150000    0.000000    0.000000   clock clk_10mhz (rise edge)
                                  0.000000    0.000000   clock network delay (ideal)
                                  0.250000    0.250000   clock uncertainty
                                  0.000000    0.250000   clock reconvergence pessimism
                                              0.250000 ^ _1524_/CLK (sky130_fd_sc_hd__dfrtp_2)
                                  0.597912    0.847912   library removal time
                                              0.847912   data required time
---------------------------------------------------------------------------------------------
                                              0.847912   data required time
                                             -1.319742   data arrival time
---------------------------------------------------------------------------------------------
                                              0.471830   slack (MET)


Startpoint: _1495_ (rising edge-triggered flip-flop clocked by clk_10mhz)
Endpoint: _1525_ (removal check against rising-edge clock clk_10mhz)
Path Group: asynchronous
Path Type: min

Fanout         Cap        Slew       Delay        Time   Description
---------------------------------------------------------------------------------------------
                      0.150000    0.000000    0.000000   clock clk_10mhz (rise edge)
                                  0.000000    0.000000   clock network delay (ideal)
                      0.150000    0.000000    0.000000 ^ _1495_/CLK (sky130_fd_sc_hd__dfrtp_2)
     2    0.034983    0.178509    0.489298    0.489298 ^ _1495_/Q (sky130_fd_sc_hd__dfrtp_2)
                                                         pwr_ctrl (net)
                      0.178509    0.000000    0.489298 ^ _0807_/B (sky130_fd_sc_hd__and2_2)
    54    0.194856    0.969738    0.830444    1.319742 ^ _0807_/X (sky130_fd_sc_hd__and2_2)
                                                         u_max30102_ctrl.rst_n (net)
                      0.969738    0.000000    1.319742 ^ _1525_/RESET_B (sky130_fd_sc_hd__dfrtp_2)
                                              1.319742   data arrival time

                      0.150000    0.000000    0.000000   clock clk_10mhz (rise edge)
                                  0.000000    0.000000   clock network delay (ideal)
                                  0.250000    0.250000   clock uncertainty
                                  0.000000    0.250000   clock reconvergence pessimism
                                              0.250000 ^ _1525_/CLK (sky130_fd_sc_hd__dfrtp_2)
                                  0.597912    0.847912   library removal time
                                              0.847912   data required time
---------------------------------------------------------------------------------------------
                                              0.847912   data required time
                                             -1.319742   data arrival time
---------------------------------------------------------------------------------------------
                                              0.471830   slack (MET)


Startpoint: _1495_ (rising edge-triggered flip-flop clocked by clk_10mhz)
Endpoint: _1526_ (removal check against rising-edge clock clk_10mhz)
Path Group: asynchronous
Path Type: min

Fanout         Cap        Slew       Delay        Time   Description
---------------------------------------------------------------------------------------------
                      0.150000    0.000000    0.000000   clock clk_10mhz (rise edge)
                                  0.000000    0.000000   clock network delay (ideal)
                      0.150000    0.000000    0.000000 ^ _1495_/CLK (sky130_fd_sc_hd__dfrtp_2)
     2    0.034983    0.178509    0.489298    0.489298 ^ _1495_/Q (sky130_fd_sc_hd__dfrtp_2)
                                                         pwr_ctrl (net)
                      0.178509    0.000000    0.489298 ^ _0807_/B (sky130_fd_sc_hd__and2_2)
    54    0.194856    0.969738    0.830444    1.319742 ^ _0807_/X (sky130_fd_sc_hd__and2_2)
                                                         u_max30102_ctrl.rst_n (net)
                      0.969738    0.000000    1.319742 ^ _1526_/RESET_B (sky130_fd_sc_hd__dfrtp_2)
                                              1.319742   data arrival time

                      0.150000    0.000000    0.000000   clock clk_10mhz (rise edge)
                                  0.000000    0.000000   clock network delay (ideal)
                                  0.250000    0.250000   clock uncertainty
                                  0.000000    0.250000   clock reconvergence pessimism
                                              0.250000 ^ _1526_/CLK (sky130_fd_sc_hd__dfrtp_2)
                                  0.597912    0.847912   library removal time
                                              0.847912   data required time
---------------------------------------------------------------------------------------------
                                              0.847912   data required time
                                             -1.319742   data arrival time
---------------------------------------------------------------------------------------------
                                              0.471830   slack (MET)


Startpoint: _1495_ (rising edge-triggered flip-flop clocked by clk_10mhz)
Endpoint: _1527_ (removal check against rising-edge clock clk_10mhz)
Path Group: asynchronous
Path Type: min

Fanout         Cap        Slew       Delay        Time   Description
---------------------------------------------------------------------------------------------
                      0.150000    0.000000    0.000000   clock clk_10mhz (rise edge)
                                  0.000000    0.000000   clock network delay (ideal)
                      0.150000    0.000000    0.000000 ^ _1495_/CLK (sky130_fd_sc_hd__dfrtp_2)
     2    0.034983    0.178509    0.489298    0.489298 ^ _1495_/Q (sky130_fd_sc_hd__dfrtp_2)
                                                         pwr_ctrl (net)
                      0.178509    0.000000    0.489298 ^ _0807_/B (sky130_fd_sc_hd__and2_2)
    54    0.194856    0.969738    0.830444    1.319742 ^ _0807_/X (sky130_fd_sc_hd__and2_2)
                                                         u_max30102_ctrl.rst_n (net)
                      0.969738    0.000000    1.319742 ^ _1527_/RESET_B (sky130_fd_sc_hd__dfrtp_2)
                                              1.319742   data arrival time

                      0.150000    0.000000    0.000000   clock clk_10mhz (rise edge)
                                  0.000000    0.000000   clock network delay (ideal)
                                  0.250000    0.250000   clock uncertainty
                                  0.000000    0.250000   clock reconvergence pessimism
                                              0.250000 ^ _1527_/CLK (sky130_fd_sc_hd__dfrtp_2)
                                  0.597912    0.847912   library removal time
                                              0.847912   data required time
---------------------------------------------------------------------------------------------
                                              0.847912   data required time
                                             -1.319742   data arrival time
---------------------------------------------------------------------------------------------
                                              0.471830   slack (MET)


Startpoint: _1495_ (rising edge-triggered flip-flop clocked by clk_10mhz)
Endpoint: _1528_ (removal check against rising-edge clock clk_10mhz)
Path Group: asynchronous
Path Type: min

Fanout         Cap        Slew       Delay        Time   Description
---------------------------------------------------------------------------------------------
                      0.150000    0.000000    0.000000   clock clk_10mhz (rise edge)
                                  0.000000    0.000000   clock network delay (ideal)
                      0.150000    0.000000    0.000000 ^ _1495_/CLK (sky130_fd_sc_hd__dfrtp_2)
     2    0.034983    0.178509    0.489298    0.489298 ^ _1495_/Q (sky130_fd_sc_hd__dfrtp_2)
                                                         pwr_ctrl (net)
                      0.178509    0.000000    0.489298 ^ _0807_/B (sky130_fd_sc_hd__and2_2)
    54    0.194856    0.969738    0.830444    1.319742 ^ _0807_/X (sky130_fd_sc_hd__and2_2)
                                                         u_max30102_ctrl.rst_n (net)
                      0.969738    0.000000    1.319742 ^ _1528_/RESET_B (sky130_fd_sc_hd__dfrtp_2)
                                              1.319742   data arrival time

                      0.150000    0.000000    0.000000   clock clk_10mhz (rise edge)
                                  0.000000    0.000000   clock network delay (ideal)
                                  0.250000    0.250000   clock uncertainty
                                  0.000000    0.250000   clock reconvergence pessimism
                                              0.250000 ^ _1528_/CLK (sky130_fd_sc_hd__dfrtp_2)
                                  0.597912    0.847912   library removal time
                                              0.847912   data required time
---------------------------------------------------------------------------------------------
                                              0.847912   data required time
                                             -1.319742   data arrival time
---------------------------------------------------------------------------------------------
                                              0.471830   slack (MET)


Startpoint: _1495_ (rising edge-triggered flip-flop clocked by clk_10mhz)
Endpoint: _1529_ (removal check against rising-edge clock clk_10mhz)
Path Group: asynchronous
Path Type: min

Fanout         Cap        Slew       Delay        Time   Description
---------------------------------------------------------------------------------------------
                      0.150000    0.000000    0.000000   clock clk_10mhz (rise edge)
                                  0.000000    0.000000   clock network delay (ideal)
                      0.150000    0.000000    0.000000 ^ _1495_/CLK (sky130_fd_sc_hd__dfrtp_2)
     2    0.034983    0.178509    0.489298    0.489298 ^ _1495_/Q (sky130_fd_sc_hd__dfrtp_2)
                                                         pwr_ctrl (net)
                      0.178509    0.000000    0.489298 ^ _0807_/B (sky130_fd_sc_hd__and2_2)
    54    0.194856    0.969738    0.830444    1.319742 ^ _0807_/X (sky130_fd_sc_hd__and2_2)
                                                         u_max30102_ctrl.rst_n (net)
                      0.969738    0.000000    1.319742 ^ _1529_/RESET_B (sky130_fd_sc_hd__dfrtp_2)
                                              1.319742   data arrival time

                      0.150000    0.000000    0.000000   clock clk_10mhz (rise edge)
                                  0.000000    0.000000   clock network delay (ideal)
                                  0.250000    0.250000   clock uncertainty
                                  0.000000    0.250000   clock reconvergence pessimism
                                              0.250000 ^ _1529_/CLK (sky130_fd_sc_hd__dfrtp_2)
                                  0.597912    0.847912   library removal time
                                              0.847912   data required time
---------------------------------------------------------------------------------------------
                                              0.847912   data required time
                                             -1.319742   data arrival time
---------------------------------------------------------------------------------------------
                                              0.471830   slack (MET)


Startpoint: _1495_ (rising edge-triggered flip-flop clocked by clk_10mhz)
Endpoint: _1530_ (removal check against rising-edge clock clk_10mhz)
Path Group: asynchronous
Path Type: min

Fanout         Cap        Slew       Delay        Time   Description
---------------------------------------------------------------------------------------------
                      0.150000    0.000000    0.000000   clock clk_10mhz (rise edge)
                                  0.000000    0.000000   clock network delay (ideal)
                      0.150000    0.000000    0.000000 ^ _1495_/CLK (sky130_fd_sc_hd__dfrtp_2)
     2    0.034983    0.178509    0.489298    0.489298 ^ _1495_/Q (sky130_fd_sc_hd__dfrtp_2)
                                                         pwr_ctrl (net)
                      0.178509    0.000000    0.489298 ^ _0807_/B (sky130_fd_sc_hd__and2_2)
    54    0.194856    0.969738    0.830444    1.319742 ^ _0807_/X (sky130_fd_sc_hd__and2_2)
                                                         u_max30102_ctrl.rst_n (net)
                      0.969738    0.000000    1.319742 ^ _1530_/RESET_B (sky130_fd_sc_hd__dfrtp_2)
                                              1.319742   data arrival time

                      0.150000    0.000000    0.000000   clock clk_10mhz (rise edge)
                                  0.000000    0.000000   clock network delay (ideal)
                                  0.250000    0.250000   clock uncertainty
                                  0.000000    0.250000   clock reconvergence pessimism
                                              0.250000 ^ _1530_/CLK (sky130_fd_sc_hd__dfrtp_2)
                                  0.597912    0.847912   library removal time
                                              0.847912   data required time
---------------------------------------------------------------------------------------------
                                              0.847912   data required time
                                             -1.319742   data arrival time
---------------------------------------------------------------------------------------------
                                              0.471830   slack (MET)


Startpoint: _1495_ (rising edge-triggered flip-flop clocked by clk_10mhz)
Endpoint: _1531_ (removal check against rising-edge clock clk_10mhz)
Path Group: asynchronous
Path Type: min

Fanout         Cap        Slew       Delay        Time   Description
---------------------------------------------------------------------------------------------
                      0.150000    0.000000    0.000000   clock clk_10mhz (rise edge)
                                  0.000000    0.000000   clock network delay (ideal)
                      0.150000    0.000000    0.000000 ^ _1495_/CLK (sky130_fd_sc_hd__dfrtp_2)
     2    0.034983    0.178509    0.489298    0.489298 ^ _1495_/Q (sky130_fd_sc_hd__dfrtp_2)
                                                         pwr_ctrl (net)
                      0.178509    0.000000    0.489298 ^ _0807_/B (sky130_fd_sc_hd__and2_2)
    54    0.194856    0.969738    0.830444    1.319742 ^ _0807_/X (sky130_fd_sc_hd__and2_2)
                                                         u_max30102_ctrl.rst_n (net)
                      0.969738    0.000000    1.319742 ^ _1531_/RESET_B (sky130_fd_sc_hd__dfrtp_2)
                                              1.319742   data arrival time

                      0.150000    0.000000    0.000000   clock clk_10mhz (rise edge)
                                  0.000000    0.000000   clock network delay (ideal)
                                  0.250000    0.250000   clock uncertainty
                                  0.000000    0.250000   clock reconvergence pessimism
                                              0.250000 ^ _1531_/CLK (sky130_fd_sc_hd__dfrtp_2)
                                  0.597912    0.847912   library removal time
                                              0.847912   data required time
---------------------------------------------------------------------------------------------
                                              0.847912   data required time
                                             -1.319742   data arrival time
---------------------------------------------------------------------------------------------
                                              0.471830   slack (MET)


Startpoint: _1495_ (rising edge-triggered flip-flop clocked by clk_10mhz)
Endpoint: _1532_ (removal check against rising-edge clock clk_10mhz)
Path Group: asynchronous
Path Type: min

Fanout         Cap        Slew       Delay        Time   Description
---------------------------------------------------------------------------------------------
                      0.150000    0.000000    0.000000   clock clk_10mhz (rise edge)
                                  0.000000    0.000000   clock network delay (ideal)
                      0.150000    0.000000    0.000000 ^ _1495_/CLK (sky130_fd_sc_hd__dfrtp_2)
     2    0.034983    0.178509    0.489298    0.489298 ^ _1495_/Q (sky130_fd_sc_hd__dfrtp_2)
                                                         pwr_ctrl (net)
                      0.178509    0.000000    0.489298 ^ _0807_/B (sky130_fd_sc_hd__and2_2)
    54    0.194856    0.969738    0.830444    1.319742 ^ _0807_/X (sky130_fd_sc_hd__and2_2)
                                                         u_max30102_ctrl.rst_n (net)
                      0.969738    0.000000    1.319742 ^ _1532_/RESET_B (sky130_fd_sc_hd__dfrtp_2)
                                              1.319742   data arrival time

                      0.150000    0.000000    0.000000   clock clk_10mhz (rise edge)
                                  0.000000    0.000000   clock network delay (ideal)
                                  0.250000    0.250000   clock uncertainty
                                  0.000000    0.250000   clock reconvergence pessimism
                                              0.250000 ^ _1532_/CLK (sky130_fd_sc_hd__dfrtp_2)
                                  0.597912    0.847912   library removal time
                                              0.847912   data required time
---------------------------------------------------------------------------------------------
                                              0.847912   data required time
                                             -1.319742   data arrival time
---------------------------------------------------------------------------------------------
                                              0.471830   slack (MET)


Startpoint: _1495_ (rising edge-triggered flip-flop clocked by clk_10mhz)
Endpoint: _1533_ (removal check against rising-edge clock clk_10mhz)
Path Group: asynchronous
Path Type: min

Fanout         Cap        Slew       Delay        Time   Description
---------------------------------------------------------------------------------------------
                      0.150000    0.000000    0.000000   clock clk_10mhz (rise edge)
                                  0.000000    0.000000   clock network delay (ideal)
                      0.150000    0.000000    0.000000 ^ _1495_/CLK (sky130_fd_sc_hd__dfrtp_2)
     2    0.034983    0.178509    0.489298    0.489298 ^ _1495_/Q (sky130_fd_sc_hd__dfrtp_2)
                                                         pwr_ctrl (net)
                      0.178509    0.000000    0.489298 ^ _0807_/B (sky130_fd_sc_hd__and2_2)
    54    0.194856    0.969738    0.830444    1.319742 ^ _0807_/X (sky130_fd_sc_hd__and2_2)
                                                         u_max30102_ctrl.rst_n (net)
                      0.969738    0.000000    1.319742 ^ _1533_/RESET_B (sky130_fd_sc_hd__dfrtp_2)
                                              1.319742   data arrival time

                      0.150000    0.000000    0.000000   clock clk_10mhz (rise edge)
                                  0.000000    0.000000   clock network delay (ideal)
                                  0.250000    0.250000   clock uncertainty
                                  0.000000    0.250000   clock reconvergence pessimism
                                              0.250000 ^ _1533_/CLK (sky130_fd_sc_hd__dfrtp_2)
                                  0.597912    0.847912   library removal time
                                              0.847912   data required time
---------------------------------------------------------------------------------------------
                                              0.847912   data required time
                                             -1.319742   data arrival time
---------------------------------------------------------------------------------------------
                                              0.471830   slack (MET)


Startpoint: _1495_ (rising edge-triggered flip-flop clocked by clk_10mhz)
Endpoint: _1534_ (removal check against rising-edge clock clk_10mhz)
Path Group: asynchronous
Path Type: min

Fanout         Cap        Slew       Delay        Time   Description
---------------------------------------------------------------------------------------------
                      0.150000    0.000000    0.000000   clock clk_10mhz (rise edge)
                                  0.000000    0.000000   clock network delay (ideal)
                      0.150000    0.000000    0.000000 ^ _1495_/CLK (sky130_fd_sc_hd__dfrtp_2)
     2    0.034983    0.178509    0.489298    0.489298 ^ _1495_/Q (sky130_fd_sc_hd__dfrtp_2)
                                                         pwr_ctrl (net)
                      0.178509    0.000000    0.489298 ^ _0807_/B (sky130_fd_sc_hd__and2_2)
    54    0.194856    0.969738    0.830444    1.319742 ^ _0807_/X (sky130_fd_sc_hd__and2_2)
                                                         u_max30102_ctrl.rst_n (net)
                      0.969738    0.000000    1.319742 ^ _1534_/RESET_B (sky130_fd_sc_hd__dfrtp_2)
                                              1.319742   data arrival time

                      0.150000    0.000000    0.000000   clock clk_10mhz (rise edge)
                                  0.000000    0.000000   clock network delay (ideal)
                                  0.250000    0.250000   clock uncertainty
                                  0.000000    0.250000   clock reconvergence pessimism
                                              0.250000 ^ _1534_/CLK (sky130_fd_sc_hd__dfrtp_2)
                                  0.597912    0.847912   library removal time
                                              0.847912   data required time
---------------------------------------------------------------------------------------------
                                              0.847912   data required time
                                             -1.319742   data arrival time
---------------------------------------------------------------------------------------------
                                              0.471830   slack (MET)


Startpoint: _1495_ (rising edge-triggered flip-flop clocked by clk_10mhz)
Endpoint: _1535_ (removal check against rising-edge clock clk_10mhz)
Path Group: asynchronous
Path Type: min

Fanout         Cap        Slew       Delay        Time   Description
---------------------------------------------------------------------------------------------
                      0.150000    0.000000    0.000000   clock clk_10mhz (rise edge)
                                  0.000000    0.000000   clock network delay (ideal)
                      0.150000    0.000000    0.000000 ^ _1495_/CLK (sky130_fd_sc_hd__dfrtp_2)
     2    0.034983    0.178509    0.489298    0.489298 ^ _1495_/Q (sky130_fd_sc_hd__dfrtp_2)
                                                         pwr_ctrl (net)
                      0.178509    0.000000    0.489298 ^ _0807_/B (sky130_fd_sc_hd__and2_2)
    54    0.194856    0.969738    0.830444    1.319742 ^ _0807_/X (sky130_fd_sc_hd__and2_2)
                                                         u_max30102_ctrl.rst_n (net)
                      0.969738    0.000000    1.319742 ^ _1535_/RESET_B (sky130_fd_sc_hd__dfrtp_2)
                                              1.319742   data arrival time

                      0.150000    0.000000    0.000000   clock clk_10mhz (rise edge)
                                  0.000000    0.000000   clock network delay (ideal)
                                  0.250000    0.250000   clock uncertainty
                                  0.000000    0.250000   clock reconvergence pessimism
                                              0.250000 ^ _1535_/CLK (sky130_fd_sc_hd__dfrtp_2)
                                  0.597912    0.847912   library removal time
                                              0.847912   data required time
---------------------------------------------------------------------------------------------
                                              0.847912   data required time
                                             -1.319742   data arrival time
---------------------------------------------------------------------------------------------
                                              0.471830   slack (MET)


Startpoint: _1495_ (rising edge-triggered flip-flop clocked by clk_10mhz)
Endpoint: _1536_ (removal check against rising-edge clock clk_10mhz)
Path Group: asynchronous
Path Type: min

Fanout         Cap        Slew       Delay        Time   Description
---------------------------------------------------------------------------------------------
                      0.150000    0.000000    0.000000   clock clk_10mhz (rise edge)
                                  0.000000    0.000000   clock network delay (ideal)
                      0.150000    0.000000    0.000000 ^ _1495_/CLK (sky130_fd_sc_hd__dfrtp_2)
     2    0.034983    0.178509    0.489298    0.489298 ^ _1495_/Q (sky130_fd_sc_hd__dfrtp_2)
                                                         pwr_ctrl (net)
                      0.178509    0.000000    0.489298 ^ _0807_/B (sky130_fd_sc_hd__and2_2)
    54    0.194856    0.969738    0.830444    1.319742 ^ _0807_/X (sky130_fd_sc_hd__and2_2)
                                                         u_max30102_ctrl.rst_n (net)
                      0.969738    0.000000    1.319742 ^ _1536_/RESET_B (sky130_fd_sc_hd__dfrtp_2)
                                              1.319742   data arrival time

                      0.150000    0.000000    0.000000   clock clk_10mhz (rise edge)
                                  0.000000    0.000000   clock network delay (ideal)
                                  0.250000    0.250000   clock uncertainty
                                  0.000000    0.250000   clock reconvergence pessimism
                                              0.250000 ^ _1536_/CLK (sky130_fd_sc_hd__dfrtp_2)
                                  0.597912    0.847912   library removal time
                                              0.847912   data required time
---------------------------------------------------------------------------------------------
                                              0.847912   data required time
                                             -1.319742   data arrival time
---------------------------------------------------------------------------------------------
                                              0.471830   slack (MET)


Startpoint: _1495_ (rising edge-triggered flip-flop clocked by clk_10mhz)
Endpoint: _1537_ (removal check against rising-edge clock clk_10mhz)
Path Group: asynchronous
Path Type: min

Fanout         Cap        Slew       Delay        Time   Description
---------------------------------------------------------------------------------------------
                      0.150000    0.000000    0.000000   clock clk_10mhz (rise edge)
                                  0.000000    0.000000   clock network delay (ideal)
                      0.150000    0.000000    0.000000 ^ _1495_/CLK (sky130_fd_sc_hd__dfrtp_2)
     2    0.034983    0.178509    0.489298    0.489298 ^ _1495_/Q (sky130_fd_sc_hd__dfrtp_2)
                                                         pwr_ctrl (net)
                      0.178509    0.000000    0.489298 ^ _0807_/B (sky130_fd_sc_hd__and2_2)
    54    0.194856    0.969738    0.830444    1.319742 ^ _0807_/X (sky130_fd_sc_hd__and2_2)
                                                         u_max30102_ctrl.rst_n (net)
                      0.969738    0.000000    1.319742 ^ _1537_/RESET_B (sky130_fd_sc_hd__dfrtp_2)
                                              1.319742   data arrival time

                      0.150000    0.000000    0.000000   clock clk_10mhz (rise edge)
                                  0.000000    0.000000   clock network delay (ideal)
                                  0.250000    0.250000   clock uncertainty
                                  0.000000    0.250000   clock reconvergence pessimism
                                              0.250000 ^ _1537_/CLK (sky130_fd_sc_hd__dfrtp_2)
                                  0.597912    0.847912   library removal time
                                              0.847912   data required time
---------------------------------------------------------------------------------------------
                                              0.847912   data required time
                                             -1.319742   data arrival time
---------------------------------------------------------------------------------------------
                                              0.471830   slack (MET)


Startpoint: _1495_ (rising edge-triggered flip-flop clocked by clk_10mhz)
Endpoint: _1538_ (removal check against rising-edge clock clk_10mhz)
Path Group: asynchronous
Path Type: min

Fanout         Cap        Slew       Delay        Time   Description
---------------------------------------------------------------------------------------------
                      0.150000    0.000000    0.000000   clock clk_10mhz (rise edge)
                                  0.000000    0.000000   clock network delay (ideal)
                      0.150000    0.000000    0.000000 ^ _1495_/CLK (sky130_fd_sc_hd__dfrtp_2)
     2    0.034983    0.178509    0.489298    0.489298 ^ _1495_/Q (sky130_fd_sc_hd__dfrtp_2)
                                                         pwr_ctrl (net)
                      0.178509    0.000000    0.489298 ^ _0807_/B (sky130_fd_sc_hd__and2_2)
    54    0.194856    0.969738    0.830444    1.319742 ^ _0807_/X (sky130_fd_sc_hd__and2_2)
                                                         u_max30102_ctrl.rst_n (net)
                      0.969738    0.000000    1.319742 ^ _1538_/RESET_B (sky130_fd_sc_hd__dfrtp_2)
                                              1.319742   data arrival time

                      0.150000    0.000000    0.000000   clock clk_10mhz (rise edge)
                                  0.000000    0.000000   clock network delay (ideal)
                                  0.250000    0.250000   clock uncertainty
                                  0.000000    0.250000   clock reconvergence pessimism
                                              0.250000 ^ _1538_/CLK (sky130_fd_sc_hd__dfrtp_2)
                                  0.597912    0.847912   library removal time
                                              0.847912   data required time
---------------------------------------------------------------------------------------------
                                              0.847912   data required time
                                             -1.319742   data arrival time
---------------------------------------------------------------------------------------------
                                              0.471830   slack (MET)


Startpoint: _1495_ (rising edge-triggered flip-flop clocked by clk_10mhz)
Endpoint: _1539_ (removal check against rising-edge clock clk_10mhz)
Path Group: asynchronous
Path Type: min

Fanout         Cap        Slew       Delay        Time   Description
---------------------------------------------------------------------------------------------
                      0.150000    0.000000    0.000000   clock clk_10mhz (rise edge)
                                  0.000000    0.000000   clock network delay (ideal)
                      0.150000    0.000000    0.000000 ^ _1495_/CLK (sky130_fd_sc_hd__dfrtp_2)
     2    0.034983    0.178509    0.489298    0.489298 ^ _1495_/Q (sky130_fd_sc_hd__dfrtp_2)
                                                         pwr_ctrl (net)
                      0.178509    0.000000    0.489298 ^ _0807_/B (sky130_fd_sc_hd__and2_2)
    54    0.194856    0.969738    0.830444    1.319742 ^ _0807_/X (sky130_fd_sc_hd__and2_2)
                                                         u_max30102_ctrl.rst_n (net)
                      0.969738    0.000000    1.319742 ^ _1539_/RESET_B (sky130_fd_sc_hd__dfrtp_2)
                                              1.319742   data arrival time

                      0.150000    0.000000    0.000000   clock clk_10mhz (rise edge)
                                  0.000000    0.000000   clock network delay (ideal)
                                  0.250000    0.250000   clock uncertainty
                                  0.000000    0.250000   clock reconvergence pessimism
                                              0.250000 ^ _1539_/CLK (sky130_fd_sc_hd__dfrtp_2)
                                  0.597912    0.847912   library removal time
                                              0.847912   data required time
---------------------------------------------------------------------------------------------
                                              0.847912   data required time
                                             -1.319742   data arrival time
---------------------------------------------------------------------------------------------
                                              0.471830   slack (MET)


Startpoint: _1495_ (rising edge-triggered flip-flop clocked by clk_10mhz)
Endpoint: _1540_ (removal check against rising-edge clock clk_10mhz)
Path Group: asynchronous
Path Type: min

Fanout         Cap        Slew       Delay        Time   Description
---------------------------------------------------------------------------------------------
                      0.150000    0.000000    0.000000   clock clk_10mhz (rise edge)
                                  0.000000    0.000000   clock network delay (ideal)
                      0.150000    0.000000    0.000000 ^ _1495_/CLK (sky130_fd_sc_hd__dfrtp_2)
     2    0.034983    0.178509    0.489298    0.489298 ^ _1495_/Q (sky130_fd_sc_hd__dfrtp_2)
                                                         pwr_ctrl (net)
                      0.178509    0.000000    0.489298 ^ _0807_/B (sky130_fd_sc_hd__and2_2)
    54    0.194856    0.969738    0.830444    1.319742 ^ _0807_/X (sky130_fd_sc_hd__and2_2)
                                                         u_max30102_ctrl.rst_n (net)
                      0.969738    0.000000    1.319742 ^ _1540_/RESET_B (sky130_fd_sc_hd__dfrtp_2)
                                              1.319742   data arrival time

                      0.150000    0.000000    0.000000   clock clk_10mhz (rise edge)
                                  0.000000    0.000000   clock network delay (ideal)
                                  0.250000    0.250000   clock uncertainty
                                  0.000000    0.250000   clock reconvergence pessimism
                                              0.250000 ^ _1540_/CLK (sky130_fd_sc_hd__dfrtp_2)
                                  0.597912    0.847912   library removal time
                                              0.847912   data required time
---------------------------------------------------------------------------------------------
                                              0.847912   data required time
                                             -1.319742   data arrival time
---------------------------------------------------------------------------------------------
                                              0.471830   slack (MET)


Startpoint: _1495_ (rising edge-triggered flip-flop clocked by clk_10mhz)
Endpoint: _1541_ (removal check against rising-edge clock clk_10mhz)
Path Group: asynchronous
Path Type: min

Fanout         Cap        Slew       Delay        Time   Description
---------------------------------------------------------------------------------------------
                      0.150000    0.000000    0.000000   clock clk_10mhz (rise edge)
                                  0.000000    0.000000   clock network delay (ideal)
                      0.150000    0.000000    0.000000 ^ _1495_/CLK (sky130_fd_sc_hd__dfrtp_2)
     2    0.034983    0.178509    0.489298    0.489298 ^ _1495_/Q (sky130_fd_sc_hd__dfrtp_2)
                                                         pwr_ctrl (net)
                      0.178509    0.000000    0.489298 ^ _0807_/B (sky130_fd_sc_hd__and2_2)
    54    0.194856    0.969738    0.830444    1.319742 ^ _0807_/X (sky130_fd_sc_hd__and2_2)
                                                         u_max30102_ctrl.rst_n (net)
                      0.969738    0.000000    1.319742 ^ _1541_/RESET_B (sky130_fd_sc_hd__dfrtp_2)
                                              1.319742   data arrival time

                      0.150000    0.000000    0.000000   clock clk_10mhz (rise edge)
                                  0.000000    0.000000   clock network delay (ideal)
                                  0.250000    0.250000   clock uncertainty
                                  0.000000    0.250000   clock reconvergence pessimism
                                              0.250000 ^ _1541_/CLK (sky130_fd_sc_hd__dfrtp_2)
                                  0.597912    0.847912   library removal time
                                              0.847912   data required time
---------------------------------------------------------------------------------------------
                                              0.847912   data required time
                                             -1.319742   data arrival time
---------------------------------------------------------------------------------------------
                                              0.471830   slack (MET)


Startpoint: _1495_ (rising edge-triggered flip-flop clocked by clk_10mhz)
Endpoint: _1542_ (removal check against rising-edge clock clk_10mhz)
Path Group: asynchronous
Path Type: min

Fanout         Cap        Slew       Delay        Time   Description
---------------------------------------------------------------------------------------------
                      0.150000    0.000000    0.000000   clock clk_10mhz (rise edge)
                                  0.000000    0.000000   clock network delay (ideal)
                      0.150000    0.000000    0.000000 ^ _1495_/CLK (sky130_fd_sc_hd__dfrtp_2)
     2    0.034983    0.178509    0.489298    0.489298 ^ _1495_/Q (sky130_fd_sc_hd__dfrtp_2)
                                                         pwr_ctrl (net)
                      0.178509    0.000000    0.489298 ^ _0807_/B (sky130_fd_sc_hd__and2_2)
    54    0.194856    0.969738    0.830444    1.319742 ^ _0807_/X (sky130_fd_sc_hd__and2_2)
                                                         u_max30102_ctrl.rst_n (net)
                      0.969738    0.000000    1.319742 ^ _1542_/RESET_B (sky130_fd_sc_hd__dfrtp_2)
                                              1.319742   data arrival time

                      0.150000    0.000000    0.000000   clock clk_10mhz (rise edge)
                                  0.000000    0.000000   clock network delay (ideal)
                                  0.250000    0.250000   clock uncertainty
                                  0.000000    0.250000   clock reconvergence pessimism
                                              0.250000 ^ _1542_/CLK (sky130_fd_sc_hd__dfrtp_2)
                                  0.597912    0.847912   library removal time
                                              0.847912   data required time
---------------------------------------------------------------------------------------------
                                              0.847912   data required time
                                             -1.319742   data arrival time
---------------------------------------------------------------------------------------------
                                              0.471830   slack (MET)


Startpoint: _1495_ (rising edge-triggered flip-flop clocked by clk_10mhz)
Endpoint: _1543_ (removal check against rising-edge clock clk_10mhz)
Path Group: asynchronous
Path Type: min

Fanout         Cap        Slew       Delay        Time   Description
---------------------------------------------------------------------------------------------
                      0.150000    0.000000    0.000000   clock clk_10mhz (rise edge)
                                  0.000000    0.000000   clock network delay (ideal)
                      0.150000    0.000000    0.000000 ^ _1495_/CLK (sky130_fd_sc_hd__dfrtp_2)
     2    0.034983    0.178509    0.489298    0.489298 ^ _1495_/Q (sky130_fd_sc_hd__dfrtp_2)
                                                         pwr_ctrl (net)
                      0.178509    0.000000    0.489298 ^ _0807_/B (sky130_fd_sc_hd__and2_2)
    54    0.194856    0.969738    0.830444    1.319742 ^ _0807_/X (sky130_fd_sc_hd__and2_2)
                                                         u_max30102_ctrl.rst_n (net)
                      0.969738    0.000000    1.319742 ^ _1543_/RESET_B (sky130_fd_sc_hd__dfrtp_2)
                                              1.319742   data arrival time

                      0.150000    0.000000    0.000000   clock clk_10mhz (rise edge)
                                  0.000000    0.000000   clock network delay (ideal)
                                  0.250000    0.250000   clock uncertainty
                                  0.000000    0.250000   clock reconvergence pessimism
                                              0.250000 ^ _1543_/CLK (sky130_fd_sc_hd__dfrtp_2)
                                  0.597912    0.847912   library removal time
                                              0.847912   data required time
---------------------------------------------------------------------------------------------
                                              0.847912   data required time
                                             -1.319742   data arrival time
---------------------------------------------------------------------------------------------
                                              0.471830   slack (MET)


Startpoint: _1495_ (rising edge-triggered flip-flop clocked by clk_10mhz)
Endpoint: _1545_ (removal check against rising-edge clock clk_10mhz)
Path Group: asynchronous
Path Type: min

Fanout         Cap        Slew       Delay        Time   Description
---------------------------------------------------------------------------------------------
                      0.150000    0.000000    0.000000   clock clk_10mhz (rise edge)
                                  0.000000    0.000000   clock network delay (ideal)
                      0.150000    0.000000    0.000000 ^ _1495_/CLK (sky130_fd_sc_hd__dfrtp_2)
     2    0.034983    0.178509    0.489298    0.489298 ^ _1495_/Q (sky130_fd_sc_hd__dfrtp_2)
                                                         pwr_ctrl (net)
                      0.178509    0.000000    0.489298 ^ _0807_/B (sky130_fd_sc_hd__and2_2)
    54    0.194856    0.969738    0.830444    1.319742 ^ _0807_/X (sky130_fd_sc_hd__and2_2)
                                                         u_max30102_ctrl.rst_n (net)
                      0.969738    0.000000    1.319742 ^ _1545_/RESET_B (sky130_fd_sc_hd__dfrtp_2)
                                              1.319742   data arrival time

                      0.150000    0.000000    0.000000   clock clk_10mhz (rise edge)
                                  0.000000    0.000000   clock network delay (ideal)
                                  0.250000    0.250000   clock uncertainty
                                  0.000000    0.250000   clock reconvergence pessimism
                                              0.250000 ^ _1545_/CLK (sky130_fd_sc_hd__dfrtp_2)
                                  0.597912    0.847912   library removal time
                                              0.847912   data required time
---------------------------------------------------------------------------------------------
                                              0.847912   data required time
                                             -1.319742   data arrival time
---------------------------------------------------------------------------------------------
                                              0.471830   slack (MET)


Startpoint: _1495_ (rising edge-triggered flip-flop clocked by clk_10mhz)
Endpoint: _1546_ (removal check against rising-edge clock clk_10mhz)
Path Group: asynchronous
Path Type: min

Fanout         Cap        Slew       Delay        Time   Description
---------------------------------------------------------------------------------------------
                      0.150000    0.000000    0.000000   clock clk_10mhz (rise edge)
                                  0.000000    0.000000   clock network delay (ideal)
                      0.150000    0.000000    0.000000 ^ _1495_/CLK (sky130_fd_sc_hd__dfrtp_2)
     2    0.034983    0.178509    0.489298    0.489298 ^ _1495_/Q (sky130_fd_sc_hd__dfrtp_2)
                                                         pwr_ctrl (net)
                      0.178509    0.000000    0.489298 ^ _0807_/B (sky130_fd_sc_hd__and2_2)
    54    0.194856    0.969738    0.830444    1.319742 ^ _0807_/X (sky130_fd_sc_hd__and2_2)
                                                         u_max30102_ctrl.rst_n (net)
                      0.969738    0.000000    1.319742 ^ _1546_/RESET_B (sky130_fd_sc_hd__dfrtp_2)
                                              1.319742   data arrival time

                      0.150000    0.000000    0.000000   clock clk_10mhz (rise edge)
                                  0.000000    0.000000   clock network delay (ideal)
                                  0.250000    0.250000   clock uncertainty
                                  0.000000    0.250000   clock reconvergence pessimism
                                              0.250000 ^ _1546_/CLK (sky130_fd_sc_hd__dfrtp_2)
                                  0.597912    0.847912   library removal time
                                              0.847912   data required time
---------------------------------------------------------------------------------------------
                                              0.847912   data required time
                                             -1.319742   data arrival time
---------------------------------------------------------------------------------------------
                                              0.471830   slack (MET)


Startpoint: _1495_ (rising edge-triggered flip-flop clocked by clk_10mhz)
Endpoint: _1547_ (removal check against rising-edge clock clk_10mhz)
Path Group: asynchronous
Path Type: min

Fanout         Cap        Slew       Delay        Time   Description
---------------------------------------------------------------------------------------------
                      0.150000    0.000000    0.000000   clock clk_10mhz (rise edge)
                                  0.000000    0.000000   clock network delay (ideal)
                      0.150000    0.000000    0.000000 ^ _1495_/CLK (sky130_fd_sc_hd__dfrtp_2)
     2    0.034983    0.178509    0.489298    0.489298 ^ _1495_/Q (sky130_fd_sc_hd__dfrtp_2)
                                                         pwr_ctrl (net)
                      0.178509    0.000000    0.489298 ^ _0807_/B (sky130_fd_sc_hd__and2_2)
    54    0.194856    0.969738    0.830444    1.319742 ^ _0807_/X (sky130_fd_sc_hd__and2_2)
                                                         u_max30102_ctrl.rst_n (net)
                      0.969738    0.000000    1.319742 ^ _1547_/RESET_B (sky130_fd_sc_hd__dfrtp_2)
                                              1.319742   data arrival time

                      0.150000    0.000000    0.000000   clock clk_10mhz (rise edge)
                                  0.000000    0.000000   clock network delay (ideal)
                                  0.250000    0.250000   clock uncertainty
                                  0.000000    0.250000   clock reconvergence pessimism
                                              0.250000 ^ _1547_/CLK (sky130_fd_sc_hd__dfrtp_2)
                                  0.597912    0.847912   library removal time
                                              0.847912   data required time
---------------------------------------------------------------------------------------------
                                              0.847912   data required time
                                             -1.319742   data arrival time
---------------------------------------------------------------------------------------------
                                              0.471830   slack (MET)


Startpoint: _1495_ (rising edge-triggered flip-flop clocked by clk_10mhz)
Endpoint: _1548_ (removal check against rising-edge clock clk_10mhz)
Path Group: asynchronous
Path Type: min

Fanout         Cap        Slew       Delay        Time   Description
---------------------------------------------------------------------------------------------
                      0.150000    0.000000    0.000000   clock clk_10mhz (rise edge)
                                  0.000000    0.000000   clock network delay (ideal)
                      0.150000    0.000000    0.000000 ^ _1495_/CLK (sky130_fd_sc_hd__dfrtp_2)
     2    0.034983    0.178509    0.489298    0.489298 ^ _1495_/Q (sky130_fd_sc_hd__dfrtp_2)
                                                         pwr_ctrl (net)
                      0.178509    0.000000    0.489298 ^ _0807_/B (sky130_fd_sc_hd__and2_2)
    54    0.194856    0.969738    0.830444    1.319742 ^ _0807_/X (sky130_fd_sc_hd__and2_2)
                                                         u_max30102_ctrl.rst_n (net)
                      0.969738    0.000000    1.319742 ^ _1548_/RESET_B (sky130_fd_sc_hd__dfrtp_2)
                                              1.319742   data arrival time

                      0.150000    0.000000    0.000000   clock clk_10mhz (rise edge)
                                  0.000000    0.000000   clock network delay (ideal)
                                  0.250000    0.250000   clock uncertainty
                                  0.000000    0.250000   clock reconvergence pessimism
                                              0.250000 ^ _1548_/CLK (sky130_fd_sc_hd__dfrtp_2)
                                  0.597912    0.847912   library removal time
                                              0.847912   data required time
---------------------------------------------------------------------------------------------
                                              0.847912   data required time
                                             -1.319742   data arrival time
---------------------------------------------------------------------------------------------
                                              0.471830   slack (MET)


Startpoint: _1495_ (rising edge-triggered flip-flop clocked by clk_10mhz)
Endpoint: _1549_ (removal check against rising-edge clock clk_10mhz)
Path Group: asynchronous
Path Type: min

Fanout         Cap        Slew       Delay        Time   Description
---------------------------------------------------------------------------------------------
                      0.150000    0.000000    0.000000   clock clk_10mhz (rise edge)
                                  0.000000    0.000000   clock network delay (ideal)
                      0.150000    0.000000    0.000000 ^ _1495_/CLK (sky130_fd_sc_hd__dfrtp_2)
     2    0.034983    0.178509    0.489298    0.489298 ^ _1495_/Q (sky130_fd_sc_hd__dfrtp_2)
                                                         pwr_ctrl (net)
                      0.178509    0.000000    0.489298 ^ _0807_/B (sky130_fd_sc_hd__and2_2)
    54    0.194856    0.969738    0.830444    1.319742 ^ _0807_/X (sky130_fd_sc_hd__and2_2)
                                                         u_max30102_ctrl.rst_n (net)
                      0.969738    0.000000    1.319742 ^ _1549_/RESET_B (sky130_fd_sc_hd__dfrtp_2)
                                              1.319742   data arrival time

                      0.150000    0.000000    0.000000   clock clk_10mhz (rise edge)
                                  0.000000    0.000000   clock network delay (ideal)
                                  0.250000    0.250000   clock uncertainty
                                  0.000000    0.250000   clock reconvergence pessimism
                                              0.250000 ^ _1549_/CLK (sky130_fd_sc_hd__dfrtp_2)
                                  0.597912    0.847912   library removal time
                                              0.847912   data required time
---------------------------------------------------------------------------------------------
                                              0.847912   data required time
                                             -1.319742   data arrival time
---------------------------------------------------------------------------------------------
                                              0.471830   slack (MET)


Startpoint: _1495_ (rising edge-triggered flip-flop clocked by clk_10mhz)
Endpoint: _1550_ (removal check against rising-edge clock clk_10mhz)
Path Group: asynchronous
Path Type: min

Fanout         Cap        Slew       Delay        Time   Description
---------------------------------------------------------------------------------------------
                      0.150000    0.000000    0.000000   clock clk_10mhz (rise edge)
                                  0.000000    0.000000   clock network delay (ideal)
                      0.150000    0.000000    0.000000 ^ _1495_/CLK (sky130_fd_sc_hd__dfrtp_2)
     2    0.034983    0.178509    0.489298    0.489298 ^ _1495_/Q (sky130_fd_sc_hd__dfrtp_2)
                                                         pwr_ctrl (net)
                      0.178509    0.000000    0.489298 ^ _0807_/B (sky130_fd_sc_hd__and2_2)
    54    0.194856    0.969738    0.830444    1.319742 ^ _0807_/X (sky130_fd_sc_hd__and2_2)
                                                         u_max30102_ctrl.rst_n (net)
                      0.969738    0.000000    1.319742 ^ _1550_/RESET_B (sky130_fd_sc_hd__dfrtp_2)
                                              1.319742   data arrival time

                      0.150000    0.000000    0.000000   clock clk_10mhz (rise edge)
                                  0.000000    0.000000   clock network delay (ideal)
                                  0.250000    0.250000   clock uncertainty
                                  0.000000    0.250000   clock reconvergence pessimism
                                              0.250000 ^ _1550_/CLK (sky130_fd_sc_hd__dfrtp_2)
                                  0.597912    0.847912   library removal time
                                              0.847912   data required time
---------------------------------------------------------------------------------------------
                                              0.847912   data required time
                                             -1.319742   data arrival time
---------------------------------------------------------------------------------------------
                                              0.471830   slack (MET)


Startpoint: _1495_ (rising edge-triggered flip-flop clocked by clk_10mhz)
Endpoint: _1551_ (removal check against rising-edge clock clk_10mhz)
Path Group: asynchronous
Path Type: min

Fanout         Cap        Slew       Delay        Time   Description
---------------------------------------------------------------------------------------------
                      0.150000    0.000000    0.000000   clock clk_10mhz (rise edge)
                                  0.000000    0.000000   clock network delay (ideal)
                      0.150000    0.000000    0.000000 ^ _1495_/CLK (sky130_fd_sc_hd__dfrtp_2)
     2    0.034983    0.178509    0.489298    0.489298 ^ _1495_/Q (sky130_fd_sc_hd__dfrtp_2)
                                                         pwr_ctrl (net)
                      0.178509    0.000000    0.489298 ^ _0807_/B (sky130_fd_sc_hd__and2_2)
    54    0.194856    0.969738    0.830444    1.319742 ^ _0807_/X (sky130_fd_sc_hd__and2_2)
                                                         u_max30102_ctrl.rst_n (net)
                      0.969738    0.000000    1.319742 ^ _1551_/RESET_B (sky130_fd_sc_hd__dfrtp_2)
                                              1.319742   data arrival time

                      0.150000    0.000000    0.000000   clock clk_10mhz (rise edge)
                                  0.000000    0.000000   clock network delay (ideal)
                                  0.250000    0.250000   clock uncertainty
                                  0.000000    0.250000   clock reconvergence pessimism
                                              0.250000 ^ _1551_/CLK (sky130_fd_sc_hd__dfrtp_2)
                                  0.597912    0.847912   library removal time
                                              0.847912   data required time
---------------------------------------------------------------------------------------------
                                              0.847912   data required time
                                             -1.319742   data arrival time
---------------------------------------------------------------------------------------------
                                              0.471830   slack (MET)


Startpoint: _1495_ (rising edge-triggered flip-flop clocked by clk_10mhz)
Endpoint: _1552_ (removal check against rising-edge clock clk_10mhz)
Path Group: asynchronous
Path Type: min

Fanout         Cap        Slew       Delay        Time   Description
---------------------------------------------------------------------------------------------
                      0.150000    0.000000    0.000000   clock clk_10mhz (rise edge)
                                  0.000000    0.000000   clock network delay (ideal)
                      0.150000    0.000000    0.000000 ^ _1495_/CLK (sky130_fd_sc_hd__dfrtp_2)
     2    0.034983    0.178509    0.489298    0.489298 ^ _1495_/Q (sky130_fd_sc_hd__dfrtp_2)
                                                         pwr_ctrl (net)
                      0.178509    0.000000    0.489298 ^ _0807_/B (sky130_fd_sc_hd__and2_2)
    54    0.194856    0.969738    0.830444    1.319742 ^ _0807_/X (sky130_fd_sc_hd__and2_2)
                                                         u_max30102_ctrl.rst_n (net)
                      0.969738    0.000000    1.319742 ^ _1552_/RESET_B (sky130_fd_sc_hd__dfrtp_2)
                                              1.319742   data arrival time

                      0.150000    0.000000    0.000000   clock clk_10mhz (rise edge)
                                  0.000000    0.000000   clock network delay (ideal)
                                  0.250000    0.250000   clock uncertainty
                                  0.000000    0.250000   clock reconvergence pessimism
                                              0.250000 ^ _1552_/CLK (sky130_fd_sc_hd__dfrtp_2)
                                  0.597912    0.847912   library removal time
                                              0.847912   data required time
---------------------------------------------------------------------------------------------
                                              0.847912   data required time
                                             -1.319742   data arrival time
---------------------------------------------------------------------------------------------
                                              0.471830   slack (MET)


Startpoint: _1495_ (rising edge-triggered flip-flop clocked by clk_10mhz)
Endpoint: _1553_ (removal check against rising-edge clock clk_10mhz)
Path Group: asynchronous
Path Type: min

Fanout         Cap        Slew       Delay        Time   Description
---------------------------------------------------------------------------------------------
                      0.150000    0.000000    0.000000   clock clk_10mhz (rise edge)
                                  0.000000    0.000000   clock network delay (ideal)
                      0.150000    0.000000    0.000000 ^ _1495_/CLK (sky130_fd_sc_hd__dfrtp_2)
     2    0.034983    0.178509    0.489298    0.489298 ^ _1495_/Q (sky130_fd_sc_hd__dfrtp_2)
                                                         pwr_ctrl (net)
                      0.178509    0.000000    0.489298 ^ _0807_/B (sky130_fd_sc_hd__and2_2)
    54    0.194856    0.969738    0.830444    1.319742 ^ _0807_/X (sky130_fd_sc_hd__and2_2)
                                                         u_max30102_ctrl.rst_n (net)
                      0.969738    0.000000    1.319742 ^ _1553_/RESET_B (sky130_fd_sc_hd__dfrtp_2)
                                              1.319742   data arrival time

                      0.150000    0.000000    0.000000   clock clk_10mhz (rise edge)
                                  0.000000    0.000000   clock network delay (ideal)
                                  0.250000    0.250000   clock uncertainty
                                  0.000000    0.250000   clock reconvergence pessimism
                                              0.250000 ^ _1553_/CLK (sky130_fd_sc_hd__dfrtp_2)
                                  0.597912    0.847912   library removal time
                                              0.847912   data required time
---------------------------------------------------------------------------------------------
                                              0.847912   data required time
                                             -1.319742   data arrival time
---------------------------------------------------------------------------------------------
                                              0.471830   slack (MET)


Startpoint: _1495_ (rising edge-triggered flip-flop clocked by clk_10mhz)
Endpoint: _1554_ (removal check against rising-edge clock clk_10mhz)
Path Group: asynchronous
Path Type: min

Fanout         Cap        Slew       Delay        Time   Description
---------------------------------------------------------------------------------------------
                      0.150000    0.000000    0.000000   clock clk_10mhz (rise edge)
                                  0.000000    0.000000   clock network delay (ideal)
                      0.150000    0.000000    0.000000 ^ _1495_/CLK (sky130_fd_sc_hd__dfrtp_2)
     2    0.034983    0.178509    0.489298    0.489298 ^ _1495_/Q (sky130_fd_sc_hd__dfrtp_2)
                                                         pwr_ctrl (net)
                      0.178509    0.000000    0.489298 ^ _0807_/B (sky130_fd_sc_hd__and2_2)
    54    0.194856    0.969738    0.830444    1.319742 ^ _0807_/X (sky130_fd_sc_hd__and2_2)
                                                         u_max30102_ctrl.rst_n (net)
                      0.969738    0.000000    1.319742 ^ _1554_/RESET_B (sky130_fd_sc_hd__dfrtp_2)
                                              1.319742   data arrival time

                      0.150000    0.000000    0.000000   clock clk_10mhz (rise edge)
                                  0.000000    0.000000   clock network delay (ideal)
                                  0.250000    0.250000   clock uncertainty
                                  0.000000    0.250000   clock reconvergence pessimism
                                              0.250000 ^ _1554_/CLK (sky130_fd_sc_hd__dfrtp_2)
                                  0.597912    0.847912   library removal time
                                              0.847912   data required time
---------------------------------------------------------------------------------------------
                                              0.847912   data required time
                                             -1.319742   data arrival time
---------------------------------------------------------------------------------------------
                                              0.471830   slack (MET)


Startpoint: _1495_ (rising edge-triggered flip-flop clocked by clk_10mhz)
Endpoint: _1555_ (removal check against rising-edge clock clk_10mhz)
Path Group: asynchronous
Path Type: min

Fanout         Cap        Slew       Delay        Time   Description
---------------------------------------------------------------------------------------------
                      0.150000    0.000000    0.000000   clock clk_10mhz (rise edge)
                                  0.000000    0.000000   clock network delay (ideal)
                      0.150000    0.000000    0.000000 ^ _1495_/CLK (sky130_fd_sc_hd__dfrtp_2)
     2    0.034983    0.178509    0.489298    0.489298 ^ _1495_/Q (sky130_fd_sc_hd__dfrtp_2)
                                                         pwr_ctrl (net)
                      0.178509    0.000000    0.489298 ^ _0807_/B (sky130_fd_sc_hd__and2_2)
    54    0.194856    0.969738    0.830444    1.319742 ^ _0807_/X (sky130_fd_sc_hd__and2_2)
                                                         u_max30102_ctrl.rst_n (net)
                      0.969738    0.000000    1.319742 ^ _1555_/RESET_B (sky130_fd_sc_hd__dfrtp_2)
                                              1.319742   data arrival time

                      0.150000    0.000000    0.000000   clock clk_10mhz (rise edge)
                                  0.000000    0.000000   clock network delay (ideal)
                                  0.250000    0.250000   clock uncertainty
                                  0.000000    0.250000   clock reconvergence pessimism
                                              0.250000 ^ _1555_/CLK (sky130_fd_sc_hd__dfrtp_2)
                                  0.597912    0.847912   library removal time
                                              0.847912   data required time
---------------------------------------------------------------------------------------------
                                              0.847912   data required time
                                             -1.319742   data arrival time
---------------------------------------------------------------------------------------------
                                              0.471830   slack (MET)


Startpoint: _1495_ (rising edge-triggered flip-flop clocked by clk_10mhz)
Endpoint: _1556_ (removal check against rising-edge clock clk_10mhz)
Path Group: asynchronous
Path Type: min

Fanout         Cap        Slew       Delay        Time   Description
---------------------------------------------------------------------------------------------
                      0.150000    0.000000    0.000000   clock clk_10mhz (rise edge)
                                  0.000000    0.000000   clock network delay (ideal)
                      0.150000    0.000000    0.000000 ^ _1495_/CLK (sky130_fd_sc_hd__dfrtp_2)
     2    0.034983    0.178509    0.489298    0.489298 ^ _1495_/Q (sky130_fd_sc_hd__dfrtp_2)
                                                         pwr_ctrl (net)
                      0.178509    0.000000    0.489298 ^ _0807_/B (sky130_fd_sc_hd__and2_2)
    54    0.194856    0.969738    0.830444    1.319742 ^ _0807_/X (sky130_fd_sc_hd__and2_2)
                                                         u_max30102_ctrl.rst_n (net)
                      0.969738    0.000000    1.319742 ^ _1556_/RESET_B (sky130_fd_sc_hd__dfrtp_2)
                                              1.319742   data arrival time

                      0.150000    0.000000    0.000000   clock clk_10mhz (rise edge)
                                  0.000000    0.000000   clock network delay (ideal)
                                  0.250000    0.250000   clock uncertainty
                                  0.000000    0.250000   clock reconvergence pessimism
                                              0.250000 ^ _1556_/CLK (sky130_fd_sc_hd__dfrtp_2)
                                  0.597912    0.847912   library removal time
                                              0.847912   data required time
---------------------------------------------------------------------------------------------
                                              0.847912   data required time
                                             -1.319742   data arrival time
---------------------------------------------------------------------------------------------
                                              0.471830   slack (MET)


Startpoint: _1495_ (rising edge-triggered flip-flop clocked by clk_10mhz)
Endpoint: _1557_ (removal check against rising-edge clock clk_10mhz)
Path Group: asynchronous
Path Type: min

Fanout         Cap        Slew       Delay        Time   Description
---------------------------------------------------------------------------------------------
                      0.150000    0.000000    0.000000   clock clk_10mhz (rise edge)
                                  0.000000    0.000000   clock network delay (ideal)
                      0.150000    0.000000    0.000000 ^ _1495_/CLK (sky130_fd_sc_hd__dfrtp_2)
     2    0.034983    0.178509    0.489298    0.489298 ^ _1495_/Q (sky130_fd_sc_hd__dfrtp_2)
                                                         pwr_ctrl (net)
                      0.178509    0.000000    0.489298 ^ _0807_/B (sky130_fd_sc_hd__and2_2)
    54    0.194856    0.969738    0.830444    1.319742 ^ _0807_/X (sky130_fd_sc_hd__and2_2)
                                                         u_max30102_ctrl.rst_n (net)
                      0.969738    0.000000    1.319742 ^ _1557_/RESET_B (sky130_fd_sc_hd__dfrtp_2)
                                              1.319742   data arrival time

                      0.150000    0.000000    0.000000   clock clk_10mhz (rise edge)
                                  0.000000    0.000000   clock network delay (ideal)
                                  0.250000    0.250000   clock uncertainty
                                  0.000000    0.250000   clock reconvergence pessimism
                                              0.250000 ^ _1557_/CLK (sky130_fd_sc_hd__dfrtp_2)
                                  0.597912    0.847912   library removal time
                                              0.847912   data required time
---------------------------------------------------------------------------------------------
                                              0.847912   data required time
                                             -1.319742   data arrival time
---------------------------------------------------------------------------------------------
                                              0.471830   slack (MET)


Startpoint: _1495_ (rising edge-triggered flip-flop clocked by clk_10mhz)
Endpoint: _1558_ (removal check against rising-edge clock clk_10mhz)
Path Group: asynchronous
Path Type: min

Fanout         Cap        Slew       Delay        Time   Description
---------------------------------------------------------------------------------------------
                      0.150000    0.000000    0.000000   clock clk_10mhz (rise edge)
                                  0.000000    0.000000   clock network delay (ideal)
                      0.150000    0.000000    0.000000 ^ _1495_/CLK (sky130_fd_sc_hd__dfrtp_2)
     2    0.034983    0.178509    0.489298    0.489298 ^ _1495_/Q (sky130_fd_sc_hd__dfrtp_2)
                                                         pwr_ctrl (net)
                      0.178509    0.000000    0.489298 ^ _0807_/B (sky130_fd_sc_hd__and2_2)
    54    0.194856    0.969738    0.830444    1.319742 ^ _0807_/X (sky130_fd_sc_hd__and2_2)
                                                         u_max30102_ctrl.rst_n (net)
                      0.969738    0.000000    1.319742 ^ _1558_/RESET_B (sky130_fd_sc_hd__dfrtp_2)
                                              1.319742   data arrival time

                      0.150000    0.000000    0.000000   clock clk_10mhz (rise edge)
                                  0.000000    0.000000   clock network delay (ideal)
                                  0.250000    0.250000   clock uncertainty
                                  0.000000    0.250000   clock reconvergence pessimism
                                              0.250000 ^ _1558_/CLK (sky130_fd_sc_hd__dfrtp_2)
                                  0.597912    0.847912   library removal time
                                              0.847912   data required time
---------------------------------------------------------------------------------------------
                                              0.847912   data required time
                                             -1.319742   data arrival time
---------------------------------------------------------------------------------------------
                                              0.471830   slack (MET)


Startpoint: _1495_ (rising edge-triggered flip-flop clocked by clk_10mhz)
Endpoint: _1559_ (removal check against rising-edge clock clk_10mhz)
Path Group: asynchronous
Path Type: min

Fanout         Cap        Slew       Delay        Time   Description
---------------------------------------------------------------------------------------------
                      0.150000    0.000000    0.000000   clock clk_10mhz (rise edge)
                                  0.000000    0.000000   clock network delay (ideal)
                      0.150000    0.000000    0.000000 ^ _1495_/CLK (sky130_fd_sc_hd__dfrtp_2)
     2    0.034983    0.178509    0.489298    0.489298 ^ _1495_/Q (sky130_fd_sc_hd__dfrtp_2)
                                                         pwr_ctrl (net)
                      0.178509    0.000000    0.489298 ^ _0807_/B (sky130_fd_sc_hd__and2_2)
    54    0.194856    0.969738    0.830444    1.319742 ^ _0807_/X (sky130_fd_sc_hd__and2_2)
                                                         u_max30102_ctrl.rst_n (net)
                      0.969738    0.000000    1.319742 ^ _1559_/RESET_B (sky130_fd_sc_hd__dfrtp_2)
                                              1.319742   data arrival time

                      0.150000    0.000000    0.000000   clock clk_10mhz (rise edge)
                                  0.000000    0.000000   clock network delay (ideal)
                                  0.250000    0.250000   clock uncertainty
                                  0.000000    0.250000   clock reconvergence pessimism
                                              0.250000 ^ _1559_/CLK (sky130_fd_sc_hd__dfrtp_2)
                                  0.597912    0.847912   library removal time
                                              0.847912   data required time
---------------------------------------------------------------------------------------------
                                              0.847912   data required time
                                             -1.319742   data arrival time
---------------------------------------------------------------------------------------------
                                              0.471830   slack (MET)


Startpoint: _1495_ (rising edge-triggered flip-flop clocked by clk_10mhz)
Endpoint: _1560_ (removal check against rising-edge clock clk_10mhz)
Path Group: asynchronous
Path Type: min

Fanout         Cap        Slew       Delay        Time   Description
---------------------------------------------------------------------------------------------
                      0.150000    0.000000    0.000000   clock clk_10mhz (rise edge)
                                  0.000000    0.000000   clock network delay (ideal)
                      0.150000    0.000000    0.000000 ^ _1495_/CLK (sky130_fd_sc_hd__dfrtp_2)
     2    0.034983    0.178509    0.489298    0.489298 ^ _1495_/Q (sky130_fd_sc_hd__dfrtp_2)
                                                         pwr_ctrl (net)
                      0.178509    0.000000    0.489298 ^ _0807_/B (sky130_fd_sc_hd__and2_2)
    54    0.194856    0.969738    0.830444    1.319742 ^ _0807_/X (sky130_fd_sc_hd__and2_2)
                                                         u_max30102_ctrl.rst_n (net)
                      0.969738    0.000000    1.319742 ^ _1560_/RESET_B (sky130_fd_sc_hd__dfrtp_2)
                                              1.319742   data arrival time

                      0.150000    0.000000    0.000000   clock clk_10mhz (rise edge)
                                  0.000000    0.000000   clock network delay (ideal)
                                  0.250000    0.250000   clock uncertainty
                                  0.000000    0.250000   clock reconvergence pessimism
                                              0.250000 ^ _1560_/CLK (sky130_fd_sc_hd__dfrtp_2)
                                  0.597912    0.847912   library removal time
                                              0.847912   data required time
---------------------------------------------------------------------------------------------
                                              0.847912   data required time
                                             -1.319742   data arrival time
---------------------------------------------------------------------------------------------
                                              0.471830   slack (MET)


Startpoint: _1495_ (rising edge-triggered flip-flop clocked by clk_10mhz)
Endpoint: _1582_ (removal check against rising-edge clock clk_10mhz)
Path Group: asynchronous
Path Type: min

Fanout         Cap        Slew       Delay        Time   Description
---------------------------------------------------------------------------------------------
                      0.150000    0.000000    0.000000   clock clk_10mhz (rise edge)
                                  0.000000    0.000000   clock network delay (ideal)
                      0.150000    0.000000    0.000000 ^ _1495_/CLK (sky130_fd_sc_hd__dfrtp_2)
     2    0.034983    0.178509    0.489298    0.489298 ^ _1495_/Q (sky130_fd_sc_hd__dfrtp_2)
                                                         pwr_ctrl (net)
                      0.178509    0.000000    0.489298 ^ _0807_/B (sky130_fd_sc_hd__and2_2)
    54    0.194856    0.969738    0.830444    1.319742 ^ _0807_/X (sky130_fd_sc_hd__and2_2)
                                                         u_max30102_ctrl.rst_n (net)
                      0.969738    0.000000    1.319742 ^ _1582_/RESET_B (sky130_fd_sc_hd__dfrtp_2)
                                              1.319742   data arrival time

                      0.150000    0.000000    0.000000   clock clk_10mhz (rise edge)
                                  0.000000    0.000000   clock network delay (ideal)
                                  0.250000    0.250000   clock uncertainty
                                  0.000000    0.250000   clock reconvergence pessimism
                                              0.250000 ^ _1582_/CLK (sky130_fd_sc_hd__dfrtp_2)
                                  0.597912    0.847912   library removal time
                                              0.847912   data required time
---------------------------------------------------------------------------------------------
                                              0.847912   data required time
                                             -1.319742   data arrival time
---------------------------------------------------------------------------------------------
                                              0.471830   slack (MET)


Startpoint: _1495_ (rising edge-triggered flip-flop clocked by clk_10mhz)
Endpoint: _1583_ (removal check against rising-edge clock clk_10mhz)
Path Group: asynchronous
Path Type: min

Fanout         Cap        Slew       Delay        Time   Description
---------------------------------------------------------------------------------------------
                      0.150000    0.000000    0.000000   clock clk_10mhz (rise edge)
                                  0.000000    0.000000   clock network delay (ideal)
                      0.150000    0.000000    0.000000 ^ _1495_/CLK (sky130_fd_sc_hd__dfrtp_2)
     2    0.034983    0.178509    0.489298    0.489298 ^ _1495_/Q (sky130_fd_sc_hd__dfrtp_2)
                                                         pwr_ctrl (net)
                      0.178509    0.000000    0.489298 ^ _0807_/B (sky130_fd_sc_hd__and2_2)
    54    0.194856    0.969738    0.830444    1.319742 ^ _0807_/X (sky130_fd_sc_hd__and2_2)
                                                         u_max30102_ctrl.rst_n (net)
                      0.969738    0.000000    1.319742 ^ _1583_/RESET_B (sky130_fd_sc_hd__dfrtp_2)
                                              1.319742   data arrival time

                      0.150000    0.000000    0.000000   clock clk_10mhz (rise edge)
                                  0.000000    0.000000   clock network delay (ideal)
                                  0.250000    0.250000   clock uncertainty
                                  0.000000    0.250000   clock reconvergence pessimism
                                              0.250000 ^ _1583_/CLK (sky130_fd_sc_hd__dfrtp_2)
                                  0.597912    0.847912   library removal time
                                              0.847912   data required time
---------------------------------------------------------------------------------------------
                                              0.847912   data required time
                                             -1.319742   data arrival time
---------------------------------------------------------------------------------------------
                                              0.471830   slack (MET)


Startpoint: _1495_ (rising edge-triggered flip-flop clocked by clk_10mhz)
Endpoint: _1584_ (removal check against rising-edge clock clk_10mhz)
Path Group: asynchronous
Path Type: min

Fanout         Cap        Slew       Delay        Time   Description
---------------------------------------------------------------------------------------------
                      0.150000    0.000000    0.000000   clock clk_10mhz (rise edge)
                                  0.000000    0.000000   clock network delay (ideal)
                      0.150000    0.000000    0.000000 ^ _1495_/CLK (sky130_fd_sc_hd__dfrtp_2)
     2    0.034983    0.178509    0.489298    0.489298 ^ _1495_/Q (sky130_fd_sc_hd__dfrtp_2)
                                                         pwr_ctrl (net)
                      0.178509    0.000000    0.489298 ^ _0807_/B (sky130_fd_sc_hd__and2_2)
    54    0.194856    0.969738    0.830444    1.319742 ^ _0807_/X (sky130_fd_sc_hd__and2_2)
                                                         u_max30102_ctrl.rst_n (net)
                      0.969738    0.000000    1.319742 ^ _1584_/RESET_B (sky130_fd_sc_hd__dfrtp_2)
                                              1.319742   data arrival time

                      0.150000    0.000000    0.000000   clock clk_10mhz (rise edge)
                                  0.000000    0.000000   clock network delay (ideal)
                                  0.250000    0.250000   clock uncertainty
                                  0.000000    0.250000   clock reconvergence pessimism
                                              0.250000 ^ _1584_/CLK (sky130_fd_sc_hd__dfrtp_2)
                                  0.597912    0.847912   library removal time
                                              0.847912   data required time
---------------------------------------------------------------------------------------------
                                              0.847912   data required time
                                             -1.319742   data arrival time
---------------------------------------------------------------------------------------------
                                              0.471830   slack (MET)


Startpoint: _1495_ (rising edge-triggered flip-flop clocked by clk_10mhz)
Endpoint: _1585_ (removal check against rising-edge clock clk_10mhz)
Path Group: asynchronous
Path Type: min

Fanout         Cap        Slew       Delay        Time   Description
---------------------------------------------------------------------------------------------
                      0.150000    0.000000    0.000000   clock clk_10mhz (rise edge)
                                  0.000000    0.000000   clock network delay (ideal)
                      0.150000    0.000000    0.000000 ^ _1495_/CLK (sky130_fd_sc_hd__dfrtp_2)
     2    0.034983    0.178509    0.489298    0.489298 ^ _1495_/Q (sky130_fd_sc_hd__dfrtp_2)
                                                         pwr_ctrl (net)
                      0.178509    0.000000    0.489298 ^ _0807_/B (sky130_fd_sc_hd__and2_2)
    54    0.194856    0.969738    0.830444    1.319742 ^ _0807_/X (sky130_fd_sc_hd__and2_2)
                                                         u_max30102_ctrl.rst_n (net)
                      0.969738    0.000000    1.319742 ^ _1585_/RESET_B (sky130_fd_sc_hd__dfrtp_2)
                                              1.319742   data arrival time

                      0.150000    0.000000    0.000000   clock clk_10mhz (rise edge)
                                  0.000000    0.000000   clock network delay (ideal)
                                  0.250000    0.250000   clock uncertainty
                                  0.000000    0.250000   clock reconvergence pessimism
                                              0.250000 ^ _1585_/CLK (sky130_fd_sc_hd__dfrtp_2)
                                  0.597912    0.847912   library removal time
                                              0.847912   data required time
---------------------------------------------------------------------------------------------
                                              0.847912   data required time
                                             -1.319742   data arrival time
---------------------------------------------------------------------------------------------
                                              0.471830   slack (MET)


Startpoint: _1495_ (rising edge-triggered flip-flop clocked by clk_10mhz)
Endpoint: _1586_ (removal check against rising-edge clock clk_10mhz)
Path Group: asynchronous
Path Type: min

Fanout         Cap        Slew       Delay        Time   Description
---------------------------------------------------------------------------------------------
                      0.150000    0.000000    0.000000   clock clk_10mhz (rise edge)
                                  0.000000    0.000000   clock network delay (ideal)
                      0.150000    0.000000    0.000000 ^ _1495_/CLK (sky130_fd_sc_hd__dfrtp_2)
     2    0.034983    0.178509    0.489298    0.489298 ^ _1495_/Q (sky130_fd_sc_hd__dfrtp_2)
                                                         pwr_ctrl (net)
                      0.178509    0.000000    0.489298 ^ _0807_/B (sky130_fd_sc_hd__and2_2)
    54    0.194856    0.969738    0.830444    1.319742 ^ _0807_/X (sky130_fd_sc_hd__and2_2)
                                                         u_max30102_ctrl.rst_n (net)
                      0.969738    0.000000    1.319742 ^ _1586_/RESET_B (sky130_fd_sc_hd__dfrtp_2)
                                              1.319742   data arrival time

                      0.150000    0.000000    0.000000   clock clk_10mhz (rise edge)
                                  0.000000    0.000000   clock network delay (ideal)
                                  0.250000    0.250000   clock uncertainty
                                  0.000000    0.250000   clock reconvergence pessimism
                                              0.250000 ^ _1586_/CLK (sky130_fd_sc_hd__dfrtp_2)
                                  0.597912    0.847912   library removal time
                                              0.847912   data required time
---------------------------------------------------------------------------------------------
                                              0.847912   data required time
                                             -1.319742   data arrival time
---------------------------------------------------------------------------------------------
                                              0.471830   slack (MET)


Startpoint: _1495_ (rising edge-triggered flip-flop clocked by clk_10mhz)
Endpoint: _1587_ (removal check against rising-edge clock clk_10mhz)
Path Group: asynchronous
Path Type: min

Fanout         Cap        Slew       Delay        Time   Description
---------------------------------------------------------------------------------------------
                      0.150000    0.000000    0.000000   clock clk_10mhz (rise edge)
                                  0.000000    0.000000   clock network delay (ideal)
                      0.150000    0.000000    0.000000 ^ _1495_/CLK (sky130_fd_sc_hd__dfrtp_2)
     2    0.034983    0.178509    0.489298    0.489298 ^ _1495_/Q (sky130_fd_sc_hd__dfrtp_2)
                                                         pwr_ctrl (net)
                      0.178509    0.000000    0.489298 ^ _0807_/B (sky130_fd_sc_hd__and2_2)
    54    0.194856    0.969738    0.830444    1.319742 ^ _0807_/X (sky130_fd_sc_hd__and2_2)
                                                         u_max30102_ctrl.rst_n (net)
                      0.969738    0.000000    1.319742 ^ _1587_/RESET_B (sky130_fd_sc_hd__dfrtp_2)
                                              1.319742   data arrival time

                      0.150000    0.000000    0.000000   clock clk_10mhz (rise edge)
                                  0.000000    0.000000   clock network delay (ideal)
                                  0.250000    0.250000   clock uncertainty
                                  0.000000    0.250000   clock reconvergence pessimism
                                              0.250000 ^ _1587_/CLK (sky130_fd_sc_hd__dfrtp_2)
                                  0.597912    0.847912   library removal time
                                              0.847912   data required time
---------------------------------------------------------------------------------------------
                                              0.847912   data required time
                                             -1.319742   data arrival time
---------------------------------------------------------------------------------------------
                                              0.471830   slack (MET)


Startpoint: _1495_ (rising edge-triggered flip-flop clocked by clk_10mhz)
Endpoint: _1588_ (removal check against rising-edge clock clk_10mhz)
Path Group: asynchronous
Path Type: min

Fanout         Cap        Slew       Delay        Time   Description
---------------------------------------------------------------------------------------------
                      0.150000    0.000000    0.000000   clock clk_10mhz (rise edge)
                                  0.000000    0.000000   clock network delay (ideal)
                      0.150000    0.000000    0.000000 ^ _1495_/CLK (sky130_fd_sc_hd__dfrtp_2)
     2    0.034983    0.178509    0.489298    0.489298 ^ _1495_/Q (sky130_fd_sc_hd__dfrtp_2)
                                                         pwr_ctrl (net)
                      0.178509    0.000000    0.489298 ^ _0807_/B (sky130_fd_sc_hd__and2_2)
    54    0.194856    0.969738    0.830444    1.319742 ^ _0807_/X (sky130_fd_sc_hd__and2_2)
                                                         u_max30102_ctrl.rst_n (net)
                      0.969738    0.000000    1.319742 ^ _1588_/RESET_B (sky130_fd_sc_hd__dfrtp_2)
                                              1.319742   data arrival time

                      0.150000    0.000000    0.000000   clock clk_10mhz (rise edge)
                                  0.000000    0.000000   clock network delay (ideal)
                                  0.250000    0.250000   clock uncertainty
                                  0.000000    0.250000   clock reconvergence pessimism
                                              0.250000 ^ _1588_/CLK (sky130_fd_sc_hd__dfrtp_2)
                                  0.597912    0.847912   library removal time
                                              0.847912   data required time
---------------------------------------------------------------------------------------------
                                              0.847912   data required time
                                             -1.319742   data arrival time
---------------------------------------------------------------------------------------------
                                              0.471830   slack (MET)


Startpoint: _1495_ (rising edge-triggered flip-flop clocked by clk_10mhz)
Endpoint: _1589_ (removal check against rising-edge clock clk_10mhz)
Path Group: asynchronous
Path Type: min

Fanout         Cap        Slew       Delay        Time   Description
---------------------------------------------------------------------------------------------
                      0.150000    0.000000    0.000000   clock clk_10mhz (rise edge)
                                  0.000000    0.000000   clock network delay (ideal)
                      0.150000    0.000000    0.000000 ^ _1495_/CLK (sky130_fd_sc_hd__dfrtp_2)
     2    0.034983    0.178509    0.489298    0.489298 ^ _1495_/Q (sky130_fd_sc_hd__dfrtp_2)
                                                         pwr_ctrl (net)
                      0.178509    0.000000    0.489298 ^ _0807_/B (sky130_fd_sc_hd__and2_2)
    54    0.194856    0.969738    0.830444    1.319742 ^ _0807_/X (sky130_fd_sc_hd__and2_2)
                                                         u_max30102_ctrl.rst_n (net)
                      0.969738    0.000000    1.319742 ^ _1589_/RESET_B (sky130_fd_sc_hd__dfrtp_2)
                                              1.319742   data arrival time

                      0.150000    0.000000    0.000000   clock clk_10mhz (rise edge)
                                  0.000000    0.000000   clock network delay (ideal)
                                  0.250000    0.250000   clock uncertainty
                                  0.000000    0.250000   clock reconvergence pessimism
                                              0.250000 ^ _1589_/CLK (sky130_fd_sc_hd__dfrtp_2)
                                  0.597912    0.847912   library removal time
                                              0.847912   data required time
---------------------------------------------------------------------------------------------
                                              0.847912   data required time
                                             -1.319742   data arrival time
---------------------------------------------------------------------------------------------
                                              0.471830   slack (MET)


Startpoint: _1495_ (rising edge-triggered flip-flop clocked by clk_10mhz)
Endpoint: _1590_ (removal check against rising-edge clock clk_10mhz)
Path Group: asynchronous
Path Type: min

Fanout         Cap        Slew       Delay        Time   Description
---------------------------------------------------------------------------------------------
                      0.150000    0.000000    0.000000   clock clk_10mhz (rise edge)
                                  0.000000    0.000000   clock network delay (ideal)
                      0.150000    0.000000    0.000000 ^ _1495_/CLK (sky130_fd_sc_hd__dfrtp_2)
     2    0.034983    0.178509    0.489298    0.489298 ^ _1495_/Q (sky130_fd_sc_hd__dfrtp_2)
                                                         pwr_ctrl (net)
                      0.178509    0.000000    0.489298 ^ _0807_/B (sky130_fd_sc_hd__and2_2)
    54    0.194856    0.969738    0.830444    1.319742 ^ _0807_/X (sky130_fd_sc_hd__and2_2)
                                                         u_max30102_ctrl.rst_n (net)
                      0.969738    0.000000    1.319742 ^ _1590_/RESET_B (sky130_fd_sc_hd__dfrtp_2)
                                              1.319742   data arrival time

                      0.150000    0.000000    0.000000   clock clk_10mhz (rise edge)
                                  0.000000    0.000000   clock network delay (ideal)
                                  0.250000    0.250000   clock uncertainty
                                  0.000000    0.250000   clock reconvergence pessimism
                                              0.250000 ^ _1590_/CLK (sky130_fd_sc_hd__dfrtp_2)
                                  0.597912    0.847912   library removal time
                                              0.847912   data required time
---------------------------------------------------------------------------------------------
                                              0.847912   data required time
                                             -1.319742   data arrival time
---------------------------------------------------------------------------------------------
                                              0.471830   slack (MET)


Startpoint: _1495_ (rising edge-triggered flip-flop clocked by clk_10mhz)
Endpoint: _1591_ (removal check against rising-edge clock clk_10mhz)
Path Group: asynchronous
Path Type: min

Fanout         Cap        Slew       Delay        Time   Description
---------------------------------------------------------------------------------------------
                      0.150000    0.000000    0.000000   clock clk_10mhz (rise edge)
                                  0.000000    0.000000   clock network delay (ideal)
                      0.150000    0.000000    0.000000 ^ _1495_/CLK (sky130_fd_sc_hd__dfrtp_2)
     2    0.034983    0.178509    0.489298    0.489298 ^ _1495_/Q (sky130_fd_sc_hd__dfrtp_2)
                                                         pwr_ctrl (net)
                      0.178509    0.000000    0.489298 ^ _0807_/B (sky130_fd_sc_hd__and2_2)
    54    0.194856    0.969738    0.830444    1.319742 ^ _0807_/X (sky130_fd_sc_hd__and2_2)
                                                         u_max30102_ctrl.rst_n (net)
                      0.969738    0.000000    1.319742 ^ _1591_/RESET_B (sky130_fd_sc_hd__dfrtp_2)
                                              1.319742   data arrival time

                      0.150000    0.000000    0.000000   clock clk_10mhz (rise edge)
                                  0.000000    0.000000   clock network delay (ideal)
                                  0.250000    0.250000   clock uncertainty
                                  0.000000    0.250000   clock reconvergence pessimism
                                              0.250000 ^ _1591_/CLK (sky130_fd_sc_hd__dfrtp_2)
                                  0.597912    0.847912   library removal time
                                              0.847912   data required time
---------------------------------------------------------------------------------------------
                                              0.847912   data required time
                                             -1.319742   data arrival time
---------------------------------------------------------------------------------------------
                                              0.471830   slack (MET)


Startpoint: _1495_ (rising edge-triggered flip-flop clocked by clk_10mhz)
Endpoint: _1592_ (removal check against rising-edge clock clk_10mhz)
Path Group: asynchronous
Path Type: min

Fanout         Cap        Slew       Delay        Time   Description
---------------------------------------------------------------------------------------------
                      0.150000    0.000000    0.000000   clock clk_10mhz (rise edge)
                                  0.000000    0.000000   clock network delay (ideal)
                      0.150000    0.000000    0.000000 ^ _1495_/CLK (sky130_fd_sc_hd__dfrtp_2)
     2    0.034983    0.178509    0.489298    0.489298 ^ _1495_/Q (sky130_fd_sc_hd__dfrtp_2)
                                                         pwr_ctrl (net)
                      0.178509    0.000000    0.489298 ^ _0807_/B (sky130_fd_sc_hd__and2_2)
    54    0.194856    0.969738    0.830444    1.319742 ^ _0807_/X (sky130_fd_sc_hd__and2_2)
                                                         u_max30102_ctrl.rst_n (net)
                      0.969738    0.000000    1.319742 ^ _1592_/RESET_B (sky130_fd_sc_hd__dfrtp_2)
                                              1.319742   data arrival time

                      0.150000    0.000000    0.000000   clock clk_10mhz (rise edge)
                                  0.000000    0.000000   clock network delay (ideal)
                                  0.250000    0.250000   clock uncertainty
                                  0.000000    0.250000   clock reconvergence pessimism
                                              0.250000 ^ _1592_/CLK (sky130_fd_sc_hd__dfrtp_2)
                                  0.597912    0.847912   library removal time
                                              0.847912   data required time
---------------------------------------------------------------------------------------------
                                              0.847912   data required time
                                             -1.319742   data arrival time
---------------------------------------------------------------------------------------------
                                              0.471830   slack (MET)


Startpoint: _1495_ (rising edge-triggered flip-flop clocked by clk_10mhz)
Endpoint: _1593_ (removal check against rising-edge clock clk_10mhz)
Path Group: asynchronous
Path Type: min

Fanout         Cap        Slew       Delay        Time   Description
---------------------------------------------------------------------------------------------
                      0.150000    0.000000    0.000000   clock clk_10mhz (rise edge)
                                  0.000000    0.000000   clock network delay (ideal)
                      0.150000    0.000000    0.000000 ^ _1495_/CLK (sky130_fd_sc_hd__dfrtp_2)
     2    0.034983    0.178509    0.489298    0.489298 ^ _1495_/Q (sky130_fd_sc_hd__dfrtp_2)
                                                         pwr_ctrl (net)
                      0.178509    0.000000    0.489298 ^ _0807_/B (sky130_fd_sc_hd__and2_2)
    54    0.194856    0.969738    0.830444    1.319742 ^ _0807_/X (sky130_fd_sc_hd__and2_2)
                                                         u_max30102_ctrl.rst_n (net)
                      0.969738    0.000000    1.319742 ^ _1593_/RESET_B (sky130_fd_sc_hd__dfrtp_2)
                                              1.319742   data arrival time

                      0.150000    0.000000    0.000000   clock clk_10mhz (rise edge)
                                  0.000000    0.000000   clock network delay (ideal)
                                  0.250000    0.250000   clock uncertainty
                                  0.000000    0.250000   clock reconvergence pessimism
                                              0.250000 ^ _1593_/CLK (sky130_fd_sc_hd__dfrtp_2)
                                  0.597912    0.847912   library removal time
                                              0.847912   data required time
---------------------------------------------------------------------------------------------
                                              0.847912   data required time
                                             -1.319742   data arrival time
---------------------------------------------------------------------------------------------
                                              0.471830   slack (MET)


Startpoint: _1495_ (rising edge-triggered flip-flop clocked by clk_10mhz)
Endpoint: _1594_ (removal check against rising-edge clock clk_10mhz)
Path Group: asynchronous
Path Type: min

Fanout         Cap        Slew       Delay        Time   Description
---------------------------------------------------------------------------------------------
                      0.150000    0.000000    0.000000   clock clk_10mhz (rise edge)
                                  0.000000    0.000000   clock network delay (ideal)
                      0.150000    0.000000    0.000000 ^ _1495_/CLK (sky130_fd_sc_hd__dfrtp_2)
     2    0.034983    0.178509    0.489298    0.489298 ^ _1495_/Q (sky130_fd_sc_hd__dfrtp_2)
                                                         pwr_ctrl (net)
                      0.178509    0.000000    0.489298 ^ _0807_/B (sky130_fd_sc_hd__and2_2)
    54    0.194856    0.969738    0.830444    1.319742 ^ _0807_/X (sky130_fd_sc_hd__and2_2)
                                                         u_max30102_ctrl.rst_n (net)
                      0.969738    0.000000    1.319742 ^ _1594_/RESET_B (sky130_fd_sc_hd__dfrtp_2)
                                              1.319742   data arrival time

                      0.150000    0.000000    0.000000   clock clk_10mhz (rise edge)
                                  0.000000    0.000000   clock network delay (ideal)
                                  0.250000    0.250000   clock uncertainty
                                  0.000000    0.250000   clock reconvergence pessimism
                                              0.250000 ^ _1594_/CLK (sky130_fd_sc_hd__dfrtp_2)
                                  0.597912    0.847912   library removal time
                                              0.847912   data required time
---------------------------------------------------------------------------------------------
                                              0.847912   data required time
                                             -1.319742   data arrival time
---------------------------------------------------------------------------------------------
                                              0.471830   slack (MET)


Startpoint: _1713_ (rising edge-triggered flip-flop clocked by clk_10mhz)
Endpoint: _1713_ (rising edge-triggered flip-flop clocked by clk_10mhz)
Path Group: clk_10mhz
Path Type: min

Fanout         Cap        Slew       Delay        Time   Description
---------------------------------------------------------------------------------------------
                      0.150000    0.000000    0.000000   clock clk_10mhz (rise edge)
                                  0.000000    0.000000   clock network delay (ideal)
                      0.150000    0.000000    0.000000 ^ _1713_/CLK (sky130_fd_sc_hd__dfrtp_2)
    13    0.030479    0.159062    0.473830    0.473830 ^ _1713_/Q (sky130_fd_sc_hd__dfrtp_2)
                                                         u_fifo.wr_ptr[1] (net)
                      0.159062    0.000000    0.473830 ^ _1257_/B1_N (sky130_fd_sc_hd__a21boi_2)
     1    0.001496    0.055489    0.161970    0.635800 ^ _1257_/Y (sky130_fd_sc_hd__a21boi_2)
                                                         _0293_ (net)
                      0.055489    0.000000    0.635800 ^ _1258_/B (sky130_fd_sc_hd__or2_2)
     1    0.002005    0.026014    0.093708    0.729508 ^ _1258_/X (sky130_fd_sc_hd__or2_2)
                                                         _0216_ (net)
                      0.026014    0.000000    0.729508 ^ _1713_/D (sky130_fd_sc_hd__dfrtp_2)
                                              0.729508   data arrival time

                      0.150000    0.000000    0.000000   clock clk_10mhz (rise edge)
                                  0.000000    0.000000   clock network delay (ideal)
                                  0.250000    0.250000   clock uncertainty
                                  0.000000    0.250000   clock reconvergence pessimism
                                              0.250000 ^ _1713_/CLK (sky130_fd_sc_hd__dfrtp_2)
                                 -0.016448    0.233552   library hold time
                                              0.233552   data required time
---------------------------------------------------------------------------------------------
                                              0.233552   data required time
                                             -0.729508   data arrival time
---------------------------------------------------------------------------------------------
                                              0.495956   slack (MET)


Startpoint: _1776_ (rising edge-triggered flip-flop clocked by clk_10mhz)
Endpoint: _1771_ (rising edge-triggered flip-flop clocked by clk_10mhz)
Path Group: clk_10mhz
Path Type: min

Fanout         Cap        Slew       Delay        Time   Description
---------------------------------------------------------------------------------------------
                      0.150000    0.000000    0.000000   clock clk_10mhz (rise edge)
                                  0.000000    0.000000   clock network delay (ideal)
                      0.150000    0.000000    0.000000 ^ _1776_/CLK (sky130_fd_sc_hd__dfrtp_2)
     5    0.014752    0.091158    0.419821    0.419821 ^ _1776_/Q (sky130_fd_sc_hd__dfrtp_2)
                                                         u_uart.state[1] (net)
                      0.091158    0.000000    0.419821 ^ _0777_/A (sky130_fd_sc_hd__nor2_2)
     9    0.012639    0.046751    0.066847    0.486668 v _0777_/Y (sky130_fd_sc_hd__nor2_2)
                                                         _0493_ (net)
                      0.046751    0.000000    0.486668 v _0779_/B (sky130_fd_sc_hd__and2_2)
    11    0.035018    0.103042    0.264343    0.751011 v _0779_/X (sky130_fd_sc_hd__and2_2)
                                                         _0004_ (net)
                      0.103042    0.000000    0.751011 v _1771_/D (sky130_fd_sc_hd__dfrtp_2)
                                              0.751011   data arrival time

                      0.150000    0.000000    0.000000   clock clk_10mhz (rise edge)
                                  0.000000    0.000000   clock network delay (ideal)
                                  0.250000    0.250000   clock uncertainty
                                  0.000000    0.250000   clock reconvergence pessimism
                                              0.250000 ^ _1771_/CLK (sky130_fd_sc_hd__dfrtp_2)
                                 -0.041761    0.208239   library hold time
                                              0.208239   data required time
---------------------------------------------------------------------------------------------
                                              0.208239   data required time
                                             -0.751011   data arrival time
---------------------------------------------------------------------------------------------
                                              0.542772   slack (MET)


Startpoint: _1594_ (rising edge-triggered flip-flop clocked by clk_10mhz)
Endpoint: _1590_ (rising edge-triggered flip-flop clocked by clk_10mhz)
Path Group: clk_10mhz
Path Type: min

Fanout         Cap        Slew       Delay        Time   Description
---------------------------------------------------------------------------------------------
                      0.150000    0.000000    0.000000   clock clk_10mhz (rise edge)
                                  0.000000    0.000000   clock network delay (ideal)
                      0.150000    0.000000    0.000000 ^ _1594_/CLK (sky130_fd_sc_hd__dfrtp_2)
     8    0.022265    0.123597    0.445622    0.445622 ^ _1594_/Q (sky130_fd_sc_hd__dfrtp_2)
                                                         u_packet_assembler.state[3] (net)
                      0.123597    0.000000    0.445622 ^ _0853_/A2 (sky130_fd_sc_hd__o21bai_2)
     2    0.006150    0.045070    0.077721    0.523343 v _0853_/Y (sky130_fd_sc_hd__o21bai_2)
                                                         _0549_ (net)
                      0.045070    0.000000    0.523343 v _0854_/B (sky130_fd_sc_hd__and2b_2)
    10    0.028138    0.091919    0.253478    0.776820 v _0854_/X (sky130_fd_sc_hd__and2b_2)
                                                         _0021_ (net)
                      0.091919    0.000000    0.776820 v _1590_/D (sky130_fd_sc_hd__dfrtp_2)
                                              0.776820   data arrival time

                      0.150000    0.000000    0.000000   clock clk_10mhz (rise edge)
                                  0.000000    0.000000   clock network delay (ideal)
                                  0.250000    0.250000   clock uncertainty
                                  0.000000    0.250000   clock reconvergence pessimism
                                              0.250000 ^ _1590_/CLK (sky130_fd_sc_hd__dfrtp_2)
                                 -0.037239    0.212761   library hold time
                                              0.212761   data required time
---------------------------------------------------------------------------------------------
                                              0.212761   data required time
                                             -0.776820   data arrival time
---------------------------------------------------------------------------------------------
                                              0.564059   slack (MET)


Startpoint: _1495_ (rising edge-triggered flip-flop clocked by clk_10mhz)
Endpoint: _1581_ (removal check against rising-edge clock clk_10mhz)
Path Group: asynchronous
Path Type: min

Fanout         Cap        Slew       Delay        Time   Description
---------------------------------------------------------------------------------------------
                      0.150000    0.000000    0.000000   clock clk_10mhz (rise edge)
                                  0.000000    0.000000   clock network delay (ideal)
                      0.150000    0.000000    0.000000 ^ _1495_/CLK (sky130_fd_sc_hd__dfrtp_2)
     2    0.034983    0.178509    0.489298    0.489298 ^ _1495_/Q (sky130_fd_sc_hd__dfrtp_2)
                                                         pwr_ctrl (net)
                      0.178509    0.000000    0.489298 ^ _0807_/B (sky130_fd_sc_hd__and2_2)
    54    0.194856    0.969738    0.830444    1.319742 ^ _0807_/X (sky130_fd_sc_hd__and2_2)
                                                         u_max30102_ctrl.rst_n (net)
                      0.969738    0.000000    1.319742 ^ _1581_/SET_B (sky130_fd_sc_hd__dfstp_2)
                                              1.319742   data arrival time

                      0.150000    0.000000    0.000000   clock clk_10mhz (rise edge)
                                  0.000000    0.000000   clock network delay (ideal)
                                  0.250000    0.250000   clock uncertainty
                                  0.000000    0.250000   clock reconvergence pessimism
                                              0.250000 ^ _1581_/CLK (sky130_fd_sc_hd__dfstp_2)
                                  0.155904    0.405904   library removal time
                                              0.405904   data required time
---------------------------------------------------------------------------------------------
                                              0.405904   data required time
                                             -1.319742   data arrival time
---------------------------------------------------------------------------------------------
                                              0.913837   slack (MET)


Startpoint: srf_echo (input port clocked by clk_10mhz)
Endpoint: _1519_ (rising edge-triggered flip-flop clocked by clk_10mhz)
Path Group: clk_10mhz
Path Type: min

Fanout         Cap        Slew       Delay        Time   Description
---------------------------------------------------------------------------------------------
                      0.150000    0.000000    0.000000   clock clk_10mhz (rise edge)
                                  0.000000    0.000000   clock network delay (ideal)
                                 20.000000   20.000000 v input external delay
     1    0.001949    0.006921    0.002977   20.002977 v srf_echo (in)
                                                         srf_echo (net)
                      0.006921    0.000000   20.002977 v _1519_/D (sky130_fd_sc_hd__dfrtp_2)
                                             20.002977   data arrival time

                      0.150000    0.000000    0.000000   clock clk_10mhz (rise edge)
                                  0.000000    0.000000   clock network delay (ideal)
                                  0.250000    0.250000   clock uncertainty
                                  0.000000    0.250000   clock reconvergence pessimism
                                              0.250000 ^ _1519_/CLK (sky130_fd_sc_hd__dfrtp_2)
                                 -0.002679    0.247321   library hold time
                                              0.247321   data required time
---------------------------------------------------------------------------------------------
                                              0.247321   data required time
                                            -20.002977   data arrival time
---------------------------------------------------------------------------------------------
                                             19.755657   slack (MET)


Startpoint: rst_n (input port clocked by clk_10mhz)
Endpoint: _1495_ (removal check against rising-edge clock clk_10mhz)
Path Group: asynchronous
Path Type: min

Fanout         Cap        Slew       Delay        Time   Description
---------------------------------------------------------------------------------------------
                      0.150000    0.000000    0.000000   clock clk_10mhz (rise edge)
                                  0.000000    0.000000   clock network delay (ideal)
                                 20.000000   20.000000 ^ input external delay
   105    0.355928    1.599076    1.092138   21.092138 ^ rst_n (in)
                                                         rst_n (net)
                      1.599076    0.000000   21.092138 ^ _1495_/RESET_B (sky130_fd_sc_hd__dfrtp_2)
                                             21.092138   data arrival time

                      0.150000    0.000000    0.000000   clock clk_10mhz (rise edge)
                                  0.000000    0.000000   clock network delay (ideal)
                                  0.250000    0.250000   clock uncertainty
                                  0.000000    0.250000   clock reconvergence pessimism
                                              0.250000 ^ _1495_/CLK (sky130_fd_sc_hd__dfrtp_2)
                                  0.765350    1.015350   library removal time
                                              1.015350   data required time
---------------------------------------------------------------------------------------------
                                              1.015350   data required time
                                            -21.092138   data arrival time
---------------------------------------------------------------------------------------------
                                             20.076788   slack (MET)


Startpoint: rst_n (input port clocked by clk_10mhz)
Endpoint: _1496_ (removal check against rising-edge clock clk_10mhz)
Path Group: asynchronous
Path Type: min

Fanout         Cap        Slew       Delay        Time   Description
---------------------------------------------------------------------------------------------
                      0.150000    0.000000    0.000000   clock clk_10mhz (rise edge)
                                  0.000000    0.000000   clock network delay (ideal)
                                 20.000000   20.000000 ^ input external delay
   105    0.355928    1.599076    1.092138   21.092138 ^ rst_n (in)
                                                         rst_n (net)
                      1.599076    0.000000   21.092138 ^ _1496_/RESET_B (sky130_fd_sc_hd__dfrtp_2)
                                             21.092138   data arrival time

                      0.150000    0.000000    0.000000   clock clk_10mhz (rise edge)
                                  0.000000    0.000000   clock network delay (ideal)
                                  0.250000    0.250000   clock uncertainty
                                  0.000000    0.250000   clock reconvergence pessimism
                                              0.250000 ^ _1496_/CLK (sky130_fd_sc_hd__dfrtp_2)
                                  0.765350    1.015350   library removal time
                                              1.015350   data required time
---------------------------------------------------------------------------------------------
                                              1.015350   data required time
                                            -21.092138   data arrival time
---------------------------------------------------------------------------------------------
                                             20.076788   slack (MET)


Startpoint: rst_n (input port clocked by clk_10mhz)
Endpoint: _1497_ (removal check against rising-edge clock clk_10mhz)
Path Group: asynchronous
Path Type: min

Fanout         Cap        Slew       Delay        Time   Description
---------------------------------------------------------------------------------------------
                      0.150000    0.000000    0.000000   clock clk_10mhz (rise edge)
                                  0.000000    0.000000   clock network delay (ideal)
                                 20.000000   20.000000 ^ input external delay
   105    0.355928    1.599076    1.092138   21.092138 ^ rst_n (in)
                                                         rst_n (net)
                      1.599076    0.000000   21.092138 ^ _1497_/RESET_B (sky130_fd_sc_hd__dfrtp_2)
                                             21.092138   data arrival time

                      0.150000    0.000000    0.000000   clock clk_10mhz (rise edge)
                                  0.000000    0.000000   clock network delay (ideal)
                                  0.250000    0.250000   clock uncertainty
                                  0.000000    0.250000   clock reconvergence pessimism
                                              0.250000 ^ _1497_/CLK (sky130_fd_sc_hd__dfrtp_2)
                                  0.765350    1.015350   library removal time
                                              1.015350   data required time
---------------------------------------------------------------------------------------------
                                              1.015350   data required time
                                            -21.092138   data arrival time
---------------------------------------------------------------------------------------------
                                             20.076788   slack (MET)


Startpoint: rst_n (input port clocked by clk_10mhz)
Endpoint: _1498_ (removal check against rising-edge clock clk_10mhz)
Path Group: asynchronous
Path Type: min

Fanout         Cap        Slew       Delay        Time   Description
---------------------------------------------------------------------------------------------
                      0.150000    0.000000    0.000000   clock clk_10mhz (rise edge)
                                  0.000000    0.000000   clock network delay (ideal)
                                 20.000000   20.000000 ^ input external delay
   105    0.355928    1.599076    1.092138   21.092138 ^ rst_n (in)
                                                         rst_n (net)
                      1.599076    0.000000   21.092138 ^ _1498_/RESET_B (sky130_fd_sc_hd__dfrtp_2)
                                             21.092138   data arrival time

                      0.150000    0.000000    0.000000   clock clk_10mhz (rise edge)
                                  0.000000    0.000000   clock network delay (ideal)
                                  0.250000    0.250000   clock uncertainty
                                  0.000000    0.250000   clock reconvergence pessimism
                                              0.250000 ^ _1498_/CLK (sky130_fd_sc_hd__dfrtp_2)
                                  0.765350    1.015350   library removal time
                                              1.015350   data required time
---------------------------------------------------------------------------------------------
                                              1.015350   data required time
                                            -21.092138   data arrival time
---------------------------------------------------------------------------------------------
                                             20.076788   slack (MET)


Startpoint: rst_n (input port clocked by clk_10mhz)
Endpoint: _1499_ (removal check against rising-edge clock clk_10mhz)
Path Group: asynchronous
Path Type: min

Fanout         Cap        Slew       Delay        Time   Description
---------------------------------------------------------------------------------------------
                      0.150000    0.000000    0.000000   clock clk_10mhz (rise edge)
                                  0.000000    0.000000   clock network delay (ideal)
                                 20.000000   20.000000 ^ input external delay
   105    0.355928    1.599076    1.092138   21.092138 ^ rst_n (in)
                                                         rst_n (net)
                      1.599076    0.000000   21.092138 ^ _1499_/RESET_B (sky130_fd_sc_hd__dfrtp_2)
                                             21.092138   data arrival time

                      0.150000    0.000000    0.000000   clock clk_10mhz (rise edge)
                                  0.000000    0.000000   clock network delay (ideal)
                                  0.250000    0.250000   clock uncertainty
                                  0.000000    0.250000   clock reconvergence pessimism
                                              0.250000 ^ _1499_/CLK (sky130_fd_sc_hd__dfrtp_2)
                                  0.765350    1.015350   library removal time
                                              1.015350   data required time
---------------------------------------------------------------------------------------------
                                              1.015350   data required time
                                            -21.092138   data arrival time
---------------------------------------------------------------------------------------------
                                             20.076788   slack (MET)


Startpoint: rst_n (input port clocked by clk_10mhz)
Endpoint: _1500_ (removal check against rising-edge clock clk_10mhz)
Path Group: asynchronous
Path Type: min

Fanout         Cap        Slew       Delay        Time   Description
---------------------------------------------------------------------------------------------
                      0.150000    0.000000    0.000000   clock clk_10mhz (rise edge)
                                  0.000000    0.000000   clock network delay (ideal)
                                 20.000000   20.000000 ^ input external delay
   105    0.355928    1.599076    1.092138   21.092138 ^ rst_n (in)
                                                         rst_n (net)
                      1.599076    0.000000   21.092138 ^ _1500_/RESET_B (sky130_fd_sc_hd__dfrtp_2)
                                             21.092138   data arrival time

                      0.150000    0.000000    0.000000   clock clk_10mhz (rise edge)
                                  0.000000    0.000000   clock network delay (ideal)
                                  0.250000    0.250000   clock uncertainty
                                  0.000000    0.250000   clock reconvergence pessimism
                                              0.250000 ^ _1500_/CLK (sky130_fd_sc_hd__dfrtp_2)
                                  0.765350    1.015350   library removal time
                                              1.015350   data required time
---------------------------------------------------------------------------------------------
                                              1.015350   data required time
                                            -21.092138   data arrival time
---------------------------------------------------------------------------------------------
                                             20.076788   slack (MET)


Startpoint: rst_n (input port clocked by clk_10mhz)
Endpoint: _1501_ (removal check against rising-edge clock clk_10mhz)
Path Group: asynchronous
Path Type: min

Fanout         Cap        Slew       Delay        Time   Description
---------------------------------------------------------------------------------------------
                      0.150000    0.000000    0.000000   clock clk_10mhz (rise edge)
                                  0.000000    0.000000   clock network delay (ideal)
                                 20.000000   20.000000 ^ input external delay
   105    0.355928    1.599076    1.092138   21.092138 ^ rst_n (in)
                                                         rst_n (net)
                      1.599076    0.000000   21.092138 ^ _1501_/RESET_B (sky130_fd_sc_hd__dfrtp_2)
                                             21.092138   data arrival time

                      0.150000    0.000000    0.000000   clock clk_10mhz (rise edge)
                                  0.000000    0.000000   clock network delay (ideal)
                                  0.250000    0.250000   clock uncertainty
                                  0.000000    0.250000   clock reconvergence pessimism
                                              0.250000 ^ _1501_/CLK (sky130_fd_sc_hd__dfrtp_2)
                                  0.765350    1.015350   library removal time
                                              1.015350   data required time
---------------------------------------------------------------------------------------------
                                              1.015350   data required time
                                            -21.092138   data arrival time
---------------------------------------------------------------------------------------------
                                             20.076788   slack (MET)


Startpoint: rst_n (input port clocked by clk_10mhz)
Endpoint: _1502_ (removal check against rising-edge clock clk_10mhz)
Path Group: asynchronous
Path Type: min

Fanout         Cap        Slew       Delay        Time   Description
---------------------------------------------------------------------------------------------
                      0.150000    0.000000    0.000000   clock clk_10mhz (rise edge)
                                  0.000000    0.000000   clock network delay (ideal)
                                 20.000000   20.000000 ^ input external delay
   105    0.355928    1.599076    1.092138   21.092138 ^ rst_n (in)
                                                         rst_n (net)
                      1.599076    0.000000   21.092138 ^ _1502_/RESET_B (sky130_fd_sc_hd__dfrtp_2)
                                             21.092138   data arrival time

                      0.150000    0.000000    0.000000   clock clk_10mhz (rise edge)
                                  0.000000    0.000000   clock network delay (ideal)
                                  0.250000    0.250000   clock uncertainty
                                  0.000000    0.250000   clock reconvergence pessimism
                                              0.250000 ^ _1502_/CLK (sky130_fd_sc_hd__dfrtp_2)
                                  0.765350    1.015350   library removal time
                                              1.015350   data required time
---------------------------------------------------------------------------------------------
                                              1.015350   data required time
                                            -21.092138   data arrival time
---------------------------------------------------------------------------------------------
                                             20.076788   slack (MET)


Startpoint: rst_n (input port clocked by clk_10mhz)
Endpoint: _1503_ (removal check against rising-edge clock clk_10mhz)
Path Group: asynchronous
Path Type: min

Fanout         Cap        Slew       Delay        Time   Description
---------------------------------------------------------------------------------------------
                      0.150000    0.000000    0.000000   clock clk_10mhz (rise edge)
                                  0.000000    0.000000   clock network delay (ideal)
                                 20.000000   20.000000 ^ input external delay
   105    0.355928    1.599076    1.092138   21.092138 ^ rst_n (in)
                                                         rst_n (net)
                      1.599076    0.000000   21.092138 ^ _1503_/RESET_B (sky130_fd_sc_hd__dfrtp_2)
                                             21.092138   data arrival time

                      0.150000    0.000000    0.000000   clock clk_10mhz (rise edge)
                                  0.000000    0.000000   clock network delay (ideal)
                                  0.250000    0.250000   clock uncertainty
                                  0.000000    0.250000   clock reconvergence pessimism
                                              0.250000 ^ _1503_/CLK (sky130_fd_sc_hd__dfrtp_2)
                                  0.765350    1.015350   library removal time
                                              1.015350   data required time
---------------------------------------------------------------------------------------------
                                              1.015350   data required time
                                            -21.092138   data arrival time
---------------------------------------------------------------------------------------------
                                             20.076788   slack (MET)


Startpoint: rst_n (input port clocked by clk_10mhz)
Endpoint: _1504_ (removal check against rising-edge clock clk_10mhz)
Path Group: asynchronous
Path Type: min

Fanout         Cap        Slew       Delay        Time   Description
---------------------------------------------------------------------------------------------
                      0.150000    0.000000    0.000000   clock clk_10mhz (rise edge)
                                  0.000000    0.000000   clock network delay (ideal)
                                 20.000000   20.000000 ^ input external delay
   105    0.355928    1.599076    1.092138   21.092138 ^ rst_n (in)
                                                         rst_n (net)
                      1.599076    0.000000   21.092138 ^ _1504_/RESET_B (sky130_fd_sc_hd__dfrtp_2)
                                             21.092138   data arrival time

                      0.150000    0.000000    0.000000   clock clk_10mhz (rise edge)
                                  0.000000    0.000000   clock network delay (ideal)
                                  0.250000    0.250000   clock uncertainty
                                  0.000000    0.250000   clock reconvergence pessimism
                                              0.250000 ^ _1504_/CLK (sky130_fd_sc_hd__dfrtp_2)
                                  0.765350    1.015350   library removal time
                                              1.015350   data required time
---------------------------------------------------------------------------------------------
                                              1.015350   data required time
                                            -21.092138   data arrival time
---------------------------------------------------------------------------------------------
                                             20.076788   slack (MET)


Startpoint: rst_n (input port clocked by clk_10mhz)
Endpoint: _1505_ (removal check against rising-edge clock clk_10mhz)
Path Group: asynchronous
Path Type: min

Fanout         Cap        Slew       Delay        Time   Description
---------------------------------------------------------------------------------------------
                      0.150000    0.000000    0.000000   clock clk_10mhz (rise edge)
                                  0.000000    0.000000   clock network delay (ideal)
                                 20.000000   20.000000 ^ input external delay
   105    0.355928    1.599076    1.092138   21.092138 ^ rst_n (in)
                                                         rst_n (net)
                      1.599076    0.000000   21.092138 ^ _1505_/RESET_B (sky130_fd_sc_hd__dfrtp_2)
                                             21.092138   data arrival time

                      0.150000    0.000000    0.000000   clock clk_10mhz (rise edge)
                                  0.000000    0.000000   clock network delay (ideal)
                                  0.250000    0.250000   clock uncertainty
                                  0.000000    0.250000   clock reconvergence pessimism
                                              0.250000 ^ _1505_/CLK (sky130_fd_sc_hd__dfrtp_2)
                                  0.765350    1.015350   library removal time
                                              1.015350   data required time
---------------------------------------------------------------------------------------------
                                              1.015350   data required time
                                            -21.092138   data arrival time
---------------------------------------------------------------------------------------------
                                             20.076788   slack (MET)


Startpoint: rst_n (input port clocked by clk_10mhz)
Endpoint: _1506_ (removal check against rising-edge clock clk_10mhz)
Path Group: asynchronous
Path Type: min

Fanout         Cap        Slew       Delay        Time   Description
---------------------------------------------------------------------------------------------
                      0.150000    0.000000    0.000000   clock clk_10mhz (rise edge)
                                  0.000000    0.000000   clock network delay (ideal)
                                 20.000000   20.000000 ^ input external delay
   105    0.355928    1.599076    1.092138   21.092138 ^ rst_n (in)
                                                         rst_n (net)
                      1.599076    0.000000   21.092138 ^ _1506_/RESET_B (sky130_fd_sc_hd__dfrtp_2)
                                             21.092138   data arrival time

                      0.150000    0.000000    0.000000   clock clk_10mhz (rise edge)
                                  0.000000    0.000000   clock network delay (ideal)
                                  0.250000    0.250000   clock uncertainty
                                  0.000000    0.250000   clock reconvergence pessimism
                                              0.250000 ^ _1506_/CLK (sky130_fd_sc_hd__dfrtp_2)
                                  0.765350    1.015350   library removal time
                                              1.015350   data required time
---------------------------------------------------------------------------------------------
                                              1.015350   data required time
                                            -21.092138   data arrival time
---------------------------------------------------------------------------------------------
                                             20.076788   slack (MET)


Startpoint: rst_n (input port clocked by clk_10mhz)
Endpoint: _1507_ (removal check against rising-edge clock clk_10mhz)
Path Group: asynchronous
Path Type: min

Fanout         Cap        Slew       Delay        Time   Description
---------------------------------------------------------------------------------------------
                      0.150000    0.000000    0.000000   clock clk_10mhz (rise edge)
                                  0.000000    0.000000   clock network delay (ideal)
                                 20.000000   20.000000 ^ input external delay
   105    0.355928    1.599076    1.092138   21.092138 ^ rst_n (in)
                                                         rst_n (net)
                      1.599076    0.000000   21.092138 ^ _1507_/RESET_B (sky130_fd_sc_hd__dfrtp_2)
                                             21.092138   data arrival time

                      0.150000    0.000000    0.000000   clock clk_10mhz (rise edge)
                                  0.000000    0.000000   clock network delay (ideal)
                                  0.250000    0.250000   clock uncertainty
                                  0.000000    0.250000   clock reconvergence pessimism
                                              0.250000 ^ _1507_/CLK (sky130_fd_sc_hd__dfrtp_2)
                                  0.765350    1.015350   library removal time
                                              1.015350   data required time
---------------------------------------------------------------------------------------------
                                              1.015350   data required time
                                            -21.092138   data arrival time
---------------------------------------------------------------------------------------------
                                             20.076788   slack (MET)


Startpoint: rst_n (input port clocked by clk_10mhz)
Endpoint: _1508_ (removal check against rising-edge clock clk_10mhz)
Path Group: asynchronous
Path Type: min

Fanout         Cap        Slew       Delay        Time   Description
---------------------------------------------------------------------------------------------
                      0.150000    0.000000    0.000000   clock clk_10mhz (rise edge)
                                  0.000000    0.000000   clock network delay (ideal)
                                 20.000000   20.000000 ^ input external delay
   105    0.355928    1.599076    1.092138   21.092138 ^ rst_n (in)
                                                         rst_n (net)
                      1.599076    0.000000   21.092138 ^ _1508_/RESET_B (sky130_fd_sc_hd__dfrtp_2)
                                             21.092138   data arrival time

                      0.150000    0.000000    0.000000   clock clk_10mhz (rise edge)
                                  0.000000    0.000000   clock network delay (ideal)
                                  0.250000    0.250000   clock uncertainty
                                  0.000000    0.250000   clock reconvergence pessimism
                                              0.250000 ^ _1508_/CLK (sky130_fd_sc_hd__dfrtp_2)
                                  0.765350    1.015350   library removal time
                                              1.015350   data required time
---------------------------------------------------------------------------------------------
                                              1.015350   data required time
                                            -21.092138   data arrival time
---------------------------------------------------------------------------------------------
                                             20.076788   slack (MET)


Startpoint: rst_n (input port clocked by clk_10mhz)
Endpoint: _1509_ (removal check against rising-edge clock clk_10mhz)
Path Group: asynchronous
Path Type: min

Fanout         Cap        Slew       Delay        Time   Description
---------------------------------------------------------------------------------------------
                      0.150000    0.000000    0.000000   clock clk_10mhz (rise edge)
                                  0.000000    0.000000   clock network delay (ideal)
                                 20.000000   20.000000 ^ input external delay
   105    0.355928    1.599076    1.092138   21.092138 ^ rst_n (in)
                                                         rst_n (net)
                      1.599076    0.000000   21.092138 ^ _1509_/RESET_B (sky130_fd_sc_hd__dfrtp_2)
                                             21.092138   data arrival time

                      0.150000    0.000000    0.000000   clock clk_10mhz (rise edge)
                                  0.000000    0.000000   clock network delay (ideal)
                                  0.250000    0.250000   clock uncertainty
                                  0.000000    0.250000   clock reconvergence pessimism
                                              0.250000 ^ _1509_/CLK (sky130_fd_sc_hd__dfrtp_2)
                                  0.765350    1.015350   library removal time
                                              1.015350   data required time
---------------------------------------------------------------------------------------------
                                              1.015350   data required time
                                            -21.092138   data arrival time
---------------------------------------------------------------------------------------------
                                             20.076788   slack (MET)


Startpoint: rst_n (input port clocked by clk_10mhz)
Endpoint: _1510_ (removal check against rising-edge clock clk_10mhz)
Path Group: asynchronous
Path Type: min

Fanout         Cap        Slew       Delay        Time   Description
---------------------------------------------------------------------------------------------
                      0.150000    0.000000    0.000000   clock clk_10mhz (rise edge)
                                  0.000000    0.000000   clock network delay (ideal)
                                 20.000000   20.000000 ^ input external delay
   105    0.355928    1.599076    1.092138   21.092138 ^ rst_n (in)
                                                         rst_n (net)
                      1.599076    0.000000   21.092138 ^ _1510_/RESET_B (sky130_fd_sc_hd__dfrtp_2)
                                             21.092138   data arrival time

                      0.150000    0.000000    0.000000   clock clk_10mhz (rise edge)
                                  0.000000    0.000000   clock network delay (ideal)
                                  0.250000    0.250000   clock uncertainty
                                  0.000000    0.250000   clock reconvergence pessimism
                                              0.250000 ^ _1510_/CLK (sky130_fd_sc_hd__dfrtp_2)
                                  0.765350    1.015350   library removal time
                                              1.015350   data required time
---------------------------------------------------------------------------------------------
                                              1.015350   data required time
                                            -21.092138   data arrival time
---------------------------------------------------------------------------------------------
                                             20.076788   slack (MET)


Startpoint: rst_n (input port clocked by clk_10mhz)
Endpoint: _1511_ (removal check against rising-edge clock clk_10mhz)
Path Group: asynchronous
Path Type: min

Fanout         Cap        Slew       Delay        Time   Description
---------------------------------------------------------------------------------------------
                      0.150000    0.000000    0.000000   clock clk_10mhz (rise edge)
                                  0.000000    0.000000   clock network delay (ideal)
                                 20.000000   20.000000 ^ input external delay
   105    0.355928    1.599076    1.092138   21.092138 ^ rst_n (in)
                                                         rst_n (net)
                      1.599076    0.000000   21.092138 ^ _1511_/RESET_B (sky130_fd_sc_hd__dfrtp_2)
                                             21.092138   data arrival time

                      0.150000    0.000000    0.000000   clock clk_10mhz (rise edge)
                                  0.000000    0.000000   clock network delay (ideal)
                                  0.250000    0.250000   clock uncertainty
                                  0.000000    0.250000   clock reconvergence pessimism
                                              0.250000 ^ _1511_/CLK (sky130_fd_sc_hd__dfrtp_2)
                                  0.765350    1.015350   library removal time
                                              1.015350   data required time
---------------------------------------------------------------------------------------------
                                              1.015350   data required time
                                            -21.092138   data arrival time
---------------------------------------------------------------------------------------------
                                             20.076788   slack (MET)


Startpoint: rst_n (input port clocked by clk_10mhz)
Endpoint: _1512_ (removal check against rising-edge clock clk_10mhz)
Path Group: asynchronous
Path Type: min

Fanout         Cap        Slew       Delay        Time   Description
---------------------------------------------------------------------------------------------
                      0.150000    0.000000    0.000000   clock clk_10mhz (rise edge)
                                  0.000000    0.000000   clock network delay (ideal)
                                 20.000000   20.000000 ^ input external delay
   105    0.355928    1.599076    1.092138   21.092138 ^ rst_n (in)
                                                         rst_n (net)
                      1.599076    0.000000   21.092138 ^ _1512_/RESET_B (sky130_fd_sc_hd__dfrtp_2)
                                             21.092138   data arrival time

                      0.150000    0.000000    0.000000   clock clk_10mhz (rise edge)
                                  0.000000    0.000000   clock network delay (ideal)
                                  0.250000    0.250000   clock uncertainty
                                  0.000000    0.250000   clock reconvergence pessimism
                                              0.250000 ^ _1512_/CLK (sky130_fd_sc_hd__dfrtp_2)
                                  0.765350    1.015350   library removal time
                                              1.015350   data required time
---------------------------------------------------------------------------------------------
                                              1.015350   data required time
                                            -21.092138   data arrival time
---------------------------------------------------------------------------------------------
                                             20.076788   slack (MET)


Startpoint: rst_n (input port clocked by clk_10mhz)
Endpoint: _1513_ (removal check against rising-edge clock clk_10mhz)
Path Group: asynchronous
Path Type: min

Fanout         Cap        Slew       Delay        Time   Description
---------------------------------------------------------------------------------------------
                      0.150000    0.000000    0.000000   clock clk_10mhz (rise edge)
                                  0.000000    0.000000   clock network delay (ideal)
                                 20.000000   20.000000 ^ input external delay
   105    0.355928    1.599076    1.092138   21.092138 ^ rst_n (in)
                                                         rst_n (net)
                      1.599076    0.000000   21.092138 ^ _1513_/RESET_B (sky130_fd_sc_hd__dfrtp_2)
                                             21.092138   data arrival time

                      0.150000    0.000000    0.000000   clock clk_10mhz (rise edge)
                                  0.000000    0.000000   clock network delay (ideal)
                                  0.250000    0.250000   clock uncertainty
                                  0.000000    0.250000   clock reconvergence pessimism
                                              0.250000 ^ _1513_/CLK (sky130_fd_sc_hd__dfrtp_2)
                                  0.765350    1.015350   library removal time
                                              1.015350   data required time
---------------------------------------------------------------------------------------------
                                              1.015350   data required time
                                            -21.092138   data arrival time
---------------------------------------------------------------------------------------------
                                             20.076788   slack (MET)


Startpoint: rst_n (input port clocked by clk_10mhz)
Endpoint: _1514_ (removal check against rising-edge clock clk_10mhz)
Path Group: asynchronous
Path Type: min

Fanout         Cap        Slew       Delay        Time   Description
---------------------------------------------------------------------------------------------
                      0.150000    0.000000    0.000000   clock clk_10mhz (rise edge)
                                  0.000000    0.000000   clock network delay (ideal)
                                 20.000000   20.000000 ^ input external delay
   105    0.355928    1.599076    1.092138   21.092138 ^ rst_n (in)
                                                         rst_n (net)
                      1.599076    0.000000   21.092138 ^ _1514_/RESET_B (sky130_fd_sc_hd__dfrtp_2)
                                             21.092138   data arrival time

                      0.150000    0.000000    0.000000   clock clk_10mhz (rise edge)
                                  0.000000    0.000000   clock network delay (ideal)
                                  0.250000    0.250000   clock uncertainty
                                  0.000000    0.250000   clock reconvergence pessimism
                                              0.250000 ^ _1514_/CLK (sky130_fd_sc_hd__dfrtp_2)
                                  0.765350    1.015350   library removal time
                                              1.015350   data required time
---------------------------------------------------------------------------------------------
                                              1.015350   data required time
                                            -21.092138   data arrival time
---------------------------------------------------------------------------------------------
                                             20.076788   slack (MET)


Startpoint: rst_n (input port clocked by clk_10mhz)
Endpoint: _1515_ (removal check against rising-edge clock clk_10mhz)
Path Group: asynchronous
Path Type: min

Fanout         Cap        Slew       Delay        Time   Description
---------------------------------------------------------------------------------------------
                      0.150000    0.000000    0.000000   clock clk_10mhz (rise edge)
                                  0.000000    0.000000   clock network delay (ideal)
                                 20.000000   20.000000 ^ input external delay
   105    0.355928    1.599076    1.092138   21.092138 ^ rst_n (in)
                                                         rst_n (net)
                      1.599076    0.000000   21.092138 ^ _1515_/RESET_B (sky130_fd_sc_hd__dfrtp_2)
                                             21.092138   data arrival time

                      0.150000    0.000000    0.000000   clock clk_10mhz (rise edge)
                                  0.000000    0.000000   clock network delay (ideal)
                                  0.250000    0.250000   clock uncertainty
                                  0.000000    0.250000   clock reconvergence pessimism
                                              0.250000 ^ _1515_/CLK (sky130_fd_sc_hd__dfrtp_2)
                                  0.765350    1.015350   library removal time
                                              1.015350   data required time
---------------------------------------------------------------------------------------------
                                              1.015350   data required time
                                            -21.092138   data arrival time
---------------------------------------------------------------------------------------------
                                             20.076788   slack (MET)


Startpoint: rst_n (input port clocked by clk_10mhz)
Endpoint: _1516_ (removal check against rising-edge clock clk_10mhz)
Path Group: asynchronous
Path Type: min

Fanout         Cap        Slew       Delay        Time   Description
---------------------------------------------------------------------------------------------
                      0.150000    0.000000    0.000000   clock clk_10mhz (rise edge)
                                  0.000000    0.000000   clock network delay (ideal)
                                 20.000000   20.000000 ^ input external delay
   105    0.355928    1.599076    1.092138   21.092138 ^ rst_n (in)
                                                         rst_n (net)
                      1.599076    0.000000   21.092138 ^ _1516_/RESET_B (sky130_fd_sc_hd__dfrtp_2)
                                             21.092138   data arrival time

                      0.150000    0.000000    0.000000   clock clk_10mhz (rise edge)
                                  0.000000    0.000000   clock network delay (ideal)
                                  0.250000    0.250000   clock uncertainty
                                  0.000000    0.250000   clock reconvergence pessimism
                                              0.250000 ^ _1516_/CLK (sky130_fd_sc_hd__dfrtp_2)
                                  0.765350    1.015350   library removal time
                                              1.015350   data required time
---------------------------------------------------------------------------------------------
                                              1.015350   data required time
                                            -21.092138   data arrival time
---------------------------------------------------------------------------------------------
                                             20.076788   slack (MET)


Startpoint: rst_n (input port clocked by clk_10mhz)
Endpoint: _1517_ (removal check against rising-edge clock clk_10mhz)
Path Group: asynchronous
Path Type: min

Fanout         Cap        Slew       Delay        Time   Description
---------------------------------------------------------------------------------------------
                      0.150000    0.000000    0.000000   clock clk_10mhz (rise edge)
                                  0.000000    0.000000   clock network delay (ideal)
                                 20.000000   20.000000 ^ input external delay
   105    0.355928    1.599076    1.092138   21.092138 ^ rst_n (in)
                                                         rst_n (net)
                      1.599076    0.000000   21.092138 ^ _1517_/RESET_B (sky130_fd_sc_hd__dfrtp_2)
                                             21.092138   data arrival time

                      0.150000    0.000000    0.000000   clock clk_10mhz (rise edge)
                                  0.000000    0.000000   clock network delay (ideal)
                                  0.250000    0.250000   clock uncertainty
                                  0.000000    0.250000   clock reconvergence pessimism
                                              0.250000 ^ _1517_/CLK (sky130_fd_sc_hd__dfrtp_2)
                                  0.765350    1.015350   library removal time
                                              1.015350   data required time
---------------------------------------------------------------------------------------------
                                              1.015350   data required time
                                            -21.092138   data arrival time
---------------------------------------------------------------------------------------------
                                             20.076788   slack (MET)


Startpoint: rst_n (input port clocked by clk_10mhz)
Endpoint: _1518_ (removal check against rising-edge clock clk_10mhz)
Path Group: asynchronous
Path Type: min

Fanout         Cap        Slew       Delay        Time   Description
---------------------------------------------------------------------------------------------
                      0.150000    0.000000    0.000000   clock clk_10mhz (rise edge)
                                  0.000000    0.000000   clock network delay (ideal)
                                 20.000000   20.000000 ^ input external delay
   105    0.355928    1.599076    1.092138   21.092138 ^ rst_n (in)
                                                         rst_n (net)
                      1.599076    0.000000   21.092138 ^ _1518_/RESET_B (sky130_fd_sc_hd__dfrtp_2)
                                             21.092138   data arrival time

                      0.150000    0.000000    0.000000   clock clk_10mhz (rise edge)
                                  0.000000    0.000000   clock network delay (ideal)
                                  0.250000    0.250000   clock uncertainty
                                  0.000000    0.250000   clock reconvergence pessimism
                                              0.250000 ^ _1518_/CLK (sky130_fd_sc_hd__dfrtp_2)
                                  0.765350    1.015350   library removal time
                                              1.015350   data required time
---------------------------------------------------------------------------------------------
                                              1.015350   data required time
                                            -21.092138   data arrival time
---------------------------------------------------------------------------------------------
                                             20.076788   slack (MET)


Startpoint: rst_n (input port clocked by clk_10mhz)
Endpoint: _1519_ (removal check against rising-edge clock clk_10mhz)
Path Group: asynchronous
Path Type: min

Fanout         Cap        Slew       Delay        Time   Description
---------------------------------------------------------------------------------------------
                      0.150000    0.000000    0.000000   clock clk_10mhz (rise edge)
                                  0.000000    0.000000   clock network delay (ideal)
                                 20.000000   20.000000 ^ input external delay
   105    0.355928    1.599076    1.092138   21.092138 ^ rst_n (in)
                                                         rst_n (net)
                      1.599076    0.000000   21.092138 ^ _1519_/RESET_B (sky130_fd_sc_hd__dfrtp_2)
                                             21.092138   data arrival time

                      0.150000    0.000000    0.000000   clock clk_10mhz (rise edge)
                                  0.000000    0.000000   clock network delay (ideal)
                                  0.250000    0.250000   clock uncertainty
                                  0.000000    0.250000   clock reconvergence pessimism
                                              0.250000 ^ _1519_/CLK (sky130_fd_sc_hd__dfrtp_2)
                                  0.765350    1.015350   library removal time
                                              1.015350   data required time
---------------------------------------------------------------------------------------------
                                              1.015350   data required time
                                            -21.092138   data arrival time
---------------------------------------------------------------------------------------------
                                             20.076788   slack (MET)


Startpoint: rst_n (input port clocked by clk_10mhz)
Endpoint: _1544_ (removal check against rising-edge clock clk_10mhz)
Path Group: asynchronous
Path Type: min

Fanout         Cap        Slew       Delay        Time   Description
---------------------------------------------------------------------------------------------
                      0.150000    0.000000    0.000000   clock clk_10mhz (rise edge)
                                  0.000000    0.000000   clock network delay (ideal)
                                 20.000000   20.000000 ^ input external delay
   105    0.355928    1.599076    1.092138   21.092138 ^ rst_n (in)
                                                         rst_n (net)
                      1.599076    0.000000   21.092138 ^ _1544_/RESET_B (sky130_fd_sc_hd__dfrtp_2)
                                             21.092138   data arrival time

                      0.150000    0.000000    0.000000   clock clk_10mhz (rise edge)
                                  0.000000    0.000000   clock network delay (ideal)
                                  0.250000    0.250000   clock uncertainty
                                  0.000000    0.250000   clock reconvergence pessimism
                                              0.250000 ^ _1544_/CLK (sky130_fd_sc_hd__dfrtp_2)
                                  0.765350    1.015350   library removal time
                                              1.015350   data required time
---------------------------------------------------------------------------------------------
                                              1.015350   data required time
                                            -21.092138   data arrival time
---------------------------------------------------------------------------------------------
                                             20.076788   slack (MET)


Startpoint: rst_n (input port clocked by clk_10mhz)
Endpoint: _1569_ (removal check against rising-edge clock clk_10mhz)
Path Group: asynchronous
Path Type: min

Fanout         Cap        Slew       Delay        Time   Description
---------------------------------------------------------------------------------------------
                      0.150000    0.000000    0.000000   clock clk_10mhz (rise edge)
                                  0.000000    0.000000   clock network delay (ideal)
                                 20.000000   20.000000 ^ input external delay
   105    0.355928    1.599076    1.092138   21.092138 ^ rst_n (in)
                                                         rst_n (net)
                      1.599076    0.000000   21.092138 ^ _1569_/RESET_B (sky130_fd_sc_hd__dfrtp_2)
                                             21.092138   data arrival time

                      0.150000    0.000000    0.000000   clock clk_10mhz (rise edge)
                                  0.000000    0.000000   clock network delay (ideal)
                                  0.250000    0.250000   clock uncertainty
                                  0.000000    0.250000   clock reconvergence pessimism
                                              0.250000 ^ _1569_/CLK (sky130_fd_sc_hd__dfrtp_2)
                                  0.765350    1.015350   library removal time
                                              1.015350   data required time
---------------------------------------------------------------------------------------------
                                              1.015350   data required time
                                            -21.092138   data arrival time
---------------------------------------------------------------------------------------------
                                             20.076788   slack (MET)


Startpoint: rst_n (input port clocked by clk_10mhz)
Endpoint: _1570_ (removal check against rising-edge clock clk_10mhz)
Path Group: asynchronous
Path Type: min

Fanout         Cap        Slew       Delay        Time   Description
---------------------------------------------------------------------------------------------
                      0.150000    0.000000    0.000000   clock clk_10mhz (rise edge)
                                  0.000000    0.000000   clock network delay (ideal)
                                 20.000000   20.000000 ^ input external delay
   105    0.355928    1.599076    1.092138   21.092138 ^ rst_n (in)
                                                         rst_n (net)
                      1.599076    0.000000   21.092138 ^ _1570_/RESET_B (sky130_fd_sc_hd__dfrtp_2)
                                             21.092138   data arrival time

                      0.150000    0.000000    0.000000   clock clk_10mhz (rise edge)
                                  0.000000    0.000000   clock network delay (ideal)
                                  0.250000    0.250000   clock uncertainty
                                  0.000000    0.250000   clock reconvergence pessimism
                                              0.250000 ^ _1570_/CLK (sky130_fd_sc_hd__dfrtp_2)
                                  0.765350    1.015350   library removal time
                                              1.015350   data required time
---------------------------------------------------------------------------------------------
                                              1.015350   data required time
                                            -21.092138   data arrival time
---------------------------------------------------------------------------------------------
                                             20.076788   slack (MET)


Startpoint: rst_n (input port clocked by clk_10mhz)
Endpoint: _1571_ (removal check against rising-edge clock clk_10mhz)
Path Group: asynchronous
Path Type: min

Fanout         Cap        Slew       Delay        Time   Description
---------------------------------------------------------------------------------------------
                      0.150000    0.000000    0.000000   clock clk_10mhz (rise edge)
                                  0.000000    0.000000   clock network delay (ideal)
                                 20.000000   20.000000 ^ input external delay
   105    0.355928    1.599076    1.092138   21.092138 ^ rst_n (in)
                                                         rst_n (net)
                      1.599076    0.000000   21.092138 ^ _1571_/RESET_B (sky130_fd_sc_hd__dfrtp_2)
                                             21.092138   data arrival time

                      0.150000    0.000000    0.000000   clock clk_10mhz (rise edge)
                                  0.000000    0.000000   clock network delay (ideal)
                                  0.250000    0.250000   clock uncertainty
                                  0.000000    0.250000   clock reconvergence pessimism
                                              0.250000 ^ _1571_/CLK (sky130_fd_sc_hd__dfrtp_2)
                                  0.765350    1.015350   library removal time
                                              1.015350   data required time
---------------------------------------------------------------------------------------------
                                              1.015350   data required time
                                            -21.092138   data arrival time
---------------------------------------------------------------------------------------------
                                             20.076788   slack (MET)


Startpoint: rst_n (input port clocked by clk_10mhz)
Endpoint: _1572_ (removal check against rising-edge clock clk_10mhz)
Path Group: asynchronous
Path Type: min

Fanout         Cap        Slew       Delay        Time   Description
---------------------------------------------------------------------------------------------
                      0.150000    0.000000    0.000000   clock clk_10mhz (rise edge)
                                  0.000000    0.000000   clock network delay (ideal)
                                 20.000000   20.000000 ^ input external delay
   105    0.355928    1.599076    1.092138   21.092138 ^ rst_n (in)
                                                         rst_n (net)
                      1.599076    0.000000   21.092138 ^ _1572_/RESET_B (sky130_fd_sc_hd__dfrtp_2)
                                             21.092138   data arrival time

                      0.150000    0.000000    0.000000   clock clk_10mhz (rise edge)
                                  0.000000    0.000000   clock network delay (ideal)
                                  0.250000    0.250000   clock uncertainty
                                  0.000000    0.250000   clock reconvergence pessimism
                                              0.250000 ^ _1572_/CLK (sky130_fd_sc_hd__dfrtp_2)
                                  0.765350    1.015350   library removal time
                                              1.015350   data required time
---------------------------------------------------------------------------------------------
                                              1.015350   data required time
                                            -21.092138   data arrival time
---------------------------------------------------------------------------------------------
                                             20.076788   slack (MET)


Startpoint: rst_n (input port clocked by clk_10mhz)
Endpoint: _1573_ (removal check against rising-edge clock clk_10mhz)
Path Group: asynchronous
Path Type: min

Fanout         Cap        Slew       Delay        Time   Description
---------------------------------------------------------------------------------------------
                      0.150000    0.000000    0.000000   clock clk_10mhz (rise edge)
                                  0.000000    0.000000   clock network delay (ideal)
                                 20.000000   20.000000 ^ input external delay
   105    0.355928    1.599076    1.092138   21.092138 ^ rst_n (in)
                                                         rst_n (net)
                      1.599076    0.000000   21.092138 ^ _1573_/RESET_B (sky130_fd_sc_hd__dfrtp_2)
                                             21.092138   data arrival time

                      0.150000    0.000000    0.000000   clock clk_10mhz (rise edge)
                                  0.000000    0.000000   clock network delay (ideal)
                                  0.250000    0.250000   clock uncertainty
                                  0.000000    0.250000   clock reconvergence pessimism
                                              0.250000 ^ _1573_/CLK (sky130_fd_sc_hd__dfrtp_2)
                                  0.765350    1.015350   library removal time
                                              1.015350   data required time
---------------------------------------------------------------------------------------------
                                              1.015350   data required time
                                            -21.092138   data arrival time
---------------------------------------------------------------------------------------------
                                             20.076788   slack (MET)


Startpoint: rst_n (input port clocked by clk_10mhz)
Endpoint: _1574_ (removal check against rising-edge clock clk_10mhz)
Path Group: asynchronous
Path Type: min

Fanout         Cap        Slew       Delay        Time   Description
---------------------------------------------------------------------------------------------
                      0.150000    0.000000    0.000000   clock clk_10mhz (rise edge)
                                  0.000000    0.000000   clock network delay (ideal)
                                 20.000000   20.000000 ^ input external delay
   105    0.355928    1.599076    1.092138   21.092138 ^ rst_n (in)
                                                         rst_n (net)
                      1.599076    0.000000   21.092138 ^ _1574_/RESET_B (sky130_fd_sc_hd__dfrtp_2)
                                             21.092138   data arrival time

                      0.150000    0.000000    0.000000   clock clk_10mhz (rise edge)
                                  0.000000    0.000000   clock network delay (ideal)
                                  0.250000    0.250000   clock uncertainty
                                  0.000000    0.250000   clock reconvergence pessimism
                                              0.250000 ^ _1574_/CLK (sky130_fd_sc_hd__dfrtp_2)
                                  0.765350    1.015350   library removal time
                                              1.015350   data required time
---------------------------------------------------------------------------------------------
                                              1.015350   data required time
                                            -21.092138   data arrival time
---------------------------------------------------------------------------------------------
                                             20.076788   slack (MET)


Startpoint: rst_n (input port clocked by clk_10mhz)
Endpoint: _1575_ (removal check against rising-edge clock clk_10mhz)
Path Group: asynchronous
Path Type: min

Fanout         Cap        Slew       Delay        Time   Description
---------------------------------------------------------------------------------------------
                      0.150000    0.000000    0.000000   clock clk_10mhz (rise edge)
                                  0.000000    0.000000   clock network delay (ideal)
                                 20.000000   20.000000 ^ input external delay
   105    0.355928    1.599076    1.092138   21.092138 ^ rst_n (in)
                                                         rst_n (net)
                      1.599076    0.000000   21.092138 ^ _1575_/RESET_B (sky130_fd_sc_hd__dfrtp_2)
                                             21.092138   data arrival time

                      0.150000    0.000000    0.000000   clock clk_10mhz (rise edge)
                                  0.000000    0.000000   clock network delay (ideal)
                                  0.250000    0.250000   clock uncertainty
                                  0.000000    0.250000   clock reconvergence pessimism
                                              0.250000 ^ _1575_/CLK (sky130_fd_sc_hd__dfrtp_2)
                                  0.765350    1.015350   library removal time
                                              1.015350   data required time
---------------------------------------------------------------------------------------------
                                              1.015350   data required time
                                            -21.092138   data arrival time
---------------------------------------------------------------------------------------------
                                             20.076788   slack (MET)


Startpoint: rst_n (input port clocked by clk_10mhz)
Endpoint: _1576_ (removal check against rising-edge clock clk_10mhz)
Path Group: asynchronous
Path Type: min

Fanout         Cap        Slew       Delay        Time   Description
---------------------------------------------------------------------------------------------
                      0.150000    0.000000    0.000000   clock clk_10mhz (rise edge)
                                  0.000000    0.000000   clock network delay (ideal)
                                 20.000000   20.000000 ^ input external delay
   105    0.355928    1.599076    1.092138   21.092138 ^ rst_n (in)
                                                         rst_n (net)
                      1.599076    0.000000   21.092138 ^ _1576_/RESET_B (sky130_fd_sc_hd__dfrtp_2)
                                             21.092138   data arrival time

                      0.150000    0.000000    0.000000   clock clk_10mhz (rise edge)
                                  0.000000    0.000000   clock network delay (ideal)
                                  0.250000    0.250000   clock uncertainty
                                  0.000000    0.250000   clock reconvergence pessimism
                                              0.250000 ^ _1576_/CLK (sky130_fd_sc_hd__dfrtp_2)
                                  0.765350    1.015350   library removal time
                                              1.015350   data required time
---------------------------------------------------------------------------------------------
                                              1.015350   data required time
                                            -21.092138   data arrival time
---------------------------------------------------------------------------------------------
                                             20.076788   slack (MET)


Startpoint: rst_n (input port clocked by clk_10mhz)
Endpoint: _1578_ (removal check against rising-edge clock clk_10mhz)
Path Group: asynchronous
Path Type: min

Fanout         Cap        Slew       Delay        Time   Description
---------------------------------------------------------------------------------------------
                      0.150000    0.000000    0.000000   clock clk_10mhz (rise edge)
                                  0.000000    0.000000   clock network delay (ideal)
                                 20.000000   20.000000 ^ input external delay
   105    0.355928    1.599076    1.092138   21.092138 ^ rst_n (in)
                                                         rst_n (net)
                      1.599076    0.000000   21.092138 ^ _1578_/RESET_B (sky130_fd_sc_hd__dfrtp_2)
                                             21.092138   data arrival time

                      0.150000    0.000000    0.000000   clock clk_10mhz (rise edge)
                                  0.000000    0.000000   clock network delay (ideal)
                                  0.250000    0.250000   clock uncertainty
                                  0.000000    0.250000   clock reconvergence pessimism
                                              0.250000 ^ _1578_/CLK (sky130_fd_sc_hd__dfrtp_2)
                                  0.765350    1.015350   library removal time
                                              1.015350   data required time
---------------------------------------------------------------------------------------------
                                              1.015350   data required time
                                            -21.092138   data arrival time
---------------------------------------------------------------------------------------------
                                             20.076788   slack (MET)


Startpoint: rst_n (input port clocked by clk_10mhz)
Endpoint: _1579_ (removal check against rising-edge clock clk_10mhz)
Path Group: asynchronous
Path Type: min

Fanout         Cap        Slew       Delay        Time   Description
---------------------------------------------------------------------------------------------
                      0.150000    0.000000    0.000000   clock clk_10mhz (rise edge)
                                  0.000000    0.000000   clock network delay (ideal)
                                 20.000000   20.000000 ^ input external delay
   105    0.355928    1.599076    1.092138   21.092138 ^ rst_n (in)
                                                         rst_n (net)
                      1.599076    0.000000   21.092138 ^ _1579_/RESET_B (sky130_fd_sc_hd__dfrtp_2)
                                             21.092138   data arrival time

                      0.150000    0.000000    0.000000   clock clk_10mhz (rise edge)
                                  0.000000    0.000000   clock network delay (ideal)
                                  0.250000    0.250000   clock uncertainty
                                  0.000000    0.250000   clock reconvergence pessimism
                                              0.250000 ^ _1579_/CLK (sky130_fd_sc_hd__dfrtp_2)
                                  0.765350    1.015350   library removal time
                                              1.015350   data required time
---------------------------------------------------------------------------------------------
                                              1.015350   data required time
                                            -21.092138   data arrival time
---------------------------------------------------------------------------------------------
                                             20.076788   slack (MET)


Startpoint: rst_n (input port clocked by clk_10mhz)
Endpoint: _1580_ (removal check against rising-edge clock clk_10mhz)
Path Group: asynchronous
Path Type: min

Fanout         Cap        Slew       Delay        Time   Description
---------------------------------------------------------------------------------------------
                      0.150000    0.000000    0.000000   clock clk_10mhz (rise edge)
                                  0.000000    0.000000   clock network delay (ideal)
                                 20.000000   20.000000 ^ input external delay
   105    0.355928    1.599076    1.092138   21.092138 ^ rst_n (in)
                                                         rst_n (net)
                      1.599076    0.000000   21.092138 ^ _1580_/RESET_B (sky130_fd_sc_hd__dfrtp_2)
                                             21.092138   data arrival time

                      0.150000    0.000000    0.000000   clock clk_10mhz (rise edge)
                                  0.000000    0.000000   clock network delay (ideal)
                                  0.250000    0.250000   clock uncertainty
                                  0.000000    0.250000   clock reconvergence pessimism
                                              0.250000 ^ _1580_/CLK (sky130_fd_sc_hd__dfrtp_2)
                                  0.765350    1.015350   library removal time
                                              1.015350   data required time
---------------------------------------------------------------------------------------------
                                              1.015350   data required time
                                            -21.092138   data arrival time
---------------------------------------------------------------------------------------------
                                             20.076788   slack (MET)


Startpoint: rst_n (input port clocked by clk_10mhz)
Endpoint: _1707_ (removal check against rising-edge clock clk_10mhz)
Path Group: asynchronous
Path Type: min

Fanout         Cap        Slew       Delay        Time   Description
---------------------------------------------------------------------------------------------
                      0.150000    0.000000    0.000000   clock clk_10mhz (rise edge)
                                  0.000000    0.000000   clock network delay (ideal)
                                 20.000000   20.000000 ^ input external delay
   105    0.355928    1.599076    1.092138   21.092138 ^ rst_n (in)
                                                         rst_n (net)
                      1.599076    0.000000   21.092138 ^ _1707_/RESET_B (sky130_fd_sc_hd__dfrtp_2)
                                             21.092138   data arrival time

                      0.150000    0.000000    0.000000   clock clk_10mhz (rise edge)
                                  0.000000    0.000000   clock network delay (ideal)
                                  0.250000    0.250000   clock uncertainty
                                  0.000000    0.250000   clock reconvergence pessimism
                                              0.250000 ^ _1707_/CLK (sky130_fd_sc_hd__dfrtp_2)
                                  0.765350    1.015350   library removal time
                                              1.015350   data required time
---------------------------------------------------------------------------------------------
                                              1.015350   data required time
                                            -21.092138   data arrival time
---------------------------------------------------------------------------------------------
                                             20.076788   slack (MET)


Startpoint: rst_n (input port clocked by clk_10mhz)
Endpoint: _1708_ (removal check against rising-edge clock clk_10mhz)
Path Group: asynchronous
Path Type: min

Fanout         Cap        Slew       Delay        Time   Description
---------------------------------------------------------------------------------------------
                      0.150000    0.000000    0.000000   clock clk_10mhz (rise edge)
                                  0.000000    0.000000   clock network delay (ideal)
                                 20.000000   20.000000 ^ input external delay
   105    0.355928    1.599076    1.092138   21.092138 ^ rst_n (in)
                                                         rst_n (net)
                      1.599076    0.000000   21.092138 ^ _1708_/RESET_B (sky130_fd_sc_hd__dfrtp_2)
                                             21.092138   data arrival time

                      0.150000    0.000000    0.000000   clock clk_10mhz (rise edge)
                                  0.000000    0.000000   clock network delay (ideal)
                                  0.250000    0.250000   clock uncertainty
                                  0.000000    0.250000   clock reconvergence pessimism
                                              0.250000 ^ _1708_/CLK (sky130_fd_sc_hd__dfrtp_2)
                                  0.765350    1.015350   library removal time
                                              1.015350   data required time
---------------------------------------------------------------------------------------------
                                              1.015350   data required time
                                            -21.092138   data arrival time
---------------------------------------------------------------------------------------------
                                             20.076788   slack (MET)


Startpoint: rst_n (input port clocked by clk_10mhz)
Endpoint: _1709_ (removal check against rising-edge clock clk_10mhz)
Path Group: asynchronous
Path Type: min

Fanout         Cap        Slew       Delay        Time   Description
---------------------------------------------------------------------------------------------
                      0.150000    0.000000    0.000000   clock clk_10mhz (rise edge)
                                  0.000000    0.000000   clock network delay (ideal)
                                 20.000000   20.000000 ^ input external delay
   105    0.355928    1.599076    1.092138   21.092138 ^ rst_n (in)
                                                         rst_n (net)
                      1.599076    0.000000   21.092138 ^ _1709_/RESET_B (sky130_fd_sc_hd__dfrtp_2)
                                             21.092138   data arrival time

                      0.150000    0.000000    0.000000   clock clk_10mhz (rise edge)
                                  0.000000    0.000000   clock network delay (ideal)
                                  0.250000    0.250000   clock uncertainty
                                  0.000000    0.250000   clock reconvergence pessimism
                                              0.250000 ^ _1709_/CLK (sky130_fd_sc_hd__dfrtp_2)
                                  0.765350    1.015350   library removal time
                                              1.015350   data required time
---------------------------------------------------------------------------------------------
                                              1.015350   data required time
                                            -21.092138   data arrival time
---------------------------------------------------------------------------------------------
                                             20.076788   slack (MET)


Startpoint: rst_n (input port clocked by clk_10mhz)
Endpoint: _1710_ (removal check against rising-edge clock clk_10mhz)
Path Group: asynchronous
Path Type: min

Fanout         Cap        Slew       Delay        Time   Description
---------------------------------------------------------------------------------------------
                      0.150000    0.000000    0.000000   clock clk_10mhz (rise edge)
                                  0.000000    0.000000   clock network delay (ideal)
                                 20.000000   20.000000 ^ input external delay
   105    0.355928    1.599076    1.092138   21.092138 ^ rst_n (in)
                                                         rst_n (net)
                      1.599076    0.000000   21.092138 ^ _1710_/RESET_B (sky130_fd_sc_hd__dfrtp_2)
                                             21.092138   data arrival time

                      0.150000    0.000000    0.000000   clock clk_10mhz (rise edge)
                                  0.000000    0.000000   clock network delay (ideal)
                                  0.250000    0.250000   clock uncertainty
                                  0.000000    0.250000   clock reconvergence pessimism
                                              0.250000 ^ _1710_/CLK (sky130_fd_sc_hd__dfrtp_2)
                                  0.765350    1.015350   library removal time
                                              1.015350   data required time
---------------------------------------------------------------------------------------------
                                              1.015350   data required time
                                            -21.092138   data arrival time
---------------------------------------------------------------------------------------------
                                             20.076788   slack (MET)


Startpoint: rst_n (input port clocked by clk_10mhz)
Endpoint: _1711_ (removal check against rising-edge clock clk_10mhz)
Path Group: asynchronous
Path Type: min

Fanout         Cap        Slew       Delay        Time   Description
---------------------------------------------------------------------------------------------
                      0.150000    0.000000    0.000000   clock clk_10mhz (rise edge)
                                  0.000000    0.000000   clock network delay (ideal)
                                 20.000000   20.000000 ^ input external delay
   105    0.355928    1.599076    1.092138   21.092138 ^ rst_n (in)
                                                         rst_n (net)
                      1.599076    0.000000   21.092138 ^ _1711_/RESET_B (sky130_fd_sc_hd__dfrtp_2)
                                             21.092138   data arrival time

                      0.150000    0.000000    0.000000   clock clk_10mhz (rise edge)
                                  0.000000    0.000000   clock network delay (ideal)
                                  0.250000    0.250000   clock uncertainty
                                  0.000000    0.250000   clock reconvergence pessimism
                                              0.250000 ^ _1711_/CLK (sky130_fd_sc_hd__dfrtp_2)
                                  0.765350    1.015350   library removal time
                                              1.015350   data required time
---------------------------------------------------------------------------------------------
                                              1.015350   data required time
                                            -21.092138   data arrival time
---------------------------------------------------------------------------------------------
                                             20.076788   slack (MET)


Startpoint: rst_n (input port clocked by clk_10mhz)
Endpoint: _1712_ (removal check against rising-edge clock clk_10mhz)
Path Group: asynchronous
Path Type: min

Fanout         Cap        Slew       Delay        Time   Description
---------------------------------------------------------------------------------------------
                      0.150000    0.000000    0.000000   clock clk_10mhz (rise edge)
                                  0.000000    0.000000   clock network delay (ideal)
                                 20.000000   20.000000 ^ input external delay
   105    0.355928    1.599076    1.092138   21.092138 ^ rst_n (in)
                                                         rst_n (net)
                      1.599076    0.000000   21.092138 ^ _1712_/RESET_B (sky130_fd_sc_hd__dfrtp_2)
                                             21.092138   data arrival time

                      0.150000    0.000000    0.000000   clock clk_10mhz (rise edge)
                                  0.000000    0.000000   clock network delay (ideal)
                                  0.250000    0.250000   clock uncertainty
                                  0.000000    0.250000   clock reconvergence pessimism
                                              0.250000 ^ _1712_/CLK (sky130_fd_sc_hd__dfrtp_2)
                                  0.765350    1.015350   library removal time
                                              1.015350   data required time
---------------------------------------------------------------------------------------------
                                              1.015350   data required time
                                            -21.092138   data arrival time
---------------------------------------------------------------------------------------------
                                             20.076788   slack (MET)


Startpoint: rst_n (input port clocked by clk_10mhz)
Endpoint: _1713_ (removal check against rising-edge clock clk_10mhz)
Path Group: asynchronous
Path Type: min

Fanout         Cap        Slew       Delay        Time   Description
---------------------------------------------------------------------------------------------
                      0.150000    0.000000    0.000000   clock clk_10mhz (rise edge)
                                  0.000000    0.000000   clock network delay (ideal)
                                 20.000000   20.000000 ^ input external delay
   105    0.355928    1.599076    1.092138   21.092138 ^ rst_n (in)
                                                         rst_n (net)
                      1.599076    0.000000   21.092138 ^ _1713_/RESET_B (sky130_fd_sc_hd__dfrtp_2)
                                             21.092138   data arrival time

                      0.150000    0.000000    0.000000   clock clk_10mhz (rise edge)
                                  0.000000    0.000000   clock network delay (ideal)
                                  0.250000    0.250000   clock uncertainty
                                  0.000000    0.250000   clock reconvergence pessimism
                                              0.250000 ^ _1713_/CLK (sky130_fd_sc_hd__dfrtp_2)
                                  0.765350    1.015350   library removal time
                                              1.015350   data required time
---------------------------------------------------------------------------------------------
                                              1.015350   data required time
                                            -21.092138   data arrival time
---------------------------------------------------------------------------------------------
                                             20.076788   slack (MET)


Startpoint: rst_n (input port clocked by clk_10mhz)
Endpoint: _1714_ (removal check against rising-edge clock clk_10mhz)
Path Group: asynchronous
Path Type: min

Fanout         Cap        Slew       Delay        Time   Description
---------------------------------------------------------------------------------------------
                      0.150000    0.000000    0.000000   clock clk_10mhz (rise edge)
                                  0.000000    0.000000   clock network delay (ideal)
                                 20.000000   20.000000 ^ input external delay
   105    0.355928    1.599076    1.092138   21.092138 ^ rst_n (in)
                                                         rst_n (net)
                      1.599076    0.000000   21.092138 ^ _1714_/RESET_B (sky130_fd_sc_hd__dfrtp_2)
                                             21.092138   data arrival time

                      0.150000    0.000000    0.000000   clock clk_10mhz (rise edge)
                                  0.000000    0.000000   clock network delay (ideal)
                                  0.250000    0.250000   clock uncertainty
                                  0.000000    0.250000   clock reconvergence pessimism
                                              0.250000 ^ _1714_/CLK (sky130_fd_sc_hd__dfrtp_2)
                                  0.765350    1.015350   library removal time
                                              1.015350   data required time
---------------------------------------------------------------------------------------------
                                              1.015350   data required time
                                            -21.092138   data arrival time
---------------------------------------------------------------------------------------------
                                             20.076788   slack (MET)


Startpoint: rst_n (input port clocked by clk_10mhz)
Endpoint: _1715_ (removal check against rising-edge clock clk_10mhz)
Path Group: asynchronous
Path Type: min

Fanout         Cap        Slew       Delay        Time   Description
---------------------------------------------------------------------------------------------
                      0.150000    0.000000    0.000000   clock clk_10mhz (rise edge)
                                  0.000000    0.000000   clock network delay (ideal)
                                 20.000000   20.000000 ^ input external delay
   105    0.355928    1.599076    1.092138   21.092138 ^ rst_n (in)
                                                         rst_n (net)
                      1.599076    0.000000   21.092138 ^ _1715_/RESET_B (sky130_fd_sc_hd__dfrtp_2)
                                             21.092138   data arrival time

                      0.150000    0.000000    0.000000   clock clk_10mhz (rise edge)
                                  0.000000    0.000000   clock network delay (ideal)
                                  0.250000    0.250000   clock uncertainty
                                  0.000000    0.250000   clock reconvergence pessimism
                                              0.250000 ^ _1715_/CLK (sky130_fd_sc_hd__dfrtp_2)
                                  0.765350    1.015350   library removal time
                                              1.015350   data required time
---------------------------------------------------------------------------------------------
                                              1.015350   data required time
                                            -21.092138   data arrival time
---------------------------------------------------------------------------------------------
                                             20.076788   slack (MET)


Startpoint: rst_n (input port clocked by clk_10mhz)
Endpoint: _1716_ (removal check against rising-edge clock clk_10mhz)
Path Group: asynchronous
Path Type: min

Fanout         Cap        Slew       Delay        Time   Description
---------------------------------------------------------------------------------------------
                      0.150000    0.000000    0.000000   clock clk_10mhz (rise edge)
                                  0.000000    0.000000   clock network delay (ideal)
                                 20.000000   20.000000 ^ input external delay
   105    0.355928    1.599076    1.092138   21.092138 ^ rst_n (in)
                                                         rst_n (net)
                      1.599076    0.000000   21.092138 ^ _1716_/RESET_B (sky130_fd_sc_hd__dfrtp_2)
                                             21.092138   data arrival time

                      0.150000    0.000000    0.000000   clock clk_10mhz (rise edge)
                                  0.000000    0.000000   clock network delay (ideal)
                                  0.250000    0.250000   clock uncertainty
                                  0.000000    0.250000   clock reconvergence pessimism
                                              0.250000 ^ _1716_/CLK (sky130_fd_sc_hd__dfrtp_2)
                                  0.765350    1.015350   library removal time
                                              1.015350   data required time
---------------------------------------------------------------------------------------------
                                              1.015350   data required time
                                            -21.092138   data arrival time
---------------------------------------------------------------------------------------------
                                             20.076788   slack (MET)


Startpoint: rst_n (input port clocked by clk_10mhz)
Endpoint: _1733_ (removal check against rising-edge clock clk_10mhz)
Path Group: asynchronous
Path Type: min

Fanout         Cap        Slew       Delay        Time   Description
---------------------------------------------------------------------------------------------
                      0.150000    0.000000    0.000000   clock clk_10mhz (rise edge)
                                  0.000000    0.000000   clock network delay (ideal)
                                 20.000000   20.000000 ^ input external delay
   105    0.355928    1.599076    1.092138   21.092138 ^ rst_n (in)
                                                         rst_n (net)
                      1.599076    0.000000   21.092138 ^ _1733_/RESET_B (sky130_fd_sc_hd__dfrtp_2)
                                             21.092138   data arrival time

                      0.150000    0.000000    0.000000   clock clk_10mhz (rise edge)
                                  0.000000    0.000000   clock network delay (ideal)
                                  0.250000    0.250000   clock uncertainty
                                  0.000000    0.250000   clock reconvergence pessimism
                                              0.250000 ^ _1733_/CLK (sky130_fd_sc_hd__dfrtp_2)
                                  0.765350    1.015350   library removal time
                                              1.015350   data required time
---------------------------------------------------------------------------------------------
                                              1.015350   data required time
                                            -21.092138   data arrival time
---------------------------------------------------------------------------------------------
                                             20.076788   slack (MET)


Startpoint: rst_n (input port clocked by clk_10mhz)
Endpoint: _1734_ (removal check against rising-edge clock clk_10mhz)
Path Group: asynchronous
Path Type: min

Fanout         Cap        Slew       Delay        Time   Description
---------------------------------------------------------------------------------------------
                      0.150000    0.000000    0.000000   clock clk_10mhz (rise edge)
                                  0.000000    0.000000   clock network delay (ideal)
                                 20.000000   20.000000 ^ input external delay
   105    0.355928    1.599076    1.092138   21.092138 ^ rst_n (in)
                                                         rst_n (net)
                      1.599076    0.000000   21.092138 ^ _1734_/RESET_B (sky130_fd_sc_hd__dfrtp_2)
                                             21.092138   data arrival time

                      0.150000    0.000000    0.000000   clock clk_10mhz (rise edge)
                                  0.000000    0.000000   clock network delay (ideal)
                                  0.250000    0.250000   clock uncertainty
                                  0.000000    0.250000   clock reconvergence pessimism
                                              0.250000 ^ _1734_/CLK (sky130_fd_sc_hd__dfrtp_2)
                                  0.765350    1.015350   library removal time
                                              1.015350   data required time
---------------------------------------------------------------------------------------------
                                              1.015350   data required time
                                            -21.092138   data arrival time
---------------------------------------------------------------------------------------------
                                             20.076788   slack (MET)


Startpoint: rst_n (input port clocked by clk_10mhz)
Endpoint: _1735_ (removal check against rising-edge clock clk_10mhz)
Path Group: asynchronous
Path Type: min

Fanout         Cap        Slew       Delay        Time   Description
---------------------------------------------------------------------------------------------
                      0.150000    0.000000    0.000000   clock clk_10mhz (rise edge)
                                  0.000000    0.000000   clock network delay (ideal)
                                 20.000000   20.000000 ^ input external delay
   105    0.355928    1.599076    1.092138   21.092138 ^ rst_n (in)
                                                         rst_n (net)
                      1.599076    0.000000   21.092138 ^ _1735_/RESET_B (sky130_fd_sc_hd__dfrtp_2)
                                             21.092138   data arrival time

                      0.150000    0.000000    0.000000   clock clk_10mhz (rise edge)
                                  0.000000    0.000000   clock network delay (ideal)
                                  0.250000    0.250000   clock uncertainty
                                  0.000000    0.250000   clock reconvergence pessimism
                                              0.250000 ^ _1735_/CLK (sky130_fd_sc_hd__dfrtp_2)
                                  0.765350    1.015350   library removal time
                                              1.015350   data required time
---------------------------------------------------------------------------------------------
                                              1.015350   data required time
                                            -21.092138   data arrival time
---------------------------------------------------------------------------------------------
                                             20.076788   slack (MET)


Startpoint: rst_n (input port clocked by clk_10mhz)
Endpoint: _1736_ (removal check against rising-edge clock clk_10mhz)
Path Group: asynchronous
Path Type: min

Fanout         Cap        Slew       Delay        Time   Description
---------------------------------------------------------------------------------------------
                      0.150000    0.000000    0.000000   clock clk_10mhz (rise edge)
                                  0.000000    0.000000   clock network delay (ideal)
                                 20.000000   20.000000 ^ input external delay
   105    0.355928    1.599076    1.092138   21.092138 ^ rst_n (in)
                                                         rst_n (net)
                      1.599076    0.000000   21.092138 ^ _1736_/RESET_B (sky130_fd_sc_hd__dfrtp_2)
                                             21.092138   data arrival time

                      0.150000    0.000000    0.000000   clock clk_10mhz (rise edge)
                                  0.000000    0.000000   clock network delay (ideal)
                                  0.250000    0.250000   clock uncertainty
                                  0.000000    0.250000   clock reconvergence pessimism
                                              0.250000 ^ _1736_/CLK (sky130_fd_sc_hd__dfrtp_2)
                                  0.765350    1.015350   library removal time
                                              1.015350   data required time
---------------------------------------------------------------------------------------------
                                              1.015350   data required time
                                            -21.092138   data arrival time
---------------------------------------------------------------------------------------------
                                             20.076788   slack (MET)


Startpoint: rst_n (input port clocked by clk_10mhz)
Endpoint: _1737_ (removal check against rising-edge clock clk_10mhz)
Path Group: asynchronous
Path Type: min

Fanout         Cap        Slew       Delay        Time   Description
---------------------------------------------------------------------------------------------
                      0.150000    0.000000    0.000000   clock clk_10mhz (rise edge)
                                  0.000000    0.000000   clock network delay (ideal)
                                 20.000000   20.000000 ^ input external delay
   105    0.355928    1.599076    1.092138   21.092138 ^ rst_n (in)
                                                         rst_n (net)
                      1.599076    0.000000   21.092138 ^ _1737_/RESET_B (sky130_fd_sc_hd__dfrtp_2)
                                             21.092138   data arrival time

                      0.150000    0.000000    0.000000   clock clk_10mhz (rise edge)
                                  0.000000    0.000000   clock network delay (ideal)
                                  0.250000    0.250000   clock uncertainty
                                  0.000000    0.250000   clock reconvergence pessimism
                                              0.250000 ^ _1737_/CLK (sky130_fd_sc_hd__dfrtp_2)
                                  0.765350    1.015350   library removal time
                                              1.015350   data required time
---------------------------------------------------------------------------------------------
                                              1.015350   data required time
                                            -21.092138   data arrival time
---------------------------------------------------------------------------------------------
                                             20.076788   slack (MET)


Startpoint: rst_n (input port clocked by clk_10mhz)
Endpoint: _1738_ (removal check against rising-edge clock clk_10mhz)
Path Group: asynchronous
Path Type: min

Fanout         Cap        Slew       Delay        Time   Description
---------------------------------------------------------------------------------------------
                      0.150000    0.000000    0.000000   clock clk_10mhz (rise edge)
                                  0.000000    0.000000   clock network delay (ideal)
                                 20.000000   20.000000 ^ input external delay
   105    0.355928    1.599076    1.092138   21.092138 ^ rst_n (in)
                                                         rst_n (net)
                      1.599076    0.000000   21.092138 ^ _1738_/RESET_B (sky130_fd_sc_hd__dfrtp_2)
                                             21.092138   data arrival time

                      0.150000    0.000000    0.000000   clock clk_10mhz (rise edge)
                                  0.000000    0.000000   clock network delay (ideal)
                                  0.250000    0.250000   clock uncertainty
                                  0.000000    0.250000   clock reconvergence pessimism
                                              0.250000 ^ _1738_/CLK (sky130_fd_sc_hd__dfrtp_2)
                                  0.765350    1.015350   library removal time
                                              1.015350   data required time
---------------------------------------------------------------------------------------------
                                              1.015350   data required time
                                            -21.092138   data arrival time
---------------------------------------------------------------------------------------------
                                             20.076788   slack (MET)


Startpoint: rst_n (input port clocked by clk_10mhz)
Endpoint: _1739_ (removal check against rising-edge clock clk_10mhz)
Path Group: asynchronous
Path Type: min

Fanout         Cap        Slew       Delay        Time   Description
---------------------------------------------------------------------------------------------
                      0.150000    0.000000    0.000000   clock clk_10mhz (rise edge)
                                  0.000000    0.000000   clock network delay (ideal)
                                 20.000000   20.000000 ^ input external delay
   105    0.355928    1.599076    1.092138   21.092138 ^ rst_n (in)
                                                         rst_n (net)
                      1.599076    0.000000   21.092138 ^ _1739_/RESET_B (sky130_fd_sc_hd__dfrtp_2)
                                             21.092138   data arrival time

                      0.150000    0.000000    0.000000   clock clk_10mhz (rise edge)
                                  0.000000    0.000000   clock network delay (ideal)
                                  0.250000    0.250000   clock uncertainty
                                  0.000000    0.250000   clock reconvergence pessimism
                                              0.250000 ^ _1739_/CLK (sky130_fd_sc_hd__dfrtp_2)
                                  0.765350    1.015350   library removal time
                                              1.015350   data required time
---------------------------------------------------------------------------------------------
                                              1.015350   data required time
                                            -21.092138   data arrival time
---------------------------------------------------------------------------------------------
                                             20.076788   slack (MET)


Startpoint: rst_n (input port clocked by clk_10mhz)
Endpoint: _1740_ (removal check against rising-edge clock clk_10mhz)
Path Group: asynchronous
Path Type: min

Fanout         Cap        Slew       Delay        Time   Description
---------------------------------------------------------------------------------------------
                      0.150000    0.000000    0.000000   clock clk_10mhz (rise edge)
                                  0.000000    0.000000   clock network delay (ideal)
                                 20.000000   20.000000 ^ input external delay
   105    0.355928    1.599076    1.092138   21.092138 ^ rst_n (in)
                                                         rst_n (net)
                      1.599076    0.000000   21.092138 ^ _1740_/RESET_B (sky130_fd_sc_hd__dfrtp_2)
                                             21.092138   data arrival time

                      0.150000    0.000000    0.000000   clock clk_10mhz (rise edge)
                                  0.000000    0.000000   clock network delay (ideal)
                                  0.250000    0.250000   clock uncertainty
                                  0.000000    0.250000   clock reconvergence pessimism
                                              0.250000 ^ _1740_/CLK (sky130_fd_sc_hd__dfrtp_2)
                                  0.765350    1.015350   library removal time
                                              1.015350   data required time
---------------------------------------------------------------------------------------------
                                              1.015350   data required time
                                            -21.092138   data arrival time
---------------------------------------------------------------------------------------------
                                             20.076788   slack (MET)


Startpoint: rst_n (input port clocked by clk_10mhz)
Endpoint: _1741_ (removal check against rising-edge clock clk_10mhz)
Path Group: asynchronous
Path Type: min

Fanout         Cap        Slew       Delay        Time   Description
---------------------------------------------------------------------------------------------
                      0.150000    0.000000    0.000000   clock clk_10mhz (rise edge)
                                  0.000000    0.000000   clock network delay (ideal)
                                 20.000000   20.000000 ^ input external delay
   105    0.355928    1.599076    1.092138   21.092138 ^ rst_n (in)
                                                         rst_n (net)
                      1.599076    0.000000   21.092138 ^ _1741_/RESET_B (sky130_fd_sc_hd__dfrtp_2)
                                             21.092138   data arrival time

                      0.150000    0.000000    0.000000   clock clk_10mhz (rise edge)
                                  0.000000    0.000000   clock network delay (ideal)
                                  0.250000    0.250000   clock uncertainty
                                  0.000000    0.250000   clock reconvergence pessimism
                                              0.250000 ^ _1741_/CLK (sky130_fd_sc_hd__dfrtp_2)
                                  0.765350    1.015350   library removal time
                                              1.015350   data required time
---------------------------------------------------------------------------------------------
                                              1.015350   data required time
                                            -21.092138   data arrival time
---------------------------------------------------------------------------------------------
                                             20.076788   slack (MET)


Startpoint: rst_n (input port clocked by clk_10mhz)
Endpoint: _1742_ (removal check against rising-edge clock clk_10mhz)
Path Group: asynchronous
Path Type: min

Fanout         Cap        Slew       Delay        Time   Description
---------------------------------------------------------------------------------------------
                      0.150000    0.000000    0.000000   clock clk_10mhz (rise edge)
                                  0.000000    0.000000   clock network delay (ideal)
                                 20.000000   20.000000 ^ input external delay
   105    0.355928    1.599076    1.092138   21.092138 ^ rst_n (in)
                                                         rst_n (net)
                      1.599076    0.000000   21.092138 ^ _1742_/RESET_B (sky130_fd_sc_hd__dfrtp_2)
                                             21.092138   data arrival time

                      0.150000    0.000000    0.000000   clock clk_10mhz (rise edge)
                                  0.000000    0.000000   clock network delay (ideal)
                                  0.250000    0.250000   clock uncertainty
                                  0.000000    0.250000   clock reconvergence pessimism
                                              0.250000 ^ _1742_/CLK (sky130_fd_sc_hd__dfrtp_2)
                                  0.765350    1.015350   library removal time
                                              1.015350   data required time
---------------------------------------------------------------------------------------------
                                              1.015350   data required time
                                            -21.092138   data arrival time
---------------------------------------------------------------------------------------------
                                             20.076788   slack (MET)


Startpoint: rst_n (input port clocked by clk_10mhz)
Endpoint: _1743_ (removal check against rising-edge clock clk_10mhz)
Path Group: asynchronous
Path Type: min

Fanout         Cap        Slew       Delay        Time   Description
---------------------------------------------------------------------------------------------
                      0.150000    0.000000    0.000000   clock clk_10mhz (rise edge)
                                  0.000000    0.000000   clock network delay (ideal)
                                 20.000000   20.000000 ^ input external delay
   105    0.355928    1.599076    1.092138   21.092138 ^ rst_n (in)
                                                         rst_n (net)
                      1.599076    0.000000   21.092138 ^ _1743_/RESET_B (sky130_fd_sc_hd__dfrtp_2)
                                             21.092138   data arrival time

                      0.150000    0.000000    0.000000   clock clk_10mhz (rise edge)
                                  0.000000    0.000000   clock network delay (ideal)
                                  0.250000    0.250000   clock uncertainty
                                  0.000000    0.250000   clock reconvergence pessimism
                                              0.250000 ^ _1743_/CLK (sky130_fd_sc_hd__dfrtp_2)
                                  0.765350    1.015350   library removal time
                                              1.015350   data required time
---------------------------------------------------------------------------------------------
                                              1.015350   data required time
                                            -21.092138   data arrival time
---------------------------------------------------------------------------------------------
                                             20.076788   slack (MET)


Startpoint: rst_n (input port clocked by clk_10mhz)
Endpoint: _1744_ (removal check against rising-edge clock clk_10mhz)
Path Group: asynchronous
Path Type: min

Fanout         Cap        Slew       Delay        Time   Description
---------------------------------------------------------------------------------------------
                      0.150000    0.000000    0.000000   clock clk_10mhz (rise edge)
                                  0.000000    0.000000   clock network delay (ideal)
                                 20.000000   20.000000 ^ input external delay
   105    0.355928    1.599076    1.092138   21.092138 ^ rst_n (in)
                                                         rst_n (net)
                      1.599076    0.000000   21.092138 ^ _1744_/RESET_B (sky130_fd_sc_hd__dfrtp_2)
                                             21.092138   data arrival time

                      0.150000    0.000000    0.000000   clock clk_10mhz (rise edge)
                                  0.000000    0.000000   clock network delay (ideal)
                                  0.250000    0.250000   clock uncertainty
                                  0.000000    0.250000   clock reconvergence pessimism
                                              0.250000 ^ _1744_/CLK (sky130_fd_sc_hd__dfrtp_2)
                                  0.765350    1.015350   library removal time
                                              1.015350   data required time
---------------------------------------------------------------------------------------------
                                              1.015350   data required time
                                            -21.092138   data arrival time
---------------------------------------------------------------------------------------------
                                             20.076788   slack (MET)


Startpoint: rst_n (input port clocked by clk_10mhz)
Endpoint: _1745_ (removal check against rising-edge clock clk_10mhz)
Path Group: asynchronous
Path Type: min

Fanout         Cap        Slew       Delay        Time   Description
---------------------------------------------------------------------------------------------
                      0.150000    0.000000    0.000000   clock clk_10mhz (rise edge)
                                  0.000000    0.000000   clock network delay (ideal)
                                 20.000000   20.000000 ^ input external delay
   105    0.355928    1.599076    1.092138   21.092138 ^ rst_n (in)
                                                         rst_n (net)
                      1.599076    0.000000   21.092138 ^ _1745_/RESET_B (sky130_fd_sc_hd__dfrtp_2)
                                             21.092138   data arrival time

                      0.150000    0.000000    0.000000   clock clk_10mhz (rise edge)
                                  0.000000    0.000000   clock network delay (ideal)
                                  0.250000    0.250000   clock uncertainty
                                  0.000000    0.250000   clock reconvergence pessimism
                                              0.250000 ^ _1745_/CLK (sky130_fd_sc_hd__dfrtp_2)
                                  0.765350    1.015350   library removal time
                                              1.015350   data required time
---------------------------------------------------------------------------------------------
                                              1.015350   data required time
                                            -21.092138   data arrival time
---------------------------------------------------------------------------------------------
                                             20.076788   slack (MET)


Startpoint: rst_n (input port clocked by clk_10mhz)
Endpoint: _1746_ (removal check against rising-edge clock clk_10mhz)
Path Group: asynchronous
Path Type: min

Fanout         Cap        Slew       Delay        Time   Description
---------------------------------------------------------------------------------------------
                      0.150000    0.000000    0.000000   clock clk_10mhz (rise edge)
                                  0.000000    0.000000   clock network delay (ideal)
                                 20.000000   20.000000 ^ input external delay
   105    0.355928    1.599076    1.092138   21.092138 ^ rst_n (in)
                                                         rst_n (net)
                      1.599076    0.000000   21.092138 ^ _1746_/RESET_B (sky130_fd_sc_hd__dfrtp_2)
                                             21.092138   data arrival time

                      0.150000    0.000000    0.000000   clock clk_10mhz (rise edge)
                                  0.000000    0.000000   clock network delay (ideal)
                                  0.250000    0.250000   clock uncertainty
                                  0.000000    0.250000   clock reconvergence pessimism
                                              0.250000 ^ _1746_/CLK (sky130_fd_sc_hd__dfrtp_2)
                                  0.765350    1.015350   library removal time
                                              1.015350   data required time
---------------------------------------------------------------------------------------------
                                              1.015350   data required time
                                            -21.092138   data arrival time
---------------------------------------------------------------------------------------------
                                             20.076788   slack (MET)


Startpoint: rst_n (input port clocked by clk_10mhz)
Endpoint: _1747_ (removal check against rising-edge clock clk_10mhz)
Path Group: asynchronous
Path Type: min

Fanout         Cap        Slew       Delay        Time   Description
---------------------------------------------------------------------------------------------
                      0.150000    0.000000    0.000000   clock clk_10mhz (rise edge)
                                  0.000000    0.000000   clock network delay (ideal)
                                 20.000000   20.000000 ^ input external delay
   105    0.355928    1.599076    1.092138   21.092138 ^ rst_n (in)
                                                         rst_n (net)
                      1.599076    0.000000   21.092138 ^ _1747_/RESET_B (sky130_fd_sc_hd__dfrtp_2)
                                             21.092138   data arrival time

                      0.150000    0.000000    0.000000   clock clk_10mhz (rise edge)
                                  0.000000    0.000000   clock network delay (ideal)
                                  0.250000    0.250000   clock uncertainty
                                  0.000000    0.250000   clock reconvergence pessimism
                                              0.250000 ^ _1747_/CLK (sky130_fd_sc_hd__dfrtp_2)
                                  0.765350    1.015350   library removal time
                                              1.015350   data required time
---------------------------------------------------------------------------------------------
                                              1.015350   data required time
                                            -21.092138   data arrival time
---------------------------------------------------------------------------------------------
                                             20.076788   slack (MET)


Startpoint: rst_n (input port clocked by clk_10mhz)
Endpoint: _1748_ (removal check against rising-edge clock clk_10mhz)
Path Group: asynchronous
Path Type: min

Fanout         Cap        Slew       Delay        Time   Description
---------------------------------------------------------------------------------------------
                      0.150000    0.000000    0.000000   clock clk_10mhz (rise edge)
                                  0.000000    0.000000   clock network delay (ideal)
                                 20.000000   20.000000 ^ input external delay
   105    0.355928    1.599076    1.092138   21.092138 ^ rst_n (in)
                                                         rst_n (net)
                      1.599076    0.000000   21.092138 ^ _1748_/RESET_B (sky130_fd_sc_hd__dfrtp_2)
                                             21.092138   data arrival time

                      0.150000    0.000000    0.000000   clock clk_10mhz (rise edge)
                                  0.000000    0.000000   clock network delay (ideal)
                                  0.250000    0.250000   clock uncertainty
                                  0.000000    0.250000   clock reconvergence pessimism
                                              0.250000 ^ _1748_/CLK (sky130_fd_sc_hd__dfrtp_2)
                                  0.765350    1.015350   library removal time
                                              1.015350   data required time
---------------------------------------------------------------------------------------------
                                              1.015350   data required time
                                            -21.092138   data arrival time
---------------------------------------------------------------------------------------------
                                             20.076788   slack (MET)


Startpoint: rst_n (input port clocked by clk_10mhz)
Endpoint: _1749_ (removal check against rising-edge clock clk_10mhz)
Path Group: asynchronous
Path Type: min

Fanout         Cap        Slew       Delay        Time   Description
---------------------------------------------------------------------------------------------
                      0.150000    0.000000    0.000000   clock clk_10mhz (rise edge)
                                  0.000000    0.000000   clock network delay (ideal)
                                 20.000000   20.000000 ^ input external delay
   105    0.355928    1.599076    1.092138   21.092138 ^ rst_n (in)
                                                         rst_n (net)
                      1.599076    0.000000   21.092138 ^ _1749_/RESET_B (sky130_fd_sc_hd__dfrtp_2)
                                             21.092138   data arrival time

                      0.150000    0.000000    0.000000   clock clk_10mhz (rise edge)
                                  0.000000    0.000000   clock network delay (ideal)
                                  0.250000    0.250000   clock uncertainty
                                  0.000000    0.250000   clock reconvergence pessimism
                                              0.250000 ^ _1749_/CLK (sky130_fd_sc_hd__dfrtp_2)
                                  0.765350    1.015350   library removal time
                                              1.015350   data required time
---------------------------------------------------------------------------------------------
                                              1.015350   data required time
                                            -21.092138   data arrival time
---------------------------------------------------------------------------------------------
                                             20.076788   slack (MET)


Startpoint: rst_n (input port clocked by clk_10mhz)
Endpoint: _1750_ (removal check against rising-edge clock clk_10mhz)
Path Group: asynchronous
Path Type: min

Fanout         Cap        Slew       Delay        Time   Description
---------------------------------------------------------------------------------------------
                      0.150000    0.000000    0.000000   clock clk_10mhz (rise edge)
                                  0.000000    0.000000   clock network delay (ideal)
                                 20.000000   20.000000 ^ input external delay
   105    0.355928    1.599076    1.092138   21.092138 ^ rst_n (in)
                                                         rst_n (net)
                      1.599076    0.000000   21.092138 ^ _1750_/RESET_B (sky130_fd_sc_hd__dfrtp_2)
                                             21.092138   data arrival time

                      0.150000    0.000000    0.000000   clock clk_10mhz (rise edge)
                                  0.000000    0.000000   clock network delay (ideal)
                                  0.250000    0.250000   clock uncertainty
                                  0.000000    0.250000   clock reconvergence pessimism
                                              0.250000 ^ _1750_/CLK (sky130_fd_sc_hd__dfrtp_2)
                                  0.765350    1.015350   library removal time
                                              1.015350   data required time
---------------------------------------------------------------------------------------------
                                              1.015350   data required time
                                            -21.092138   data arrival time
---------------------------------------------------------------------------------------------
                                             20.076788   slack (MET)


Startpoint: rst_n (input port clocked by clk_10mhz)
Endpoint: _1751_ (removal check against rising-edge clock clk_10mhz)
Path Group: asynchronous
Path Type: min

Fanout         Cap        Slew       Delay        Time   Description
---------------------------------------------------------------------------------------------
                      0.150000    0.000000    0.000000   clock clk_10mhz (rise edge)
                                  0.000000    0.000000   clock network delay (ideal)
                                 20.000000   20.000000 ^ input external delay
   105    0.355928    1.599076    1.092138   21.092138 ^ rst_n (in)
                                                         rst_n (net)
                      1.599076    0.000000   21.092138 ^ _1751_/RESET_B (sky130_fd_sc_hd__dfrtp_2)
                                             21.092138   data arrival time

                      0.150000    0.000000    0.000000   clock clk_10mhz (rise edge)
                                  0.000000    0.000000   clock network delay (ideal)
                                  0.250000    0.250000   clock uncertainty
                                  0.000000    0.250000   clock reconvergence pessimism
                                              0.250000 ^ _1751_/CLK (sky130_fd_sc_hd__dfrtp_2)
                                  0.765350    1.015350   library removal time
                                              1.015350   data required time
---------------------------------------------------------------------------------------------
                                              1.015350   data required time
                                            -21.092138   data arrival time
---------------------------------------------------------------------------------------------
                                             20.076788   slack (MET)


Startpoint: rst_n (input port clocked by clk_10mhz)
Endpoint: _1752_ (removal check against rising-edge clock clk_10mhz)
Path Group: asynchronous
Path Type: min

Fanout         Cap        Slew       Delay        Time   Description
---------------------------------------------------------------------------------------------
                      0.150000    0.000000    0.000000   clock clk_10mhz (rise edge)
                                  0.000000    0.000000   clock network delay (ideal)
                                 20.000000   20.000000 ^ input external delay
   105    0.355928    1.599076    1.092138   21.092138 ^ rst_n (in)
                                                         rst_n (net)
                      1.599076    0.000000   21.092138 ^ _1752_/RESET_B (sky130_fd_sc_hd__dfrtp_2)
                                             21.092138   data arrival time

                      0.150000    0.000000    0.000000   clock clk_10mhz (rise edge)
                                  0.000000    0.000000   clock network delay (ideal)
                                  0.250000    0.250000   clock uncertainty
                                  0.000000    0.250000   clock reconvergence pessimism
                                              0.250000 ^ _1752_/CLK (sky130_fd_sc_hd__dfrtp_2)
                                  0.765350    1.015350   library removal time
                                              1.015350   data required time
---------------------------------------------------------------------------------------------
                                              1.015350   data required time
                                            -21.092138   data arrival time
---------------------------------------------------------------------------------------------
                                             20.076788   slack (MET)


Startpoint: rst_n (input port clocked by clk_10mhz)
Endpoint: _1753_ (removal check against rising-edge clock clk_10mhz)
Path Group: asynchronous
Path Type: min

Fanout         Cap        Slew       Delay        Time   Description
---------------------------------------------------------------------------------------------
                      0.150000    0.000000    0.000000   clock clk_10mhz (rise edge)
                                  0.000000    0.000000   clock network delay (ideal)
                                 20.000000   20.000000 ^ input external delay
   105    0.355928    1.599076    1.092138   21.092138 ^ rst_n (in)
                                                         rst_n (net)
                      1.599076    0.000000   21.092138 ^ _1753_/RESET_B (sky130_fd_sc_hd__dfrtp_2)
                                             21.092138   data arrival time

                      0.150000    0.000000    0.000000   clock clk_10mhz (rise edge)
                                  0.000000    0.000000   clock network delay (ideal)
                                  0.250000    0.250000   clock uncertainty
                                  0.000000    0.250000   clock reconvergence pessimism
                                              0.250000 ^ _1753_/CLK (sky130_fd_sc_hd__dfrtp_2)
                                  0.765350    1.015350   library removal time
                                              1.015350   data required time
---------------------------------------------------------------------------------------------
                                              1.015350   data required time
                                            -21.092138   data arrival time
---------------------------------------------------------------------------------------------
                                             20.076788   slack (MET)


Startpoint: rst_n (input port clocked by clk_10mhz)
Endpoint: _1755_ (removal check against rising-edge clock clk_10mhz)
Path Group: asynchronous
Path Type: min

Fanout         Cap        Slew       Delay        Time   Description
---------------------------------------------------------------------------------------------
                      0.150000    0.000000    0.000000   clock clk_10mhz (rise edge)
                                  0.000000    0.000000   clock network delay (ideal)
                                 20.000000   20.000000 ^ input external delay
   105    0.355928    1.599076    1.092138   21.092138 ^ rst_n (in)
                                                         rst_n (net)
                      1.599076    0.000000   21.092138 ^ _1755_/RESET_B (sky130_fd_sc_hd__dfrtp_2)
                                             21.092138   data arrival time

                      0.150000    0.000000    0.000000   clock clk_10mhz (rise edge)
                                  0.000000    0.000000   clock network delay (ideal)
                                  0.250000    0.250000   clock uncertainty
                                  0.000000    0.250000   clock reconvergence pessimism
                                              0.250000 ^ _1755_/CLK (sky130_fd_sc_hd__dfrtp_2)
                                  0.765350    1.015350   library removal time
                                              1.015350   data required time
---------------------------------------------------------------------------------------------
                                              1.015350   data required time
                                            -21.092138   data arrival time
---------------------------------------------------------------------------------------------
                                             20.076788   slack (MET)


Startpoint: rst_n (input port clocked by clk_10mhz)
Endpoint: _1756_ (removal check against rising-edge clock clk_10mhz)
Path Group: asynchronous
Path Type: min

Fanout         Cap        Slew       Delay        Time   Description
---------------------------------------------------------------------------------------------
                      0.150000    0.000000    0.000000   clock clk_10mhz (rise edge)
                                  0.000000    0.000000   clock network delay (ideal)
                                 20.000000   20.000000 ^ input external delay
   105    0.355928    1.599076    1.092138   21.092138 ^ rst_n (in)
                                                         rst_n (net)
                      1.599076    0.000000   21.092138 ^ _1756_/RESET_B (sky130_fd_sc_hd__dfrtp_2)
                                             21.092138   data arrival time

                      0.150000    0.000000    0.000000   clock clk_10mhz (rise edge)
                                  0.000000    0.000000   clock network delay (ideal)
                                  0.250000    0.250000   clock uncertainty
                                  0.000000    0.250000   clock reconvergence pessimism
                                              0.250000 ^ _1756_/CLK (sky130_fd_sc_hd__dfrtp_2)
                                  0.765350    1.015350   library removal time
                                              1.015350   data required time
---------------------------------------------------------------------------------------------
                                              1.015350   data required time
                                            -21.092138   data arrival time
---------------------------------------------------------------------------------------------
                                             20.076788   slack (MET)


Startpoint: rst_n (input port clocked by clk_10mhz)
Endpoint: _1757_ (removal check against rising-edge clock clk_10mhz)
Path Group: asynchronous
Path Type: min

Fanout         Cap        Slew       Delay        Time   Description
---------------------------------------------------------------------------------------------
                      0.150000    0.000000    0.000000   clock clk_10mhz (rise edge)
                                  0.000000    0.000000   clock network delay (ideal)
                                 20.000000   20.000000 ^ input external delay
   105    0.355928    1.599076    1.092138   21.092138 ^ rst_n (in)
                                                         rst_n (net)
                      1.599076    0.000000   21.092138 ^ _1757_/RESET_B (sky130_fd_sc_hd__dfrtp_2)
                                             21.092138   data arrival time

                      0.150000    0.000000    0.000000   clock clk_10mhz (rise edge)
                                  0.000000    0.000000   clock network delay (ideal)
                                  0.250000    0.250000   clock uncertainty
                                  0.000000    0.250000   clock reconvergence pessimism
                                              0.250000 ^ _1757_/CLK (sky130_fd_sc_hd__dfrtp_2)
                                  0.765350    1.015350   library removal time
                                              1.015350   data required time
---------------------------------------------------------------------------------------------
                                              1.015350   data required time
                                            -21.092138   data arrival time
---------------------------------------------------------------------------------------------
                                             20.076788   slack (MET)


Startpoint: rst_n (input port clocked by clk_10mhz)
Endpoint: _1758_ (removal check against rising-edge clock clk_10mhz)
Path Group: asynchronous
Path Type: min

Fanout         Cap        Slew       Delay        Time   Description
---------------------------------------------------------------------------------------------
                      0.150000    0.000000    0.000000   clock clk_10mhz (rise edge)
                                  0.000000    0.000000   clock network delay (ideal)
                                 20.000000   20.000000 ^ input external delay
   105    0.355928    1.599076    1.092138   21.092138 ^ rst_n (in)
                                                         rst_n (net)
                      1.599076    0.000000   21.092138 ^ _1758_/RESET_B (sky130_fd_sc_hd__dfrtp_2)
                                             21.092138   data arrival time

                      0.150000    0.000000    0.000000   clock clk_10mhz (rise edge)
                                  0.000000    0.000000   clock network delay (ideal)
                                  0.250000    0.250000   clock uncertainty
                                  0.000000    0.250000   clock reconvergence pessimism
                                              0.250000 ^ _1758_/CLK (sky130_fd_sc_hd__dfrtp_2)
                                  0.765350    1.015350   library removal time
                                              1.015350   data required time
---------------------------------------------------------------------------------------------
                                              1.015350   data required time
                                            -21.092138   data arrival time
---------------------------------------------------------------------------------------------
                                             20.076788   slack (MET)


Startpoint: rst_n (input port clocked by clk_10mhz)
Endpoint: _1759_ (removal check against rising-edge clock clk_10mhz)
Path Group: asynchronous
Path Type: min

Fanout         Cap        Slew       Delay        Time   Description
---------------------------------------------------------------------------------------------
                      0.150000    0.000000    0.000000   clock clk_10mhz (rise edge)
                                  0.000000    0.000000   clock network delay (ideal)
                                 20.000000   20.000000 ^ input external delay
   105    0.355928    1.599076    1.092138   21.092138 ^ rst_n (in)
                                                         rst_n (net)
                      1.599076    0.000000   21.092138 ^ _1759_/RESET_B (sky130_fd_sc_hd__dfrtp_2)
                                             21.092138   data arrival time

                      0.150000    0.000000    0.000000   clock clk_10mhz (rise edge)
                                  0.000000    0.000000   clock network delay (ideal)
                                  0.250000    0.250000   clock uncertainty
                                  0.000000    0.250000   clock reconvergence pessimism
                                              0.250000 ^ _1759_/CLK (sky130_fd_sc_hd__dfrtp_2)
                                  0.765350    1.015350   library removal time
                                              1.015350   data required time
---------------------------------------------------------------------------------------------
                                              1.015350   data required time
                                            -21.092138   data arrival time
---------------------------------------------------------------------------------------------
                                             20.076788   slack (MET)


Startpoint: rst_n (input port clocked by clk_10mhz)
Endpoint: _1760_ (removal check against rising-edge clock clk_10mhz)
Path Group: asynchronous
Path Type: min

Fanout         Cap        Slew       Delay        Time   Description
---------------------------------------------------------------------------------------------
                      0.150000    0.000000    0.000000   clock clk_10mhz (rise edge)
                                  0.000000    0.000000   clock network delay (ideal)
                                 20.000000   20.000000 ^ input external delay
   105    0.355928    1.599076    1.092138   21.092138 ^ rst_n (in)
                                                         rst_n (net)
                      1.599076    0.000000   21.092138 ^ _1760_/RESET_B (sky130_fd_sc_hd__dfrtp_2)
                                             21.092138   data arrival time

                      0.150000    0.000000    0.000000   clock clk_10mhz (rise edge)
                                  0.000000    0.000000   clock network delay (ideal)
                                  0.250000    0.250000   clock uncertainty
                                  0.000000    0.250000   clock reconvergence pessimism
                                              0.250000 ^ _1760_/CLK (sky130_fd_sc_hd__dfrtp_2)
                                  0.765350    1.015350   library removal time
                                              1.015350   data required time
---------------------------------------------------------------------------------------------
                                              1.015350   data required time
                                            -21.092138   data arrival time
---------------------------------------------------------------------------------------------
                                             20.076788   slack (MET)


Startpoint: rst_n (input port clocked by clk_10mhz)
Endpoint: _1761_ (removal check against rising-edge clock clk_10mhz)
Path Group: asynchronous
Path Type: min

Fanout         Cap        Slew       Delay        Time   Description
---------------------------------------------------------------------------------------------
                      0.150000    0.000000    0.000000   clock clk_10mhz (rise edge)
                                  0.000000    0.000000   clock network delay (ideal)
                                 20.000000   20.000000 ^ input external delay
   105    0.355928    1.599076    1.092138   21.092138 ^ rst_n (in)
                                                         rst_n (net)
                      1.599076    0.000000   21.092138 ^ _1761_/RESET_B (sky130_fd_sc_hd__dfrtp_2)
                                             21.092138   data arrival time

                      0.150000    0.000000    0.000000   clock clk_10mhz (rise edge)
                                  0.000000    0.000000   clock network delay (ideal)
                                  0.250000    0.250000   clock uncertainty
                                  0.000000    0.250000   clock reconvergence pessimism
                                              0.250000 ^ _1761_/CLK (sky130_fd_sc_hd__dfrtp_2)
                                  0.765350    1.015350   library removal time
                                              1.015350   data required time
---------------------------------------------------------------------------------------------
                                              1.015350   data required time
                                            -21.092138   data arrival time
---------------------------------------------------------------------------------------------
                                             20.076788   slack (MET)


Startpoint: rst_n (input port clocked by clk_10mhz)
Endpoint: _1762_ (removal check against rising-edge clock clk_10mhz)
Path Group: asynchronous
Path Type: min

Fanout         Cap        Slew       Delay        Time   Description
---------------------------------------------------------------------------------------------
                      0.150000    0.000000    0.000000   clock clk_10mhz (rise edge)
                                  0.000000    0.000000   clock network delay (ideal)
                                 20.000000   20.000000 ^ input external delay
   105    0.355928    1.599076    1.092138   21.092138 ^ rst_n (in)
                                                         rst_n (net)
                      1.599076    0.000000   21.092138 ^ _1762_/RESET_B (sky130_fd_sc_hd__dfrtp_2)
                                             21.092138   data arrival time

                      0.150000    0.000000    0.000000   clock clk_10mhz (rise edge)
                                  0.000000    0.000000   clock network delay (ideal)
                                  0.250000    0.250000   clock uncertainty
                                  0.000000    0.250000   clock reconvergence pessimism
                                              0.250000 ^ _1762_/CLK (sky130_fd_sc_hd__dfrtp_2)
                                  0.765350    1.015350   library removal time
                                              1.015350   data required time
---------------------------------------------------------------------------------------------
                                              1.015350   data required time
                                            -21.092138   data arrival time
---------------------------------------------------------------------------------------------
                                             20.076788   slack (MET)


Startpoint: rst_n (input port clocked by clk_10mhz)
Endpoint: _1763_ (removal check against rising-edge clock clk_10mhz)
Path Group: asynchronous
Path Type: min

Fanout         Cap        Slew       Delay        Time   Description
---------------------------------------------------------------------------------------------
                      0.150000    0.000000    0.000000   clock clk_10mhz (rise edge)
                                  0.000000    0.000000   clock network delay (ideal)
                                 20.000000   20.000000 ^ input external delay
   105    0.355928    1.599076    1.092138   21.092138 ^ rst_n (in)
                                                         rst_n (net)
                      1.599076    0.000000   21.092138 ^ _1763_/RESET_B (sky130_fd_sc_hd__dfrtp_2)
                                             21.092138   data arrival time

                      0.150000    0.000000    0.000000   clock clk_10mhz (rise edge)
                                  0.000000    0.000000   clock network delay (ideal)
                                  0.250000    0.250000   clock uncertainty
                                  0.000000    0.250000   clock reconvergence pessimism
                                              0.250000 ^ _1763_/CLK (sky130_fd_sc_hd__dfrtp_2)
                                  0.765350    1.015350   library removal time
                                              1.015350   data required time
---------------------------------------------------------------------------------------------
                                              1.015350   data required time
                                            -21.092138   data arrival time
---------------------------------------------------------------------------------------------
                                             20.076788   slack (MET)


Startpoint: rst_n (input port clocked by clk_10mhz)
Endpoint: _1764_ (removal check against rising-edge clock clk_10mhz)
Path Group: asynchronous
Path Type: min

Fanout         Cap        Slew       Delay        Time   Description
---------------------------------------------------------------------------------------------
                      0.150000    0.000000    0.000000   clock clk_10mhz (rise edge)
                                  0.000000    0.000000   clock network delay (ideal)
                                 20.000000   20.000000 ^ input external delay
   105    0.355928    1.599076    1.092138   21.092138 ^ rst_n (in)
                                                         rst_n (net)
                      1.599076    0.000000   21.092138 ^ _1764_/RESET_B (sky130_fd_sc_hd__dfrtp_2)
                                             21.092138   data arrival time

                      0.150000    0.000000    0.000000   clock clk_10mhz (rise edge)
                                  0.000000    0.000000   clock network delay (ideal)
                                  0.250000    0.250000   clock uncertainty
                                  0.000000    0.250000   clock reconvergence pessimism
                                              0.250000 ^ _1764_/CLK (sky130_fd_sc_hd__dfrtp_2)
                                  0.765350    1.015350   library removal time
                                              1.015350   data required time
---------------------------------------------------------------------------------------------
                                              1.015350   data required time
                                            -21.092138   data arrival time
---------------------------------------------------------------------------------------------
                                             20.076788   slack (MET)


Startpoint: rst_n (input port clocked by clk_10mhz)
Endpoint: _1765_ (removal check against rising-edge clock clk_10mhz)
Path Group: asynchronous
Path Type: min

Fanout         Cap        Slew       Delay        Time   Description
---------------------------------------------------------------------------------------------
                      0.150000    0.000000    0.000000   clock clk_10mhz (rise edge)
                                  0.000000    0.000000   clock network delay (ideal)
                                 20.000000   20.000000 ^ input external delay
   105    0.355928    1.599076    1.092138   21.092138 ^ rst_n (in)
                                                         rst_n (net)
                      1.599076    0.000000   21.092138 ^ _1765_/RESET_B (sky130_fd_sc_hd__dfrtp_2)
                                             21.092138   data arrival time

                      0.150000    0.000000    0.000000   clock clk_10mhz (rise edge)
                                  0.000000    0.000000   clock network delay (ideal)
                                  0.250000    0.250000   clock uncertainty
                                  0.000000    0.250000   clock reconvergence pessimism
                                              0.250000 ^ _1765_/CLK (sky130_fd_sc_hd__dfrtp_2)
                                  0.765350    1.015350   library removal time
                                              1.015350   data required time
---------------------------------------------------------------------------------------------
                                              1.015350   data required time
                                            -21.092138   data arrival time
---------------------------------------------------------------------------------------------
                                             20.076788   slack (MET)


Startpoint: rst_n (input port clocked by clk_10mhz)
Endpoint: _1766_ (removal check against rising-edge clock clk_10mhz)
Path Group: asynchronous
Path Type: min

Fanout         Cap        Slew       Delay        Time   Description
---------------------------------------------------------------------------------------------
                      0.150000    0.000000    0.000000   clock clk_10mhz (rise edge)
                                  0.000000    0.000000   clock network delay (ideal)
                                 20.000000   20.000000 ^ input external delay
   105    0.355928    1.599076    1.092138   21.092138 ^ rst_n (in)
                                                         rst_n (net)
                      1.599076    0.000000   21.092138 ^ _1766_/RESET_B (sky130_fd_sc_hd__dfrtp_2)
                                             21.092138   data arrival time

                      0.150000    0.000000    0.000000   clock clk_10mhz (rise edge)
                                  0.000000    0.000000   clock network delay (ideal)
                                  0.250000    0.250000   clock uncertainty
                                  0.000000    0.250000   clock reconvergence pessimism
                                              0.250000 ^ _1766_/CLK (sky130_fd_sc_hd__dfrtp_2)
                                  0.765350    1.015350   library removal time
                                              1.015350   data required time
---------------------------------------------------------------------------------------------
                                              1.015350   data required time
                                            -21.092138   data arrival time
---------------------------------------------------------------------------------------------
                                             20.076788   slack (MET)


Startpoint: rst_n (input port clocked by clk_10mhz)
Endpoint: _1767_ (removal check against rising-edge clock clk_10mhz)
Path Group: asynchronous
Path Type: min

Fanout         Cap        Slew       Delay        Time   Description
---------------------------------------------------------------------------------------------
                      0.150000    0.000000    0.000000   clock clk_10mhz (rise edge)
                                  0.000000    0.000000   clock network delay (ideal)
                                 20.000000   20.000000 ^ input external delay
   105    0.355928    1.599076    1.092138   21.092138 ^ rst_n (in)
                                                         rst_n (net)
                      1.599076    0.000000   21.092138 ^ _1767_/RESET_B (sky130_fd_sc_hd__dfrtp_2)
                                             21.092138   data arrival time

                      0.150000    0.000000    0.000000   clock clk_10mhz (rise edge)
                                  0.000000    0.000000   clock network delay (ideal)
                                  0.250000    0.250000   clock uncertainty
                                  0.000000    0.250000   clock reconvergence pessimism
                                              0.250000 ^ _1767_/CLK (sky130_fd_sc_hd__dfrtp_2)
                                  0.765350    1.015350   library removal time
                                              1.015350   data required time
---------------------------------------------------------------------------------------------
                                              1.015350   data required time
                                            -21.092138   data arrival time
---------------------------------------------------------------------------------------------
                                             20.076788   slack (MET)


Startpoint: rst_n (input port clocked by clk_10mhz)
Endpoint: _1768_ (removal check against rising-edge clock clk_10mhz)
Path Group: asynchronous
Path Type: min

Fanout         Cap        Slew       Delay        Time   Description
---------------------------------------------------------------------------------------------
                      0.150000    0.000000    0.000000   clock clk_10mhz (rise edge)
                                  0.000000    0.000000   clock network delay (ideal)
                                 20.000000   20.000000 ^ input external delay
   105    0.355928    1.599076    1.092138   21.092138 ^ rst_n (in)
                                                         rst_n (net)
                      1.599076    0.000000   21.092138 ^ _1768_/RESET_B (sky130_fd_sc_hd__dfrtp_2)
                                             21.092138   data arrival time

                      0.150000    0.000000    0.000000   clock clk_10mhz (rise edge)
                                  0.000000    0.000000   clock network delay (ideal)
                                  0.250000    0.250000   clock uncertainty
                                  0.000000    0.250000   clock reconvergence pessimism
                                              0.250000 ^ _1768_/CLK (sky130_fd_sc_hd__dfrtp_2)
                                  0.765350    1.015350   library removal time
                                              1.015350   data required time
---------------------------------------------------------------------------------------------
                                              1.015350   data required time
                                            -21.092138   data arrival time
---------------------------------------------------------------------------------------------
                                             20.076788   slack (MET)


Startpoint: rst_n (input port clocked by clk_10mhz)
Endpoint: _1769_ (removal check against rising-edge clock clk_10mhz)
Path Group: asynchronous
Path Type: min

Fanout         Cap        Slew       Delay        Time   Description
---------------------------------------------------------------------------------------------
                      0.150000    0.000000    0.000000   clock clk_10mhz (rise edge)
                                  0.000000    0.000000   clock network delay (ideal)
                                 20.000000   20.000000 ^ input external delay
   105    0.355928    1.599076    1.092138   21.092138 ^ rst_n (in)
                                                         rst_n (net)
                      1.599076    0.000000   21.092138 ^ _1769_/RESET_B (sky130_fd_sc_hd__dfrtp_2)
                                             21.092138   data arrival time

                      0.150000    0.000000    0.000000   clock clk_10mhz (rise edge)
                                  0.000000    0.000000   clock network delay (ideal)
                                  0.250000    0.250000   clock uncertainty
                                  0.000000    0.250000   clock reconvergence pessimism
                                              0.250000 ^ _1769_/CLK (sky130_fd_sc_hd__dfrtp_2)
                                  0.765350    1.015350   library removal time
                                              1.015350   data required time
---------------------------------------------------------------------------------------------
                                              1.015350   data required time
                                            -21.092138   data arrival time
---------------------------------------------------------------------------------------------
                                             20.076788   slack (MET)


Startpoint: rst_n (input port clocked by clk_10mhz)
Endpoint: _1770_ (removal check against rising-edge clock clk_10mhz)
Path Group: asynchronous
Path Type: min

Fanout         Cap        Slew       Delay        Time   Description
---------------------------------------------------------------------------------------------
                      0.150000    0.000000    0.000000   clock clk_10mhz (rise edge)
                                  0.000000    0.000000   clock network delay (ideal)
                                 20.000000   20.000000 ^ input external delay
   105    0.355928    1.599076    1.092138   21.092138 ^ rst_n (in)
                                                         rst_n (net)
                      1.599076    0.000000   21.092138 ^ _1770_/RESET_B (sky130_fd_sc_hd__dfrtp_2)
                                             21.092138   data arrival time

                      0.150000    0.000000    0.000000   clock clk_10mhz (rise edge)
                                  0.000000    0.000000   clock network delay (ideal)
                                  0.250000    0.250000   clock uncertainty
                                  0.000000    0.250000   clock reconvergence pessimism
                                              0.250000 ^ _1770_/CLK (sky130_fd_sc_hd__dfrtp_2)
                                  0.765350    1.015350   library removal time
                                              1.015350   data required time
---------------------------------------------------------------------------------------------
                                              1.015350   data required time
                                            -21.092138   data arrival time
---------------------------------------------------------------------------------------------
                                             20.076788   slack (MET)


Startpoint: rst_n (input port clocked by clk_10mhz)
Endpoint: _1771_ (removal check against rising-edge clock clk_10mhz)
Path Group: asynchronous
Path Type: min

Fanout         Cap        Slew       Delay        Time   Description
---------------------------------------------------------------------------------------------
                      0.150000    0.000000    0.000000   clock clk_10mhz (rise edge)
                                  0.000000    0.000000   clock network delay (ideal)
                                 20.000000   20.000000 ^ input external delay
   105    0.355928    1.599076    1.092138   21.092138 ^ rst_n (in)
                                                         rst_n (net)
                      1.599076    0.000000   21.092138 ^ _1771_/RESET_B (sky130_fd_sc_hd__dfrtp_2)
                                             21.092138   data arrival time

                      0.150000    0.000000    0.000000   clock clk_10mhz (rise edge)
                                  0.000000    0.000000   clock network delay (ideal)
                                  0.250000    0.250000   clock uncertainty
                                  0.000000    0.250000   clock reconvergence pessimism
                                              0.250000 ^ _1771_/CLK (sky130_fd_sc_hd__dfrtp_2)
                                  0.765350    1.015350   library removal time
                                              1.015350   data required time
---------------------------------------------------------------------------------------------
                                              1.015350   data required time
                                            -21.092138   data arrival time
---------------------------------------------------------------------------------------------
                                             20.076788   slack (MET)


Startpoint: rst_n (input port clocked by clk_10mhz)
Endpoint: _1772_ (removal check against rising-edge clock clk_10mhz)
Path Group: asynchronous
Path Type: min

Fanout         Cap        Slew       Delay        Time   Description
---------------------------------------------------------------------------------------------
                      0.150000    0.000000    0.000000   clock clk_10mhz (rise edge)
                                  0.000000    0.000000   clock network delay (ideal)
                                 20.000000   20.000000 ^ input external delay
   105    0.355928    1.599076    1.092138   21.092138 ^ rst_n (in)
                                                         rst_n (net)
                      1.599076    0.000000   21.092138 ^ _1772_/RESET_B (sky130_fd_sc_hd__dfrtp_2)
                                             21.092138   data arrival time

                      0.150000    0.000000    0.000000   clock clk_10mhz (rise edge)
                                  0.000000    0.000000   clock network delay (ideal)
                                  0.250000    0.250000   clock uncertainty
                                  0.000000    0.250000   clock reconvergence pessimism
                                              0.250000 ^ _1772_/CLK (sky130_fd_sc_hd__dfrtp_2)
                                  0.765350    1.015350   library removal time
                                              1.015350   data required time
---------------------------------------------------------------------------------------------
                                              1.015350   data required time
                                            -21.092138   data arrival time
---------------------------------------------------------------------------------------------
                                             20.076788   slack (MET)


Startpoint: rst_n (input port clocked by clk_10mhz)
Endpoint: _1773_ (removal check against rising-edge clock clk_10mhz)
Path Group: asynchronous
Path Type: min

Fanout         Cap        Slew       Delay        Time   Description
---------------------------------------------------------------------------------------------
                      0.150000    0.000000    0.000000   clock clk_10mhz (rise edge)
                                  0.000000    0.000000   clock network delay (ideal)
                                 20.000000   20.000000 ^ input external delay
   105    0.355928    1.599076    1.092138   21.092138 ^ rst_n (in)
                                                         rst_n (net)
                      1.599076    0.000000   21.092138 ^ _1773_/RESET_B (sky130_fd_sc_hd__dfrtp_2)
                                             21.092138   data arrival time

                      0.150000    0.000000    0.000000   clock clk_10mhz (rise edge)
                                  0.000000    0.000000   clock network delay (ideal)
                                  0.250000    0.250000   clock uncertainty
                                  0.000000    0.250000   clock reconvergence pessimism
                                              0.250000 ^ _1773_/CLK (sky130_fd_sc_hd__dfrtp_2)
                                  0.765350    1.015350   library removal time
                                              1.015350   data required time
---------------------------------------------------------------------------------------------
                                              1.015350   data required time
                                            -21.092138   data arrival time
---------------------------------------------------------------------------------------------
                                             20.076788   slack (MET)


Startpoint: rst_n (input port clocked by clk_10mhz)
Endpoint: _1774_ (removal check against rising-edge clock clk_10mhz)
Path Group: asynchronous
Path Type: min

Fanout         Cap        Slew       Delay        Time   Description
---------------------------------------------------------------------------------------------
                      0.150000    0.000000    0.000000   clock clk_10mhz (rise edge)
                                  0.000000    0.000000   clock network delay (ideal)
                                 20.000000   20.000000 ^ input external delay
   105    0.355928    1.599076    1.092138   21.092138 ^ rst_n (in)
                                                         rst_n (net)
                      1.599076    0.000000   21.092138 ^ _1774_/RESET_B (sky130_fd_sc_hd__dfrtp_2)
                                             21.092138   data arrival time

                      0.150000    0.000000    0.000000   clock clk_10mhz (rise edge)
                                  0.000000    0.000000   clock network delay (ideal)
                                  0.250000    0.250000   clock uncertainty
                                  0.000000    0.250000   clock reconvergence pessimism
                                              0.250000 ^ _1774_/CLK (sky130_fd_sc_hd__dfrtp_2)
                                  0.765350    1.015350   library removal time
                                              1.015350   data required time
---------------------------------------------------------------------------------------------
                                              1.015350   data required time
                                            -21.092138   data arrival time
---------------------------------------------------------------------------------------------
                                             20.076788   slack (MET)


Startpoint: rst_n (input port clocked by clk_10mhz)
Endpoint: _1775_ (removal check against rising-edge clock clk_10mhz)
Path Group: asynchronous
Path Type: min

Fanout         Cap        Slew       Delay        Time   Description
---------------------------------------------------------------------------------------------
                      0.150000    0.000000    0.000000   clock clk_10mhz (rise edge)
                                  0.000000    0.000000   clock network delay (ideal)
                                 20.000000   20.000000 ^ input external delay
   105    0.355928    1.599076    1.092138   21.092138 ^ rst_n (in)
                                                         rst_n (net)
                      1.599076    0.000000   21.092138 ^ _1775_/RESET_B (sky130_fd_sc_hd__dfrtp_2)
                                             21.092138   data arrival time

                      0.150000    0.000000    0.000000   clock clk_10mhz (rise edge)
                                  0.000000    0.000000   clock network delay (ideal)
                                  0.250000    0.250000   clock uncertainty
                                  0.000000    0.250000   clock reconvergence pessimism
                                              0.250000 ^ _1775_/CLK (sky130_fd_sc_hd__dfrtp_2)
                                  0.765350    1.015350   library removal time
                                              1.015350   data required time
---------------------------------------------------------------------------------------------
                                              1.015350   data required time
                                            -21.092138   data arrival time
---------------------------------------------------------------------------------------------
                                             20.076788   slack (MET)


Startpoint: rst_n (input port clocked by clk_10mhz)
Endpoint: _1776_ (removal check against rising-edge clock clk_10mhz)
Path Group: asynchronous
Path Type: min

Fanout         Cap        Slew       Delay        Time   Description
---------------------------------------------------------------------------------------------
                      0.150000    0.000000    0.000000   clock clk_10mhz (rise edge)
                                  0.000000    0.000000   clock network delay (ideal)
                                 20.000000   20.000000 ^ input external delay
   105    0.355928    1.599076    1.092138   21.092138 ^ rst_n (in)
                                                         rst_n (net)
                      1.599076    0.000000   21.092138 ^ _1776_/RESET_B (sky130_fd_sc_hd__dfrtp_2)
                                             21.092138   data arrival time

                      0.150000    0.000000    0.000000   clock clk_10mhz (rise edge)
                                  0.000000    0.000000   clock network delay (ideal)
                                  0.250000    0.250000   clock uncertainty
                                  0.000000    0.250000   clock reconvergence pessimism
                                              0.250000 ^ _1776_/CLK (sky130_fd_sc_hd__dfrtp_2)
                                  0.765350    1.015350   library removal time
                                              1.015350   data required time
---------------------------------------------------------------------------------------------
                                              1.015350   data required time
                                            -21.092138   data arrival time
---------------------------------------------------------------------------------------------
                                             20.076788   slack (MET)


Startpoint: _1754_ (rising edge-triggered flip-flop clocked by clk_10mhz)
Endpoint: uart_tx_pin (output port clocked by clk_10mhz)
Path Group: clk_10mhz
Path Type: min

Fanout         Cap        Slew       Delay        Time   Description
---------------------------------------------------------------------------------------------
                      0.150000    0.000000    0.000000   clock clk_10mhz (rise edge)
                                  0.000000    0.000000   clock network delay (ideal)
                      0.150000    0.000000    0.000000 ^ _1754_/CLK (sky130_fd_sc_hd__dfstp_2)
     1    0.033442    0.083994    0.451501    0.451501 v _1754_/Q (sky130_fd_sc_hd__dfstp_2)
                                                         uart_tx_pin (net)
                      0.083994    0.000000    0.451501 v uart_tx_pin (out)
                                              0.451501   data arrival time

                      0.150000    0.000000    0.000000   clock clk_10mhz (rise edge)
                                  0.000000    0.000000   clock network delay (ideal)
                                  0.250000    0.250000   clock uncertainty
                                  0.000000    0.250000   clock reconvergence pessimism
                                -20.000000  -19.750002   output external delay
                                            -19.750002   data required time
---------------------------------------------------------------------------------------------
                                            -19.750002   data required time
                                             -0.451501   data arrival time
---------------------------------------------------------------------------------------------
                                             20.201504   slack (MET)


Startpoint: _1495_ (rising edge-triggered flip-flop clocked by clk_10mhz)
Endpoint: pwr_ctrl (output port clocked by clk_10mhz)
Path Group: clk_10mhz
Path Type: min

Fanout         Cap        Slew       Delay        Time   Description
---------------------------------------------------------------------------------------------
                      0.150000    0.000000    0.000000   clock clk_10mhz (rise edge)
                                  0.000000    0.000000   clock network delay (ideal)
                      0.150000    0.000000    0.000000 ^ _1495_/CLK (sky130_fd_sc_hd__dfrtp_2)
     2    0.034983    0.178509    0.489298    0.489298 ^ _1495_/Q (sky130_fd_sc_hd__dfrtp_2)
                                                         pwr_ctrl (net)
                      0.178509    0.000000    0.489298 ^ pwr_ctrl (out)
                                              0.489298   data arrival time

                      0.150000    0.000000    0.000000   clock clk_10mhz (rise edge)
                                  0.000000    0.000000   clock network delay (ideal)
                                  0.250000    0.250000   clock uncertainty
                                  0.000000    0.250000   clock reconvergence pessimism
                                -20.000000  -19.750002   output external delay
                                            -19.750002   data required time
---------------------------------------------------------------------------------------------
                                            -19.750002   data required time
                                             -0.489298   data arrival time
---------------------------------------------------------------------------------------------
                                             20.239298   slack (MET)


Startpoint: _1518_ (rising edge-triggered flip-flop clocked by clk_10mhz)
Endpoint: srf_trig (output port clocked by clk_10mhz)
Path Group: clk_10mhz
Path Type: min

Fanout         Cap        Slew       Delay        Time   Description
---------------------------------------------------------------------------------------------
                      0.150000    0.000000    0.000000   clock clk_10mhz (rise edge)
                                  0.000000    0.000000   clock network delay (ideal)
                      0.150000    0.000000    0.000000 ^ _1518_/CLK (sky130_fd_sc_hd__dfrtp_2)
     2    0.035937    0.182628    0.492574    0.492574 ^ _1518_/Q (sky130_fd_sc_hd__dfrtp_2)
                                                         srf_trig (net)
                      0.182628    0.000000    0.492574 ^ srf_trig (out)
                                              0.492574   data arrival time

                      0.150000    0.000000    0.000000   clock clk_10mhz (rise edge)
                                  0.000000    0.000000   clock network delay (ideal)
                                  0.250000    0.250000   clock uncertainty
                                  0.000000    0.250000   clock reconvergence pessimism
                                -20.000000  -19.750002   output external delay
                                            -19.750002   data required time
---------------------------------------------------------------------------------------------
                                            -19.750002   data required time
                                             -0.492574   data arrival time
---------------------------------------------------------------------------------------------
                                             20.242575   slack (MET)


Startpoint: _1739_ (rising edge-triggered flip-flop clocked by clk_10mhz)
Endpoint: led_status[0] (output port clocked by clk_10mhz)
Path Group: clk_10mhz
Path Type: min

Fanout         Cap        Slew       Delay        Time   Description
---------------------------------------------------------------------------------------------
                      0.150000    0.000000    0.000000   clock clk_10mhz (rise edge)
                                  0.000000    0.000000   clock network delay (ideal)
                      0.150000    0.000000    0.000000 ^ _1739_/CLK (sky130_fd_sc_hd__dfrtp_2)
     2    0.004251    0.046252    0.376327    0.376327 ^ _1739_/Q (sky130_fd_sc_hd__dfrtp_2)
                                                         u_uart.busy (net)
                      0.046252    0.000000    0.376327 ^ _1780_/A (sky130_fd_sc_hd__buf_2)
     1    0.033442    0.168736    0.196170    0.572497 ^ _1780_/X (sky130_fd_sc_hd__buf_2)
                                                         led_status[0] (net)
                      0.168736    0.000000    0.572497 ^ led_status[0] (out)
                                              0.572497   data arrival time

                      0.150000    0.000000    0.000000   clock clk_10mhz (rise edge)
                                  0.000000    0.000000   clock network delay (ideal)
                                  0.250000    0.250000   clock uncertainty
                                  0.000000    0.250000   clock reconvergence pessimism
                                -20.000000  -19.750002   output external delay
                                            -19.750002   data required time
---------------------------------------------------------------------------------------------
                                            -19.750002   data required time
                                             -0.572497   data arrival time
---------------------------------------------------------------------------------------------
                                             20.322498   slack (MET)


Startpoint: _1517_ (rising edge-triggered flip-flop clocked by clk_10mhz)
Endpoint: led_status[2] (output port clocked by clk_10mhz)
Path Group: clk_10mhz
Path Type: min

Fanout         Cap        Slew       Delay        Time   Description
---------------------------------------------------------------------------------------------
                      0.150000    0.000000    0.000000   clock clk_10mhz (rise edge)
                                  0.000000    0.000000   clock network delay (ideal)
                      0.150000    0.000000    0.000000 ^ _1517_/CLK (sky130_fd_sc_hd__dfrtp_2)
     3    0.006158    0.054416    0.384638    0.384638 ^ _1517_/Q (sky130_fd_sc_hd__dfrtp_2)
                                                         u_pmu.user_detected (net)
                      0.054416    0.000000    0.384638 ^ _1781_/A (sky130_fd_sc_hd__buf_2)
     1    0.033442    0.168697    0.199279    0.583917 ^ _1781_/X (sky130_fd_sc_hd__buf_2)
                                                         led_status[2] (net)
                      0.168697    0.000000    0.583917 ^ led_status[2] (out)
                                              0.583917   data arrival time

                      0.150000    0.000000    0.000000   clock clk_10mhz (rise edge)
                                  0.000000    0.000000   clock network delay (ideal)
                                  0.250000    0.250000   clock uncertainty
                                  0.000000    0.250000   clock reconvergence pessimism
                                -20.000000  -19.750002   output external delay
                                            -19.750002   data required time
---------------------------------------------------------------------------------------------
                                            -19.750002   data required time
                                             -0.583917   data arrival time
---------------------------------------------------------------------------------------------
                                             20.333918   slack (MET)


Startpoint: _1581_ (rising edge-triggered flip-flop clocked by clk_10mhz)
Endpoint: i2c_scl (output port clocked by clk_10mhz)
Path Group: clk_10mhz
Path Type: min

Fanout         Cap        Slew       Delay        Time   Description
---------------------------------------------------------------------------------------------
                      0.150000    0.000000    0.000000   clock clk_10mhz (rise edge)
                                  0.000000    0.000000   clock network delay (ideal)
                      0.150000    0.000000    0.000000 ^ _1581_/CLK (sky130_fd_sc_hd__dfstp_2)
     2    0.010333    0.037957    0.408803    0.408803 v _1581_/Q (sky130_fd_sc_hd__dfstp_2)
                                                         u_max30102_ctrl.scl_internal (net)
                      0.037957    0.000000    0.408803 v _1494_/A (sky130_fd_sc_hd__buf_1)
     1    0.003755    0.032598    0.089117    0.497921 v _1494_/X (sky130_fd_sc_hd__buf_1)
                                                         _0745_ (net)
                      0.032598    0.000000    0.497921 v _1783_/TE_B (sky130_fd_sc_hd__ebufn_2)
     1    0.036196    0.000000    0.190984    0.688904 v _1783_/Z (sky130_fd_sc_hd__ebufn_2)
                                                         i2c_scl (net)
     0    0.036196    0.000000    0.000000    0.688904 v i2c_scl (inout)
                                                         i2c_scl (net)
                                              0.688904   data arrival time

                      0.150000    0.000000    0.000000   clock clk_10mhz (rise edge)
                                  0.000000    0.000000   clock network delay (ideal)
                                  0.250000    0.250000   clock uncertainty
                                  0.000000    0.250000   clock reconvergence pessimism
                                -20.000000  -19.750002   output external delay
                                            -19.750002   data required time
---------------------------------------------------------------------------------------------
                                            -19.750002   data required time
                                             -0.688904   data arrival time
---------------------------------------------------------------------------------------------
                                             20.438906   slack (MET)


Startpoint: _1716_ (rising edge-triggered flip-flop clocked by clk_10mhz)
Endpoint: led_status[1] (output port clocked by clk_10mhz)
Path Group: clk_10mhz
Path Type: min

Fanout         Cap        Slew       Delay        Time   Description
---------------------------------------------------------------------------------------------
                      0.150000    0.000000    0.000000   clock clk_10mhz (rise edge)
                                  0.000000    0.000000   clock network delay (ideal)
                      0.150000    0.000000    0.000000 ^ _1716_/CLK (sky130_fd_sc_hd__dfrtp_2)
     2    0.017818    0.104396    0.430350    0.430350 ^ _1716_/Q (sky130_fd_sc_hd__dfrtp_2)
                                                         u_fifo.wr_ptr[4] (net)
                      0.104396    0.000000    0.430350 ^ _0775_/B (sky130_fd_sc_hd__xnor2_2)
     3    0.010725    0.064182    0.090842    0.521192 v _0775_/Y (sky130_fd_sc_hd__xnor2_2)
                                                         _0492_ (net)
                      0.064182    0.000000    0.521192 v _0776_/B (sky130_fd_sc_hd__nand2b_2)
     4    0.038059    0.211493    0.189474    0.710666 ^ _0776_/Y (sky130_fd_sc_hd__nand2b_2)
                                                         led_status[1] (net)
                      0.211493    0.000000    0.710666 ^ led_status[1] (out)
                                              0.710666   data arrival time

                      0.150000    0.000000    0.000000   clock clk_10mhz (rise edge)
                                  0.000000    0.000000   clock network delay (ideal)
                                  0.250000    0.250000   clock uncertainty
                                  0.000000    0.250000   clock reconvergence pessimism
                                -20.000000  -19.750002   output external delay
                                            -19.750002   data required time
---------------------------------------------------------------------------------------------
                                            -19.750002   data required time
                                             -0.710666   data arrival time
---------------------------------------------------------------------------------------------
                                             20.460667   slack (MET)


Startpoint: rst_n (input port clocked by clk_10mhz)
Endpoint: _1577_ (removal check against rising-edge clock clk_10mhz)
Path Group: asynchronous
Path Type: min

Fanout         Cap        Slew       Delay        Time   Description
---------------------------------------------------------------------------------------------
                      0.150000    0.000000    0.000000   clock clk_10mhz (rise edge)
                                  0.000000    0.000000   clock network delay (ideal)
                                 20.000000   20.000000 ^ input external delay
   105    0.355928    1.599076    1.092138   21.092138 ^ rst_n (in)
                                                         rst_n (net)
                      1.599076    0.000000   21.092138 ^ _1577_/SET_B (sky130_fd_sc_hd__dfstp_2)
                                             21.092138   data arrival time

                      0.150000    0.000000    0.000000   clock clk_10mhz (rise edge)
                                  0.000000    0.000000   clock network delay (ideal)
                                  0.250000    0.250000   clock uncertainty
                                  0.000000    0.250000   clock reconvergence pessimism
                                              0.250000 ^ _1577_/CLK (sky130_fd_sc_hd__dfstp_2)
                                  0.171562    0.421562   library removal time
                                              0.421562   data required time
---------------------------------------------------------------------------------------------
                                              0.421562   data required time
                                            -21.092138   data arrival time
---------------------------------------------------------------------------------------------
                                             20.670576   slack (MET)


Startpoint: rst_n (input port clocked by clk_10mhz)
Endpoint: _1754_ (removal check against rising-edge clock clk_10mhz)
Path Group: asynchronous
Path Type: min

Fanout         Cap        Slew       Delay        Time   Description
---------------------------------------------------------------------------------------------
                      0.150000    0.000000    0.000000   clock clk_10mhz (rise edge)
                                  0.000000    0.000000   clock network delay (ideal)
                                 20.000000   20.000000 ^ input external delay
   105    0.355928    1.599076    1.092138   21.092138 ^ rst_n (in)
                                                         rst_n (net)
                      1.599076    0.000000   21.092138 ^ _1754_/SET_B (sky130_fd_sc_hd__dfstp_2)
                                             21.092138   data arrival time

                      0.150000    0.000000    0.000000   clock clk_10mhz (rise edge)
                                  0.000000    0.000000   clock network delay (ideal)
                                  0.250000    0.250000   clock uncertainty
                                  0.000000    0.250000   clock reconvergence pessimism
                                              0.250000 ^ _1754_/CLK (sky130_fd_sc_hd__dfstp_2)
                                  0.171562    0.421562   library removal time
                                              0.421562   data required time
---------------------------------------------------------------------------------------------
                                              0.421562   data required time
                                            -21.092138   data arrival time
---------------------------------------------------------------------------------------------
                                             20.670576   slack (MET)



