
===========================================================================
report_checks -path_delay min (Hold)
============================================================================
======================= nom_ss_100C_1v60 Corner ===================================

Startpoint: _1519_ (rising edge-triggered flip-flop clocked by clk_10mhz)
Endpoint: _1544_ (rising edge-triggered flip-flop clocked by clk_10mhz)
Path Group: clk_10mhz
Path Type: min

Fanout         Cap        Slew       Delay        Time   Description
---------------------------------------------------------------------------------------------
                      0.150000    0.000000    0.000000   clock clk_10mhz (rise edge)
                                  0.000000    0.000000   clock network delay (ideal)
                      0.150000    0.000000    0.000000 ^ _1519_/CLK (sky130_fd_sc_hd__dfrtp_2)
     1    0.001853    0.064404    0.700576    0.700576 ^ _1519_/Q (sky130_fd_sc_hd__dfrtp_2)
                                                         u_srf_ctrl.echo_sync_0 (net)
                      0.064404    0.000000    0.700576 ^ _1544_/D (sky130_fd_sc_hd__dfrtp_2)
                                              0.700576   data arrival time

                      0.150000    0.000000    0.000000   clock clk_10mhz (rise edge)
                                  0.000000    0.000000   clock network delay (ideal)
                                  0.250000    0.250000   clock uncertainty
                                  0.000000    0.250000   clock reconvergence pessimism
                                              0.250000 ^ _1544_/CLK (sky130_fd_sc_hd__dfrtp_2)
                                 -0.062500    0.187500   library hold time
                                              0.187500   data required time
---------------------------------------------------------------------------------------------
                                              0.187500   data required time
                                             -0.700576   data arrival time
---------------------------------------------------------------------------------------------
                                              0.513076   slack (MET)


Startpoint: _1517_ (rising edge-triggered flip-flop clocked by clk_10mhz)
Endpoint: _1495_ (rising edge-triggered flip-flop clocked by clk_10mhz)
Path Group: clk_10mhz
Path Type: min

Fanout         Cap        Slew       Delay        Time   Description
---------------------------------------------------------------------------------------------
                      0.150000    0.000000    0.000000   clock clk_10mhz (rise edge)
                                  0.000000    0.000000   clock network delay (ideal)
                      0.150000    0.000000    0.000000 ^ _1517_/CLK (sky130_fd_sc_hd__dfrtp_2)
     3    0.005966    0.095220    0.740357    0.740357 ^ _1517_/Q (sky130_fd_sc_hd__dfrtp_2)
                                                         u_pmu.user_detected (net)
                      0.095220    0.000000    0.740357 ^ _1495_/D (sky130_fd_sc_hd__dfrtp_2)
                                              0.740357   data arrival time

                      0.150000    0.000000    0.000000   clock clk_10mhz (rise edge)
                                  0.000000    0.000000   clock network delay (ideal)
                                  0.250000    0.250000   clock uncertainty
                                  0.000000    0.250000   clock reconvergence pessimism
                                              0.250000 ^ _1495_/CLK (sky130_fd_sc_hd__dfrtp_2)
                                 -0.069502    0.180498   library hold time
                                              0.180498   data required time
---------------------------------------------------------------------------------------------
                                              0.180498   data required time
                                             -0.740357   data arrival time
---------------------------------------------------------------------------------------------
                                              0.559859   slack (MET)


Startpoint: _1652_ (rising edge-triggered flip-flop clocked by clk_10mhz)
Endpoint: _1652_ (rising edge-triggered flip-flop clocked by clk_10mhz)
Path Group: clk_10mhz
Path Type: min

Fanout         Cap        Slew       Delay        Time   Description
---------------------------------------------------------------------------------------------
                      0.150000    0.000000    0.000000   clock clk_10mhz (rise edge)
                                  0.000000    0.000000   clock network delay (ideal)
                      0.150000    0.000000    0.000000 ^ _1652_/CLK (sky130_fd_sc_hd__dfxtp_2)
     2    0.003363    0.058341    0.674988    0.674988 ^ _1652_/Q (sky130_fd_sc_hd__dfxtp_2)
                                                         u_fifo.mem[5][1] (net)
                      0.058341    0.000000    0.674988 ^ _1182_/A0 (sky130_fd_sc_hd__mux2_1)
     1    0.001537    0.059041    0.201555    0.876542 ^ _1182_/X (sky130_fd_sc_hd__mux2_1)
                                                         _0155_ (net)
                      0.059041    0.000000    0.876542 ^ _1652_/D (sky130_fd_sc_hd__dfxtp_2)
                                              0.876542   data arrival time

                      0.150000    0.000000    0.000000   clock clk_10mhz (rise edge)
                                  0.000000    0.000000   clock network delay (ideal)
                                  0.250000    0.250000   clock uncertainty
                                  0.000000    0.250000   clock reconvergence pessimism
                                              0.250000 ^ _1652_/CLK (sky130_fd_sc_hd__dfxtp_2)
                                 -0.056689    0.193311   library hold time
                                              0.193311   data required time
---------------------------------------------------------------------------------------------
                                              0.193311   data required time
                                             -0.876542   data arrival time
---------------------------------------------------------------------------------------------
                                              0.683232   slack (MET)


Startpoint: _1619_ (rising edge-triggered flip-flop clocked by clk_10mhz)
Endpoint: _1619_ (rising edge-triggered flip-flop clocked by clk_10mhz)
Path Group: clk_10mhz
Path Type: min

Fanout         Cap        Slew       Delay        Time   Description
---------------------------------------------------------------------------------------------
                      0.150000    0.000000    0.000000   clock clk_10mhz (rise edge)
                                  0.000000    0.000000   clock network delay (ideal)
                      0.150000    0.000000    0.000000 ^ _1619_/CLK (sky130_fd_sc_hd__dfxtp_2)
     2    0.003977    0.062678    0.679742    0.679742 ^ _1619_/Q (sky130_fd_sc_hd__dfxtp_2)
                                                         u_fifo.mem[8][0] (net)
                      0.062678    0.000000    0.679742 ^ _1144_/A0 (sky130_fd_sc_hd__mux2_1)
     1    0.001537    0.059031    0.203432    0.883173 ^ _1144_/X (sky130_fd_sc_hd__mux2_1)
                                                         _0122_ (net)
                      0.059031    0.000000    0.883173 ^ _1619_/D (sky130_fd_sc_hd__dfxtp_2)
                                              0.883173   data arrival time

                      0.150000    0.000000    0.000000   clock clk_10mhz (rise edge)
                                  0.000000    0.000000   clock network delay (ideal)
                                  0.250000    0.250000   clock uncertainty
                                  0.000000    0.250000   clock reconvergence pessimism
                                              0.250000 ^ _1619_/CLK (sky130_fd_sc_hd__dfxtp_2)
                                 -0.056687    0.193313   library hold time
                                              0.193313   data required time
---------------------------------------------------------------------------------------------
                                              0.193313   data required time
                                             -0.883173   data arrival time
---------------------------------------------------------------------------------------------
                                              0.689860   slack (MET)


Startpoint: _1620_ (rising edge-triggered flip-flop clocked by clk_10mhz)
Endpoint: _1620_ (rising edge-triggered flip-flop clocked by clk_10mhz)
Path Group: clk_10mhz
Path Type: min

Fanout         Cap        Slew       Delay        Time   Description
---------------------------------------------------------------------------------------------
                      0.150000    0.000000    0.000000   clock clk_10mhz (rise edge)
                                  0.000000    0.000000   clock network delay (ideal)
                      0.150000    0.000000    0.000000 ^ _1620_/CLK (sky130_fd_sc_hd__dfxtp_2)
     2    0.003977    0.062678    0.679742    0.679742 ^ _1620_/Q (sky130_fd_sc_hd__dfxtp_2)
                                                         u_fifo.mem[8][1] (net)
                      0.062678    0.000000    0.679742 ^ _1145_/A0 (sky130_fd_sc_hd__mux2_1)
     1    0.001537    0.059031    0.203432    0.883173 ^ _1145_/X (sky130_fd_sc_hd__mux2_1)
                                                         _0123_ (net)
                      0.059031    0.000000    0.883173 ^ _1620_/D (sky130_fd_sc_hd__dfxtp_2)
                                              0.883173   data arrival time

                      0.150000    0.000000    0.000000   clock clk_10mhz (rise edge)
                                  0.000000    0.000000   clock network delay (ideal)
                                  0.250000    0.250000   clock uncertainty
                                  0.000000    0.250000   clock reconvergence pessimism
                                              0.250000 ^ _1620_/CLK (sky130_fd_sc_hd__dfxtp_2)
                                 -0.056687    0.193313   library hold time
                                              0.193313   data required time
---------------------------------------------------------------------------------------------
                                              0.193313   data required time
                                             -0.883173   data arrival time
---------------------------------------------------------------------------------------------
                                              0.689860   slack (MET)


Startpoint: _1622_ (rising edge-triggered flip-flop clocked by clk_10mhz)
Endpoint: _1622_ (rising edge-triggered flip-flop clocked by clk_10mhz)
Path Group: clk_10mhz
Path Type: min

Fanout         Cap        Slew       Delay        Time   Description
---------------------------------------------------------------------------------------------
                      0.150000    0.000000    0.000000   clock clk_10mhz (rise edge)
                                  0.000000    0.000000   clock network delay (ideal)
                      0.150000    0.000000    0.000000 ^ _1622_/CLK (sky130_fd_sc_hd__dfxtp_2)
     2    0.003977    0.062678    0.679742    0.679742 ^ _1622_/Q (sky130_fd_sc_hd__dfxtp_2)
                                                         u_fifo.mem[8][3] (net)
                      0.062678    0.000000    0.679742 ^ _1147_/A0 (sky130_fd_sc_hd__mux2_1)
     1    0.001537    0.059031    0.203432    0.883173 ^ _1147_/X (sky130_fd_sc_hd__mux2_1)
                                                         _0125_ (net)
                      0.059031    0.000000    0.883173 ^ _1622_/D (sky130_fd_sc_hd__dfxtp_2)
                                              0.883173   data arrival time

                      0.150000    0.000000    0.000000   clock clk_10mhz (rise edge)
                                  0.000000    0.000000   clock network delay (ideal)
                                  0.250000    0.250000   clock uncertainty
                                  0.000000    0.250000   clock reconvergence pessimism
                                              0.250000 ^ _1622_/CLK (sky130_fd_sc_hd__dfxtp_2)
                                 -0.056687    0.193313   library hold time
                                              0.193313   data required time
---------------------------------------------------------------------------------------------
                                              0.193313   data required time
                                             -0.883173   data arrival time
---------------------------------------------------------------------------------------------
                                              0.689860   slack (MET)


Startpoint: _1624_ (rising edge-triggered flip-flop clocked by clk_10mhz)
Endpoint: _1624_ (rising edge-triggered flip-flop clocked by clk_10mhz)
Path Group: clk_10mhz
Path Type: min

Fanout         Cap        Slew       Delay        Time   Description
---------------------------------------------------------------------------------------------
                      0.150000    0.000000    0.000000   clock clk_10mhz (rise edge)
                                  0.000000    0.000000   clock network delay (ideal)
                      0.150000    0.000000    0.000000 ^ _1624_/CLK (sky130_fd_sc_hd__dfxtp_2)
     2    0.003977    0.062678    0.679742    0.679742 ^ _1624_/Q (sky130_fd_sc_hd__dfxtp_2)
                                                         u_fifo.mem[8][5] (net)
                      0.062678    0.000000    0.679742 ^ _1149_/A0 (sky130_fd_sc_hd__mux2_1)
     1    0.001537    0.059031    0.203432    0.883173 ^ _1149_/X (sky130_fd_sc_hd__mux2_1)
                                                         _0127_ (net)
                      0.059031    0.000000    0.883173 ^ _1624_/D (sky130_fd_sc_hd__dfxtp_2)
                                              0.883173   data arrival time

                      0.150000    0.000000    0.000000   clock clk_10mhz (rise edge)
                                  0.000000    0.000000   clock network delay (ideal)
                                  0.250000    0.250000   clock uncertainty
                                  0.000000    0.250000   clock reconvergence pessimism
                                              0.250000 ^ _1624_/CLK (sky130_fd_sc_hd__dfxtp_2)
                                 -0.056687    0.193313   library hold time
                                              0.193313   data required time
---------------------------------------------------------------------------------------------
                                              0.193313   data required time
                                             -0.883173   data arrival time
---------------------------------------------------------------------------------------------
                                              0.689860   slack (MET)


Startpoint: _1676_ (rising edge-triggered flip-flop clocked by clk_10mhz)
Endpoint: _1676_ (rising edge-triggered flip-flop clocked by clk_10mhz)
Path Group: clk_10mhz
Path Type: min

Fanout         Cap        Slew       Delay        Time   Description
---------------------------------------------------------------------------------------------
                      0.150000    0.000000    0.000000   clock clk_10mhz (rise edge)
                                  0.000000    0.000000   clock network delay (ideal)
                      0.150000    0.000000    0.000000 ^ _1676_/CLK (sky130_fd_sc_hd__dfxtp_2)
     2    0.003977    0.062678    0.679742    0.679742 ^ _1676_/Q (sky130_fd_sc_hd__dfxtp_2)
                                                         u_fifo.mem[12][1] (net)
                      0.062678    0.000000    0.679742 ^ _1210_/A0 (sky130_fd_sc_hd__mux2_1)
     1    0.001537    0.059031    0.203432    0.883173 ^ _1210_/X (sky130_fd_sc_hd__mux2_1)
                                                         _0179_ (net)
                      0.059031    0.000000    0.883173 ^ _1676_/D (sky130_fd_sc_hd__dfxtp_2)
                                              0.883173   data arrival time

                      0.150000    0.000000    0.000000   clock clk_10mhz (rise edge)
                                  0.000000    0.000000   clock network delay (ideal)
                                  0.250000    0.250000   clock uncertainty
                                  0.000000    0.250000   clock reconvergence pessimism
                                              0.250000 ^ _1676_/CLK (sky130_fd_sc_hd__dfxtp_2)
                                 -0.056687    0.193313   library hold time
                                              0.193313   data required time
---------------------------------------------------------------------------------------------
                                              0.193313   data required time
                                             -0.883173   data arrival time
---------------------------------------------------------------------------------------------
                                              0.689860   slack (MET)


Startpoint: _1681_ (rising edge-triggered flip-flop clocked by clk_10mhz)
Endpoint: _1681_ (rising edge-triggered flip-flop clocked by clk_10mhz)
Path Group: clk_10mhz
Path Type: min

Fanout         Cap        Slew       Delay        Time   Description
---------------------------------------------------------------------------------------------
                      0.150000    0.000000    0.000000   clock clk_10mhz (rise edge)
                                  0.000000    0.000000   clock network delay (ideal)
                      0.150000    0.000000    0.000000 ^ _1681_/CLK (sky130_fd_sc_hd__dfxtp_2)
     2    0.003977    0.062678    0.679742    0.679742 ^ _1681_/Q (sky130_fd_sc_hd__dfxtp_2)
                                                         u_fifo.mem[12][6] (net)
                      0.062678    0.000000    0.679742 ^ _1215_/A0 (sky130_fd_sc_hd__mux2_1)
     1    0.001537    0.059031    0.203432    0.883173 ^ _1215_/X (sky130_fd_sc_hd__mux2_1)
                                                         _0184_ (net)
                      0.059031    0.000000    0.883173 ^ _1681_/D (sky130_fd_sc_hd__dfxtp_2)
                                              0.883173   data arrival time

                      0.150000    0.000000    0.000000   clock clk_10mhz (rise edge)
                                  0.000000    0.000000   clock network delay (ideal)
                                  0.250000    0.250000   clock uncertainty
                                  0.000000    0.250000   clock reconvergence pessimism
                                              0.250000 ^ _1681_/CLK (sky130_fd_sc_hd__dfxtp_2)
                                 -0.056687    0.193313   library hold time
                                              0.193313   data required time
---------------------------------------------------------------------------------------------
                                              0.193313   data required time
                                             -0.883173   data arrival time
---------------------------------------------------------------------------------------------
                                              0.689860   slack (MET)


Startpoint: _1661_ (rising edge-triggered flip-flop clocked by clk_10mhz)
Endpoint: _1661_ (rising edge-triggered flip-flop clocked by clk_10mhz)
Path Group: clk_10mhz
Path Type: min

Fanout         Cap        Slew       Delay        Time   Description
---------------------------------------------------------------------------------------------
                      0.150000    0.000000    0.000000   clock clk_10mhz (rise edge)
                                  0.000000    0.000000   clock network delay (ideal)
                      0.150000    0.000000    0.000000 ^ _1661_/CLK (sky130_fd_sc_hd__dfxtp_2)
     2    0.003977    0.062678    0.679742    0.679742 ^ _1661_/Q (sky130_fd_sc_hd__dfxtp_2)
                                                         u_fifo.mem[4][2] (net)
                      0.062678    0.000000    0.679742 ^ _1192_/A0 (sky130_fd_sc_hd__mux2_1)
     1    0.001537    0.059037    0.203432    0.883173 ^ _1192_/X (sky130_fd_sc_hd__mux2_1)
                                                         _0164_ (net)
                      0.059037    0.000000    0.883173 ^ _1661_/D (sky130_fd_sc_hd__dfxtp_2)
                                              0.883173   data arrival time

                      0.150000    0.000000    0.000000   clock clk_10mhz (rise edge)
                                  0.000000    0.000000   clock network delay (ideal)
                                  0.250000    0.250000   clock uncertainty
                                  0.000000    0.250000   clock reconvergence pessimism
                                              0.250000 ^ _1661_/CLK (sky130_fd_sc_hd__dfxtp_2)
                                 -0.056688    0.193312   library hold time
                                              0.193312   data required time
---------------------------------------------------------------------------------------------
                                              0.193312   data required time
                                             -0.883173   data arrival time
---------------------------------------------------------------------------------------------
                                              0.689861   slack (MET)


Startpoint: _1608_ (rising edge-triggered flip-flop clocked by clk_10mhz)
Endpoint: _1608_ (rising edge-triggered flip-flop clocked by clk_10mhz)
Path Group: clk_10mhz
Path Type: min

Fanout         Cap        Slew       Delay        Time   Description
---------------------------------------------------------------------------------------------
                      0.150000    0.000000    0.000000   clock clk_10mhz (rise edge)
                                  0.000000    0.000000   clock network delay (ideal)
                      0.150000    0.000000    0.000000 ^ _1608_/CLK (sky130_fd_sc_hd__dfxtp_2)
     2    0.003977    0.062678    0.679742    0.679742 ^ _1608_/Q (sky130_fd_sc_hd__dfxtp_2)
                                                         u_fifo.mem[10][5] (net)
                      0.062678    0.000000    0.679742 ^ _1129_/A0 (sky130_fd_sc_hd__mux2_1)
     1    0.001537    0.059041    0.203432    0.883173 ^ _1129_/X (sky130_fd_sc_hd__mux2_1)
                                                         _0111_ (net)
                      0.059041    0.000000    0.883173 ^ _1608_/D (sky130_fd_sc_hd__dfxtp_2)
                                              0.883173   data arrival time

                      0.150000    0.000000    0.000000   clock clk_10mhz (rise edge)
                                  0.000000    0.000000   clock network delay (ideal)
                                  0.250000    0.250000   clock uncertainty
                                  0.000000    0.250000   clock reconvergence pessimism
                                              0.250000 ^ _1608_/CLK (sky130_fd_sc_hd__dfxtp_2)
                                 -0.056689    0.193311   library hold time
                                              0.193311   data required time
---------------------------------------------------------------------------------------------
                                              0.193311   data required time
                                             -0.883173   data arrival time
---------------------------------------------------------------------------------------------
                                              0.689862   slack (MET)


Startpoint: _1609_ (rising edge-triggered flip-flop clocked by clk_10mhz)
Endpoint: _1609_ (rising edge-triggered flip-flop clocked by clk_10mhz)
Path Group: clk_10mhz
Path Type: min

Fanout         Cap        Slew       Delay        Time   Description
---------------------------------------------------------------------------------------------
                      0.150000    0.000000    0.000000   clock clk_10mhz (rise edge)
                                  0.000000    0.000000   clock network delay (ideal)
                      0.150000    0.000000    0.000000 ^ _1609_/CLK (sky130_fd_sc_hd__dfxtp_2)
     2    0.003977    0.062678    0.679742    0.679742 ^ _1609_/Q (sky130_fd_sc_hd__dfxtp_2)
                                                         u_fifo.mem[10][6] (net)
                      0.062678    0.000000    0.679742 ^ _1130_/A0 (sky130_fd_sc_hd__mux2_1)
     1    0.001537    0.059041    0.203432    0.883173 ^ _1130_/X (sky130_fd_sc_hd__mux2_1)
                                                         _0112_ (net)
                      0.059041    0.000000    0.883173 ^ _1609_/D (sky130_fd_sc_hd__dfxtp_2)
                                              0.883173   data arrival time

                      0.150000    0.000000    0.000000   clock clk_10mhz (rise edge)
                                  0.000000    0.000000   clock network delay (ideal)
                                  0.250000    0.250000   clock uncertainty
                                  0.000000    0.250000   clock reconvergence pessimism
                                              0.250000 ^ _1609_/CLK (sky130_fd_sc_hd__dfxtp_2)
                                 -0.056689    0.193311   library hold time
                                              0.193311   data required time
---------------------------------------------------------------------------------------------
                                              0.193311   data required time
                                             -0.883173   data arrival time
---------------------------------------------------------------------------------------------
                                              0.689862   slack (MET)


Startpoint: _1643_ (rising edge-triggered flip-flop clocked by clk_10mhz)
Endpoint: _1643_ (rising edge-triggered flip-flop clocked by clk_10mhz)
Path Group: clk_10mhz
Path Type: min

Fanout         Cap        Slew       Delay        Time   Description
---------------------------------------------------------------------------------------------
                      0.150000    0.000000    0.000000   clock clk_10mhz (rise edge)
                                  0.000000    0.000000   clock network delay (ideal)
                      0.150000    0.000000    0.000000 ^ _1643_/CLK (sky130_fd_sc_hd__dfxtp_2)
     2    0.003977    0.062678    0.679742    0.679742 ^ _1643_/Q (sky130_fd_sc_hd__dfxtp_2)
                                                         u_fifo.mem[6][0] (net)
                      0.062678    0.000000    0.679742 ^ _1172_/A0 (sky130_fd_sc_hd__mux2_1)
     1    0.001537    0.059041    0.203432    0.883173 ^ _1172_/X (sky130_fd_sc_hd__mux2_1)
                                                         _0146_ (net)
                      0.059041    0.000000    0.883173 ^ _1643_/D (sky130_fd_sc_hd__dfxtp_2)
                                              0.883173   data arrival time

                      0.150000    0.000000    0.000000   clock clk_10mhz (rise edge)
                                  0.000000    0.000000   clock network delay (ideal)
                                  0.250000    0.250000   clock uncertainty
                                  0.000000    0.250000   clock reconvergence pessimism
                                              0.250000 ^ _1643_/CLK (sky130_fd_sc_hd__dfxtp_2)
                                 -0.056689    0.193311   library hold time
                                              0.193311   data required time
---------------------------------------------------------------------------------------------
                                              0.193311   data required time
                                             -0.883173   data arrival time
---------------------------------------------------------------------------------------------
                                              0.689862   slack (MET)


Startpoint: _1644_ (rising edge-triggered flip-flop clocked by clk_10mhz)
Endpoint: _1644_ (rising edge-triggered flip-flop clocked by clk_10mhz)
Path Group: clk_10mhz
Path Type: min

Fanout         Cap        Slew       Delay        Time   Description
---------------------------------------------------------------------------------------------
                      0.150000    0.000000    0.000000   clock clk_10mhz (rise edge)
                                  0.000000    0.000000   clock network delay (ideal)
                      0.150000    0.000000    0.000000 ^ _1644_/CLK (sky130_fd_sc_hd__dfxtp_2)
     2    0.003977    0.062678    0.679742    0.679742 ^ _1644_/Q (sky130_fd_sc_hd__dfxtp_2)
                                                         u_fifo.mem[6][1] (net)
                      0.062678    0.000000    0.679742 ^ _1173_/A0 (sky130_fd_sc_hd__mux2_1)
     1    0.001537    0.059041    0.203432    0.883173 ^ _1173_/X (sky130_fd_sc_hd__mux2_1)
                                                         _0147_ (net)
                      0.059041    0.000000    0.883173 ^ _1644_/D (sky130_fd_sc_hd__dfxtp_2)
                                              0.883173   data arrival time

                      0.150000    0.000000    0.000000   clock clk_10mhz (rise edge)
                                  0.000000    0.000000   clock network delay (ideal)
                                  0.250000    0.250000   clock uncertainty
                                  0.000000    0.250000   clock reconvergence pessimism
                                              0.250000 ^ _1644_/CLK (sky130_fd_sc_hd__dfxtp_2)
                                 -0.056689    0.193311   library hold time
                                              0.193311   data required time
---------------------------------------------------------------------------------------------
                                              0.193311   data required time
                                             -0.883173   data arrival time
---------------------------------------------------------------------------------------------
                                              0.689862   slack (MET)


Startpoint: _1645_ (rising edge-triggered flip-flop clocked by clk_10mhz)
Endpoint: _1645_ (rising edge-triggered flip-flop clocked by clk_10mhz)
Path Group: clk_10mhz
Path Type: min

Fanout         Cap        Slew       Delay        Time   Description
---------------------------------------------------------------------------------------------
                      0.150000    0.000000    0.000000   clock clk_10mhz (rise edge)
                                  0.000000    0.000000   clock network delay (ideal)
                      0.150000    0.000000    0.000000 ^ _1645_/CLK (sky130_fd_sc_hd__dfxtp_2)
     2    0.003977    0.062678    0.679742    0.679742 ^ _1645_/Q (sky130_fd_sc_hd__dfxtp_2)
                                                         u_fifo.mem[6][2] (net)
                      0.062678    0.000000    0.679742 ^ _1174_/A0 (sky130_fd_sc_hd__mux2_1)
     1    0.001537    0.059041    0.203432    0.883173 ^ _1174_/X (sky130_fd_sc_hd__mux2_1)
                                                         _0148_ (net)
                      0.059041    0.000000    0.883173 ^ _1645_/D (sky130_fd_sc_hd__dfxtp_2)
                                              0.883173   data arrival time

                      0.150000    0.000000    0.000000   clock clk_10mhz (rise edge)
                                  0.000000    0.000000   clock network delay (ideal)
                                  0.250000    0.250000   clock uncertainty
                                  0.000000    0.250000   clock reconvergence pessimism
                                              0.250000 ^ _1645_/CLK (sky130_fd_sc_hd__dfxtp_2)
                                 -0.056689    0.193311   library hold time
                                              0.193311   data required time
---------------------------------------------------------------------------------------------
                                              0.193311   data required time
                                             -0.883173   data arrival time
---------------------------------------------------------------------------------------------
                                              0.689862   slack (MET)


Startpoint: _1646_ (rising edge-triggered flip-flop clocked by clk_10mhz)
Endpoint: _1646_ (rising edge-triggered flip-flop clocked by clk_10mhz)
Path Group: clk_10mhz
Path Type: min

Fanout         Cap        Slew       Delay        Time   Description
---------------------------------------------------------------------------------------------
                      0.150000    0.000000    0.000000   clock clk_10mhz (rise edge)
                                  0.000000    0.000000   clock network delay (ideal)
                      0.150000    0.000000    0.000000 ^ _1646_/CLK (sky130_fd_sc_hd__dfxtp_2)
     2    0.003977    0.062678    0.679742    0.679742 ^ _1646_/Q (sky130_fd_sc_hd__dfxtp_2)
                                                         u_fifo.mem[6][3] (net)
                      0.062678    0.000000    0.679742 ^ _1175_/A0 (sky130_fd_sc_hd__mux2_1)
     1    0.001537    0.059041    0.203432    0.883173 ^ _1175_/X (sky130_fd_sc_hd__mux2_1)
                                                         _0149_ (net)
                      0.059041    0.000000    0.883173 ^ _1646_/D (sky130_fd_sc_hd__dfxtp_2)
                                              0.883173   data arrival time

                      0.150000    0.000000    0.000000   clock clk_10mhz (rise edge)
                                  0.000000    0.000000   clock network delay (ideal)
                                  0.250000    0.250000   clock uncertainty
                                  0.000000    0.250000   clock reconvergence pessimism
                                              0.250000 ^ _1646_/CLK (sky130_fd_sc_hd__dfxtp_2)
                                 -0.056689    0.193311   library hold time
                                              0.193311   data required time
---------------------------------------------------------------------------------------------
                                              0.193311   data required time
                                             -0.883173   data arrival time
---------------------------------------------------------------------------------------------
                                              0.689862   slack (MET)


Startpoint: _1653_ (rising edge-triggered flip-flop clocked by clk_10mhz)
Endpoint: _1653_ (rising edge-triggered flip-flop clocked by clk_10mhz)
Path Group: clk_10mhz
Path Type: min

Fanout         Cap        Slew       Delay        Time   Description
---------------------------------------------------------------------------------------------
                      0.150000    0.000000    0.000000   clock clk_10mhz (rise edge)
                                  0.000000    0.000000   clock network delay (ideal)
                      0.150000    0.000000    0.000000 ^ _1653_/CLK (sky130_fd_sc_hd__dfxtp_2)
     2    0.003977    0.062678    0.679742    0.679742 ^ _1653_/Q (sky130_fd_sc_hd__dfxtp_2)
                                                         u_fifo.mem[5][2] (net)
                      0.062678    0.000000    0.679742 ^ _1183_/A0 (sky130_fd_sc_hd__mux2_1)
     1    0.001537    0.059041    0.203432    0.883173 ^ _1183_/X (sky130_fd_sc_hd__mux2_1)
                                                         _0156_ (net)
                      0.059041    0.000000    0.883173 ^ _1653_/D (sky130_fd_sc_hd__dfxtp_2)
                                              0.883173   data arrival time

                      0.150000    0.000000    0.000000   clock clk_10mhz (rise edge)
                                  0.000000    0.000000   clock network delay (ideal)
                                  0.250000    0.250000   clock uncertainty
                                  0.000000    0.250000   clock reconvergence pessimism
                                              0.250000 ^ _1653_/CLK (sky130_fd_sc_hd__dfxtp_2)
                                 -0.056689    0.193311   library hold time
                                              0.193311   data required time
---------------------------------------------------------------------------------------------
                                              0.193311   data required time
                                             -0.883173   data arrival time
---------------------------------------------------------------------------------------------
                                              0.689862   slack (MET)


Startpoint: _1658_ (rising edge-triggered flip-flop clocked by clk_10mhz)
Endpoint: _1658_ (rising edge-triggered flip-flop clocked by clk_10mhz)
Path Group: clk_10mhz
Path Type: min

Fanout         Cap        Slew       Delay        Time   Description
---------------------------------------------------------------------------------------------
                      0.150000    0.000000    0.000000   clock clk_10mhz (rise edge)
                                  0.000000    0.000000   clock network delay (ideal)
                      0.150000    0.000000    0.000000 ^ _1658_/CLK (sky130_fd_sc_hd__dfxtp_2)
     2    0.003977    0.062678    0.679742    0.679742 ^ _1658_/Q (sky130_fd_sc_hd__dfxtp_2)
                                                         u_fifo.mem[5][7] (net)
                      0.062678    0.000000    0.679742 ^ _1188_/A0 (sky130_fd_sc_hd__mux2_1)
     1    0.001537    0.059041    0.203432    0.883173 ^ _1188_/X (sky130_fd_sc_hd__mux2_1)
                                                         _0161_ (net)
                      0.059041    0.000000    0.883173 ^ _1658_/D (sky130_fd_sc_hd__dfxtp_2)
                                              0.883173   data arrival time

                      0.150000    0.000000    0.000000   clock clk_10mhz (rise edge)
                                  0.000000    0.000000   clock network delay (ideal)
                                  0.250000    0.250000   clock uncertainty
                                  0.000000    0.250000   clock reconvergence pessimism
                                              0.250000 ^ _1658_/CLK (sky130_fd_sc_hd__dfxtp_2)
                                 -0.056689    0.193311   library hold time
                                              0.193311   data required time
---------------------------------------------------------------------------------------------
                                              0.193311   data required time
                                             -0.883173   data arrival time
---------------------------------------------------------------------------------------------
                                              0.689862   slack (MET)


Startpoint: _1694_ (rising edge-triggered flip-flop clocked by clk_10mhz)
Endpoint: _1694_ (rising edge-triggered flip-flop clocked by clk_10mhz)
Path Group: clk_10mhz
Path Type: min

Fanout         Cap        Slew       Delay        Time   Description
---------------------------------------------------------------------------------------------
                      0.150000    0.000000    0.000000   clock clk_10mhz (rise edge)
                                  0.000000    0.000000   clock network delay (ideal)
                      0.150000    0.000000    0.000000 ^ _1694_/CLK (sky130_fd_sc_hd__dfxtp_2)
     2    0.003977    0.062678    0.679742    0.679742 ^ _1694_/Q (sky130_fd_sc_hd__dfxtp_2)
                                                         u_fifo.mem[1][3] (net)
                      0.062678    0.000000    0.679742 ^ _1230_/A0 (sky130_fd_sc_hd__mux2_1)
     1    0.001537    0.059041    0.203432    0.883173 ^ _1230_/X (sky130_fd_sc_hd__mux2_1)
                                                         _0197_ (net)
                      0.059041    0.000000    0.883173 ^ _1694_/D (sky130_fd_sc_hd__dfxtp_2)
                                              0.883173   data arrival time

                      0.150000    0.000000    0.000000   clock clk_10mhz (rise edge)
                                  0.000000    0.000000   clock network delay (ideal)
                                  0.250000    0.250000   clock uncertainty
                                  0.000000    0.250000   clock reconvergence pessimism
                                              0.250000 ^ _1694_/CLK (sky130_fd_sc_hd__dfxtp_2)
                                 -0.056689    0.193311   library hold time
                                              0.193311   data required time
---------------------------------------------------------------------------------------------
                                              0.193311   data required time
                                             -0.883173   data arrival time
---------------------------------------------------------------------------------------------
                                              0.689862   slack (MET)


Startpoint: _1695_ (rising edge-triggered flip-flop clocked by clk_10mhz)
Endpoint: _1695_ (rising edge-triggered flip-flop clocked by clk_10mhz)
Path Group: clk_10mhz
Path Type: min

Fanout         Cap        Slew       Delay        Time   Description
---------------------------------------------------------------------------------------------
                      0.150000    0.000000    0.000000   clock clk_10mhz (rise edge)
                                  0.000000    0.000000   clock network delay (ideal)
                      0.150000    0.000000    0.000000 ^ _1695_/CLK (sky130_fd_sc_hd__dfxtp_2)
     2    0.003977    0.062678    0.679742    0.679742 ^ _1695_/Q (sky130_fd_sc_hd__dfxtp_2)
                                                         u_fifo.mem[1][4] (net)
                      0.062678    0.000000    0.679742 ^ _1231_/A0 (sky130_fd_sc_hd__mux2_1)
     1    0.001537    0.059041    0.203432    0.883173 ^ _1231_/X (sky130_fd_sc_hd__mux2_1)
                                                         _0198_ (net)
                      0.059041    0.000000    0.883173 ^ _1695_/D (sky130_fd_sc_hd__dfxtp_2)
                                              0.883173   data arrival time

                      0.150000    0.000000    0.000000   clock clk_10mhz (rise edge)
                                  0.000000    0.000000   clock network delay (ideal)
                                  0.250000    0.250000   clock uncertainty
                                  0.000000    0.250000   clock reconvergence pessimism
                                              0.250000 ^ _1695_/CLK (sky130_fd_sc_hd__dfxtp_2)
                                 -0.056689    0.193311   library hold time
                                              0.193311   data required time
---------------------------------------------------------------------------------------------
                                              0.193311   data required time
                                             -0.883173   data arrival time
---------------------------------------------------------------------------------------------
                                              0.689862   slack (MET)


Startpoint: _1696_ (rising edge-triggered flip-flop clocked by clk_10mhz)
Endpoint: _1696_ (rising edge-triggered flip-flop clocked by clk_10mhz)
Path Group: clk_10mhz
Path Type: min

Fanout         Cap        Slew       Delay        Time   Description
---------------------------------------------------------------------------------------------
                      0.150000    0.000000    0.000000   clock clk_10mhz (rise edge)
                                  0.000000    0.000000   clock network delay (ideal)
                      0.150000    0.000000    0.000000 ^ _1696_/CLK (sky130_fd_sc_hd__dfxtp_2)
     2    0.003977    0.062678    0.679742    0.679742 ^ _1696_/Q (sky130_fd_sc_hd__dfxtp_2)
                                                         u_fifo.mem[1][5] (net)
                      0.062678    0.000000    0.679742 ^ _1232_/A0 (sky130_fd_sc_hd__mux2_1)
     1    0.001537    0.059041    0.203432    0.883173 ^ _1232_/X (sky130_fd_sc_hd__mux2_1)
                                                         _0199_ (net)
                      0.059041    0.000000    0.883173 ^ _1696_/D (sky130_fd_sc_hd__dfxtp_2)
                                              0.883173   data arrival time

                      0.150000    0.000000    0.000000   clock clk_10mhz (rise edge)
                                  0.000000    0.000000   clock network delay (ideal)
                                  0.250000    0.250000   clock uncertainty
                                  0.000000    0.250000   clock reconvergence pessimism
                                              0.250000 ^ _1696_/CLK (sky130_fd_sc_hd__dfxtp_2)
                                 -0.056689    0.193311   library hold time
                                              0.193311   data required time
---------------------------------------------------------------------------------------------
                                              0.193311   data required time
                                             -0.883173   data arrival time
---------------------------------------------------------------------------------------------
                                              0.689862   slack (MET)


Startpoint: _1698_ (rising edge-triggered flip-flop clocked by clk_10mhz)
Endpoint: _1698_ (rising edge-triggered flip-flop clocked by clk_10mhz)
Path Group: clk_10mhz
Path Type: min

Fanout         Cap        Slew       Delay        Time   Description
---------------------------------------------------------------------------------------------
                      0.150000    0.000000    0.000000   clock clk_10mhz (rise edge)
                                  0.000000    0.000000   clock network delay (ideal)
                      0.150000    0.000000    0.000000 ^ _1698_/CLK (sky130_fd_sc_hd__dfxtp_2)
     2    0.003977    0.062678    0.679742    0.679742 ^ _1698_/Q (sky130_fd_sc_hd__dfxtp_2)
                                                         u_fifo.mem[1][7] (net)
                      0.062678    0.000000    0.679742 ^ _1234_/A0 (sky130_fd_sc_hd__mux2_1)
     1    0.001537    0.059041    0.203432    0.883173 ^ _1234_/X (sky130_fd_sc_hd__mux2_1)
                                                         _0201_ (net)
                      0.059041    0.000000    0.883173 ^ _1698_/D (sky130_fd_sc_hd__dfxtp_2)
                                              0.883173   data arrival time

                      0.150000    0.000000    0.000000   clock clk_10mhz (rise edge)
                                  0.000000    0.000000   clock network delay (ideal)
                                  0.250000    0.250000   clock uncertainty
                                  0.000000    0.250000   clock reconvergence pessimism
                                              0.250000 ^ _1698_/CLK (sky130_fd_sc_hd__dfxtp_2)
                                 -0.056689    0.193311   library hold time
                                              0.193311   data required time
---------------------------------------------------------------------------------------------
                                              0.193311   data required time
                                             -0.883173   data arrival time
---------------------------------------------------------------------------------------------
                                              0.689862   slack (MET)


Startpoint: _1621_ (rising edge-triggered flip-flop clocked by clk_10mhz)
Endpoint: _1621_ (rising edge-triggered flip-flop clocked by clk_10mhz)
Path Group: clk_10mhz
Path Type: min

Fanout         Cap        Slew       Delay        Time   Description
---------------------------------------------------------------------------------------------
                      0.150000    0.000000    0.000000   clock clk_10mhz (rise edge)
                                  0.000000    0.000000   clock network delay (ideal)
                      0.150000    0.000000    0.000000 ^ _1621_/CLK (sky130_fd_sc_hd__dfxtp_2)
     2    0.003983    0.062721    0.679788    0.679788 ^ _1621_/Q (sky130_fd_sc_hd__dfxtp_2)
                                                         u_fifo.mem[8][2] (net)
                      0.062721    0.000000    0.679788 ^ _1146_/A0 (sky130_fd_sc_hd__mux2_1)
     1    0.001537    0.059031    0.203450    0.883238 ^ _1146_/X (sky130_fd_sc_hd__mux2_1)
                                                         _0124_ (net)
                      0.059031    0.000000    0.883238 ^ _1621_/D (sky130_fd_sc_hd__dfxtp_2)
                                              0.883238   data arrival time

                      0.150000    0.000000    0.000000   clock clk_10mhz (rise edge)
                                  0.000000    0.000000   clock network delay (ideal)
                                  0.250000    0.250000   clock uncertainty
                                  0.000000    0.250000   clock reconvergence pessimism
                                              0.250000 ^ _1621_/CLK (sky130_fd_sc_hd__dfxtp_2)
                                 -0.056687    0.193313   library hold time
                                              0.193313   data required time
---------------------------------------------------------------------------------------------
                                              0.193313   data required time
                                             -0.883238   data arrival time
---------------------------------------------------------------------------------------------
                                              0.689925   slack (MET)


Startpoint: _1623_ (rising edge-triggered flip-flop clocked by clk_10mhz)
Endpoint: _1623_ (rising edge-triggered flip-flop clocked by clk_10mhz)
Path Group: clk_10mhz
Path Type: min

Fanout         Cap        Slew       Delay        Time   Description
---------------------------------------------------------------------------------------------
                      0.150000    0.000000    0.000000   clock clk_10mhz (rise edge)
                                  0.000000    0.000000   clock network delay (ideal)
                      0.150000    0.000000    0.000000 ^ _1623_/CLK (sky130_fd_sc_hd__dfxtp_2)
     2    0.003983    0.062721    0.679788    0.679788 ^ _1623_/Q (sky130_fd_sc_hd__dfxtp_2)
                                                         u_fifo.mem[8][4] (net)
                      0.062721    0.000000    0.679788 ^ _1148_/A0 (sky130_fd_sc_hd__mux2_1)
     1    0.001537    0.059031    0.203450    0.883238 ^ _1148_/X (sky130_fd_sc_hd__mux2_1)
                                                         _0126_ (net)
                      0.059031    0.000000    0.883238 ^ _1623_/D (sky130_fd_sc_hd__dfxtp_2)
                                              0.883238   data arrival time

                      0.150000    0.000000    0.000000   clock clk_10mhz (rise edge)
                                  0.000000    0.000000   clock network delay (ideal)
                                  0.250000    0.250000   clock uncertainty
                                  0.000000    0.250000   clock reconvergence pessimism
                                              0.250000 ^ _1623_/CLK (sky130_fd_sc_hd__dfxtp_2)
                                 -0.056687    0.193313   library hold time
                                              0.193313   data required time
---------------------------------------------------------------------------------------------
                                              0.193313   data required time
                                             -0.883238   data arrival time
---------------------------------------------------------------------------------------------
                                              0.689925   slack (MET)


Startpoint: _1635_ (rising edge-triggered flip-flop clocked by clk_10mhz)
Endpoint: _1635_ (rising edge-triggered flip-flop clocked by clk_10mhz)
Path Group: clk_10mhz
Path Type: min

Fanout         Cap        Slew       Delay        Time   Description
---------------------------------------------------------------------------------------------
                      0.150000    0.000000    0.000000   clock clk_10mhz (rise edge)
                                  0.000000    0.000000   clock network delay (ideal)
                      0.150000    0.000000    0.000000 ^ _1635_/CLK (sky130_fd_sc_hd__dfxtp_2)
     2    0.003983    0.062721    0.679788    0.679788 ^ _1635_/Q (sky130_fd_sc_hd__dfxtp_2)
                                                         u_fifo.mem[7][0] (net)
                      0.062721    0.000000    0.679788 ^ _1163_/A0 (sky130_fd_sc_hd__mux2_1)
     1    0.001537    0.059029    0.203450    0.883238 ^ _1163_/X (sky130_fd_sc_hd__mux2_1)
                                                         _0138_ (net)
                      0.059029    0.000000    0.883238 ^ _1635_/D (sky130_fd_sc_hd__dfxtp_2)
                                              0.883238   data arrival time

                      0.150000    0.000000    0.000000   clock clk_10mhz (rise edge)
                                  0.000000    0.000000   clock network delay (ideal)
                                  0.250000    0.250000   clock uncertainty
                                  0.000000    0.250000   clock reconvergence pessimism
                                              0.250000 ^ _1635_/CLK (sky130_fd_sc_hd__dfxtp_2)
                                 -0.056686    0.193314   library hold time
                                              0.193314   data required time
---------------------------------------------------------------------------------------------
                                              0.193314   data required time
                                             -0.883238   data arrival time
---------------------------------------------------------------------------------------------
                                              0.689924   slack (MET)


Startpoint: _1638_ (rising edge-triggered flip-flop clocked by clk_10mhz)
Endpoint: _1638_ (rising edge-triggered flip-flop clocked by clk_10mhz)
Path Group: clk_10mhz
Path Type: min

Fanout         Cap        Slew       Delay        Time   Description
---------------------------------------------------------------------------------------------
                      0.150000    0.000000    0.000000   clock clk_10mhz (rise edge)
                                  0.000000    0.000000   clock network delay (ideal)
                      0.150000    0.000000    0.000000 ^ _1638_/CLK (sky130_fd_sc_hd__dfxtp_2)
     2    0.003983    0.062721    0.679788    0.679788 ^ _1638_/Q (sky130_fd_sc_hd__dfxtp_2)
                                                         u_fifo.mem[7][3] (net)
                      0.062721    0.000000    0.679788 ^ _1166_/A0 (sky130_fd_sc_hd__mux2_1)
     1    0.001537    0.059029    0.203450    0.883238 ^ _1166_/X (sky130_fd_sc_hd__mux2_1)
                                                         _0141_ (net)
                      0.059029    0.000000    0.883238 ^ _1638_/D (sky130_fd_sc_hd__dfxtp_2)
                                              0.883238   data arrival time

                      0.150000    0.000000    0.000000   clock clk_10mhz (rise edge)
                                  0.000000    0.000000   clock network delay (ideal)
                                  0.250000    0.250000   clock uncertainty
                                  0.000000    0.250000   clock reconvergence pessimism
                                              0.250000 ^ _1638_/CLK (sky130_fd_sc_hd__dfxtp_2)
                                 -0.056686    0.193314   library hold time
                                              0.193314   data required time
---------------------------------------------------------------------------------------------
                                              0.193314   data required time
                                             -0.883238   data arrival time
---------------------------------------------------------------------------------------------
                                              0.689924   slack (MET)


Startpoint: _1640_ (rising edge-triggered flip-flop clocked by clk_10mhz)
Endpoint: _1640_ (rising edge-triggered flip-flop clocked by clk_10mhz)
Path Group: clk_10mhz
Path Type: min

Fanout         Cap        Slew       Delay        Time   Description
---------------------------------------------------------------------------------------------
                      0.150000    0.000000    0.000000   clock clk_10mhz (rise edge)
                                  0.000000    0.000000   clock network delay (ideal)
                      0.150000    0.000000    0.000000 ^ _1640_/CLK (sky130_fd_sc_hd__dfxtp_2)
     2    0.003983    0.062721    0.679788    0.679788 ^ _1640_/Q (sky130_fd_sc_hd__dfxtp_2)
                                                         u_fifo.mem[7][5] (net)
                      0.062721    0.000000    0.679788 ^ _1168_/A0 (sky130_fd_sc_hd__mux2_1)
     1    0.001537    0.059029    0.203450    0.883238 ^ _1168_/X (sky130_fd_sc_hd__mux2_1)
                                                         _0143_ (net)
                      0.059029    0.000000    0.883238 ^ _1640_/D (sky130_fd_sc_hd__dfxtp_2)
                                              0.883238   data arrival time

                      0.150000    0.000000    0.000000   clock clk_10mhz (rise edge)
                                  0.000000    0.000000   clock network delay (ideal)
                                  0.250000    0.250000   clock uncertainty
                                  0.000000    0.250000   clock reconvergence pessimism
                                              0.250000 ^ _1640_/CLK (sky130_fd_sc_hd__dfxtp_2)
                                 -0.056686    0.193314   library hold time
                                              0.193314   data required time
---------------------------------------------------------------------------------------------
                                              0.193314   data required time
                                             -0.883238   data arrival time
---------------------------------------------------------------------------------------------
                                              0.689924   slack (MET)


Startpoint: _1677_ (rising edge-triggered flip-flop clocked by clk_10mhz)
Endpoint: _1677_ (rising edge-triggered flip-flop clocked by clk_10mhz)
Path Group: clk_10mhz
Path Type: min

Fanout         Cap        Slew       Delay        Time   Description
---------------------------------------------------------------------------------------------
                      0.150000    0.000000    0.000000   clock clk_10mhz (rise edge)
                                  0.000000    0.000000   clock network delay (ideal)
                      0.150000    0.000000    0.000000 ^ _1677_/CLK (sky130_fd_sc_hd__dfxtp_2)
     2    0.003983    0.062721    0.679788    0.679788 ^ _1677_/Q (sky130_fd_sc_hd__dfxtp_2)
                                                         u_fifo.mem[12][2] (net)
                      0.062721    0.000000    0.679788 ^ _1211_/A0 (sky130_fd_sc_hd__mux2_1)
     1    0.001537    0.059031    0.203450    0.883238 ^ _1211_/X (sky130_fd_sc_hd__mux2_1)
                                                         _0180_ (net)
                      0.059031    0.000000    0.883238 ^ _1677_/D (sky130_fd_sc_hd__dfxtp_2)
                                              0.883238   data arrival time

                      0.150000    0.000000    0.000000   clock clk_10mhz (rise edge)
                                  0.000000    0.000000   clock network delay (ideal)
                                  0.250000    0.250000   clock uncertainty
                                  0.000000    0.250000   clock reconvergence pessimism
                                              0.250000 ^ _1677_/CLK (sky130_fd_sc_hd__dfxtp_2)
                                 -0.056687    0.193313   library hold time
                                              0.193313   data required time
---------------------------------------------------------------------------------------------
                                              0.193313   data required time
                                             -0.883238   data arrival time
---------------------------------------------------------------------------------------------
                                              0.689925   slack (MET)


Startpoint: _1678_ (rising edge-triggered flip-flop clocked by clk_10mhz)
Endpoint: _1678_ (rising edge-triggered flip-flop clocked by clk_10mhz)
Path Group: clk_10mhz
Path Type: min

Fanout         Cap        Slew       Delay        Time   Description
---------------------------------------------------------------------------------------------
                      0.150000    0.000000    0.000000   clock clk_10mhz (rise edge)
                                  0.000000    0.000000   clock network delay (ideal)
                      0.150000    0.000000    0.000000 ^ _1678_/CLK (sky130_fd_sc_hd__dfxtp_2)
     2    0.003983    0.062721    0.679788    0.679788 ^ _1678_/Q (sky130_fd_sc_hd__dfxtp_2)
                                                         u_fifo.mem[12][3] (net)
                      0.062721    0.000000    0.679788 ^ _1212_/A0 (sky130_fd_sc_hd__mux2_1)
     1    0.001537    0.059031    0.203450    0.883238 ^ _1212_/X (sky130_fd_sc_hd__mux2_1)
                                                         _0181_ (net)
                      0.059031    0.000000    0.883238 ^ _1678_/D (sky130_fd_sc_hd__dfxtp_2)
                                              0.883238   data arrival time

                      0.150000    0.000000    0.000000   clock clk_10mhz (rise edge)
                                  0.000000    0.000000   clock network delay (ideal)
                                  0.250000    0.250000   clock uncertainty
                                  0.000000    0.250000   clock reconvergence pessimism
                                              0.250000 ^ _1678_/CLK (sky130_fd_sc_hd__dfxtp_2)
                                 -0.056687    0.193313   library hold time
                                              0.193313   data required time
---------------------------------------------------------------------------------------------
                                              0.193313   data required time
                                             -0.883238   data arrival time
---------------------------------------------------------------------------------------------
                                              0.689925   slack (MET)


Startpoint: _1680_ (rising edge-triggered flip-flop clocked by clk_10mhz)
Endpoint: _1680_ (rising edge-triggered flip-flop clocked by clk_10mhz)
Path Group: clk_10mhz
Path Type: min

Fanout         Cap        Slew       Delay        Time   Description
---------------------------------------------------------------------------------------------
                      0.150000    0.000000    0.000000   clock clk_10mhz (rise edge)
                                  0.000000    0.000000   clock network delay (ideal)
                      0.150000    0.000000    0.000000 ^ _1680_/CLK (sky130_fd_sc_hd__dfxtp_2)
     2    0.003983    0.062721    0.679788    0.679788 ^ _1680_/Q (sky130_fd_sc_hd__dfxtp_2)
                                                         u_fifo.mem[12][5] (net)
                      0.062721    0.000000    0.679788 ^ _1214_/A0 (sky130_fd_sc_hd__mux2_1)
     1    0.001537    0.059031    0.203450    0.883238 ^ _1214_/X (sky130_fd_sc_hd__mux2_1)
                                                         _0183_ (net)
                      0.059031    0.000000    0.883238 ^ _1680_/D (sky130_fd_sc_hd__dfxtp_2)
                                              0.883238   data arrival time

                      0.150000    0.000000    0.000000   clock clk_10mhz (rise edge)
                                  0.000000    0.000000   clock network delay (ideal)
                                  0.250000    0.250000   clock uncertainty
                                  0.000000    0.250000   clock reconvergence pessimism
                                              0.250000 ^ _1680_/CLK (sky130_fd_sc_hd__dfxtp_2)
                                 -0.056687    0.193313   library hold time
                                              0.193313   data required time
---------------------------------------------------------------------------------------------
                                              0.193313   data required time
                                             -0.883238   data arrival time
---------------------------------------------------------------------------------------------
                                              0.689925   slack (MET)


Startpoint: _1682_ (rising edge-triggered flip-flop clocked by clk_10mhz)
Endpoint: _1682_ (rising edge-triggered flip-flop clocked by clk_10mhz)
Path Group: clk_10mhz
Path Type: min

Fanout         Cap        Slew       Delay        Time   Description
---------------------------------------------------------------------------------------------
                      0.150000    0.000000    0.000000   clock clk_10mhz (rise edge)
                                  0.000000    0.000000   clock network delay (ideal)
                      0.150000    0.000000    0.000000 ^ _1682_/CLK (sky130_fd_sc_hd__dfxtp_2)
     2    0.003983    0.062721    0.679788    0.679788 ^ _1682_/Q (sky130_fd_sc_hd__dfxtp_2)
                                                         u_fifo.mem[12][7] (net)
                      0.062721    0.000000    0.679788 ^ _1216_/A0 (sky130_fd_sc_hd__mux2_1)
     1    0.001537    0.059031    0.203450    0.883238 ^ _1216_/X (sky130_fd_sc_hd__mux2_1)
                                                         _0185_ (net)
                      0.059031    0.000000    0.883238 ^ _1682_/D (sky130_fd_sc_hd__dfxtp_2)
                                              0.883238   data arrival time

                      0.150000    0.000000    0.000000   clock clk_10mhz (rise edge)
                                  0.000000    0.000000   clock network delay (ideal)
                                  0.250000    0.250000   clock uncertainty
                                  0.000000    0.250000   clock reconvergence pessimism
                                              0.250000 ^ _1682_/CLK (sky130_fd_sc_hd__dfxtp_2)
                                 -0.056687    0.193313   library hold time
                                              0.193313   data required time
---------------------------------------------------------------------------------------------
                                              0.193313   data required time
                                             -0.883238   data arrival time
---------------------------------------------------------------------------------------------
                                              0.689925   slack (MET)


Startpoint: _1603_ (rising edge-triggered flip-flop clocked by clk_10mhz)
Endpoint: _1603_ (rising edge-triggered flip-flop clocked by clk_10mhz)
Path Group: clk_10mhz
Path Type: min

Fanout         Cap        Slew       Delay        Time   Description
---------------------------------------------------------------------------------------------
                      0.150000    0.000000    0.000000   clock clk_10mhz (rise edge)
                                  0.000000    0.000000   clock network delay (ideal)
                      0.150000    0.000000    0.000000 ^ _1603_/CLK (sky130_fd_sc_hd__dfxtp_2)
     2    0.003983    0.062721    0.679788    0.679788 ^ _1603_/Q (sky130_fd_sc_hd__dfxtp_2)
                                                         u_fifo.mem[10][0] (net)
                      0.062721    0.000000    0.679788 ^ _1124_/A0 (sky130_fd_sc_hd__mux2_1)
     1    0.001537    0.059041    0.203450    0.883238 ^ _1124_/X (sky130_fd_sc_hd__mux2_1)
                                                         _0106_ (net)
                      0.059041    0.000000    0.883238 ^ _1603_/D (sky130_fd_sc_hd__dfxtp_2)
                                              0.883238   data arrival time

                      0.150000    0.000000    0.000000   clock clk_10mhz (rise edge)
                                  0.000000    0.000000   clock network delay (ideal)
                                  0.250000    0.250000   clock uncertainty
                                  0.000000    0.250000   clock reconvergence pessimism
                                              0.250000 ^ _1603_/CLK (sky130_fd_sc_hd__dfxtp_2)
                                 -0.056689    0.193311   library hold time
                                              0.193311   data required time
---------------------------------------------------------------------------------------------
                                              0.193311   data required time
                                             -0.883238   data arrival time
---------------------------------------------------------------------------------------------
                                              0.689927   slack (MET)


Startpoint: _1604_ (rising edge-triggered flip-flop clocked by clk_10mhz)
Endpoint: _1604_ (rising edge-triggered flip-flop clocked by clk_10mhz)
Path Group: clk_10mhz
Path Type: min

Fanout         Cap        Slew       Delay        Time   Description
---------------------------------------------------------------------------------------------
                      0.150000    0.000000    0.000000   clock clk_10mhz (rise edge)
                                  0.000000    0.000000   clock network delay (ideal)
                      0.150000    0.000000    0.000000 ^ _1604_/CLK (sky130_fd_sc_hd__dfxtp_2)
     2    0.003983    0.062721    0.679788    0.679788 ^ _1604_/Q (sky130_fd_sc_hd__dfxtp_2)
                                                         u_fifo.mem[10][1] (net)
                      0.062721    0.000000    0.679788 ^ _1125_/A0 (sky130_fd_sc_hd__mux2_1)
     1    0.001537    0.059041    0.203450    0.883238 ^ _1125_/X (sky130_fd_sc_hd__mux2_1)
                                                         _0107_ (net)
                      0.059041    0.000000    0.883238 ^ _1604_/D (sky130_fd_sc_hd__dfxtp_2)
                                              0.883238   data arrival time

                      0.150000    0.000000    0.000000   clock clk_10mhz (rise edge)
                                  0.000000    0.000000   clock network delay (ideal)
                                  0.250000    0.250000   clock uncertainty
                                  0.000000    0.250000   clock reconvergence pessimism
                                              0.250000 ^ _1604_/CLK (sky130_fd_sc_hd__dfxtp_2)
                                 -0.056689    0.193311   library hold time
                                              0.193311   data required time
---------------------------------------------------------------------------------------------
                                              0.193311   data required time
                                             -0.883238   data arrival time
---------------------------------------------------------------------------------------------
                                              0.689927   slack (MET)


Startpoint: _1607_ (rising edge-triggered flip-flop clocked by clk_10mhz)
Endpoint: _1607_ (rising edge-triggered flip-flop clocked by clk_10mhz)
Path Group: clk_10mhz
Path Type: min

Fanout         Cap        Slew       Delay        Time   Description
---------------------------------------------------------------------------------------------
                      0.150000    0.000000    0.000000   clock clk_10mhz (rise edge)
                                  0.000000    0.000000   clock network delay (ideal)
                      0.150000    0.000000    0.000000 ^ _1607_/CLK (sky130_fd_sc_hd__dfxtp_2)
     2    0.003983    0.062721    0.679788    0.679788 ^ _1607_/Q (sky130_fd_sc_hd__dfxtp_2)
                                                         u_fifo.mem[10][4] (net)
                      0.062721    0.000000    0.679788 ^ _1128_/A0 (sky130_fd_sc_hd__mux2_1)
     1    0.001537    0.059041    0.203450    0.883238 ^ _1128_/X (sky130_fd_sc_hd__mux2_1)
                                                         _0110_ (net)
                      0.059041    0.000000    0.883238 ^ _1607_/D (sky130_fd_sc_hd__dfxtp_2)
                                              0.883238   data arrival time

                      0.150000    0.000000    0.000000   clock clk_10mhz (rise edge)
                                  0.000000    0.000000   clock network delay (ideal)
                                  0.250000    0.250000   clock uncertainty
                                  0.000000    0.250000   clock reconvergence pessimism
                                              0.250000 ^ _1607_/CLK (sky130_fd_sc_hd__dfxtp_2)
                                 -0.056689    0.193311   library hold time
                                              0.193311   data required time
---------------------------------------------------------------------------------------------
                                              0.193311   data required time
                                             -0.883238   data arrival time
---------------------------------------------------------------------------------------------
                                              0.689927   slack (MET)


Startpoint: _1632_ (rising edge-triggered flip-flop clocked by clk_10mhz)
Endpoint: _1632_ (rising edge-triggered flip-flop clocked by clk_10mhz)
Path Group: clk_10mhz
Path Type: min

Fanout         Cap        Slew       Delay        Time   Description
---------------------------------------------------------------------------------------------
                      0.150000    0.000000    0.000000   clock clk_10mhz (rise edge)
                                  0.000000    0.000000   clock network delay (ideal)
                      0.150000    0.000000    0.000000 ^ _1632_/CLK (sky130_fd_sc_hd__dfxtp_2)
     2    0.003983    0.062721    0.679788    0.679788 ^ _1632_/Q (sky130_fd_sc_hd__dfxtp_2)
                                                         u_fifo.mem[14][5] (net)
                      0.062721    0.000000    0.679788 ^ _1158_/A0 (sky130_fd_sc_hd__mux2_1)
     1    0.001537    0.059041    0.203450    0.883238 ^ _1158_/X (sky130_fd_sc_hd__mux2_1)
                                                         _0135_ (net)
                      0.059041    0.000000    0.883238 ^ _1632_/D (sky130_fd_sc_hd__dfxtp_2)
                                              0.883238   data arrival time

                      0.150000    0.000000    0.000000   clock clk_10mhz (rise edge)
                                  0.000000    0.000000   clock network delay (ideal)
                                  0.250000    0.250000   clock uncertainty
                                  0.000000    0.250000   clock reconvergence pessimism
                                              0.250000 ^ _1632_/CLK (sky130_fd_sc_hd__dfxtp_2)
                                 -0.056689    0.193311   library hold time
                                              0.193311   data required time
---------------------------------------------------------------------------------------------
                                              0.193311   data required time
                                             -0.883238   data arrival time
---------------------------------------------------------------------------------------------
                                              0.689927   slack (MET)


Startpoint: _1633_ (rising edge-triggered flip-flop clocked by clk_10mhz)
Endpoint: _1633_ (rising edge-triggered flip-flop clocked by clk_10mhz)
Path Group: clk_10mhz
Path Type: min

Fanout         Cap        Slew       Delay        Time   Description
---------------------------------------------------------------------------------------------
                      0.150000    0.000000    0.000000   clock clk_10mhz (rise edge)
                                  0.000000    0.000000   clock network delay (ideal)
                      0.150000    0.000000    0.000000 ^ _1633_/CLK (sky130_fd_sc_hd__dfxtp_2)
     2    0.003983    0.062721    0.679788    0.679788 ^ _1633_/Q (sky130_fd_sc_hd__dfxtp_2)
                                                         u_fifo.mem[14][6] (net)
                      0.062721    0.000000    0.679788 ^ _1159_/A0 (sky130_fd_sc_hd__mux2_1)
     1    0.001537    0.059041    0.203450    0.883238 ^ _1159_/X (sky130_fd_sc_hd__mux2_1)
                                                         _0136_ (net)
                      0.059041    0.000000    0.883238 ^ _1633_/D (sky130_fd_sc_hd__dfxtp_2)
                                              0.883238   data arrival time

                      0.150000    0.000000    0.000000   clock clk_10mhz (rise edge)
                                  0.000000    0.000000   clock network delay (ideal)
                                  0.250000    0.250000   clock uncertainty
                                  0.000000    0.250000   clock reconvergence pessimism
                                              0.250000 ^ _1633_/CLK (sky130_fd_sc_hd__dfxtp_2)
                                 -0.056689    0.193311   library hold time
                                              0.193311   data required time
---------------------------------------------------------------------------------------------
                                              0.193311   data required time
                                             -0.883238   data arrival time
---------------------------------------------------------------------------------------------
                                              0.689927   slack (MET)


Startpoint: _1647_ (rising edge-triggered flip-flop clocked by clk_10mhz)
Endpoint: _1647_ (rising edge-triggered flip-flop clocked by clk_10mhz)
Path Group: clk_10mhz
Path Type: min

Fanout         Cap        Slew       Delay        Time   Description
---------------------------------------------------------------------------------------------
                      0.150000    0.000000    0.000000   clock clk_10mhz (rise edge)
                                  0.000000    0.000000   clock network delay (ideal)
                      0.150000    0.000000    0.000000 ^ _1647_/CLK (sky130_fd_sc_hd__dfxtp_2)
     2    0.003983    0.062721    0.679788    0.679788 ^ _1647_/Q (sky130_fd_sc_hd__dfxtp_2)
                                                         u_fifo.mem[6][4] (net)
                      0.062721    0.000000    0.679788 ^ _1176_/A0 (sky130_fd_sc_hd__mux2_1)
     1    0.001537    0.059041    0.203450    0.883238 ^ _1176_/X (sky130_fd_sc_hd__mux2_1)
                                                         _0150_ (net)
                      0.059041    0.000000    0.883238 ^ _1647_/D (sky130_fd_sc_hd__dfxtp_2)
                                              0.883238   data arrival time

                      0.150000    0.000000    0.000000   clock clk_10mhz (rise edge)
                                  0.000000    0.000000   clock network delay (ideal)
                                  0.250000    0.250000   clock uncertainty
                                  0.000000    0.250000   clock reconvergence pessimism
                                              0.250000 ^ _1647_/CLK (sky130_fd_sc_hd__dfxtp_2)
                                 -0.056689    0.193311   library hold time
                                              0.193311   data required time
---------------------------------------------------------------------------------------------
                                              0.193311   data required time
                                             -0.883238   data arrival time
---------------------------------------------------------------------------------------------
                                              0.689927   slack (MET)


Startpoint: _1649_ (rising edge-triggered flip-flop clocked by clk_10mhz)
Endpoint: _1649_ (rising edge-triggered flip-flop clocked by clk_10mhz)
Path Group: clk_10mhz
Path Type: min

Fanout         Cap        Slew       Delay        Time   Description
---------------------------------------------------------------------------------------------
                      0.150000    0.000000    0.000000   clock clk_10mhz (rise edge)
                                  0.000000    0.000000   clock network delay (ideal)
                      0.150000    0.000000    0.000000 ^ _1649_/CLK (sky130_fd_sc_hd__dfxtp_2)
     2    0.003983    0.062721    0.679788    0.679788 ^ _1649_/Q (sky130_fd_sc_hd__dfxtp_2)
                                                         u_fifo.mem[6][6] (net)
                      0.062721    0.000000    0.679788 ^ _1178_/A0 (sky130_fd_sc_hd__mux2_1)
     1    0.001537    0.059041    0.203450    0.883238 ^ _1178_/X (sky130_fd_sc_hd__mux2_1)
                                                         _0152_ (net)
                      0.059041    0.000000    0.883238 ^ _1649_/D (sky130_fd_sc_hd__dfxtp_2)
                                              0.883238   data arrival time

                      0.150000    0.000000    0.000000   clock clk_10mhz (rise edge)
                                  0.000000    0.000000   clock network delay (ideal)
                                  0.250000    0.250000   clock uncertainty
                                  0.000000    0.250000   clock reconvergence pessimism
                                              0.250000 ^ _1649_/CLK (sky130_fd_sc_hd__dfxtp_2)
                                 -0.056689    0.193311   library hold time
                                              0.193311   data required time
---------------------------------------------------------------------------------------------
                                              0.193311   data required time
                                             -0.883238   data arrival time
---------------------------------------------------------------------------------------------
                                              0.689927   slack (MET)


Startpoint: _1650_ (rising edge-triggered flip-flop clocked by clk_10mhz)
Endpoint: _1650_ (rising edge-triggered flip-flop clocked by clk_10mhz)
Path Group: clk_10mhz
Path Type: min

Fanout         Cap        Slew       Delay        Time   Description
---------------------------------------------------------------------------------------------
                      0.150000    0.000000    0.000000   clock clk_10mhz (rise edge)
                                  0.000000    0.000000   clock network delay (ideal)
                      0.150000    0.000000    0.000000 ^ _1650_/CLK (sky130_fd_sc_hd__dfxtp_2)
     2    0.003983    0.062721    0.679788    0.679788 ^ _1650_/Q (sky130_fd_sc_hd__dfxtp_2)
                                                         u_fifo.mem[6][7] (net)
                      0.062721    0.000000    0.679788 ^ _1179_/A0 (sky130_fd_sc_hd__mux2_1)
     1    0.001537    0.059041    0.203450    0.883238 ^ _1179_/X (sky130_fd_sc_hd__mux2_1)
                                                         _0153_ (net)
                      0.059041    0.000000    0.883238 ^ _1650_/D (sky130_fd_sc_hd__dfxtp_2)
                                              0.883238   data arrival time

                      0.150000    0.000000    0.000000   clock clk_10mhz (rise edge)
                                  0.000000    0.000000   clock network delay (ideal)
                                  0.250000    0.250000   clock uncertainty
                                  0.000000    0.250000   clock reconvergence pessimism
                                              0.250000 ^ _1650_/CLK (sky130_fd_sc_hd__dfxtp_2)
                                 -0.056689    0.193311   library hold time
                                              0.193311   data required time
---------------------------------------------------------------------------------------------
                                              0.193311   data required time
                                             -0.883238   data arrival time
---------------------------------------------------------------------------------------------
                                              0.689927   slack (MET)


Startpoint: _1655_ (rising edge-triggered flip-flop clocked by clk_10mhz)
Endpoint: _1655_ (rising edge-triggered flip-flop clocked by clk_10mhz)
Path Group: clk_10mhz
Path Type: min

Fanout         Cap        Slew       Delay        Time   Description
---------------------------------------------------------------------------------------------
                      0.150000    0.000000    0.000000   clock clk_10mhz (rise edge)
                                  0.000000    0.000000   clock network delay (ideal)
                      0.150000    0.000000    0.000000 ^ _1655_/CLK (sky130_fd_sc_hd__dfxtp_2)
     2    0.003983    0.062721    0.679788    0.679788 ^ _1655_/Q (sky130_fd_sc_hd__dfxtp_2)
                                                         u_fifo.mem[5][4] (net)
                      0.062721    0.000000    0.679788 ^ _1185_/A0 (sky130_fd_sc_hd__mux2_1)
     1    0.001537    0.059041    0.203450    0.883238 ^ _1185_/X (sky130_fd_sc_hd__mux2_1)
                                                         _0158_ (net)
                      0.059041    0.000000    0.883238 ^ _1655_/D (sky130_fd_sc_hd__dfxtp_2)
                                              0.883238   data arrival time

                      0.150000    0.000000    0.000000   clock clk_10mhz (rise edge)
                                  0.000000    0.000000   clock network delay (ideal)
                                  0.250000    0.250000   clock uncertainty
                                  0.000000    0.250000   clock reconvergence pessimism
                                              0.250000 ^ _1655_/CLK (sky130_fd_sc_hd__dfxtp_2)
                                 -0.056689    0.193311   library hold time
                                              0.193311   data required time
---------------------------------------------------------------------------------------------
                                              0.193311   data required time
                                             -0.883238   data arrival time
---------------------------------------------------------------------------------------------
                                              0.689927   slack (MET)


Startpoint: _1657_ (rising edge-triggered flip-flop clocked by clk_10mhz)
Endpoint: _1657_ (rising edge-triggered flip-flop clocked by clk_10mhz)
Path Group: clk_10mhz
Path Type: min

Fanout         Cap        Slew       Delay        Time   Description
---------------------------------------------------------------------------------------------
                      0.150000    0.000000    0.000000   clock clk_10mhz (rise edge)
                                  0.000000    0.000000   clock network delay (ideal)
                      0.150000    0.000000    0.000000 ^ _1657_/CLK (sky130_fd_sc_hd__dfxtp_2)
     2    0.003983    0.062721    0.679788    0.679788 ^ _1657_/Q (sky130_fd_sc_hd__dfxtp_2)
                                                         u_fifo.mem[5][6] (net)
                      0.062721    0.000000    0.679788 ^ _1187_/A0 (sky130_fd_sc_hd__mux2_1)
     1    0.001537    0.059041    0.203450    0.883238 ^ _1187_/X (sky130_fd_sc_hd__mux2_1)
                                                         _0160_ (net)
                      0.059041    0.000000    0.883238 ^ _1657_/D (sky130_fd_sc_hd__dfxtp_2)
                                              0.883238   data arrival time

                      0.150000    0.000000    0.000000   clock clk_10mhz (rise edge)
                                  0.000000    0.000000   clock network delay (ideal)
                                  0.250000    0.250000   clock uncertainty
                                  0.000000    0.250000   clock reconvergence pessimism
                                              0.250000 ^ _1657_/CLK (sky130_fd_sc_hd__dfxtp_2)
                                 -0.056689    0.193311   library hold time
                                              0.193311   data required time
---------------------------------------------------------------------------------------------
                                              0.193311   data required time
                                             -0.883238   data arrival time
---------------------------------------------------------------------------------------------
                                              0.689927   slack (MET)


Startpoint: _1691_ (rising edge-triggered flip-flop clocked by clk_10mhz)
Endpoint: _1691_ (rising edge-triggered flip-flop clocked by clk_10mhz)
Path Group: clk_10mhz
Path Type: min

Fanout         Cap        Slew       Delay        Time   Description
---------------------------------------------------------------------------------------------
                      0.150000    0.000000    0.000000   clock clk_10mhz (rise edge)
                                  0.000000    0.000000   clock network delay (ideal)
                      0.150000    0.000000    0.000000 ^ _1691_/CLK (sky130_fd_sc_hd__dfxtp_2)
     2    0.003983    0.062721    0.679788    0.679788 ^ _1691_/Q (sky130_fd_sc_hd__dfxtp_2)
                                                         u_fifo.mem[1][0] (net)
                      0.062721    0.000000    0.679788 ^ _1227_/A0 (sky130_fd_sc_hd__mux2_1)
     1    0.001537    0.059041    0.203450    0.883238 ^ _1227_/X (sky130_fd_sc_hd__mux2_1)
                                                         _0194_ (net)
                      0.059041    0.000000    0.883238 ^ _1691_/D (sky130_fd_sc_hd__dfxtp_2)
                                              0.883238   data arrival time

                      0.150000    0.000000    0.000000   clock clk_10mhz (rise edge)
                                  0.000000    0.000000   clock network delay (ideal)
                                  0.250000    0.250000   clock uncertainty
                                  0.000000    0.250000   clock reconvergence pessimism
                                              0.250000 ^ _1691_/CLK (sky130_fd_sc_hd__dfxtp_2)
                                 -0.056689    0.193311   library hold time
                                              0.193311   data required time
---------------------------------------------------------------------------------------------
                                              0.193311   data required time
                                             -0.883238   data arrival time
---------------------------------------------------------------------------------------------
                                              0.689927   slack (MET)


Startpoint: _1692_ (rising edge-triggered flip-flop clocked by clk_10mhz)
Endpoint: _1692_ (rising edge-triggered flip-flop clocked by clk_10mhz)
Path Group: clk_10mhz
Path Type: min

Fanout         Cap        Slew       Delay        Time   Description
---------------------------------------------------------------------------------------------
                      0.150000    0.000000    0.000000   clock clk_10mhz (rise edge)
                                  0.000000    0.000000   clock network delay (ideal)
                      0.150000    0.000000    0.000000 ^ _1692_/CLK (sky130_fd_sc_hd__dfxtp_2)
     2    0.003983    0.062721    0.679788    0.679788 ^ _1692_/Q (sky130_fd_sc_hd__dfxtp_2)
                                                         u_fifo.mem[1][1] (net)
                      0.062721    0.000000    0.679788 ^ _1228_/A0 (sky130_fd_sc_hd__mux2_1)
     1    0.001537    0.059041    0.203450    0.883238 ^ _1228_/X (sky130_fd_sc_hd__mux2_1)
                                                         _0195_ (net)
                      0.059041    0.000000    0.883238 ^ _1692_/D (sky130_fd_sc_hd__dfxtp_2)
                                              0.883238   data arrival time

                      0.150000    0.000000    0.000000   clock clk_10mhz (rise edge)
                                  0.000000    0.000000   clock network delay (ideal)
                                  0.250000    0.250000   clock uncertainty
                                  0.000000    0.250000   clock reconvergence pessimism
                                              0.250000 ^ _1692_/CLK (sky130_fd_sc_hd__dfxtp_2)
                                 -0.056689    0.193311   library hold time
                                              0.193311   data required time
---------------------------------------------------------------------------------------------
                                              0.193311   data required time
                                             -0.883238   data arrival time
---------------------------------------------------------------------------------------------
                                              0.689927   slack (MET)


Startpoint: _1693_ (rising edge-triggered flip-flop clocked by clk_10mhz)
Endpoint: _1693_ (rising edge-triggered flip-flop clocked by clk_10mhz)
Path Group: clk_10mhz
Path Type: min

Fanout         Cap        Slew       Delay        Time   Description
---------------------------------------------------------------------------------------------
                      0.150000    0.000000    0.000000   clock clk_10mhz (rise edge)
                                  0.000000    0.000000   clock network delay (ideal)
                      0.150000    0.000000    0.000000 ^ _1693_/CLK (sky130_fd_sc_hd__dfxtp_2)
     2    0.003983    0.062721    0.679788    0.679788 ^ _1693_/Q (sky130_fd_sc_hd__dfxtp_2)
                                                         u_fifo.mem[1][2] (net)
                      0.062721    0.000000    0.679788 ^ _1229_/A0 (sky130_fd_sc_hd__mux2_1)
     1    0.001537    0.059041    0.203450    0.883238 ^ _1229_/X (sky130_fd_sc_hd__mux2_1)
                                                         _0196_ (net)
                      0.059041    0.000000    0.883238 ^ _1693_/D (sky130_fd_sc_hd__dfxtp_2)
                                              0.883238   data arrival time

                      0.150000    0.000000    0.000000   clock clk_10mhz (rise edge)
                                  0.000000    0.000000   clock network delay (ideal)
                                  0.250000    0.250000   clock uncertainty
                                  0.000000    0.250000   clock reconvergence pessimism
                                              0.250000 ^ _1693_/CLK (sky130_fd_sc_hd__dfxtp_2)
                                 -0.056689    0.193311   library hold time
                                              0.193311   data required time
---------------------------------------------------------------------------------------------
                                              0.193311   data required time
                                             -0.883238   data arrival time
---------------------------------------------------------------------------------------------
                                              0.689927   slack (MET)


Startpoint: _1700_ (rising edge-triggered flip-flop clocked by clk_10mhz)
Endpoint: _1700_ (rising edge-triggered flip-flop clocked by clk_10mhz)
Path Group: clk_10mhz
Path Type: min

Fanout         Cap        Slew       Delay        Time   Description
---------------------------------------------------------------------------------------------
                      0.150000    0.000000    0.000000   clock clk_10mhz (rise edge)
                                  0.000000    0.000000   clock network delay (ideal)
                      0.150000    0.000000    0.000000 ^ _1700_/CLK (sky130_fd_sc_hd__dfxtp_2)
     2    0.004002    0.062855    0.679935    0.679935 ^ _1700_/Q (sky130_fd_sc_hd__dfxtp_2)
                                                         u_fifo.mem[0][1] (net)
                      0.062855    0.000000    0.679935 ^ _1237_/A0 (sky130_fd_sc_hd__mux2_1)
     1    0.001537    0.059037    0.203508    0.883443 ^ _1237_/X (sky130_fd_sc_hd__mux2_1)
                                                         _0203_ (net)
                      0.059037    0.000000    0.883443 ^ _1700_/D (sky130_fd_sc_hd__dfxtp_2)
                                              0.883443   data arrival time

                      0.150000    0.000000    0.000000   clock clk_10mhz (rise edge)
                                  0.000000    0.000000   clock network delay (ideal)
                                  0.250000    0.250000   clock uncertainty
                                  0.000000    0.250000   clock reconvergence pessimism
                                              0.250000 ^ _1700_/CLK (sky130_fd_sc_hd__dfxtp_2)
                                 -0.056688    0.193312   library hold time
                                              0.193312   data required time
---------------------------------------------------------------------------------------------
                                              0.193312   data required time
                                             -0.883443   data arrival time
---------------------------------------------------------------------------------------------
                                              0.690131   slack (MET)


Startpoint: _1701_ (rising edge-triggered flip-flop clocked by clk_10mhz)
Endpoint: _1701_ (rising edge-triggered flip-flop clocked by clk_10mhz)
Path Group: clk_10mhz
Path Type: min

Fanout         Cap        Slew       Delay        Time   Description
---------------------------------------------------------------------------------------------
                      0.150000    0.000000    0.000000   clock clk_10mhz (rise edge)
                                  0.000000    0.000000   clock network delay (ideal)
                      0.150000    0.000000    0.000000 ^ _1701_/CLK (sky130_fd_sc_hd__dfxtp_2)
     2    0.004002    0.062855    0.679935    0.679935 ^ _1701_/Q (sky130_fd_sc_hd__dfxtp_2)
                                                         u_fifo.mem[0][2] (net)
                      0.062855    0.000000    0.679935 ^ _1238_/A0 (sky130_fd_sc_hd__mux2_1)
     1    0.001537    0.059037    0.203508    0.883443 ^ _1238_/X (sky130_fd_sc_hd__mux2_1)
                                                         _0204_ (net)
                      0.059037    0.000000    0.883443 ^ _1701_/D (sky130_fd_sc_hd__dfxtp_2)
                                              0.883443   data arrival time

                      0.150000    0.000000    0.000000   clock clk_10mhz (rise edge)
                                  0.000000    0.000000   clock network delay (ideal)
                                  0.250000    0.250000   clock uncertainty
                                  0.000000    0.250000   clock reconvergence pessimism
                                              0.250000 ^ _1701_/CLK (sky130_fd_sc_hd__dfxtp_2)
                                 -0.056688    0.193312   library hold time
                                              0.193312   data required time
---------------------------------------------------------------------------------------------
                                              0.193312   data required time
                                             -0.883443   data arrival time
---------------------------------------------------------------------------------------------
                                              0.690131   slack (MET)


Startpoint: _1703_ (rising edge-triggered flip-flop clocked by clk_10mhz)
Endpoint: _1703_ (rising edge-triggered flip-flop clocked by clk_10mhz)
Path Group: clk_10mhz
Path Type: min

Fanout         Cap        Slew       Delay        Time   Description
---------------------------------------------------------------------------------------------
                      0.150000    0.000000    0.000000   clock clk_10mhz (rise edge)
                                  0.000000    0.000000   clock network delay (ideal)
                      0.150000    0.000000    0.000000 ^ _1703_/CLK (sky130_fd_sc_hd__dfxtp_2)
     2    0.004002    0.062855    0.679935    0.679935 ^ _1703_/Q (sky130_fd_sc_hd__dfxtp_2)
                                                         u_fifo.mem[0][4] (net)
                      0.062855    0.000000    0.679935 ^ _1240_/A0 (sky130_fd_sc_hd__mux2_1)
     1    0.001537    0.059037    0.203508    0.883443 ^ _1240_/X (sky130_fd_sc_hd__mux2_1)
                                                         _0206_ (net)
                      0.059037    0.000000    0.883443 ^ _1703_/D (sky130_fd_sc_hd__dfxtp_2)
                                              0.883443   data arrival time

                      0.150000    0.000000    0.000000   clock clk_10mhz (rise edge)
                                  0.000000    0.000000   clock network delay (ideal)
                                  0.250000    0.250000   clock uncertainty
                                  0.000000    0.250000   clock reconvergence pessimism
                                              0.250000 ^ _1703_/CLK (sky130_fd_sc_hd__dfxtp_2)
                                 -0.056688    0.193312   library hold time
                                              0.193312   data required time
---------------------------------------------------------------------------------------------
                                              0.193312   data required time
                                             -0.883443   data arrival time
---------------------------------------------------------------------------------------------
                                              0.690131   slack (MET)


Startpoint: _1704_ (rising edge-triggered flip-flop clocked by clk_10mhz)
Endpoint: _1704_ (rising edge-triggered flip-flop clocked by clk_10mhz)
Path Group: clk_10mhz
Path Type: min

Fanout         Cap        Slew       Delay        Time   Description
---------------------------------------------------------------------------------------------
                      0.150000    0.000000    0.000000   clock clk_10mhz (rise edge)
                                  0.000000    0.000000   clock network delay (ideal)
                      0.150000    0.000000    0.000000 ^ _1704_/CLK (sky130_fd_sc_hd__dfxtp_2)
     2    0.004002    0.062855    0.679935    0.679935 ^ _1704_/Q (sky130_fd_sc_hd__dfxtp_2)
                                                         u_fifo.mem[0][5] (net)
                      0.062855    0.000000    0.679935 ^ _1241_/A0 (sky130_fd_sc_hd__mux2_1)
     1    0.001537    0.059037    0.203508    0.883443 ^ _1241_/X (sky130_fd_sc_hd__mux2_1)
                                                         _0207_ (net)
                      0.059037    0.000000    0.883443 ^ _1704_/D (sky130_fd_sc_hd__dfxtp_2)
                                              0.883443   data arrival time

                      0.150000    0.000000    0.000000   clock clk_10mhz (rise edge)
                                  0.000000    0.000000   clock network delay (ideal)
                                  0.250000    0.250000   clock uncertainty
                                  0.000000    0.250000   clock reconvergence pessimism
                                              0.250000 ^ _1704_/CLK (sky130_fd_sc_hd__dfxtp_2)
                                 -0.056688    0.193312   library hold time
                                              0.193312   data required time
---------------------------------------------------------------------------------------------
                                              0.193312   data required time
                                             -0.883443   data arrival time
---------------------------------------------------------------------------------------------
                                              0.690131   slack (MET)


Startpoint: _1705_ (rising edge-triggered flip-flop clocked by clk_10mhz)
Endpoint: _1705_ (rising edge-triggered flip-flop clocked by clk_10mhz)
Path Group: clk_10mhz
Path Type: min

Fanout         Cap        Slew       Delay        Time   Description
---------------------------------------------------------------------------------------------
                      0.150000    0.000000    0.000000   clock clk_10mhz (rise edge)
                                  0.000000    0.000000   clock network delay (ideal)
                      0.150000    0.000000    0.000000 ^ _1705_/CLK (sky130_fd_sc_hd__dfxtp_2)
     2    0.004002    0.062855    0.679935    0.679935 ^ _1705_/Q (sky130_fd_sc_hd__dfxtp_2)
                                                         u_fifo.mem[0][6] (net)
                      0.062855    0.000000    0.679935 ^ _1242_/A0 (sky130_fd_sc_hd__mux2_1)
     1    0.001537    0.059037    0.203508    0.883443 ^ _1242_/X (sky130_fd_sc_hd__mux2_1)
                                                         _0208_ (net)
                      0.059037    0.000000    0.883443 ^ _1705_/D (sky130_fd_sc_hd__dfxtp_2)
                                              0.883443   data arrival time

                      0.150000    0.000000    0.000000   clock clk_10mhz (rise edge)
                                  0.000000    0.000000   clock network delay (ideal)
                                  0.250000    0.250000   clock uncertainty
                                  0.000000    0.250000   clock reconvergence pessimism
                                              0.250000 ^ _1705_/CLK (sky130_fd_sc_hd__dfxtp_2)
                                 -0.056688    0.193312   library hold time
                                              0.193312   data required time
---------------------------------------------------------------------------------------------
                                              0.193312   data required time
                                             -0.883443   data arrival time
---------------------------------------------------------------------------------------------
                                              0.690131   slack (MET)


Startpoint: _1706_ (rising edge-triggered flip-flop clocked by clk_10mhz)
Endpoint: _1706_ (rising edge-triggered flip-flop clocked by clk_10mhz)
Path Group: clk_10mhz
Path Type: min

Fanout         Cap        Slew       Delay        Time   Description
---------------------------------------------------------------------------------------------
                      0.150000    0.000000    0.000000   clock clk_10mhz (rise edge)
                                  0.000000    0.000000   clock network delay (ideal)
                      0.150000    0.000000    0.000000 ^ _1706_/CLK (sky130_fd_sc_hd__dfxtp_2)
     2    0.004002    0.062855    0.679935    0.679935 ^ _1706_/Q (sky130_fd_sc_hd__dfxtp_2)
                                                         u_fifo.mem[0][7] (net)
                      0.062855    0.000000    0.679935 ^ _1243_/A0 (sky130_fd_sc_hd__mux2_1)
     1    0.001537    0.059037    0.203508    0.883443 ^ _1243_/X (sky130_fd_sc_hd__mux2_1)
                                                         _0209_ (net)
                      0.059037    0.000000    0.883443 ^ _1706_/D (sky130_fd_sc_hd__dfxtp_2)
                                              0.883443   data arrival time

                      0.150000    0.000000    0.000000   clock clk_10mhz (rise edge)
                                  0.000000    0.000000   clock network delay (ideal)
                                  0.250000    0.250000   clock uncertainty
                                  0.000000    0.250000   clock reconvergence pessimism
                                              0.250000 ^ _1706_/CLK (sky130_fd_sc_hd__dfxtp_2)
                                 -0.056688    0.193312   library hold time
                                              0.193312   data required time
---------------------------------------------------------------------------------------------
                                              0.193312   data required time
                                             -0.883443   data arrival time
---------------------------------------------------------------------------------------------
                                              0.690131   slack (MET)


Startpoint: _1671_ (rising edge-triggered flip-flop clocked by clk_10mhz)
Endpoint: _1671_ (rising edge-triggered flip-flop clocked by clk_10mhz)
Path Group: clk_10mhz
Path Type: min

Fanout         Cap        Slew       Delay        Time   Description
---------------------------------------------------------------------------------------------
                      0.150000    0.000000    0.000000   clock clk_10mhz (rise edge)
                                  0.000000    0.000000   clock network delay (ideal)
                      0.150000    0.000000    0.000000 ^ _1671_/CLK (sky130_fd_sc_hd__dfxtp_2)
     2    0.004004    0.062869    0.679951    0.679951 ^ _1671_/Q (sky130_fd_sc_hd__dfxtp_2)
                                                         u_fifo.mem[3][4] (net)
                      0.062869    0.000000    0.679951 ^ _1204_/A0 (sky130_fd_sc_hd__mux2_1)
     1    0.001537    0.059029    0.203514    0.883465 ^ _1204_/X (sky130_fd_sc_hd__mux2_1)
                                                         _0174_ (net)
                      0.059029    0.000000    0.883465 ^ _1671_/D (sky130_fd_sc_hd__dfxtp_2)
                                              0.883465   data arrival time

                      0.150000    0.000000    0.000000   clock clk_10mhz (rise edge)
                                  0.000000    0.000000   clock network delay (ideal)
                                  0.250000    0.250000   clock uncertainty
                                  0.000000    0.250000   clock reconvergence pessimism
                                              0.250000 ^ _1671_/CLK (sky130_fd_sc_hd__dfxtp_2)
                                 -0.056686    0.193314   library hold time
                                              0.193314   data required time
---------------------------------------------------------------------------------------------
                                              0.193314   data required time
                                             -0.883465   data arrival time
---------------------------------------------------------------------------------------------
                                              0.690151   slack (MET)


Startpoint: _1665_ (rising edge-triggered flip-flop clocked by clk_10mhz)
Endpoint: _1665_ (rising edge-triggered flip-flop clocked by clk_10mhz)
Path Group: clk_10mhz
Path Type: min

Fanout         Cap        Slew       Delay        Time   Description
---------------------------------------------------------------------------------------------
                      0.150000    0.000000    0.000000   clock clk_10mhz (rise edge)
                                  0.000000    0.000000   clock network delay (ideal)
                      0.150000    0.000000    0.000000 ^ _1665_/CLK (sky130_fd_sc_hd__dfxtp_2)
     2    0.004004    0.062869    0.679951    0.679951 ^ _1665_/Q (sky130_fd_sc_hd__dfxtp_2)
                                                         u_fifo.mem[4][6] (net)
                      0.062869    0.000000    0.679951 ^ _1196_/A0 (sky130_fd_sc_hd__mux2_1)
     1    0.001537    0.059037    0.203514    0.883465 ^ _1196_/X (sky130_fd_sc_hd__mux2_1)
                                                         _0168_ (net)
                      0.059037    0.000000    0.883465 ^ _1665_/D (sky130_fd_sc_hd__dfxtp_2)
                                              0.883465   data arrival time

                      0.150000    0.000000    0.000000   clock clk_10mhz (rise edge)
                                  0.000000    0.000000   clock network delay (ideal)
                                  0.250000    0.250000   clock uncertainty
                                  0.000000    0.250000   clock reconvergence pessimism
                                              0.250000 ^ _1665_/CLK (sky130_fd_sc_hd__dfxtp_2)
                                 -0.056688    0.193312   library hold time
                                              0.193312   data required time
---------------------------------------------------------------------------------------------
                                              0.193312   data required time
                                             -0.883465   data arrival time
---------------------------------------------------------------------------------------------
                                              0.690153   slack (MET)


Startpoint: _1610_ (rising edge-triggered flip-flop clocked by clk_10mhz)
Endpoint: _1610_ (rising edge-triggered flip-flop clocked by clk_10mhz)
Path Group: clk_10mhz
Path Type: min

Fanout         Cap        Slew       Delay        Time   Description
---------------------------------------------------------------------------------------------
                      0.150000    0.000000    0.000000   clock clk_10mhz (rise edge)
                                  0.000000    0.000000   clock network delay (ideal)
                      0.150000    0.000000    0.000000 ^ _1610_/CLK (sky130_fd_sc_hd__dfxtp_2)
     2    0.004004    0.062869    0.679951    0.679951 ^ _1610_/Q (sky130_fd_sc_hd__dfxtp_2)
                                                         u_fifo.mem[10][7] (net)
                      0.062869    0.000000    0.679951 ^ _1131_/A0 (sky130_fd_sc_hd__mux2_1)
     1    0.001537    0.059041    0.203514    0.883465 ^ _1131_/X (sky130_fd_sc_hd__mux2_1)
                                                         _0113_ (net)
                      0.059041    0.000000    0.883465 ^ _1610_/D (sky130_fd_sc_hd__dfxtp_2)
                                              0.883465   data arrival time

                      0.150000    0.000000    0.000000   clock clk_10mhz (rise edge)
                                  0.000000    0.000000   clock network delay (ideal)
                                  0.250000    0.250000   clock uncertainty
                                  0.000000    0.250000   clock reconvergence pessimism
                                              0.250000 ^ _1610_/CLK (sky130_fd_sc_hd__dfxtp_2)
                                 -0.056689    0.193311   library hold time
                                              0.193311   data required time
---------------------------------------------------------------------------------------------
                                              0.193311   data required time
                                             -0.883465   data arrival time
---------------------------------------------------------------------------------------------
                                              0.690154   slack (MET)


Startpoint: _1699_ (rising edge-triggered flip-flop clocked by clk_10mhz)
Endpoint: _1699_ (rising edge-triggered flip-flop clocked by clk_10mhz)
Path Group: clk_10mhz
Path Type: min

Fanout         Cap        Slew       Delay        Time   Description
---------------------------------------------------------------------------------------------
                      0.150000    0.000000    0.000000   clock clk_10mhz (rise edge)
                                  0.000000    0.000000   clock network delay (ideal)
                      0.150000    0.000000    0.000000 ^ _1699_/CLK (sky130_fd_sc_hd__dfxtp_2)
     2    0.004025    0.063017    0.680113    0.680113 ^ _1699_/Q (sky130_fd_sc_hd__dfxtp_2)
                                                         u_fifo.mem[0][0] (net)
                      0.063017    0.000000    0.680113 ^ _1236_/A0 (sky130_fd_sc_hd__mux2_1)
     1    0.001537    0.059037    0.203578    0.883691 ^ _1236_/X (sky130_fd_sc_hd__mux2_1)
                                                         _0202_ (net)
                      0.059037    0.000000    0.883691 ^ _1699_/D (sky130_fd_sc_hd__dfxtp_2)
                                              0.883691   data arrival time

                      0.150000    0.000000    0.000000   clock clk_10mhz (rise edge)
                                  0.000000    0.000000   clock network delay (ideal)
                                  0.250000    0.250000   clock uncertainty
                                  0.000000    0.250000   clock reconvergence pessimism
                                              0.250000 ^ _1699_/CLK (sky130_fd_sc_hd__dfxtp_2)
                                 -0.056688    0.193312   library hold time
                                              0.193312   data required time
---------------------------------------------------------------------------------------------
                                              0.193312   data required time
                                             -0.883691   data arrival time
---------------------------------------------------------------------------------------------
                                              0.690380   slack (MET)


Startpoint: _1625_ (rising edge-triggered flip-flop clocked by clk_10mhz)
Endpoint: _1625_ (rising edge-triggered flip-flop clocked by clk_10mhz)
Path Group: clk_10mhz
Path Type: min

Fanout         Cap        Slew       Delay        Time   Description
---------------------------------------------------------------------------------------------
                      0.150000    0.000000    0.000000   clock clk_10mhz (rise edge)
                                  0.000000    0.000000   clock network delay (ideal)
                      0.150000    0.000000    0.000000 ^ _1625_/CLK (sky130_fd_sc_hd__dfxtp_2)
     2    0.004039    0.063116    0.680222    0.680222 ^ _1625_/Q (sky130_fd_sc_hd__dfxtp_2)
                                                         u_fifo.mem[8][6] (net)
                      0.063116    0.000000    0.680222 ^ _1150_/A0 (sky130_fd_sc_hd__mux2_1)
     1    0.001537    0.059031    0.203621    0.883843 ^ _1150_/X (sky130_fd_sc_hd__mux2_1)
                                                         _0128_ (net)
                      0.059031    0.000000    0.883843 ^ _1625_/D (sky130_fd_sc_hd__dfxtp_2)
                                              0.883843   data arrival time

                      0.150000    0.000000    0.000000   clock clk_10mhz (rise edge)
                                  0.000000    0.000000   clock network delay (ideal)
                                  0.250000    0.250000   clock uncertainty
                                  0.000000    0.250000   clock reconvergence pessimism
                                              0.250000 ^ _1625_/CLK (sky130_fd_sc_hd__dfxtp_2)
                                 -0.056687    0.193313   library hold time
                                              0.193313   data required time
---------------------------------------------------------------------------------------------
                                              0.193313   data required time
                                             -0.883843   data arrival time
---------------------------------------------------------------------------------------------
                                              0.690530   slack (MET)


Startpoint: _1636_ (rising edge-triggered flip-flop clocked by clk_10mhz)
Endpoint: _1636_ (rising edge-triggered flip-flop clocked by clk_10mhz)
Path Group: clk_10mhz
Path Type: min

Fanout         Cap        Slew       Delay        Time   Description
---------------------------------------------------------------------------------------------
                      0.150000    0.000000    0.000000   clock clk_10mhz (rise edge)
                                  0.000000    0.000000   clock network delay (ideal)
                      0.150000    0.000000    0.000000 ^ _1636_/CLK (sky130_fd_sc_hd__dfxtp_2)
     2    0.004039    0.063116    0.680222    0.680222 ^ _1636_/Q (sky130_fd_sc_hd__dfxtp_2)
                                                         u_fifo.mem[7][1] (net)
                      0.063116    0.000000    0.680222 ^ _1164_/A0 (sky130_fd_sc_hd__mux2_1)
     1    0.001537    0.059029    0.203621    0.883843 ^ _1164_/X (sky130_fd_sc_hd__mux2_1)
                                                         _0139_ (net)
                      0.059029    0.000000    0.883843 ^ _1636_/D (sky130_fd_sc_hd__dfxtp_2)
                                              0.883843   data arrival time

                      0.150000    0.000000    0.000000   clock clk_10mhz (rise edge)
                                  0.000000    0.000000   clock network delay (ideal)
                                  0.250000    0.250000   clock uncertainty
                                  0.000000    0.250000   clock reconvergence pessimism
                                              0.250000 ^ _1636_/CLK (sky130_fd_sc_hd__dfxtp_2)
                                 -0.056686    0.193314   library hold time
                                              0.193314   data required time
---------------------------------------------------------------------------------------------
                                              0.193314   data required time
                                             -0.883843   data arrival time
---------------------------------------------------------------------------------------------
                                              0.690529   slack (MET)


Startpoint: _1637_ (rising edge-triggered flip-flop clocked by clk_10mhz)
Endpoint: _1637_ (rising edge-triggered flip-flop clocked by clk_10mhz)
Path Group: clk_10mhz
Path Type: min

Fanout         Cap        Slew       Delay        Time   Description
---------------------------------------------------------------------------------------------
                      0.150000    0.000000    0.000000   clock clk_10mhz (rise edge)
                                  0.000000    0.000000   clock network delay (ideal)
                      0.150000    0.000000    0.000000 ^ _1637_/CLK (sky130_fd_sc_hd__dfxtp_2)
     2    0.004039    0.063116    0.680222    0.680222 ^ _1637_/Q (sky130_fd_sc_hd__dfxtp_2)
                                                         u_fifo.mem[7][2] (net)
                      0.063116    0.000000    0.680222 ^ _1165_/A0 (sky130_fd_sc_hd__mux2_1)
     1    0.001537    0.059029    0.203621    0.883843 ^ _1165_/X (sky130_fd_sc_hd__mux2_1)
                                                         _0140_ (net)
                      0.059029    0.000000    0.883843 ^ _1637_/D (sky130_fd_sc_hd__dfxtp_2)
                                              0.883843   data arrival time

                      0.150000    0.000000    0.000000   clock clk_10mhz (rise edge)
                                  0.000000    0.000000   clock network delay (ideal)
                                  0.250000    0.250000   clock uncertainty
                                  0.000000    0.250000   clock reconvergence pessimism
                                              0.250000 ^ _1637_/CLK (sky130_fd_sc_hd__dfxtp_2)
                                 -0.056686    0.193314   library hold time
                                              0.193314   data required time
---------------------------------------------------------------------------------------------
                                              0.193314   data required time
                                             -0.883843   data arrival time
---------------------------------------------------------------------------------------------
                                              0.690529   slack (MET)


Startpoint: _1667_ (rising edge-triggered flip-flop clocked by clk_10mhz)
Endpoint: _1667_ (rising edge-triggered flip-flop clocked by clk_10mhz)
Path Group: clk_10mhz
Path Type: min

Fanout         Cap        Slew       Delay        Time   Description
---------------------------------------------------------------------------------------------
                      0.150000    0.000000    0.000000   clock clk_10mhz (rise edge)
                                  0.000000    0.000000   clock network delay (ideal)
                      0.150000    0.000000    0.000000 ^ _1667_/CLK (sky130_fd_sc_hd__dfxtp_2)
     2    0.004039    0.063116    0.680222    0.680222 ^ _1667_/Q (sky130_fd_sc_hd__dfxtp_2)
                                                         u_fifo.mem[3][0] (net)
                      0.063116    0.000000    0.680222 ^ _1200_/A0 (sky130_fd_sc_hd__mux2_1)
     1    0.001537    0.059029    0.203621    0.883843 ^ _1200_/X (sky130_fd_sc_hd__mux2_1)
                                                         _0170_ (net)
                      0.059029    0.000000    0.883843 ^ _1667_/D (sky130_fd_sc_hd__dfxtp_2)
                                              0.883843   data arrival time

                      0.150000    0.000000    0.000000   clock clk_10mhz (rise edge)
                                  0.000000    0.000000   clock network delay (ideal)
                                  0.250000    0.250000   clock uncertainty
                                  0.000000    0.250000   clock reconvergence pessimism
                                              0.250000 ^ _1667_/CLK (sky130_fd_sc_hd__dfxtp_2)
                                 -0.056686    0.193314   library hold time
                                              0.193314   data required time
---------------------------------------------------------------------------------------------
                                              0.193314   data required time
                                             -0.883843   data arrival time
---------------------------------------------------------------------------------------------
                                              0.690529   slack (MET)


Startpoint: _1668_ (rising edge-triggered flip-flop clocked by clk_10mhz)
Endpoint: _1668_ (rising edge-triggered flip-flop clocked by clk_10mhz)
Path Group: clk_10mhz
Path Type: min

Fanout         Cap        Slew       Delay        Time   Description
---------------------------------------------------------------------------------------------
                      0.150000    0.000000    0.000000   clock clk_10mhz (rise edge)
                                  0.000000    0.000000   clock network delay (ideal)
                      0.150000    0.000000    0.000000 ^ _1668_/CLK (sky130_fd_sc_hd__dfxtp_2)
     2    0.004039    0.063116    0.680222    0.680222 ^ _1668_/Q (sky130_fd_sc_hd__dfxtp_2)
                                                         u_fifo.mem[3][1] (net)
                      0.063116    0.000000    0.680222 ^ _1201_/A0 (sky130_fd_sc_hd__mux2_1)
     1    0.001537    0.059029    0.203621    0.883843 ^ _1201_/X (sky130_fd_sc_hd__mux2_1)
                                                         _0171_ (net)
                      0.059029    0.000000    0.883843 ^ _1668_/D (sky130_fd_sc_hd__dfxtp_2)
                                              0.883843   data arrival time

                      0.150000    0.000000    0.000000   clock clk_10mhz (rise edge)
                                  0.000000    0.000000   clock network delay (ideal)
                                  0.250000    0.250000   clock uncertainty
                                  0.000000    0.250000   clock reconvergence pessimism
                                              0.250000 ^ _1668_/CLK (sky130_fd_sc_hd__dfxtp_2)
                                 -0.056686    0.193314   library hold time
                                              0.193314   data required time
---------------------------------------------------------------------------------------------
                                              0.193314   data required time
                                             -0.883843   data arrival time
---------------------------------------------------------------------------------------------
                                              0.690529   slack (MET)


Startpoint: _1670_ (rising edge-triggered flip-flop clocked by clk_10mhz)
Endpoint: _1670_ (rising edge-triggered flip-flop clocked by clk_10mhz)
Path Group: clk_10mhz
Path Type: min

Fanout         Cap        Slew       Delay        Time   Description
---------------------------------------------------------------------------------------------
                      0.150000    0.000000    0.000000   clock clk_10mhz (rise edge)
                                  0.000000    0.000000   clock network delay (ideal)
                      0.150000    0.000000    0.000000 ^ _1670_/CLK (sky130_fd_sc_hd__dfxtp_2)
     2    0.004039    0.063116    0.680222    0.680222 ^ _1670_/Q (sky130_fd_sc_hd__dfxtp_2)
                                                         u_fifo.mem[3][3] (net)
                      0.063116    0.000000    0.680222 ^ _1203_/A0 (sky130_fd_sc_hd__mux2_1)
     1    0.001537    0.059029    0.203621    0.883843 ^ _1203_/X (sky130_fd_sc_hd__mux2_1)
                                                         _0173_ (net)
                      0.059029    0.000000    0.883843 ^ _1670_/D (sky130_fd_sc_hd__dfxtp_2)
                                              0.883843   data arrival time

                      0.150000    0.000000    0.000000   clock clk_10mhz (rise edge)
                                  0.000000    0.000000   clock network delay (ideal)
                                  0.250000    0.250000   clock uncertainty
                                  0.000000    0.250000   clock reconvergence pessimism
                                              0.250000 ^ _1670_/CLK (sky130_fd_sc_hd__dfxtp_2)
                                 -0.056686    0.193314   library hold time
                                              0.193314   data required time
---------------------------------------------------------------------------------------------
                                              0.193314   data required time
                                             -0.883843   data arrival time
---------------------------------------------------------------------------------------------
                                              0.690529   slack (MET)


Startpoint: _1673_ (rising edge-triggered flip-flop clocked by clk_10mhz)
Endpoint: _1673_ (rising edge-triggered flip-flop clocked by clk_10mhz)
Path Group: clk_10mhz
Path Type: min

Fanout         Cap        Slew       Delay        Time   Description
---------------------------------------------------------------------------------------------
                      0.150000    0.000000    0.000000   clock clk_10mhz (rise edge)
                                  0.000000    0.000000   clock network delay (ideal)
                      0.150000    0.000000    0.000000 ^ _1673_/CLK (sky130_fd_sc_hd__dfxtp_2)
     2    0.004039    0.063116    0.680222    0.680222 ^ _1673_/Q (sky130_fd_sc_hd__dfxtp_2)
                                                         u_fifo.mem[3][6] (net)
                      0.063116    0.000000    0.680222 ^ _1206_/A0 (sky130_fd_sc_hd__mux2_1)
     1    0.001537    0.059029    0.203621    0.883843 ^ _1206_/X (sky130_fd_sc_hd__mux2_1)
                                                         _0176_ (net)
                      0.059029    0.000000    0.883843 ^ _1673_/D (sky130_fd_sc_hd__dfxtp_2)
                                              0.883843   data arrival time

                      0.150000    0.000000    0.000000   clock clk_10mhz (rise edge)
                                  0.000000    0.000000   clock network delay (ideal)
                                  0.250000    0.250000   clock uncertainty
                                  0.000000    0.250000   clock reconvergence pessimism
                                              0.250000 ^ _1673_/CLK (sky130_fd_sc_hd__dfxtp_2)
                                 -0.056686    0.193314   library hold time
                                              0.193314   data required time
---------------------------------------------------------------------------------------------
                                              0.193314   data required time
                                             -0.883843   data arrival time
---------------------------------------------------------------------------------------------
                                              0.690529   slack (MET)


Startpoint: _1675_ (rising edge-triggered flip-flop clocked by clk_10mhz)
Endpoint: _1675_ (rising edge-triggered flip-flop clocked by clk_10mhz)
Path Group: clk_10mhz
Path Type: min

Fanout         Cap        Slew       Delay        Time   Description
---------------------------------------------------------------------------------------------
                      0.150000    0.000000    0.000000   clock clk_10mhz (rise edge)
                                  0.000000    0.000000   clock network delay (ideal)
                      0.150000    0.000000    0.000000 ^ _1675_/CLK (sky130_fd_sc_hd__dfxtp_2)
     2    0.004039    0.063116    0.680222    0.680222 ^ _1675_/Q (sky130_fd_sc_hd__dfxtp_2)
                                                         u_fifo.mem[12][0] (net)
                      0.063116    0.000000    0.680222 ^ _1209_/A0 (sky130_fd_sc_hd__mux2_1)
     1    0.001537    0.059031    0.203621    0.883843 ^ _1209_/X (sky130_fd_sc_hd__mux2_1)
                                                         _0178_ (net)
                      0.059031    0.000000    0.883843 ^ _1675_/D (sky130_fd_sc_hd__dfxtp_2)
                                              0.883843   data arrival time

                      0.150000    0.000000    0.000000   clock clk_10mhz (rise edge)
                                  0.000000    0.000000   clock network delay (ideal)
                                  0.250000    0.250000   clock uncertainty
                                  0.000000    0.250000   clock reconvergence pessimism
                                              0.250000 ^ _1675_/CLK (sky130_fd_sc_hd__dfxtp_2)
                                 -0.056687    0.193313   library hold time
                                              0.193313   data required time
---------------------------------------------------------------------------------------------
                                              0.193313   data required time
                                             -0.883843   data arrival time
---------------------------------------------------------------------------------------------
                                              0.690530   slack (MET)


Startpoint: _1663_ (rising edge-triggered flip-flop clocked by clk_10mhz)
Endpoint: _1663_ (rising edge-triggered flip-flop clocked by clk_10mhz)
Path Group: clk_10mhz
Path Type: min

Fanout         Cap        Slew       Delay        Time   Description
---------------------------------------------------------------------------------------------
                      0.150000    0.000000    0.000000   clock clk_10mhz (rise edge)
                                  0.000000    0.000000   clock network delay (ideal)
                      0.150000    0.000000    0.000000 ^ _1663_/CLK (sky130_fd_sc_hd__dfxtp_2)
     2    0.004039    0.063116    0.680222    0.680222 ^ _1663_/Q (sky130_fd_sc_hd__dfxtp_2)
                                                         u_fifo.mem[4][4] (net)
                      0.063116    0.000000    0.680222 ^ _1194_/A0 (sky130_fd_sc_hd__mux2_1)
     1    0.001537    0.059037    0.203621    0.883843 ^ _1194_/X (sky130_fd_sc_hd__mux2_1)
                                                         _0166_ (net)
                      0.059037    0.000000    0.883843 ^ _1663_/D (sky130_fd_sc_hd__dfxtp_2)
                                              0.883843   data arrival time

                      0.150000    0.000000    0.000000   clock clk_10mhz (rise edge)
                                  0.000000    0.000000   clock network delay (ideal)
                                  0.250000    0.250000   clock uncertainty
                                  0.000000    0.250000   clock reconvergence pessimism
                                              0.250000 ^ _1663_/CLK (sky130_fd_sc_hd__dfxtp_2)
                                 -0.056688    0.193312   library hold time
                                              0.193312   data required time
---------------------------------------------------------------------------------------------
                                              0.193312   data required time
                                             -0.883843   data arrival time
---------------------------------------------------------------------------------------------
                                              0.690531   slack (MET)


Startpoint: _1664_ (rising edge-triggered flip-flop clocked by clk_10mhz)
Endpoint: _1664_ (rising edge-triggered flip-flop clocked by clk_10mhz)
Path Group: clk_10mhz
Path Type: min

Fanout         Cap        Slew       Delay        Time   Description
---------------------------------------------------------------------------------------------
                      0.150000    0.000000    0.000000   clock clk_10mhz (rise edge)
                                  0.000000    0.000000   clock network delay (ideal)
                      0.150000    0.000000    0.000000 ^ _1664_/CLK (sky130_fd_sc_hd__dfxtp_2)
     2    0.004039    0.063116    0.680222    0.680222 ^ _1664_/Q (sky130_fd_sc_hd__dfxtp_2)
                                                         u_fifo.mem[4][5] (net)
                      0.063116    0.000000    0.680222 ^ _1195_/A0 (sky130_fd_sc_hd__mux2_1)
     1    0.001537    0.059037    0.203621    0.883843 ^ _1195_/X (sky130_fd_sc_hd__mux2_1)
                                                         _0167_ (net)
                      0.059037    0.000000    0.883843 ^ _1664_/D (sky130_fd_sc_hd__dfxtp_2)
                                              0.883843   data arrival time

                      0.150000    0.000000    0.000000   clock clk_10mhz (rise edge)
                                  0.000000    0.000000   clock network delay (ideal)
                                  0.250000    0.250000   clock uncertainty
                                  0.000000    0.250000   clock reconvergence pessimism
                                              0.250000 ^ _1664_/CLK (sky130_fd_sc_hd__dfxtp_2)
                                 -0.056688    0.193312   library hold time
                                              0.193312   data required time
---------------------------------------------------------------------------------------------
                                              0.193312   data required time
                                             -0.883843   data arrival time
---------------------------------------------------------------------------------------------
                                              0.690531   slack (MET)


Startpoint: _1666_ (rising edge-triggered flip-flop clocked by clk_10mhz)
Endpoint: _1666_ (rising edge-triggered flip-flop clocked by clk_10mhz)
Path Group: clk_10mhz
Path Type: min

Fanout         Cap        Slew       Delay        Time   Description
---------------------------------------------------------------------------------------------
                      0.150000    0.000000    0.000000   clock clk_10mhz (rise edge)
                                  0.000000    0.000000   clock network delay (ideal)
                      0.150000    0.000000    0.000000 ^ _1666_/CLK (sky130_fd_sc_hd__dfxtp_2)
     2    0.004039    0.063116    0.680222    0.680222 ^ _1666_/Q (sky130_fd_sc_hd__dfxtp_2)
                                                         u_fifo.mem[4][7] (net)
                      0.063116    0.000000    0.680222 ^ _1197_/A0 (sky130_fd_sc_hd__mux2_1)
     1    0.001537    0.059037    0.203621    0.883843 ^ _1197_/X (sky130_fd_sc_hd__mux2_1)
                                                         _0169_ (net)
                      0.059037    0.000000    0.883843 ^ _1666_/D (sky130_fd_sc_hd__dfxtp_2)
                                              0.883843   data arrival time

                      0.150000    0.000000    0.000000   clock clk_10mhz (rise edge)
                                  0.000000    0.000000   clock network delay (ideal)
                                  0.250000    0.250000   clock uncertainty
                                  0.000000    0.250000   clock reconvergence pessimism
                                              0.250000 ^ _1666_/CLK (sky130_fd_sc_hd__dfxtp_2)
                                 -0.056688    0.193312   library hold time
                                              0.193312   data required time
---------------------------------------------------------------------------------------------
                                              0.193312   data required time
                                             -0.883843   data arrival time
---------------------------------------------------------------------------------------------
                                              0.690531   slack (MET)


Startpoint: _1605_ (rising edge-triggered flip-flop clocked by clk_10mhz)
Endpoint: _1605_ (rising edge-triggered flip-flop clocked by clk_10mhz)
Path Group: clk_10mhz
Path Type: min

Fanout         Cap        Slew       Delay        Time   Description
---------------------------------------------------------------------------------------------
                      0.150000    0.000000    0.000000   clock clk_10mhz (rise edge)
                                  0.000000    0.000000   clock network delay (ideal)
                      0.150000    0.000000    0.000000 ^ _1605_/CLK (sky130_fd_sc_hd__dfxtp_2)
     2    0.004039    0.063116    0.680222    0.680222 ^ _1605_/Q (sky130_fd_sc_hd__dfxtp_2)
                                                         u_fifo.mem[10][2] (net)
                      0.063116    0.000000    0.680222 ^ _1126_/A0 (sky130_fd_sc_hd__mux2_1)
     1    0.001537    0.059041    0.203621    0.883843 ^ _1126_/X (sky130_fd_sc_hd__mux2_1)
                                                         _0108_ (net)
                      0.059041    0.000000    0.883843 ^ _1605_/D (sky130_fd_sc_hd__dfxtp_2)
                                              0.883843   data arrival time

                      0.150000    0.000000    0.000000   clock clk_10mhz (rise edge)
                                  0.000000    0.000000   clock network delay (ideal)
                                  0.250000    0.250000   clock uncertainty
                                  0.000000    0.250000   clock reconvergence pessimism
                                              0.250000 ^ _1605_/CLK (sky130_fd_sc_hd__dfxtp_2)
                                 -0.056689    0.193311   library hold time
                                              0.193311   data required time
---------------------------------------------------------------------------------------------
                                              0.193311   data required time
                                             -0.883843   data arrival time
---------------------------------------------------------------------------------------------
                                              0.690532   slack (MET)


Startpoint: _1606_ (rising edge-triggered flip-flop clocked by clk_10mhz)
Endpoint: _1606_ (rising edge-triggered flip-flop clocked by clk_10mhz)
Path Group: clk_10mhz
Path Type: min

Fanout         Cap        Slew       Delay        Time   Description
---------------------------------------------------------------------------------------------
                      0.150000    0.000000    0.000000   clock clk_10mhz (rise edge)
                                  0.000000    0.000000   clock network delay (ideal)
                      0.150000    0.000000    0.000000 ^ _1606_/CLK (sky130_fd_sc_hd__dfxtp_2)
     2    0.004039    0.063116    0.680222    0.680222 ^ _1606_/Q (sky130_fd_sc_hd__dfxtp_2)
                                                         u_fifo.mem[10][3] (net)
                      0.063116    0.000000    0.680222 ^ _1127_/A0 (sky130_fd_sc_hd__mux2_1)
     1    0.001537    0.059041    0.203621    0.883843 ^ _1127_/X (sky130_fd_sc_hd__mux2_1)
                                                         _0109_ (net)
                      0.059041    0.000000    0.883843 ^ _1606_/D (sky130_fd_sc_hd__dfxtp_2)
                                              0.883843   data arrival time

                      0.150000    0.000000    0.000000   clock clk_10mhz (rise edge)
                                  0.000000    0.000000   clock network delay (ideal)
                                  0.250000    0.250000   clock uncertainty
                                  0.000000    0.250000   clock reconvergence pessimism
                                              0.250000 ^ _1606_/CLK (sky130_fd_sc_hd__dfxtp_2)
                                 -0.056689    0.193311   library hold time
                                              0.193311   data required time
---------------------------------------------------------------------------------------------
                                              0.193311   data required time
                                             -0.883843   data arrival time
---------------------------------------------------------------------------------------------
                                              0.690532   slack (MET)


Startpoint: _1634_ (rising edge-triggered flip-flop clocked by clk_10mhz)
Endpoint: _1634_ (rising edge-triggered flip-flop clocked by clk_10mhz)
Path Group: clk_10mhz
Path Type: min

Fanout         Cap        Slew       Delay        Time   Description
---------------------------------------------------------------------------------------------
                      0.150000    0.000000    0.000000   clock clk_10mhz (rise edge)
                                  0.000000    0.000000   clock network delay (ideal)
                      0.150000    0.000000    0.000000 ^ _1634_/CLK (sky130_fd_sc_hd__dfxtp_2)
     2    0.004039    0.063116    0.680222    0.680222 ^ _1634_/Q (sky130_fd_sc_hd__dfxtp_2)
                                                         u_fifo.mem[14][7] (net)
                      0.063116    0.000000    0.680222 ^ _1160_/A0 (sky130_fd_sc_hd__mux2_1)
     1    0.001537    0.059041    0.203621    0.883843 ^ _1160_/X (sky130_fd_sc_hd__mux2_1)
                                                         _0137_ (net)
                      0.059041    0.000000    0.883843 ^ _1634_/D (sky130_fd_sc_hd__dfxtp_2)
                                              0.883843   data arrival time

                      0.150000    0.000000    0.000000   clock clk_10mhz (rise edge)
                                  0.000000    0.000000   clock network delay (ideal)
                                  0.250000    0.250000   clock uncertainty
                                  0.000000    0.250000   clock reconvergence pessimism
                                              0.250000 ^ _1634_/CLK (sky130_fd_sc_hd__dfxtp_2)
                                 -0.056689    0.193311   library hold time
                                              0.193311   data required time
---------------------------------------------------------------------------------------------
                                              0.193311   data required time
                                             -0.883843   data arrival time
---------------------------------------------------------------------------------------------
                                              0.690532   slack (MET)


Startpoint: _1651_ (rising edge-triggered flip-flop clocked by clk_10mhz)
Endpoint: _1651_ (rising edge-triggered flip-flop clocked by clk_10mhz)
Path Group: clk_10mhz
Path Type: min

Fanout         Cap        Slew       Delay        Time   Description
---------------------------------------------------------------------------------------------
                      0.150000    0.000000    0.000000   clock clk_10mhz (rise edge)
                                  0.000000    0.000000   clock network delay (ideal)
                      0.150000    0.000000    0.000000 ^ _1651_/CLK (sky130_fd_sc_hd__dfxtp_2)
     2    0.004039    0.063116    0.680222    0.680222 ^ _1651_/Q (sky130_fd_sc_hd__dfxtp_2)
                                                         u_fifo.mem[5][0] (net)
                      0.063116    0.000000    0.680222 ^ _1181_/A0 (sky130_fd_sc_hd__mux2_1)
     1    0.001537    0.059041    0.203621    0.883843 ^ _1181_/X (sky130_fd_sc_hd__mux2_1)
                                                         _0154_ (net)
                      0.059041    0.000000    0.883843 ^ _1651_/D (sky130_fd_sc_hd__dfxtp_2)
                                              0.883843   data arrival time

                      0.150000    0.000000    0.000000   clock clk_10mhz (rise edge)
                                  0.000000    0.000000   clock network delay (ideal)
                                  0.250000    0.250000   clock uncertainty
                                  0.000000    0.250000   clock reconvergence pessimism
                                              0.250000 ^ _1651_/CLK (sky130_fd_sc_hd__dfxtp_2)
                                 -0.056689    0.193311   library hold time
                                              0.193311   data required time
---------------------------------------------------------------------------------------------
                                              0.193311   data required time
                                             -0.883843   data arrival time
---------------------------------------------------------------------------------------------
                                              0.690532   slack (MET)


Startpoint: _1656_ (rising edge-triggered flip-flop clocked by clk_10mhz)
Endpoint: _1656_ (rising edge-triggered flip-flop clocked by clk_10mhz)
Path Group: clk_10mhz
Path Type: min

Fanout         Cap        Slew       Delay        Time   Description
---------------------------------------------------------------------------------------------
                      0.150000    0.000000    0.000000   clock clk_10mhz (rise edge)
                                  0.000000    0.000000   clock network delay (ideal)
                      0.150000    0.000000    0.000000 ^ _1656_/CLK (sky130_fd_sc_hd__dfxtp_2)
     2    0.004039    0.063116    0.680222    0.680222 ^ _1656_/Q (sky130_fd_sc_hd__dfxtp_2)
                                                         u_fifo.mem[5][5] (net)
                      0.063116    0.000000    0.680222 ^ _1186_/A0 (sky130_fd_sc_hd__mux2_1)
     1    0.001537    0.059041    0.203621    0.883843 ^ _1186_/X (sky130_fd_sc_hd__mux2_1)
                                                         _0159_ (net)
                      0.059041    0.000000    0.883843 ^ _1656_/D (sky130_fd_sc_hd__dfxtp_2)
                                              0.883843   data arrival time

                      0.150000    0.000000    0.000000   clock clk_10mhz (rise edge)
                                  0.000000    0.000000   clock network delay (ideal)
                                  0.250000    0.250000   clock uncertainty
                                  0.000000    0.250000   clock reconvergence pessimism
                                              0.250000 ^ _1656_/CLK (sky130_fd_sc_hd__dfxtp_2)
                                 -0.056689    0.193311   library hold time
                                              0.193311   data required time
---------------------------------------------------------------------------------------------
                                              0.193311   data required time
                                             -0.883843   data arrival time
---------------------------------------------------------------------------------------------
                                              0.690532   slack (MET)


Startpoint: _1702_ (rising edge-triggered flip-flop clocked by clk_10mhz)
Endpoint: _1702_ (rising edge-triggered flip-flop clocked by clk_10mhz)
Path Group: clk_10mhz
Path Type: min

Fanout         Cap        Slew       Delay        Time   Description
---------------------------------------------------------------------------------------------
                      0.150000    0.000000    0.000000   clock clk_10mhz (rise edge)
                                  0.000000    0.000000   clock network delay (ideal)
                      0.150000    0.000000    0.000000 ^ _1702_/CLK (sky130_fd_sc_hd__dfxtp_2)
     2    0.004075    0.063370    0.680500    0.680500 ^ _1702_/Q (sky130_fd_sc_hd__dfxtp_2)
                                                         u_fifo.mem[0][3] (net)
                      0.063370    0.000000    0.680500 ^ _1239_/A0 (sky130_fd_sc_hd__mux2_1)
     1    0.001537    0.059037    0.203731    0.884232 ^ _1239_/X (sky130_fd_sc_hd__mux2_1)
                                                         _0205_ (net)
                      0.059037    0.000000    0.884232 ^ _1702_/D (sky130_fd_sc_hd__dfxtp_2)
                                              0.884232   data arrival time

                      0.150000    0.000000    0.000000   clock clk_10mhz (rise edge)
                                  0.000000    0.000000   clock network delay (ideal)
                                  0.250000    0.250000   clock uncertainty
                                  0.000000    0.250000   clock reconvergence pessimism
                                              0.250000 ^ _1702_/CLK (sky130_fd_sc_hd__dfxtp_2)
                                 -0.056688    0.193312   library hold time
                                              0.193312   data required time
---------------------------------------------------------------------------------------------
                                              0.193312   data required time
                                             -0.884232   data arrival time
---------------------------------------------------------------------------------------------
                                              0.690920   slack (MET)


Startpoint: _1639_ (rising edge-triggered flip-flop clocked by clk_10mhz)
Endpoint: _1639_ (rising edge-triggered flip-flop clocked by clk_10mhz)
Path Group: clk_10mhz
Path Type: min

Fanout         Cap        Slew       Delay        Time   Description
---------------------------------------------------------------------------------------------
                      0.150000    0.000000    0.000000   clock clk_10mhz (rise edge)
                                  0.000000    0.000000   clock network delay (ideal)
                      0.150000    0.000000    0.000000 ^ _1639_/CLK (sky130_fd_sc_hd__dfxtp_2)
     2    0.004078    0.063392    0.680524    0.680524 ^ _1639_/Q (sky130_fd_sc_hd__dfxtp_2)
                                                         u_fifo.mem[7][4] (net)
                      0.063392    0.000000    0.680524 ^ _1167_/A0 (sky130_fd_sc_hd__mux2_1)
     1    0.001537    0.059029    0.203740    0.884264 ^ _1167_/X (sky130_fd_sc_hd__mux2_1)
                                                         _0142_ (net)
                      0.059029    0.000000    0.884264 ^ _1639_/D (sky130_fd_sc_hd__dfxtp_2)
                                              0.884264   data arrival time

                      0.150000    0.000000    0.000000   clock clk_10mhz (rise edge)
                                  0.000000    0.000000   clock network delay (ideal)
                                  0.250000    0.250000   clock uncertainty
                                  0.000000    0.250000   clock reconvergence pessimism
                                              0.250000 ^ _1639_/CLK (sky130_fd_sc_hd__dfxtp_2)
                                 -0.056686    0.193314   library hold time
                                              0.193314   data required time
---------------------------------------------------------------------------------------------
                                              0.193314   data required time
                                             -0.884264   data arrival time
---------------------------------------------------------------------------------------------
                                              0.690950   slack (MET)


Startpoint: _1642_ (rising edge-triggered flip-flop clocked by clk_10mhz)
Endpoint: _1642_ (rising edge-triggered flip-flop clocked by clk_10mhz)
Path Group: clk_10mhz
Path Type: min

Fanout         Cap        Slew       Delay        Time   Description
---------------------------------------------------------------------------------------------
                      0.150000    0.000000    0.000000   clock clk_10mhz (rise edge)
                                  0.000000    0.000000   clock network delay (ideal)
                      0.150000    0.000000    0.000000 ^ _1642_/CLK (sky130_fd_sc_hd__dfxtp_2)
     2    0.004078    0.063392    0.680524    0.680524 ^ _1642_/Q (sky130_fd_sc_hd__dfxtp_2)
                                                         u_fifo.mem[7][7] (net)
                      0.063392    0.000000    0.680524 ^ _1170_/A0 (sky130_fd_sc_hd__mux2_1)
     1    0.001537    0.059029    0.203740    0.884264 ^ _1170_/X (sky130_fd_sc_hd__mux2_1)
                                                         _0145_ (net)
                      0.059029    0.000000    0.884264 ^ _1642_/D (sky130_fd_sc_hd__dfxtp_2)
                                              0.884264   data arrival time

                      0.150000    0.000000    0.000000   clock clk_10mhz (rise edge)
                                  0.000000    0.000000   clock network delay (ideal)
                                  0.250000    0.250000   clock uncertainty
                                  0.000000    0.250000   clock reconvergence pessimism
                                              0.250000 ^ _1642_/CLK (sky130_fd_sc_hd__dfxtp_2)
                                 -0.056686    0.193314   library hold time
                                              0.193314   data required time
---------------------------------------------------------------------------------------------
                                              0.193314   data required time
                                             -0.884264   data arrival time
---------------------------------------------------------------------------------------------
                                              0.690950   slack (MET)


Startpoint: _1669_ (rising edge-triggered flip-flop clocked by clk_10mhz)
Endpoint: _1669_ (rising edge-triggered flip-flop clocked by clk_10mhz)
Path Group: clk_10mhz
Path Type: min

Fanout         Cap        Slew       Delay        Time   Description
---------------------------------------------------------------------------------------------
                      0.150000    0.000000    0.000000   clock clk_10mhz (rise edge)
                                  0.000000    0.000000   clock network delay (ideal)
                      0.150000    0.000000    0.000000 ^ _1669_/CLK (sky130_fd_sc_hd__dfxtp_2)
     2    0.004078    0.063392    0.680524    0.680524 ^ _1669_/Q (sky130_fd_sc_hd__dfxtp_2)
                                                         u_fifo.mem[3][2] (net)
                      0.063392    0.000000    0.680524 ^ _1202_/A0 (sky130_fd_sc_hd__mux2_1)
     1    0.001537    0.059029    0.203740    0.884264 ^ _1202_/X (sky130_fd_sc_hd__mux2_1)
                                                         _0172_ (net)
                      0.059029    0.000000    0.884264 ^ _1669_/D (sky130_fd_sc_hd__dfxtp_2)
                                              0.884264   data arrival time

                      0.150000    0.000000    0.000000   clock clk_10mhz (rise edge)
                                  0.000000    0.000000   clock network delay (ideal)
                                  0.250000    0.250000   clock uncertainty
                                  0.000000    0.250000   clock reconvergence pessimism
                                              0.250000 ^ _1669_/CLK (sky130_fd_sc_hd__dfxtp_2)
                                 -0.056686    0.193314   library hold time
                                              0.193314   data required time
---------------------------------------------------------------------------------------------
                                              0.193314   data required time
                                             -0.884264   data arrival time
---------------------------------------------------------------------------------------------
                                              0.690950   slack (MET)


Startpoint: _1672_ (rising edge-triggered flip-flop clocked by clk_10mhz)
Endpoint: _1672_ (rising edge-triggered flip-flop clocked by clk_10mhz)
Path Group: clk_10mhz
Path Type: min

Fanout         Cap        Slew       Delay        Time   Description
---------------------------------------------------------------------------------------------
                      0.150000    0.000000    0.000000   clock clk_10mhz (rise edge)
                                  0.000000    0.000000   clock network delay (ideal)
                      0.150000    0.000000    0.000000 ^ _1672_/CLK (sky130_fd_sc_hd__dfxtp_2)
     2    0.004078    0.063392    0.680524    0.680524 ^ _1672_/Q (sky130_fd_sc_hd__dfxtp_2)
                                                         u_fifo.mem[3][5] (net)
                      0.063392    0.000000    0.680524 ^ _1205_/A0 (sky130_fd_sc_hd__mux2_1)
     1    0.001537    0.059029    0.203740    0.884264 ^ _1205_/X (sky130_fd_sc_hd__mux2_1)
                                                         _0175_ (net)
                      0.059029    0.000000    0.884264 ^ _1672_/D (sky130_fd_sc_hd__dfxtp_2)
                                              0.884264   data arrival time

                      0.150000    0.000000    0.000000   clock clk_10mhz (rise edge)
                                  0.000000    0.000000   clock network delay (ideal)
                                  0.250000    0.250000   clock uncertainty
                                  0.000000    0.250000   clock reconvergence pessimism
                                              0.250000 ^ _1672_/CLK (sky130_fd_sc_hd__dfxtp_2)
                                 -0.056686    0.193314   library hold time
                                              0.193314   data required time
---------------------------------------------------------------------------------------------
                                              0.193314   data required time
                                             -0.884264   data arrival time
---------------------------------------------------------------------------------------------
                                              0.690950   slack (MET)


Startpoint: _1674_ (rising edge-triggered flip-flop clocked by clk_10mhz)
Endpoint: _1674_ (rising edge-triggered flip-flop clocked by clk_10mhz)
Path Group: clk_10mhz
Path Type: min

Fanout         Cap        Slew       Delay        Time   Description
---------------------------------------------------------------------------------------------
                      0.150000    0.000000    0.000000   clock clk_10mhz (rise edge)
                                  0.000000    0.000000   clock network delay (ideal)
                      0.150000    0.000000    0.000000 ^ _1674_/CLK (sky130_fd_sc_hd__dfxtp_2)
     2    0.004078    0.063392    0.680524    0.680524 ^ _1674_/Q (sky130_fd_sc_hd__dfxtp_2)
                                                         u_fifo.mem[3][7] (net)
                      0.063392    0.000000    0.680524 ^ _1207_/A0 (sky130_fd_sc_hd__mux2_1)
     1    0.001537    0.059029    0.203740    0.884264 ^ _1207_/X (sky130_fd_sc_hd__mux2_1)
                                                         _0177_ (net)
                      0.059029    0.000000    0.884264 ^ _1674_/D (sky130_fd_sc_hd__dfxtp_2)
                                              0.884264   data arrival time

                      0.150000    0.000000    0.000000   clock clk_10mhz (rise edge)
                                  0.000000    0.000000   clock network delay (ideal)
                                  0.250000    0.250000   clock uncertainty
                                  0.000000    0.250000   clock reconvergence pessimism
                                              0.250000 ^ _1674_/CLK (sky130_fd_sc_hd__dfxtp_2)
                                 -0.056686    0.193314   library hold time
                                              0.193314   data required time
---------------------------------------------------------------------------------------------
                                              0.193314   data required time
                                             -0.884264   data arrival time
---------------------------------------------------------------------------------------------
                                              0.690950   slack (MET)


Startpoint: _1659_ (rising edge-triggered flip-flop clocked by clk_10mhz)
Endpoint: _1659_ (rising edge-triggered flip-flop clocked by clk_10mhz)
Path Group: clk_10mhz
Path Type: min

Fanout         Cap        Slew       Delay        Time   Description
---------------------------------------------------------------------------------------------
                      0.150000    0.000000    0.000000   clock clk_10mhz (rise edge)
                                  0.000000    0.000000   clock network delay (ideal)
                      0.150000    0.000000    0.000000 ^ _1659_/CLK (sky130_fd_sc_hd__dfxtp_2)
     2    0.004078    0.063392    0.680524    0.680524 ^ _1659_/Q (sky130_fd_sc_hd__dfxtp_2)
                                                         u_fifo.mem[4][0] (net)
                      0.063392    0.000000    0.680524 ^ _1190_/A0 (sky130_fd_sc_hd__mux2_1)
     1    0.001537    0.059037    0.203740    0.884264 ^ _1190_/X (sky130_fd_sc_hd__mux2_1)
                                                         _0162_ (net)
                      0.059037    0.000000    0.884264 ^ _1659_/D (sky130_fd_sc_hd__dfxtp_2)
                                              0.884264   data arrival time

                      0.150000    0.000000    0.000000   clock clk_10mhz (rise edge)
                                  0.000000    0.000000   clock network delay (ideal)
                                  0.250000    0.250000   clock uncertainty
                                  0.000000    0.250000   clock reconvergence pessimism
                                              0.250000 ^ _1659_/CLK (sky130_fd_sc_hd__dfxtp_2)
                                 -0.056688    0.193312   library hold time
                                              0.193312   data required time
---------------------------------------------------------------------------------------------
                                              0.193312   data required time
                                             -0.884264   data arrival time
---------------------------------------------------------------------------------------------
                                              0.690952   slack (MET)


Startpoint: _1660_ (rising edge-triggered flip-flop clocked by clk_10mhz)
Endpoint: _1660_ (rising edge-triggered flip-flop clocked by clk_10mhz)
Path Group: clk_10mhz
Path Type: min

Fanout         Cap        Slew       Delay        Time   Description
---------------------------------------------------------------------------------------------
                      0.150000    0.000000    0.000000   clock clk_10mhz (rise edge)
                                  0.000000    0.000000   clock network delay (ideal)
                      0.150000    0.000000    0.000000 ^ _1660_/CLK (sky130_fd_sc_hd__dfxtp_2)
     2    0.004078    0.063392    0.680524    0.680524 ^ _1660_/Q (sky130_fd_sc_hd__dfxtp_2)
                                                         u_fifo.mem[4][1] (net)
                      0.063392    0.000000    0.680524 ^ _1191_/A0 (sky130_fd_sc_hd__mux2_1)
     1    0.001537    0.059037    0.203740    0.884264 ^ _1191_/X (sky130_fd_sc_hd__mux2_1)
                                                         _0163_ (net)
                      0.059037    0.000000    0.884264 ^ _1660_/D (sky130_fd_sc_hd__dfxtp_2)
                                              0.884264   data arrival time

                      0.150000    0.000000    0.000000   clock clk_10mhz (rise edge)
                                  0.000000    0.000000   clock network delay (ideal)
                                  0.250000    0.250000   clock uncertainty
                                  0.000000    0.250000   clock reconvergence pessimism
                                              0.250000 ^ _1660_/CLK (sky130_fd_sc_hd__dfxtp_2)
                                 -0.056688    0.193312   library hold time
                                              0.193312   data required time
---------------------------------------------------------------------------------------------
                                              0.193312   data required time
                                             -0.884264   data arrival time
---------------------------------------------------------------------------------------------
                                              0.690952   slack (MET)


Startpoint: _1627_ (rising edge-triggered flip-flop clocked by clk_10mhz)
Endpoint: _1627_ (rising edge-triggered flip-flop clocked by clk_10mhz)
Path Group: clk_10mhz
Path Type: min

Fanout         Cap        Slew       Delay        Time   Description
---------------------------------------------------------------------------------------------
                      0.150000    0.000000    0.000000   clock clk_10mhz (rise edge)
                                  0.000000    0.000000   clock network delay (ideal)
                      0.150000    0.000000    0.000000 ^ _1627_/CLK (sky130_fd_sc_hd__dfxtp_2)
     2    0.004078    0.063392    0.680524    0.680524 ^ _1627_/Q (sky130_fd_sc_hd__dfxtp_2)
                                                         u_fifo.mem[14][0] (net)
                      0.063392    0.000000    0.680524 ^ _1153_/A0 (sky130_fd_sc_hd__mux2_1)
     1    0.001537    0.059041    0.203740    0.884264 ^ _1153_/X (sky130_fd_sc_hd__mux2_1)
                                                         _0130_ (net)
                      0.059041    0.000000    0.884264 ^ _1627_/D (sky130_fd_sc_hd__dfxtp_2)
                                              0.884264   data arrival time

                      0.150000    0.000000    0.000000   clock clk_10mhz (rise edge)
                                  0.000000    0.000000   clock network delay (ideal)
                                  0.250000    0.250000   clock uncertainty
                                  0.000000    0.250000   clock reconvergence pessimism
                                              0.250000 ^ _1627_/CLK (sky130_fd_sc_hd__dfxtp_2)
                                 -0.056689    0.193311   library hold time
                                              0.193311   data required time
---------------------------------------------------------------------------------------------
                                              0.193311   data required time
                                             -0.884264   data arrival time
---------------------------------------------------------------------------------------------
                                              0.690953   slack (MET)


Startpoint: _1628_ (rising edge-triggered flip-flop clocked by clk_10mhz)
Endpoint: _1628_ (rising edge-triggered flip-flop clocked by clk_10mhz)
Path Group: clk_10mhz
Path Type: min

Fanout         Cap        Slew       Delay        Time   Description
---------------------------------------------------------------------------------------------
                      0.150000    0.000000    0.000000   clock clk_10mhz (rise edge)
                                  0.000000    0.000000   clock network delay (ideal)
                      0.150000    0.000000    0.000000 ^ _1628_/CLK (sky130_fd_sc_hd__dfxtp_2)
     2    0.004078    0.063392    0.680524    0.680524 ^ _1628_/Q (sky130_fd_sc_hd__dfxtp_2)
                                                         u_fifo.mem[14][1] (net)
                      0.063392    0.000000    0.680524 ^ _1154_/A0 (sky130_fd_sc_hd__mux2_1)
     1    0.001537    0.059041    0.203740    0.884264 ^ _1154_/X (sky130_fd_sc_hd__mux2_1)
                                                         _0131_ (net)
                      0.059041    0.000000    0.884264 ^ _1628_/D (sky130_fd_sc_hd__dfxtp_2)
                                              0.884264   data arrival time

                      0.150000    0.000000    0.000000   clock clk_10mhz (rise edge)
                                  0.000000    0.000000   clock network delay (ideal)
                                  0.250000    0.250000   clock uncertainty
                                  0.000000    0.250000   clock reconvergence pessimism
                                              0.250000 ^ _1628_/CLK (sky130_fd_sc_hd__dfxtp_2)
                                 -0.056689    0.193311   library hold time
                                              0.193311   data required time
---------------------------------------------------------------------------------------------
                                              0.193311   data required time
                                             -0.884264   data arrival time
---------------------------------------------------------------------------------------------
                                              0.690953   slack (MET)


Startpoint: _1629_ (rising edge-triggered flip-flop clocked by clk_10mhz)
Endpoint: _1629_ (rising edge-triggered flip-flop clocked by clk_10mhz)
Path Group: clk_10mhz
Path Type: min

Fanout         Cap        Slew       Delay        Time   Description
---------------------------------------------------------------------------------------------
                      0.150000    0.000000    0.000000   clock clk_10mhz (rise edge)
                                  0.000000    0.000000   clock network delay (ideal)
                      0.150000    0.000000    0.000000 ^ _1629_/CLK (sky130_fd_sc_hd__dfxtp_2)
     2    0.004078    0.063392    0.680524    0.680524 ^ _1629_/Q (sky130_fd_sc_hd__dfxtp_2)
                                                         u_fifo.mem[14][2] (net)
                      0.063392    0.000000    0.680524 ^ _1155_/A0 (sky130_fd_sc_hd__mux2_1)
     1    0.001537    0.059041    0.203740    0.884264 ^ _1155_/X (sky130_fd_sc_hd__mux2_1)
                                                         _0132_ (net)
                      0.059041    0.000000    0.884264 ^ _1629_/D (sky130_fd_sc_hd__dfxtp_2)
                                              0.884264   data arrival time

                      0.150000    0.000000    0.000000   clock clk_10mhz (rise edge)
                                  0.000000    0.000000   clock network delay (ideal)
                                  0.250000    0.250000   clock uncertainty
                                  0.000000    0.250000   clock reconvergence pessimism
                                              0.250000 ^ _1629_/CLK (sky130_fd_sc_hd__dfxtp_2)
                                 -0.056689    0.193311   library hold time
                                              0.193311   data required time
---------------------------------------------------------------------------------------------
                                              0.193311   data required time
                                             -0.884264   data arrival time
---------------------------------------------------------------------------------------------
                                              0.690953   slack (MET)


Startpoint: _1630_ (rising edge-triggered flip-flop clocked by clk_10mhz)
Endpoint: _1630_ (rising edge-triggered flip-flop clocked by clk_10mhz)
Path Group: clk_10mhz
Path Type: min

Fanout         Cap        Slew       Delay        Time   Description
---------------------------------------------------------------------------------------------
                      0.150000    0.000000    0.000000   clock clk_10mhz (rise edge)
                                  0.000000    0.000000   clock network delay (ideal)
                      0.150000    0.000000    0.000000 ^ _1630_/CLK (sky130_fd_sc_hd__dfxtp_2)
     2    0.004078    0.063392    0.680524    0.680524 ^ _1630_/Q (sky130_fd_sc_hd__dfxtp_2)
                                                         u_fifo.mem[14][3] (net)
                      0.063392    0.000000    0.680524 ^ _1156_/A0 (sky130_fd_sc_hd__mux2_1)
     1    0.001537    0.059041    0.203740    0.884264 ^ _1156_/X (sky130_fd_sc_hd__mux2_1)
                                                         _0133_ (net)
                      0.059041    0.000000    0.884264 ^ _1630_/D (sky130_fd_sc_hd__dfxtp_2)
                                              0.884264   data arrival time

                      0.150000    0.000000    0.000000   clock clk_10mhz (rise edge)
                                  0.000000    0.000000   clock network delay (ideal)
                                  0.250000    0.250000   clock uncertainty
                                  0.000000    0.250000   clock reconvergence pessimism
                                              0.250000 ^ _1630_/CLK (sky130_fd_sc_hd__dfxtp_2)
                                 -0.056689    0.193311   library hold time
                                              0.193311   data required time
---------------------------------------------------------------------------------------------
                                              0.193311   data required time
                                             -0.884264   data arrival time
---------------------------------------------------------------------------------------------
                                              0.690953   slack (MET)


Startpoint: _1631_ (rising edge-triggered flip-flop clocked by clk_10mhz)
Endpoint: _1631_ (rising edge-triggered flip-flop clocked by clk_10mhz)
Path Group: clk_10mhz
Path Type: min

Fanout         Cap        Slew       Delay        Time   Description
---------------------------------------------------------------------------------------------
                      0.150000    0.000000    0.000000   clock clk_10mhz (rise edge)
                                  0.000000    0.000000   clock network delay (ideal)
                      0.150000    0.000000    0.000000 ^ _1631_/CLK (sky130_fd_sc_hd__dfxtp_2)
     2    0.004078    0.063392    0.680524    0.680524 ^ _1631_/Q (sky130_fd_sc_hd__dfxtp_2)
                                                         u_fifo.mem[14][4] (net)
                      0.063392    0.000000    0.680524 ^ _1157_/A0 (sky130_fd_sc_hd__mux2_1)
     1    0.001537    0.059041    0.203740    0.884264 ^ _1157_/X (sky130_fd_sc_hd__mux2_1)
                                                         _0134_ (net)
                      0.059041    0.000000    0.884264 ^ _1631_/D (sky130_fd_sc_hd__dfxtp_2)
                                              0.884264   data arrival time

                      0.150000    0.000000    0.000000   clock clk_10mhz (rise edge)
                                  0.000000    0.000000   clock network delay (ideal)
                                  0.250000    0.250000   clock uncertainty
                                  0.000000    0.250000   clock reconvergence pessimism
                                              0.250000 ^ _1631_/CLK (sky130_fd_sc_hd__dfxtp_2)
                                 -0.056689    0.193311   library hold time
                                              0.193311   data required time
---------------------------------------------------------------------------------------------
                                              0.193311   data required time
                                             -0.884264   data arrival time
---------------------------------------------------------------------------------------------
                                              0.690953   slack (MET)


Startpoint: _1648_ (rising edge-triggered flip-flop clocked by clk_10mhz)
Endpoint: _1648_ (rising edge-triggered flip-flop clocked by clk_10mhz)
Path Group: clk_10mhz
Path Type: min

Fanout         Cap        Slew       Delay        Time   Description
---------------------------------------------------------------------------------------------
                      0.150000    0.000000    0.000000   clock clk_10mhz (rise edge)
                                  0.000000    0.000000   clock network delay (ideal)
                      0.150000    0.000000    0.000000 ^ _1648_/CLK (sky130_fd_sc_hd__dfxtp_2)
     2    0.004078    0.063392    0.680524    0.680524 ^ _1648_/Q (sky130_fd_sc_hd__dfxtp_2)
                                                         u_fifo.mem[6][5] (net)
                      0.063392    0.000000    0.680524 ^ _1177_/A0 (sky130_fd_sc_hd__mux2_1)
     1    0.001537    0.059041    0.203740    0.884264 ^ _1177_/X (sky130_fd_sc_hd__mux2_1)
                                                         _0151_ (net)
                      0.059041    0.000000    0.884264 ^ _1648_/D (sky130_fd_sc_hd__dfxtp_2)
                                              0.884264   data arrival time

                      0.150000    0.000000    0.000000   clock clk_10mhz (rise edge)
                                  0.000000    0.000000   clock network delay (ideal)
                                  0.250000    0.250000   clock uncertainty
                                  0.000000    0.250000   clock reconvergence pessimism
                                              0.250000 ^ _1648_/CLK (sky130_fd_sc_hd__dfxtp_2)
                                 -0.056689    0.193311   library hold time
                                              0.193311   data required time
---------------------------------------------------------------------------------------------
                                              0.193311   data required time
                                             -0.884264   data arrival time
---------------------------------------------------------------------------------------------
                                              0.690953   slack (MET)


Startpoint: _1654_ (rising edge-triggered flip-flop clocked by clk_10mhz)
Endpoint: _1654_ (rising edge-triggered flip-flop clocked by clk_10mhz)
Path Group: clk_10mhz
Path Type: min

Fanout         Cap        Slew       Delay        Time   Description
---------------------------------------------------------------------------------------------
                      0.150000    0.000000    0.000000   clock clk_10mhz (rise edge)
                                  0.000000    0.000000   clock network delay (ideal)
                      0.150000    0.000000    0.000000 ^ _1654_/CLK (sky130_fd_sc_hd__dfxtp_2)
     2    0.004078    0.063392    0.680524    0.680524 ^ _1654_/Q (sky130_fd_sc_hd__dfxtp_2)
                                                         u_fifo.mem[5][3] (net)
                      0.063392    0.000000    0.680524 ^ _1184_/A0 (sky130_fd_sc_hd__mux2_1)
     1    0.001537    0.059041    0.203740    0.884264 ^ _1184_/X (sky130_fd_sc_hd__mux2_1)
                                                         _0157_ (net)
                      0.059041    0.000000    0.884264 ^ _1654_/D (sky130_fd_sc_hd__dfxtp_2)
                                              0.884264   data arrival time

                      0.150000    0.000000    0.000000   clock clk_10mhz (rise edge)
                                  0.000000    0.000000   clock network delay (ideal)
                                  0.250000    0.250000   clock uncertainty
                                  0.000000    0.250000   clock reconvergence pessimism
                                              0.250000 ^ _1654_/CLK (sky130_fd_sc_hd__dfxtp_2)
                                 -0.056689    0.193311   library hold time
                                              0.193311   data required time
---------------------------------------------------------------------------------------------
                                              0.193311   data required time
                                             -0.884264   data arrival time
---------------------------------------------------------------------------------------------
                                              0.690953   slack (MET)


Startpoint: _1697_ (rising edge-triggered flip-flop clocked by clk_10mhz)
Endpoint: _1697_ (rising edge-triggered flip-flop clocked by clk_10mhz)
Path Group: clk_10mhz
Path Type: min

Fanout         Cap        Slew       Delay        Time   Description
---------------------------------------------------------------------------------------------
                      0.150000    0.000000    0.000000   clock clk_10mhz (rise edge)
                                  0.000000    0.000000   clock network delay (ideal)
                      0.150000    0.000000    0.000000 ^ _1697_/CLK (sky130_fd_sc_hd__dfxtp_2)
     2    0.004078    0.063392    0.680524    0.680524 ^ _1697_/Q (sky130_fd_sc_hd__dfxtp_2)
                                                         u_fifo.mem[1][6] (net)
                      0.063392    0.000000    0.680524 ^ _1233_/A0 (sky130_fd_sc_hd__mux2_1)
     1    0.001537    0.059041    0.203740    0.884264 ^ _1233_/X (sky130_fd_sc_hd__mux2_1)
                                                         _0200_ (net)
                      0.059041    0.000000    0.884264 ^ _1697_/D (sky130_fd_sc_hd__dfxtp_2)
                                              0.884264   data arrival time

                      0.150000    0.000000    0.000000   clock clk_10mhz (rise edge)
                                  0.000000    0.000000   clock network delay (ideal)
                                  0.250000    0.250000   clock uncertainty
                                  0.000000    0.250000   clock reconvergence pessimism
                                              0.250000 ^ _1697_/CLK (sky130_fd_sc_hd__dfxtp_2)
                                 -0.056689    0.193311   library hold time
                                              0.193311   data required time
---------------------------------------------------------------------------------------------
                                              0.193311   data required time
                                             -0.884264   data arrival time
---------------------------------------------------------------------------------------------
                                              0.690953   slack (MET)


Startpoint: _1683_ (rising edge-triggered flip-flop clocked by clk_10mhz)
Endpoint: _1683_ (rising edge-triggered flip-flop clocked by clk_10mhz)
Path Group: clk_10mhz
Path Type: min

Fanout         Cap        Slew       Delay        Time   Description
---------------------------------------------------------------------------------------------
                      0.150000    0.000000    0.000000   clock clk_10mhz (rise edge)
                                  0.000000    0.000000   clock network delay (ideal)
                      0.150000    0.000000    0.000000 ^ _1683_/CLK (sky130_fd_sc_hd__dfxtp_2)
     2    0.004079    0.063399    0.680531    0.680531 ^ _1683_/Q (sky130_fd_sc_hd__dfxtp_2)
                                                         u_fifo.mem[2][0] (net)
                      0.063399    0.000000    0.680531 ^ _1218_/A0 (sky130_fd_sc_hd__mux2_1)
     1    0.001537    0.059041    0.203743    0.884275 ^ _1218_/X (sky130_fd_sc_hd__mux2_1)
                                                         _0186_ (net)
                      0.059041    0.000000    0.884275 ^ _1683_/D (sky130_fd_sc_hd__dfxtp_2)
                                              0.884275   data arrival time

                      0.150000    0.000000    0.000000   clock clk_10mhz (rise edge)
                                  0.000000    0.000000   clock network delay (ideal)
                                  0.250000    0.250000   clock uncertainty
                                  0.000000    0.250000   clock reconvergence pessimism
                                              0.250000 ^ _1683_/CLK (sky130_fd_sc_hd__dfxtp_2)
                                 -0.056689    0.193311   library hold time
                                              0.193311   data required time
---------------------------------------------------------------------------------------------
                                              0.193311   data required time
                                             -0.884275   data arrival time
---------------------------------------------------------------------------------------------
                                              0.690964   slack (MET)


Startpoint: _1685_ (rising edge-triggered flip-flop clocked by clk_10mhz)
Endpoint: _1685_ (rising edge-triggered flip-flop clocked by clk_10mhz)
Path Group: clk_10mhz
Path Type: min

Fanout         Cap        Slew       Delay        Time   Description
---------------------------------------------------------------------------------------------
                      0.150000    0.000000    0.000000   clock clk_10mhz (rise edge)
                                  0.000000    0.000000   clock network delay (ideal)
                      0.150000    0.000000    0.000000 ^ _1685_/CLK (sky130_fd_sc_hd__dfxtp_2)
     2    0.004079    0.063399    0.680531    0.680531 ^ _1685_/Q (sky130_fd_sc_hd__dfxtp_2)
                                                         u_fifo.mem[2][2] (net)
                      0.063399    0.000000    0.680531 ^ _1220_/A0 (sky130_fd_sc_hd__mux2_1)
     1    0.001537    0.059041    0.203743    0.884275 ^ _1220_/X (sky130_fd_sc_hd__mux2_1)
                                                         _0188_ (net)
                      0.059041    0.000000    0.884275 ^ _1685_/D (sky130_fd_sc_hd__dfxtp_2)
                                              0.884275   data arrival time

                      0.150000    0.000000    0.000000   clock clk_10mhz (rise edge)
                                  0.000000    0.000000   clock network delay (ideal)
                                  0.250000    0.250000   clock uncertainty
                                  0.000000    0.250000   clock reconvergence pessimism
                                              0.250000 ^ _1685_/CLK (sky130_fd_sc_hd__dfxtp_2)
                                 -0.056689    0.193311   library hold time
                                              0.193311   data required time
---------------------------------------------------------------------------------------------
                                              0.193311   data required time
                                             -0.884275   data arrival time
---------------------------------------------------------------------------------------------
                                              0.690964   slack (MET)


Startpoint: _1686_ (rising edge-triggered flip-flop clocked by clk_10mhz)
Endpoint: _1686_ (rising edge-triggered flip-flop clocked by clk_10mhz)
Path Group: clk_10mhz
Path Type: min

Fanout         Cap        Slew       Delay        Time   Description
---------------------------------------------------------------------------------------------
                      0.150000    0.000000    0.000000   clock clk_10mhz (rise edge)
                                  0.000000    0.000000   clock network delay (ideal)
                      0.150000    0.000000    0.000000 ^ _1686_/CLK (sky130_fd_sc_hd__dfxtp_2)
     2    0.004079    0.063399    0.680531    0.680531 ^ _1686_/Q (sky130_fd_sc_hd__dfxtp_2)
                                                         u_fifo.mem[2][3] (net)
                      0.063399    0.000000    0.680531 ^ _1221_/A0 (sky130_fd_sc_hd__mux2_1)
     1    0.001537    0.059041    0.203743    0.884275 ^ _1221_/X (sky130_fd_sc_hd__mux2_1)
                                                         _0189_ (net)
                      0.059041    0.000000    0.884275 ^ _1686_/D (sky130_fd_sc_hd__dfxtp_2)
                                              0.884275   data arrival time

                      0.150000    0.000000    0.000000   clock clk_10mhz (rise edge)
                                  0.000000    0.000000   clock network delay (ideal)
                                  0.250000    0.250000   clock uncertainty
                                  0.000000    0.250000   clock reconvergence pessimism
                                              0.250000 ^ _1686_/CLK (sky130_fd_sc_hd__dfxtp_2)
                                 -0.056689    0.193311   library hold time
                                              0.193311   data required time
---------------------------------------------------------------------------------------------
                                              0.193311   data required time
                                             -0.884275   data arrival time
---------------------------------------------------------------------------------------------
                                              0.690964   slack (MET)


Startpoint: _1687_ (rising edge-triggered flip-flop clocked by clk_10mhz)
Endpoint: _1687_ (rising edge-triggered flip-flop clocked by clk_10mhz)
Path Group: clk_10mhz
Path Type: min

Fanout         Cap        Slew       Delay        Time   Description
---------------------------------------------------------------------------------------------
                      0.150000    0.000000    0.000000   clock clk_10mhz (rise edge)
                                  0.000000    0.000000   clock network delay (ideal)
                      0.150000    0.000000    0.000000 ^ _1687_/CLK (sky130_fd_sc_hd__dfxtp_2)
     2    0.004079    0.063399    0.680531    0.680531 ^ _1687_/Q (sky130_fd_sc_hd__dfxtp_2)
                                                         u_fifo.mem[2][4] (net)
                      0.063399    0.000000    0.680531 ^ _1222_/A0 (sky130_fd_sc_hd__mux2_1)
     1    0.001537    0.059041    0.203743    0.884275 ^ _1222_/X (sky130_fd_sc_hd__mux2_1)
                                                         _0190_ (net)
                      0.059041    0.000000    0.884275 ^ _1687_/D (sky130_fd_sc_hd__dfxtp_2)
                                              0.884275   data arrival time

                      0.150000    0.000000    0.000000   clock clk_10mhz (rise edge)
                                  0.000000    0.000000   clock network delay (ideal)
                                  0.250000    0.250000   clock uncertainty
                                  0.000000    0.250000   clock reconvergence pessimism
                                              0.250000 ^ _1687_/CLK (sky130_fd_sc_hd__dfxtp_2)
                                 -0.056689    0.193311   library hold time
                                              0.193311   data required time
---------------------------------------------------------------------------------------------
                                              0.193311   data required time
                                             -0.884275   data arrival time
---------------------------------------------------------------------------------------------
                                              0.690964   slack (MET)


Startpoint: _1688_ (rising edge-triggered flip-flop clocked by clk_10mhz)
Endpoint: _1688_ (rising edge-triggered flip-flop clocked by clk_10mhz)
Path Group: clk_10mhz
Path Type: min

Fanout         Cap        Slew       Delay        Time   Description
---------------------------------------------------------------------------------------------
                      0.150000    0.000000    0.000000   clock clk_10mhz (rise edge)
                                  0.000000    0.000000   clock network delay (ideal)
                      0.150000    0.000000    0.000000 ^ _1688_/CLK (sky130_fd_sc_hd__dfxtp_2)
     2    0.004079    0.063399    0.680531    0.680531 ^ _1688_/Q (sky130_fd_sc_hd__dfxtp_2)
                                                         u_fifo.mem[2][5] (net)
                      0.063399    0.000000    0.680531 ^ _1223_/A0 (sky130_fd_sc_hd__mux2_1)
     1    0.001537    0.059041    0.203743    0.884275 ^ _1223_/X (sky130_fd_sc_hd__mux2_1)
                                                         _0191_ (net)
                      0.059041    0.000000    0.884275 ^ _1688_/D (sky130_fd_sc_hd__dfxtp_2)
                                              0.884275   data arrival time

                      0.150000    0.000000    0.000000   clock clk_10mhz (rise edge)
                                  0.000000    0.000000   clock network delay (ideal)
                                  0.250000    0.250000   clock uncertainty
                                  0.000000    0.250000   clock reconvergence pessimism
                                              0.250000 ^ _1688_/CLK (sky130_fd_sc_hd__dfxtp_2)
                                 -0.056689    0.193311   library hold time
                                              0.193311   data required time
---------------------------------------------------------------------------------------------
                                              0.193311   data required time
                                             -0.884275   data arrival time
---------------------------------------------------------------------------------------------
                                              0.690964   slack (MET)


Startpoint: _1689_ (rising edge-triggered flip-flop clocked by clk_10mhz)
Endpoint: _1689_ (rising edge-triggered flip-flop clocked by clk_10mhz)
Path Group: clk_10mhz
Path Type: min

Fanout         Cap        Slew       Delay        Time   Description
---------------------------------------------------------------------------------------------
                      0.150000    0.000000    0.000000   clock clk_10mhz (rise edge)
                                  0.000000    0.000000   clock network delay (ideal)
                      0.150000    0.000000    0.000000 ^ _1689_/CLK (sky130_fd_sc_hd__dfxtp_2)
     2    0.004079    0.063399    0.680531    0.680531 ^ _1689_/Q (sky130_fd_sc_hd__dfxtp_2)
                                                         u_fifo.mem[2][6] (net)
                      0.063399    0.000000    0.680531 ^ _1224_/A0 (sky130_fd_sc_hd__mux2_1)
     1    0.001537    0.059041    0.203743    0.884275 ^ _1224_/X (sky130_fd_sc_hd__mux2_1)
                                                         _0192_ (net)
                      0.059041    0.000000    0.884275 ^ _1689_/D (sky130_fd_sc_hd__dfxtp_2)
                                              0.884275   data arrival time

                      0.150000    0.000000    0.000000   clock clk_10mhz (rise edge)
                                  0.000000    0.000000   clock network delay (ideal)
                                  0.250000    0.250000   clock uncertainty
                                  0.000000    0.250000   clock reconvergence pessimism
                                              0.250000 ^ _1689_/CLK (sky130_fd_sc_hd__dfxtp_2)
                                 -0.056689    0.193311   library hold time
                                              0.193311   data required time
---------------------------------------------------------------------------------------------
                                              0.193311   data required time
                                             -0.884275   data arrival time
---------------------------------------------------------------------------------------------
                                              0.690964   slack (MET)


Startpoint: _1690_ (rising edge-triggered flip-flop clocked by clk_10mhz)
Endpoint: _1690_ (rising edge-triggered flip-flop clocked by clk_10mhz)
Path Group: clk_10mhz
Path Type: min

Fanout         Cap        Slew       Delay        Time   Description
---------------------------------------------------------------------------------------------
                      0.150000    0.000000    0.000000   clock clk_10mhz (rise edge)
                                  0.000000    0.000000   clock network delay (ideal)
                      0.150000    0.000000    0.000000 ^ _1690_/CLK (sky130_fd_sc_hd__dfxtp_2)
     2    0.004079    0.063399    0.680531    0.680531 ^ _1690_/Q (sky130_fd_sc_hd__dfxtp_2)
                                                         u_fifo.mem[2][7] (net)
                      0.063399    0.000000    0.680531 ^ _1225_/A0 (sky130_fd_sc_hd__mux2_1)
     1    0.001537    0.059041    0.203743    0.884275 ^ _1225_/X (sky130_fd_sc_hd__mux2_1)
                                                         _0193_ (net)
                      0.059041    0.000000    0.884275 ^ _1690_/D (sky130_fd_sc_hd__dfxtp_2)
                                              0.884275   data arrival time

                      0.150000    0.000000    0.000000   clock clk_10mhz (rise edge)
                                  0.000000    0.000000   clock network delay (ideal)
                                  0.250000    0.250000   clock uncertainty
                                  0.000000    0.250000   clock reconvergence pessimism
                                              0.250000 ^ _1690_/CLK (sky130_fd_sc_hd__dfxtp_2)
                                 -0.056689    0.193311   library hold time
                                              0.193311   data required time
---------------------------------------------------------------------------------------------
                                              0.193311   data required time
                                             -0.884275   data arrival time
---------------------------------------------------------------------------------------------
                                              0.690964   slack (MET)


Startpoint: _1626_ (rising edge-triggered flip-flop clocked by clk_10mhz)
Endpoint: _1626_ (rising edge-triggered flip-flop clocked by clk_10mhz)
Path Group: clk_10mhz
Path Type: min

Fanout         Cap        Slew       Delay        Time   Description
---------------------------------------------------------------------------------------------
                      0.150000    0.000000    0.000000   clock clk_10mhz (rise edge)
                                  0.000000    0.000000   clock network delay (ideal)
                      0.150000    0.000000    0.000000 ^ _1626_/CLK (sky130_fd_sc_hd__dfxtp_2)
     2    0.004111    0.063625    0.680779    0.680779 ^ _1626_/Q (sky130_fd_sc_hd__dfxtp_2)
                                                         u_fifo.mem[8][7] (net)
                      0.063625    0.000000    0.680779 ^ _1151_/A0 (sky130_fd_sc_hd__mux2_1)
     1    0.001537    0.059031    0.203841    0.884620 ^ _1151_/X (sky130_fd_sc_hd__mux2_1)
                                                         _0129_ (net)
                      0.059031    0.000000    0.884620 ^ _1626_/D (sky130_fd_sc_hd__dfxtp_2)
                                              0.884620   data arrival time

                      0.150000    0.000000    0.000000   clock clk_10mhz (rise edge)
                                  0.000000    0.000000   clock network delay (ideal)
                                  0.250000    0.250000   clock uncertainty
                                  0.000000    0.250000   clock reconvergence pessimism
                                              0.250000 ^ _1626_/CLK (sky130_fd_sc_hd__dfxtp_2)
                                 -0.056687    0.193313   library hold time
                                              0.193313   data required time
---------------------------------------------------------------------------------------------
                                              0.193313   data required time
                                             -0.884620   data arrival time
---------------------------------------------------------------------------------------------
                                              0.691307   slack (MET)


Startpoint: _1641_ (rising edge-triggered flip-flop clocked by clk_10mhz)
Endpoint: _1641_ (rising edge-triggered flip-flop clocked by clk_10mhz)
Path Group: clk_10mhz
Path Type: min

Fanout         Cap        Slew       Delay        Time   Description
---------------------------------------------------------------------------------------------
                      0.150000    0.000000    0.000000   clock clk_10mhz (rise edge)
                                  0.000000    0.000000   clock network delay (ideal)
                      0.150000    0.000000    0.000000 ^ _1641_/CLK (sky130_fd_sc_hd__dfxtp_2)
     2    0.004111    0.063625    0.680779    0.680779 ^ _1641_/Q (sky130_fd_sc_hd__dfxtp_2)
                                                         u_fifo.mem[7][6] (net)
                      0.063625    0.000000    0.680779 ^ _1169_/A0 (sky130_fd_sc_hd__mux2_1)
     1    0.001537    0.059029    0.203841    0.884620 ^ _1169_/X (sky130_fd_sc_hd__mux2_1)
                                                         _0144_ (net)
                      0.059029    0.000000    0.884620 ^ _1641_/D (sky130_fd_sc_hd__dfxtp_2)
                                              0.884620   data arrival time

                      0.150000    0.000000    0.000000   clock clk_10mhz (rise edge)
                                  0.000000    0.000000   clock network delay (ideal)
                                  0.250000    0.250000   clock uncertainty
                                  0.000000    0.250000   clock reconvergence pessimism
                                              0.250000 ^ _1641_/CLK (sky130_fd_sc_hd__dfxtp_2)
                                 -0.056686    0.193314   library hold time
                                              0.193314   data required time
---------------------------------------------------------------------------------------------
                                              0.193314   data required time
                                             -0.884620   data arrival time
---------------------------------------------------------------------------------------------
                                              0.691307   slack (MET)


Startpoint: _1679_ (rising edge-triggered flip-flop clocked by clk_10mhz)
Endpoint: _1679_ (rising edge-triggered flip-flop clocked by clk_10mhz)
Path Group: clk_10mhz
Path Type: min

Fanout         Cap        Slew       Delay        Time   Description
---------------------------------------------------------------------------------------------
                      0.150000    0.000000    0.000000   clock clk_10mhz (rise edge)
                                  0.000000    0.000000   clock network delay (ideal)
                      0.150000    0.000000    0.000000 ^ _1679_/CLK (sky130_fd_sc_hd__dfxtp_2)
     2    0.004111    0.063625    0.680779    0.680779 ^ _1679_/Q (sky130_fd_sc_hd__dfxtp_2)
                                                         u_fifo.mem[12][4] (net)
                      0.063625    0.000000    0.680779 ^ _1213_/A0 (sky130_fd_sc_hd__mux2_1)
     1    0.001537    0.059031    0.203841    0.884620 ^ _1213_/X (sky130_fd_sc_hd__mux2_1)
                                                         _0182_ (net)
                      0.059031    0.000000    0.884620 ^ _1679_/D (sky130_fd_sc_hd__dfxtp_2)
                                              0.884620   data arrival time

                      0.150000    0.000000    0.000000   clock clk_10mhz (rise edge)
                                  0.000000    0.000000   clock network delay (ideal)
                                  0.250000    0.250000   clock uncertainty
                                  0.000000    0.250000   clock reconvergence pessimism
                                              0.250000 ^ _1679_/CLK (sky130_fd_sc_hd__dfxtp_2)
                                 -0.056687    0.193313   library hold time
                                              0.193313   data required time
---------------------------------------------------------------------------------------------
                                              0.193313   data required time
                                             -0.884620   data arrival time
---------------------------------------------------------------------------------------------
                                              0.691307   slack (MET)


Startpoint: _1662_ (rising edge-triggered flip-flop clocked by clk_10mhz)
Endpoint: _1662_ (rising edge-triggered flip-flop clocked by clk_10mhz)
Path Group: clk_10mhz
Path Type: min

Fanout         Cap        Slew       Delay        Time   Description
---------------------------------------------------------------------------------------------
                      0.150000    0.000000    0.000000   clock clk_10mhz (rise edge)
                                  0.000000    0.000000   clock network delay (ideal)
                      0.150000    0.000000    0.000000 ^ _1662_/CLK (sky130_fd_sc_hd__dfxtp_2)
     2    0.004111    0.063625    0.680779    0.680779 ^ _1662_/Q (sky130_fd_sc_hd__dfxtp_2)
                                                         u_fifo.mem[4][3] (net)
                      0.063625    0.000000    0.680779 ^ _1193_/A0 (sky130_fd_sc_hd__mux2_1)
     1    0.001537    0.059037    0.203841    0.884620 ^ _1193_/X (sky130_fd_sc_hd__mux2_1)
                                                         _0165_ (net)
                      0.059037    0.000000    0.884620 ^ _1662_/D (sky130_fd_sc_hd__dfxtp_2)
                                              0.884620   data arrival time

                      0.150000    0.000000    0.000000   clock clk_10mhz (rise edge)
                                  0.000000    0.000000   clock network delay (ideal)
                                  0.250000    0.250000   clock uncertainty
                                  0.000000    0.250000   clock reconvergence pessimism
                                              0.250000 ^ _1662_/CLK (sky130_fd_sc_hd__dfxtp_2)
                                 -0.056688    0.193312   library hold time
                                              0.193312   data required time
---------------------------------------------------------------------------------------------
                                              0.193312   data required time
                                             -0.884620   data arrival time
---------------------------------------------------------------------------------------------
                                              0.691309   slack (MET)


Startpoint: _1717_ (rising edge-triggered flip-flop clocked by clk_10mhz)
Endpoint: _1717_ (rising edge-triggered flip-flop clocked by clk_10mhz)
Path Group: clk_10mhz
Path Type: min

Fanout         Cap        Slew       Delay        Time   Description
---------------------------------------------------------------------------------------------
                      0.150000    0.000000    0.000000   clock clk_10mhz (rise edge)
                                  0.000000    0.000000   clock network delay (ideal)
                      0.150000    0.000000    0.000000 ^ _1717_/CLK (sky130_fd_sc_hd__dfxtp_2)
     2    0.003784    0.061315    0.678247    0.678247 ^ _1717_/Q (sky130_fd_sc_hd__dfxtp_2)
                                                         fifo_dout[0] (net)
                      0.061315    0.000000    0.678247 ^ _1292_/A1 (sky130_fd_sc_hd__mux2_1)
     1    0.001537    0.059078    0.208986    0.887233 ^ _1292_/X (sky130_fd_sc_hd__mux2_1)
                                                         _0220_ (net)
                      0.059078    0.000000    0.887233 ^ _1717_/D (sky130_fd_sc_hd__dfxtp_2)
                                              0.887233   data arrival time

                      0.150000    0.000000    0.000000   clock clk_10mhz (rise edge)
                                  0.000000    0.000000   clock network delay (ideal)
                                  0.250000    0.250000   clock uncertainty
                                  0.000000    0.250000   clock reconvergence pessimism
                                              0.250000 ^ _1717_/CLK (sky130_fd_sc_hd__dfxtp_2)
                                 -0.056698    0.193302   library hold time
                                              0.193302   data required time
---------------------------------------------------------------------------------------------
                                              0.193302   data required time
                                             -0.887233   data arrival time
---------------------------------------------------------------------------------------------
                                              0.693931   slack (MET)


Startpoint: _1718_ (rising edge-triggered flip-flop clocked by clk_10mhz)
Endpoint: _1718_ (rising edge-triggered flip-flop clocked by clk_10mhz)
Path Group: clk_10mhz
Path Type: min

Fanout         Cap        Slew       Delay        Time   Description
---------------------------------------------------------------------------------------------
                      0.150000    0.000000    0.000000   clock clk_10mhz (rise edge)
                                  0.000000    0.000000   clock network delay (ideal)
                      0.150000    0.000000    0.000000 ^ _1718_/CLK (sky130_fd_sc_hd__dfxtp_2)
     2    0.003784    0.061315    0.678247    0.678247 ^ _1718_/Q (sky130_fd_sc_hd__dfxtp_2)
                                                         fifo_dout[1] (net)
                      0.061315    0.000000    0.678247 ^ _1303_/A1 (sky130_fd_sc_hd__mux2_1)
     1    0.001537    0.059078    0.208986    0.887233 ^ _1303_/X (sky130_fd_sc_hd__mux2_1)
                                                         _0221_ (net)
                      0.059078    0.000000    0.887233 ^ _1718_/D (sky130_fd_sc_hd__dfxtp_2)
                                              0.887233   data arrival time

                      0.150000    0.000000    0.000000   clock clk_10mhz (rise edge)
                                  0.000000    0.000000   clock network delay (ideal)
                                  0.250000    0.250000   clock uncertainty
                                  0.000000    0.250000   clock reconvergence pessimism
                                              0.250000 ^ _1718_/CLK (sky130_fd_sc_hd__dfxtp_2)
                                 -0.056698    0.193302   library hold time
                                              0.193302   data required time
---------------------------------------------------------------------------------------------
                                              0.193302   data required time
                                             -0.887233   data arrival time
---------------------------------------------------------------------------------------------
                                              0.693931   slack (MET)


Startpoint: _1719_ (rising edge-triggered flip-flop clocked by clk_10mhz)
Endpoint: _1719_ (rising edge-triggered flip-flop clocked by clk_10mhz)
Path Group: clk_10mhz
Path Type: min

Fanout         Cap        Slew       Delay        Time   Description
---------------------------------------------------------------------------------------------
                      0.150000    0.000000    0.000000   clock clk_10mhz (rise edge)
                                  0.000000    0.000000   clock network delay (ideal)
                      0.150000    0.000000    0.000000 ^ _1719_/CLK (sky130_fd_sc_hd__dfxtp_2)
     2    0.003784    0.061315    0.678247    0.678247 ^ _1719_/Q (sky130_fd_sc_hd__dfxtp_2)
                                                         fifo_dout[2] (net)
                      0.061315    0.000000    0.678247 ^ _1314_/A1 (sky130_fd_sc_hd__mux2_1)
     1    0.001537    0.059078    0.208986    0.887233 ^ _1314_/X (sky130_fd_sc_hd__mux2_1)
                                                         _0222_ (net)
                      0.059078    0.000000    0.887233 ^ _1719_/D (sky130_fd_sc_hd__dfxtp_2)
                                              0.887233   data arrival time

                      0.150000    0.000000    0.000000   clock clk_10mhz (rise edge)
                                  0.000000    0.000000   clock network delay (ideal)
                                  0.250000    0.250000   clock uncertainty
                                  0.000000    0.250000   clock reconvergence pessimism
                                              0.250000 ^ _1719_/CLK (sky130_fd_sc_hd__dfxtp_2)
                                 -0.056698    0.193302   library hold time
                                              0.193302   data required time
---------------------------------------------------------------------------------------------
                                              0.193302   data required time
                                             -0.887233   data arrival time
---------------------------------------------------------------------------------------------
                                              0.693931   slack (MET)


Startpoint: _1721_ (rising edge-triggered flip-flop clocked by clk_10mhz)
Endpoint: _1721_ (rising edge-triggered flip-flop clocked by clk_10mhz)
Path Group: clk_10mhz
Path Type: min

Fanout         Cap        Slew       Delay        Time   Description
---------------------------------------------------------------------------------------------
                      0.150000    0.000000    0.000000   clock clk_10mhz (rise edge)
                                  0.000000    0.000000   clock network delay (ideal)
                      0.150000    0.000000    0.000000 ^ _1721_/CLK (sky130_fd_sc_hd__dfxtp_2)
     2    0.003784    0.061315    0.678247    0.678247 ^ _1721_/Q (sky130_fd_sc_hd__dfxtp_2)
                                                         fifo_dout[4] (net)
                      0.061315    0.000000    0.678247 ^ _1336_/A1 (sky130_fd_sc_hd__mux2_1)
     1    0.001537    0.059078    0.208986    0.887233 ^ _1336_/X (sky130_fd_sc_hd__mux2_1)
                                                         _0224_ (net)
                      0.059078    0.000000    0.887233 ^ _1721_/D (sky130_fd_sc_hd__dfxtp_2)
                                              0.887233   data arrival time

                      0.150000    0.000000    0.000000   clock clk_10mhz (rise edge)
                                  0.000000    0.000000   clock network delay (ideal)
                                  0.250000    0.250000   clock uncertainty
                                  0.000000    0.250000   clock reconvergence pessimism
                                              0.250000 ^ _1721_/CLK (sky130_fd_sc_hd__dfxtp_2)
                                 -0.056698    0.193302   library hold time
                                              0.193302   data required time
---------------------------------------------------------------------------------------------
                                              0.193302   data required time
                                             -0.887233   data arrival time
---------------------------------------------------------------------------------------------
                                              0.693931   slack (MET)


Startpoint: _1722_ (rising edge-triggered flip-flop clocked by clk_10mhz)
Endpoint: _1722_ (rising edge-triggered flip-flop clocked by clk_10mhz)
Path Group: clk_10mhz
Path Type: min

Fanout         Cap        Slew       Delay        Time   Description
---------------------------------------------------------------------------------------------
                      0.150000    0.000000    0.000000   clock clk_10mhz (rise edge)
                                  0.000000    0.000000   clock network delay (ideal)
                      0.150000    0.000000    0.000000 ^ _1722_/CLK (sky130_fd_sc_hd__dfxtp_2)
     2    0.003784    0.061315    0.678247    0.678247 ^ _1722_/Q (sky130_fd_sc_hd__dfxtp_2)
                                                         fifo_dout[5] (net)
                      0.061315    0.000000    0.678247 ^ _1347_/A1 (sky130_fd_sc_hd__mux2_1)
     1    0.001537    0.059078    0.208986    0.887233 ^ _1347_/X (sky130_fd_sc_hd__mux2_1)
                                                         _0225_ (net)
                      0.059078    0.000000    0.887233 ^ _1722_/D (sky130_fd_sc_hd__dfxtp_2)
                                              0.887233   data arrival time

                      0.150000    0.000000    0.000000   clock clk_10mhz (rise edge)
                                  0.000000    0.000000   clock network delay (ideal)
                                  0.250000    0.250000   clock uncertainty
                                  0.000000    0.250000   clock reconvergence pessimism
                                              0.250000 ^ _1722_/CLK (sky130_fd_sc_hd__dfxtp_2)
                                 -0.056698    0.193302   library hold time
                                              0.193302   data required time
---------------------------------------------------------------------------------------------
                                              0.193302   data required time
                                             -0.887233   data arrival time
---------------------------------------------------------------------------------------------
                                              0.693931   slack (MET)


Startpoint: _1723_ (rising edge-triggered flip-flop clocked by clk_10mhz)
Endpoint: _1723_ (rising edge-triggered flip-flop clocked by clk_10mhz)
Path Group: clk_10mhz
Path Type: min

Fanout         Cap        Slew       Delay        Time   Description
---------------------------------------------------------------------------------------------
                      0.150000    0.000000    0.000000   clock clk_10mhz (rise edge)
                                  0.000000    0.000000   clock network delay (ideal)
                      0.150000    0.000000    0.000000 ^ _1723_/CLK (sky130_fd_sc_hd__dfxtp_2)
     2    0.003784    0.061315    0.678247    0.678247 ^ _1723_/Q (sky130_fd_sc_hd__dfxtp_2)
                                                         fifo_dout[6] (net)
                      0.061315    0.000000    0.678247 ^ _1358_/A1 (sky130_fd_sc_hd__mux2_1)
     1    0.001537    0.059078    0.208986    0.887233 ^ _1358_/X (sky130_fd_sc_hd__mux2_1)
                                                         _0226_ (net)
                      0.059078    0.000000    0.887233 ^ _1723_/D (sky130_fd_sc_hd__dfxtp_2)
                                              0.887233   data arrival time

                      0.150000    0.000000    0.000000   clock clk_10mhz (rise edge)
                                  0.000000    0.000000   clock network delay (ideal)
                                  0.250000    0.250000   clock uncertainty
                                  0.000000    0.250000   clock reconvergence pessimism
                                              0.250000 ^ _1723_/CLK (sky130_fd_sc_hd__dfxtp_2)
                                 -0.056698    0.193302   library hold time
                                              0.193302   data required time
---------------------------------------------------------------------------------------------
                                              0.193302   data required time
                                             -0.887233   data arrival time
---------------------------------------------------------------------------------------------
                                              0.693931   slack (MET)


Startpoint: _1724_ (rising edge-triggered flip-flop clocked by clk_10mhz)
Endpoint: _1724_ (rising edge-triggered flip-flop clocked by clk_10mhz)
Path Group: clk_10mhz
Path Type: min

Fanout         Cap        Slew       Delay        Time   Description
---------------------------------------------------------------------------------------------
                      0.150000    0.000000    0.000000   clock clk_10mhz (rise edge)
                                  0.000000    0.000000   clock network delay (ideal)
                      0.150000    0.000000    0.000000 ^ _1724_/CLK (sky130_fd_sc_hd__dfxtp_2)
     2    0.003784    0.061315    0.678247    0.678247 ^ _1724_/Q (sky130_fd_sc_hd__dfxtp_2)
                                                         fifo_dout[7] (net)
                      0.061315    0.000000    0.678247 ^ _1369_/A1 (sky130_fd_sc_hd__mux2_1)
     1    0.001537    0.059078    0.208986    0.887233 ^ _1369_/X (sky130_fd_sc_hd__mux2_1)
                                                         _0227_ (net)
                      0.059078    0.000000    0.887233 ^ _1724_/D (sky130_fd_sc_hd__dfxtp_2)
                                              0.887233   data arrival time

                      0.150000    0.000000    0.000000   clock clk_10mhz (rise edge)
                                  0.000000    0.000000   clock network delay (ideal)
                                  0.250000    0.250000   clock uncertainty
                                  0.000000    0.250000   clock reconvergence pessimism
                                              0.250000 ^ _1724_/CLK (sky130_fd_sc_hd__dfxtp_2)
                                 -0.056698    0.193302   library hold time
                                              0.193302   data required time
---------------------------------------------------------------------------------------------
                                              0.193302   data required time
                                             -0.887233   data arrival time
---------------------------------------------------------------------------------------------
                                              0.693931   slack (MET)


Startpoint: _1611_ (rising edge-triggered flip-flop clocked by clk_10mhz)
Endpoint: _1611_ (rising edge-triggered flip-flop clocked by clk_10mhz)
Path Group: clk_10mhz
Path Type: min

Fanout         Cap        Slew       Delay        Time   Description
---------------------------------------------------------------------------------------------
                      0.150000    0.000000    0.000000   clock clk_10mhz (rise edge)
                                  0.000000    0.000000   clock network delay (ideal)
                      0.150000    0.000000    0.000000 ^ _1611_/CLK (sky130_fd_sc_hd__dfxtp_2)
     2    0.004320    0.065101    0.682397    0.682397 ^ _1611_/Q (sky130_fd_sc_hd__dfxtp_2)
                                                         u_fifo.mem[9][0] (net)
                      0.065101    0.000000    0.682397 ^ _1134_/A1 (sky130_fd_sc_hd__mux2_1)
     1    0.001537    0.059029    0.210585    0.892982 ^ _1134_/X (sky130_fd_sc_hd__mux2_1)
                                                         _0114_ (net)
                      0.059029    0.000000    0.892982 ^ _1611_/D (sky130_fd_sc_hd__dfxtp_2)
                                              0.892982   data arrival time

                      0.150000    0.000000    0.000000   clock clk_10mhz (rise edge)
                                  0.000000    0.000000   clock network delay (ideal)
                                  0.250000    0.250000   clock uncertainty
                                  0.000000    0.250000   clock reconvergence pessimism
                                              0.250000 ^ _1611_/CLK (sky130_fd_sc_hd__dfxtp_2)
                                 -0.056687    0.193313   library hold time
                                              0.193313   data required time
---------------------------------------------------------------------------------------------
                                              0.193313   data required time
                                             -0.892982   data arrival time
---------------------------------------------------------------------------------------------
                                              0.699669   slack (MET)


Startpoint: _1565_ (rising edge-triggered flip-flop clocked by clk_10mhz)
Endpoint: _1565_ (rising edge-triggered flip-flop clocked by clk_10mhz)
Path Group: clk_10mhz
Path Type: min

Fanout         Cap        Slew       Delay        Time   Description
---------------------------------------------------------------------------------------------
                      0.150000    0.000000    0.000000   clock clk_10mhz (rise edge)
                                  0.000000    0.000000   clock network delay (ideal)
                      0.150000    0.000000    0.000000 ^ _1565_/CLK (sky130_fd_sc_hd__dfxtp_2)
     2    0.004320    0.065101    0.682397    0.682397 ^ _1565_/Q (sky130_fd_sc_hd__dfxtp_2)
                                                         u_fifo.mem[15][4] (net)
                      0.065101    0.000000    0.682397 ^ _1069_/A1 (sky130_fd_sc_hd__mux2_1)
     1    0.001537    0.059040    0.210585    0.892982 ^ _1069_/X (sky130_fd_sc_hd__mux2_1)
                                                         _0073_ (net)
                      0.059040    0.000000    0.892982 ^ _1565_/D (sky130_fd_sc_hd__dfxtp_2)
                                              0.892982   data arrival time

                      0.150000    0.000000    0.000000   clock clk_10mhz (rise edge)
                                  0.000000    0.000000   clock network delay (ideal)
                                  0.250000    0.250000   clock uncertainty
                                  0.000000    0.250000   clock reconvergence pessimism
                                              0.250000 ^ _1565_/CLK (sky130_fd_sc_hd__dfxtp_2)
                                 -0.056689    0.193311   library hold time
                                              0.193311   data required time
---------------------------------------------------------------------------------------------
                                              0.193311   data required time
                                             -0.892982   data arrival time
---------------------------------------------------------------------------------------------
                                              0.699671   slack (MET)


Startpoint: _1566_ (rising edge-triggered flip-flop clocked by clk_10mhz)
Endpoint: _1566_ (rising edge-triggered flip-flop clocked by clk_10mhz)
Path Group: clk_10mhz
Path Type: min

Fanout         Cap        Slew       Delay        Time   Description
---------------------------------------------------------------------------------------------
                      0.150000    0.000000    0.000000   clock clk_10mhz (rise edge)
                                  0.000000    0.000000   clock network delay (ideal)
                      0.150000    0.000000    0.000000 ^ _1566_/CLK (sky130_fd_sc_hd__dfxtp_2)
     2    0.004320    0.065101    0.682397    0.682397 ^ _1566_/Q (sky130_fd_sc_hd__dfxtp_2)
                                                         u_fifo.mem[15][5] (net)
                      0.065101    0.000000    0.682397 ^ _1070_/A1 (sky130_fd_sc_hd__mux2_1)
     1    0.001537    0.059040    0.210585    0.892982 ^ _1070_/X (sky130_fd_sc_hd__mux2_1)
                                                         _0074_ (net)
                      0.059040    0.000000    0.892982 ^ _1566_/D (sky130_fd_sc_hd__dfxtp_2)
                                              0.892982   data arrival time

                      0.150000    0.000000    0.000000   clock clk_10mhz (rise edge)
                                  0.000000    0.000000   clock network delay (ideal)
                                  0.250000    0.250000   clock uncertainty
                                  0.000000    0.250000   clock reconvergence pessimism
                                              0.250000 ^ _1566_/CLK (sky130_fd_sc_hd__dfxtp_2)
                                 -0.056689    0.193311   library hold time
                                              0.193311   data required time
---------------------------------------------------------------------------------------------
                                              0.193311   data required time
                                             -0.892982   data arrival time
---------------------------------------------------------------------------------------------
                                              0.699671   slack (MET)


Startpoint: _1618_ (rising edge-triggered flip-flop clocked by clk_10mhz)
Endpoint: _1618_ (rising edge-triggered flip-flop clocked by clk_10mhz)
Path Group: clk_10mhz
Path Type: min

Fanout         Cap        Slew       Delay        Time   Description
---------------------------------------------------------------------------------------------
                      0.150000    0.000000    0.000000   clock clk_10mhz (rise edge)
                                  0.000000    0.000000   clock network delay (ideal)
                      0.150000    0.000000    0.000000 ^ _1618_/CLK (sky130_fd_sc_hd__dfxtp_2)
     2    0.004326    0.065143    0.682444    0.682444 ^ _1618_/Q (sky130_fd_sc_hd__dfxtp_2)
                                                         u_fifo.mem[9][7] (net)
                      0.065143    0.000000    0.682444 ^ _1141_/A1 (sky130_fd_sc_hd__mux2_1)
     1    0.001537    0.059029    0.210603    0.893047 ^ _1141_/X (sky130_fd_sc_hd__mux2_1)
                                                         _0121_ (net)
                      0.059029    0.000000    0.893047 ^ _1618_/D (sky130_fd_sc_hd__dfxtp_2)
                                              0.893047   data arrival time

                      0.150000    0.000000    0.000000   clock clk_10mhz (rise edge)
                                  0.000000    0.000000   clock network delay (ideal)
                                  0.250000    0.250000   clock uncertainty
                                  0.000000    0.250000   clock reconvergence pessimism
                                              0.250000 ^ _1618_/CLK (sky130_fd_sc_hd__dfxtp_2)
                                 -0.056687    0.193313   library hold time
                                              0.193313   data required time
---------------------------------------------------------------------------------------------
                                              0.193313   data required time
                                             -0.893047   data arrival time
---------------------------------------------------------------------------------------------
                                              0.699733   slack (MET)


Startpoint: _1561_ (rising edge-triggered flip-flop clocked by clk_10mhz)
Endpoint: _1561_ (rising edge-triggered flip-flop clocked by clk_10mhz)
Path Group: clk_10mhz
Path Type: min

Fanout         Cap        Slew       Delay        Time   Description
---------------------------------------------------------------------------------------------
                      0.150000    0.000000    0.000000   clock clk_10mhz (rise edge)
                                  0.000000    0.000000   clock network delay (ideal)
                      0.150000    0.000000    0.000000 ^ _1561_/CLK (sky130_fd_sc_hd__dfxtp_2)
     2    0.004326    0.065143    0.682444    0.682444 ^ _1561_/Q (sky130_fd_sc_hd__dfxtp_2)
                                                         u_fifo.mem[15][0] (net)
                      0.065143    0.000000    0.682444 ^ _1065_/A1 (sky130_fd_sc_hd__mux2_1)
     1    0.001537    0.059040    0.210603    0.893047 ^ _1065_/X (sky130_fd_sc_hd__mux2_1)
                                                         _0069_ (net)
                      0.059040    0.000000    0.893047 ^ _1561_/D (sky130_fd_sc_hd__dfxtp_2)
                                              0.893047   data arrival time

                      0.150000    0.000000    0.000000   clock clk_10mhz (rise edge)
                                  0.000000    0.000000   clock network delay (ideal)
                                  0.250000    0.250000   clock uncertainty
                                  0.000000    0.250000   clock reconvergence pessimism
                                              0.250000 ^ _1561_/CLK (sky130_fd_sc_hd__dfxtp_2)
                                 -0.056689    0.193311   library hold time
                                              0.193311   data required time
---------------------------------------------------------------------------------------------
                                              0.193311   data required time
                                             -0.893047   data arrival time
---------------------------------------------------------------------------------------------
                                              0.699736   slack (MET)


Startpoint: _1562_ (rising edge-triggered flip-flop clocked by clk_10mhz)
Endpoint: _1562_ (rising edge-triggered flip-flop clocked by clk_10mhz)
Path Group: clk_10mhz
Path Type: min

Fanout         Cap        Slew       Delay        Time   Description
---------------------------------------------------------------------------------------------
                      0.150000    0.000000    0.000000   clock clk_10mhz (rise edge)
                                  0.000000    0.000000   clock network delay (ideal)
                      0.150000    0.000000    0.000000 ^ _1562_/CLK (sky130_fd_sc_hd__dfxtp_2)
     2    0.004326    0.065143    0.682444    0.682444 ^ _1562_/Q (sky130_fd_sc_hd__dfxtp_2)
                                                         u_fifo.mem[15][1] (net)
                      0.065143    0.000000    0.682444 ^ _1066_/A1 (sky130_fd_sc_hd__mux2_1)
     1    0.001537    0.059040    0.210603    0.893047 ^ _1066_/X (sky130_fd_sc_hd__mux2_1)
                                                         _0070_ (net)
                      0.059040    0.000000    0.893047 ^ _1562_/D (sky130_fd_sc_hd__dfxtp_2)
                                              0.893047   data arrival time

                      0.150000    0.000000    0.000000   clock clk_10mhz (rise edge)
                                  0.000000    0.000000   clock network delay (ideal)
                                  0.250000    0.250000   clock uncertainty
                                  0.000000    0.250000   clock reconvergence pessimism
                                              0.250000 ^ _1562_/CLK (sky130_fd_sc_hd__dfxtp_2)
                                 -0.056689    0.193311   library hold time
                                              0.193311   data required time
---------------------------------------------------------------------------------------------
                                              0.193311   data required time
                                             -0.893047   data arrival time
---------------------------------------------------------------------------------------------
                                              0.699736   slack (MET)


Startpoint: _1563_ (rising edge-triggered flip-flop clocked by clk_10mhz)
Endpoint: _1563_ (rising edge-triggered flip-flop clocked by clk_10mhz)
Path Group: clk_10mhz
Path Type: min

Fanout         Cap        Slew       Delay        Time   Description
---------------------------------------------------------------------------------------------
                      0.150000    0.000000    0.000000   clock clk_10mhz (rise edge)
                                  0.000000    0.000000   clock network delay (ideal)
                      0.150000    0.000000    0.000000 ^ _1563_/CLK (sky130_fd_sc_hd__dfxtp_2)
     2    0.004326    0.065143    0.682444    0.682444 ^ _1563_/Q (sky130_fd_sc_hd__dfxtp_2)
                                                         u_fifo.mem[15][2] (net)
                      0.065143    0.000000    0.682444 ^ _1067_/A1 (sky130_fd_sc_hd__mux2_1)
     1    0.001537    0.059040    0.210603    0.893047 ^ _1067_/X (sky130_fd_sc_hd__mux2_1)
                                                         _0071_ (net)
                      0.059040    0.000000    0.893047 ^ _1563_/D (sky130_fd_sc_hd__dfxtp_2)
                                              0.893047   data arrival time

                      0.150000    0.000000    0.000000   clock clk_10mhz (rise edge)
                                  0.000000    0.000000   clock network delay (ideal)
                                  0.250000    0.250000   clock uncertainty
                                  0.000000    0.250000   clock reconvergence pessimism
                                              0.250000 ^ _1563_/CLK (sky130_fd_sc_hd__dfxtp_2)
                                 -0.056689    0.193311   library hold time
                                              0.193311   data required time
---------------------------------------------------------------------------------------------
                                              0.193311   data required time
                                             -0.893047   data arrival time
---------------------------------------------------------------------------------------------
                                              0.699736   slack (MET)


Startpoint: _1564_ (rising edge-triggered flip-flop clocked by clk_10mhz)
Endpoint: _1564_ (rising edge-triggered flip-flop clocked by clk_10mhz)
Path Group: clk_10mhz
Path Type: min

Fanout         Cap        Slew       Delay        Time   Description
---------------------------------------------------------------------------------------------
                      0.150000    0.000000    0.000000   clock clk_10mhz (rise edge)
                                  0.000000    0.000000   clock network delay (ideal)
                      0.150000    0.000000    0.000000 ^ _1564_/CLK (sky130_fd_sc_hd__dfxtp_2)
     2    0.004326    0.065143    0.682444    0.682444 ^ _1564_/Q (sky130_fd_sc_hd__dfxtp_2)
                                                         u_fifo.mem[15][3] (net)
                      0.065143    0.000000    0.682444 ^ _1068_/A1 (sky130_fd_sc_hd__mux2_1)
     1    0.001537    0.059040    0.210603    0.893047 ^ _1068_/X (sky130_fd_sc_hd__mux2_1)
                                                         _0072_ (net)
                      0.059040    0.000000    0.893047 ^ _1564_/D (sky130_fd_sc_hd__dfxtp_2)
                                              0.893047   data arrival time

                      0.150000    0.000000    0.000000   clock clk_10mhz (rise edge)
                                  0.000000    0.000000   clock network delay (ideal)
                                  0.250000    0.250000   clock uncertainty
                                  0.000000    0.250000   clock reconvergence pessimism
                                              0.250000 ^ _1564_/CLK (sky130_fd_sc_hd__dfxtp_2)
                                 -0.056689    0.193311   library hold time
                                              0.193311   data required time
---------------------------------------------------------------------------------------------
                                              0.193311   data required time
                                             -0.893047   data arrival time
---------------------------------------------------------------------------------------------
                                              0.699736   slack (MET)


Startpoint: _1567_ (rising edge-triggered flip-flop clocked by clk_10mhz)
Endpoint: _1567_ (rising edge-triggered flip-flop clocked by clk_10mhz)
Path Group: clk_10mhz
Path Type: min

Fanout         Cap        Slew       Delay        Time   Description
---------------------------------------------------------------------------------------------
                      0.150000    0.000000    0.000000   clock clk_10mhz (rise edge)
                                  0.000000    0.000000   clock network delay (ideal)
                      0.150000    0.000000    0.000000 ^ _1567_/CLK (sky130_fd_sc_hd__dfxtp_2)
     2    0.004326    0.065143    0.682444    0.682444 ^ _1567_/Q (sky130_fd_sc_hd__dfxtp_2)
                                                         u_fifo.mem[15][6] (net)
                      0.065143    0.000000    0.682444 ^ _1071_/A1 (sky130_fd_sc_hd__mux2_1)
     1    0.001537    0.059040    0.210603    0.893047 ^ _1071_/X (sky130_fd_sc_hd__mux2_1)
                                                         _0075_ (net)
                      0.059040    0.000000    0.893047 ^ _1567_/D (sky130_fd_sc_hd__dfxtp_2)
                                              0.893047   data arrival time

                      0.150000    0.000000    0.000000   clock clk_10mhz (rise edge)
                                  0.000000    0.000000   clock network delay (ideal)
                                  0.250000    0.250000   clock uncertainty
                                  0.000000    0.250000   clock reconvergence pessimism
                                              0.250000 ^ _1567_/CLK (sky130_fd_sc_hd__dfxtp_2)
                                 -0.056689    0.193311   library hold time
                                              0.193311   data required time
---------------------------------------------------------------------------------------------
                                              0.193311   data required time
                                             -0.893047   data arrival time
---------------------------------------------------------------------------------------------
                                              0.699736   slack (MET)


Startpoint: _1568_ (rising edge-triggered flip-flop clocked by clk_10mhz)
Endpoint: _1568_ (rising edge-triggered flip-flop clocked by clk_10mhz)
Path Group: clk_10mhz
Path Type: min

Fanout         Cap        Slew       Delay        Time   Description
---------------------------------------------------------------------------------------------
                      0.150000    0.000000    0.000000   clock clk_10mhz (rise edge)
                                  0.000000    0.000000   clock network delay (ideal)
                      0.150000    0.000000    0.000000 ^ _1568_/CLK (sky130_fd_sc_hd__dfxtp_2)
     2    0.004326    0.065143    0.682444    0.682444 ^ _1568_/Q (sky130_fd_sc_hd__dfxtp_2)
                                                         u_fifo.mem[15][7] (net)
                      0.065143    0.000000    0.682444 ^ _1072_/A1 (sky130_fd_sc_hd__mux2_1)
     1    0.001537    0.059040    0.210603    0.893047 ^ _1072_/X (sky130_fd_sc_hd__mux2_1)
                                                         _0076_ (net)
                      0.059040    0.000000    0.893047 ^ _1568_/D (sky130_fd_sc_hd__dfxtp_2)
                                              0.893047   data arrival time

                      0.150000    0.000000    0.000000   clock clk_10mhz (rise edge)
                                  0.000000    0.000000   clock network delay (ideal)
                                  0.250000    0.250000   clock uncertainty
                                  0.000000    0.250000   clock reconvergence pessimism
                                              0.250000 ^ _1568_/CLK (sky130_fd_sc_hd__dfxtp_2)
                                 -0.056689    0.193311   library hold time
                                              0.193311   data required time
---------------------------------------------------------------------------------------------
                                              0.193311   data required time
                                             -0.893047   data arrival time
---------------------------------------------------------------------------------------------
                                              0.699736   slack (MET)


Startpoint: _1598_ (rising edge-triggered flip-flop clocked by clk_10mhz)
Endpoint: _1598_ (rising edge-triggered flip-flop clocked by clk_10mhz)
Path Group: clk_10mhz
Path Type: min

Fanout         Cap        Slew       Delay        Time   Description
---------------------------------------------------------------------------------------------
                      0.150000    0.000000    0.000000   clock clk_10mhz (rise edge)
                                  0.000000    0.000000   clock network delay (ideal)
                      0.150000    0.000000    0.000000 ^ _1598_/CLK (sky130_fd_sc_hd__dfxtp_2)
     2    0.004347    0.065292    0.682606    0.682606 ^ _1598_/Q (sky130_fd_sc_hd__dfxtp_2)
                                                         u_fifo.mem[11][3] (net)
                      0.065292    0.000000    0.682606 ^ _1118_/A1 (sky130_fd_sc_hd__mux2_1)
     1    0.001537    0.059040    0.210666    0.893272 ^ _1118_/X (sky130_fd_sc_hd__mux2_1)
                                                         _0101_ (net)
                      0.059040    0.000000    0.893272 ^ _1598_/D (sky130_fd_sc_hd__dfxtp_2)
                                              0.893272   data arrival time

                      0.150000    0.000000    0.000000   clock clk_10mhz (rise edge)
                                  0.000000    0.000000   clock network delay (ideal)
                                  0.250000    0.250000   clock uncertainty
                                  0.000000    0.250000   clock reconvergence pessimism
                                              0.250000 ^ _1598_/CLK (sky130_fd_sc_hd__dfxtp_2)
                                 -0.056689    0.193311   library hold time
                                              0.193311   data required time
---------------------------------------------------------------------------------------------
                                              0.193311   data required time
                                             -0.893272   data arrival time
---------------------------------------------------------------------------------------------
                                              0.699961   slack (MET)


Startpoint: _1613_ (rising edge-triggered flip-flop clocked by clk_10mhz)
Endpoint: _1613_ (rising edge-triggered flip-flop clocked by clk_10mhz)
Path Group: clk_10mhz
Path Type: min

Fanout         Cap        Slew       Delay        Time   Description
---------------------------------------------------------------------------------------------
                      0.150000    0.000000    0.000000   clock clk_10mhz (rise edge)
                                  0.000000    0.000000   clock network delay (ideal)
                      0.150000    0.000000    0.000000 ^ _1613_/CLK (sky130_fd_sc_hd__dfxtp_2)
     2    0.004382    0.065539    0.682877    0.682877 ^ _1613_/Q (sky130_fd_sc_hd__dfxtp_2)
                                                         u_fifo.mem[9][2] (net)
                      0.065539    0.000000    0.682877 ^ _1136_/A1 (sky130_fd_sc_hd__mux2_1)
     1    0.001537    0.059029    0.210770    0.893647 ^ _1136_/X (sky130_fd_sc_hd__mux2_1)
                                                         _0116_ (net)
                      0.059029    0.000000    0.893647 ^ _1613_/D (sky130_fd_sc_hd__dfxtp_2)
                                              0.893647   data arrival time

                      0.150000    0.000000    0.000000   clock clk_10mhz (rise edge)
                                  0.000000    0.000000   clock network delay (ideal)
                                  0.250000    0.250000   clock uncertainty
                                  0.000000    0.250000   clock reconvergence pessimism
                                              0.250000 ^ _1613_/CLK (sky130_fd_sc_hd__dfxtp_2)
                                 -0.056687    0.193313   library hold time
                                              0.193313   data required time
---------------------------------------------------------------------------------------------
                                              0.193313   data required time
                                             -0.893647   data arrival time
---------------------------------------------------------------------------------------------
                                              0.700334   slack (MET)


Startpoint: _1615_ (rising edge-triggered flip-flop clocked by clk_10mhz)
Endpoint: _1615_ (rising edge-triggered flip-flop clocked by clk_10mhz)
Path Group: clk_10mhz
Path Type: min

Fanout         Cap        Slew       Delay        Time   Description
---------------------------------------------------------------------------------------------
                      0.150000    0.000000    0.000000   clock clk_10mhz (rise edge)
                                  0.000000    0.000000   clock network delay (ideal)
                      0.150000    0.000000    0.000000 ^ _1615_/CLK (sky130_fd_sc_hd__dfxtp_2)
     2    0.004382    0.065539    0.682877    0.682877 ^ _1615_/Q (sky130_fd_sc_hd__dfxtp_2)
                                                         u_fifo.mem[9][4] (net)
                      0.065539    0.000000    0.682877 ^ _1138_/A1 (sky130_fd_sc_hd__mux2_1)
     1    0.001537    0.059029    0.210770    0.893647 ^ _1138_/X (sky130_fd_sc_hd__mux2_1)
                                                         _0118_ (net)
                      0.059029    0.000000    0.893647 ^ _1615_/D (sky130_fd_sc_hd__dfxtp_2)
                                              0.893647   data arrival time

                      0.150000    0.000000    0.000000   clock clk_10mhz (rise edge)
                                  0.000000    0.000000   clock network delay (ideal)
                                  0.250000    0.250000   clock uncertainty
                                  0.000000    0.250000   clock reconvergence pessimism
                                              0.250000 ^ _1615_/CLK (sky130_fd_sc_hd__dfxtp_2)
                                 -0.056687    0.193313   library hold time
                                              0.193313   data required time
---------------------------------------------------------------------------------------------
                                              0.193313   data required time
                                             -0.893647   data arrival time
---------------------------------------------------------------------------------------------
                                              0.700334   slack (MET)


Startpoint: _1616_ (rising edge-triggered flip-flop clocked by clk_10mhz)
Endpoint: _1616_ (rising edge-triggered flip-flop clocked by clk_10mhz)
Path Group: clk_10mhz
Path Type: min

Fanout         Cap        Slew       Delay        Time   Description
---------------------------------------------------------------------------------------------
                      0.150000    0.000000    0.000000   clock clk_10mhz (rise edge)
                                  0.000000    0.000000   clock network delay (ideal)
                      0.150000    0.000000    0.000000 ^ _1616_/CLK (sky130_fd_sc_hd__dfxtp_2)
     2    0.004382    0.065539    0.682877    0.682877 ^ _1616_/Q (sky130_fd_sc_hd__dfxtp_2)
                                                         u_fifo.mem[9][5] (net)
                      0.065539    0.000000    0.682877 ^ _1139_/A1 (sky130_fd_sc_hd__mux2_1)
     1    0.001537    0.059029    0.210770    0.893647 ^ _1139_/X (sky130_fd_sc_hd__mux2_1)
                                                         _0119_ (net)
                      0.059029    0.000000    0.893647 ^ _1616_/D (sky130_fd_sc_hd__dfxtp_2)
                                              0.893647   data arrival time

                      0.150000    0.000000    0.000000   clock clk_10mhz (rise edge)
                                  0.000000    0.000000   clock network delay (ideal)
                                  0.250000    0.250000   clock uncertainty
                                  0.000000    0.250000   clock reconvergence pessimism
                                              0.250000 ^ _1616_/CLK (sky130_fd_sc_hd__dfxtp_2)
                                 -0.056687    0.193313   library hold time
                                              0.193313   data required time
---------------------------------------------------------------------------------------------
                                              0.193313   data required time
                                             -0.893647   data arrival time
---------------------------------------------------------------------------------------------
                                              0.700334   slack (MET)


Startpoint: _1617_ (rising edge-triggered flip-flop clocked by clk_10mhz)
Endpoint: _1617_ (rising edge-triggered flip-flop clocked by clk_10mhz)
Path Group: clk_10mhz
Path Type: min

Fanout         Cap        Slew       Delay        Time   Description
---------------------------------------------------------------------------------------------
                      0.150000    0.000000    0.000000   clock clk_10mhz (rise edge)
                                  0.000000    0.000000   clock network delay (ideal)
                      0.150000    0.000000    0.000000 ^ _1617_/CLK (sky130_fd_sc_hd__dfxtp_2)
     2    0.004382    0.065539    0.682877    0.682877 ^ _1617_/Q (sky130_fd_sc_hd__dfxtp_2)
                                                         u_fifo.mem[9][6] (net)
                      0.065539    0.000000    0.682877 ^ _1140_/A1 (sky130_fd_sc_hd__mux2_1)
     1    0.001537    0.059029    0.210770    0.893647 ^ _1140_/X (sky130_fd_sc_hd__mux2_1)
                                                         _0120_ (net)
                      0.059029    0.000000    0.893647 ^ _1617_/D (sky130_fd_sc_hd__dfxtp_2)
                                              0.893647   data arrival time

                      0.150000    0.000000    0.000000   clock clk_10mhz (rise edge)
                                  0.000000    0.000000   clock network delay (ideal)
                                  0.250000    0.250000   clock uncertainty
                                  0.000000    0.250000   clock reconvergence pessimism
                                              0.250000 ^ _1617_/CLK (sky130_fd_sc_hd__dfxtp_2)
                                 -0.056687    0.193313   library hold time
                                              0.193313   data required time
---------------------------------------------------------------------------------------------
                                              0.193313   data required time
                                             -0.893647   data arrival time
---------------------------------------------------------------------------------------------
                                              0.700334   slack (MET)


Startpoint: _1726_ (rising edge-triggered flip-flop clocked by clk_10mhz)
Endpoint: _1726_ (rising edge-triggered flip-flop clocked by clk_10mhz)
Path Group: clk_10mhz
Path Type: min

Fanout         Cap        Slew       Delay        Time   Description
---------------------------------------------------------------------------------------------
                      0.150000    0.000000    0.000000   clock clk_10mhz (rise edge)
                                  0.000000    0.000000   clock network delay (ideal)
                      0.150000    0.000000    0.000000 ^ _1726_/CLK (sky130_fd_sc_hd__dfxtp_2)
     2    0.004382    0.065539    0.682877    0.682877 ^ _1726_/Q (sky130_fd_sc_hd__dfxtp_2)
                                                         u_fifo.mem[13][1] (net)
                      0.065539    0.000000    0.682877 ^ _1372_/A1 (sky130_fd_sc_hd__mux2_1)
     1    0.001537    0.059029    0.210770    0.893647 ^ _1372_/X (sky130_fd_sc_hd__mux2_1)
                                                         _0229_ (net)
                      0.059029    0.000000    0.893647 ^ _1726_/D (sky130_fd_sc_hd__dfxtp_2)
                                              0.893647   data arrival time

                      0.150000    0.000000    0.000000   clock clk_10mhz (rise edge)
                                  0.000000    0.000000   clock network delay (ideal)
                                  0.250000    0.250000   clock uncertainty
                                  0.000000    0.250000   clock reconvergence pessimism
                                              0.250000 ^ _1726_/CLK (sky130_fd_sc_hd__dfxtp_2)
                                 -0.056687    0.193313   library hold time
                                              0.193313   data required time
---------------------------------------------------------------------------------------------
                                              0.193313   data required time
                                             -0.893647   data arrival time
---------------------------------------------------------------------------------------------
                                              0.700334   slack (MET)


Startpoint: _1728_ (rising edge-triggered flip-flop clocked by clk_10mhz)
Endpoint: _1728_ (rising edge-triggered flip-flop clocked by clk_10mhz)
Path Group: clk_10mhz
Path Type: min

Fanout         Cap        Slew       Delay        Time   Description
---------------------------------------------------------------------------------------------
                      0.150000    0.000000    0.000000   clock clk_10mhz (rise edge)
                                  0.000000    0.000000   clock network delay (ideal)
                      0.150000    0.000000    0.000000 ^ _1728_/CLK (sky130_fd_sc_hd__dfxtp_2)
     2    0.004382    0.065539    0.682877    0.682877 ^ _1728_/Q (sky130_fd_sc_hd__dfxtp_2)
                                                         u_fifo.mem[13][3] (net)
                      0.065539    0.000000    0.682877 ^ _1374_/A1 (sky130_fd_sc_hd__mux2_1)
     1    0.001537    0.059029    0.210770    0.893647 ^ _1374_/X (sky130_fd_sc_hd__mux2_1)
                                                         _0231_ (net)
                      0.059029    0.000000    0.893647 ^ _1728_/D (sky130_fd_sc_hd__dfxtp_2)
                                              0.893647   data arrival time

                      0.150000    0.000000    0.000000   clock clk_10mhz (rise edge)
                                  0.000000    0.000000   clock network delay (ideal)
                                  0.250000    0.250000   clock uncertainty
                                  0.000000    0.250000   clock reconvergence pessimism
                                              0.250000 ^ _1728_/CLK (sky130_fd_sc_hd__dfxtp_2)
                                 -0.056687    0.193313   library hold time
                                              0.193313   data required time
---------------------------------------------------------------------------------------------
                                              0.193313   data required time
                                             -0.893647   data arrival time
---------------------------------------------------------------------------------------------
                                              0.700334   slack (MET)


Startpoint: _1729_ (rising edge-triggered flip-flop clocked by clk_10mhz)
Endpoint: _1729_ (rising edge-triggered flip-flop clocked by clk_10mhz)
Path Group: clk_10mhz
Path Type: min

Fanout         Cap        Slew       Delay        Time   Description
---------------------------------------------------------------------------------------------
                      0.150000    0.000000    0.000000   clock clk_10mhz (rise edge)
                                  0.000000    0.000000   clock network delay (ideal)
                      0.150000    0.000000    0.000000 ^ _1729_/CLK (sky130_fd_sc_hd__dfxtp_2)
     2    0.004382    0.065539    0.682877    0.682877 ^ _1729_/Q (sky130_fd_sc_hd__dfxtp_2)
                                                         u_fifo.mem[13][4] (net)
                      0.065539    0.000000    0.682877 ^ _1375_/A1 (sky130_fd_sc_hd__mux2_1)
     1    0.001537    0.059029    0.210770    0.893647 ^ _1375_/X (sky130_fd_sc_hd__mux2_1)
                                                         _0232_ (net)
                      0.059029    0.000000    0.893647 ^ _1729_/D (sky130_fd_sc_hd__dfxtp_2)
                                              0.893647   data arrival time

                      0.150000    0.000000    0.000000   clock clk_10mhz (rise edge)
                                  0.000000    0.000000   clock network delay (ideal)
                                  0.250000    0.250000   clock uncertainty
                                  0.000000    0.250000   clock reconvergence pessimism
                                              0.250000 ^ _1729_/CLK (sky130_fd_sc_hd__dfxtp_2)
                                 -0.056687    0.193313   library hold time
                                              0.193313   data required time
---------------------------------------------------------------------------------------------
                                              0.193313   data required time
                                             -0.893647   data arrival time
---------------------------------------------------------------------------------------------
                                              0.700334   slack (MET)


Startpoint: _1731_ (rising edge-triggered flip-flop clocked by clk_10mhz)
Endpoint: _1731_ (rising edge-triggered flip-flop clocked by clk_10mhz)
Path Group: clk_10mhz
Path Type: min

Fanout         Cap        Slew       Delay        Time   Description
---------------------------------------------------------------------------------------------
                      0.150000    0.000000    0.000000   clock clk_10mhz (rise edge)
                                  0.000000    0.000000   clock network delay (ideal)
                      0.150000    0.000000    0.000000 ^ _1731_/CLK (sky130_fd_sc_hd__dfxtp_2)
     2    0.004382    0.065539    0.682877    0.682877 ^ _1731_/Q (sky130_fd_sc_hd__dfxtp_2)
                                                         u_fifo.mem[13][6] (net)
                      0.065539    0.000000    0.682877 ^ _1377_/A1 (sky130_fd_sc_hd__mux2_1)
     1    0.001537    0.059029    0.210770    0.893647 ^ _1377_/X (sky130_fd_sc_hd__mux2_1)
                                                         _0234_ (net)
                      0.059029    0.000000    0.893647 ^ _1731_/D (sky130_fd_sc_hd__dfxtp_2)
                                              0.893647   data arrival time

                      0.150000    0.000000    0.000000   clock clk_10mhz (rise edge)
                                  0.000000    0.000000   clock network delay (ideal)
                                  0.250000    0.250000   clock uncertainty
                                  0.000000    0.250000   clock reconvergence pessimism
                                              0.250000 ^ _1731_/CLK (sky130_fd_sc_hd__dfxtp_2)
                                 -0.056687    0.193313   library hold time
                                              0.193313   data required time
---------------------------------------------------------------------------------------------
                                              0.193313   data required time
                                             -0.893647   data arrival time
---------------------------------------------------------------------------------------------
                                              0.700334   slack (MET)


Startpoint: _1732_ (rising edge-triggered flip-flop clocked by clk_10mhz)
Endpoint: _1732_ (rising edge-triggered flip-flop clocked by clk_10mhz)
Path Group: clk_10mhz
Path Type: min

Fanout         Cap        Slew       Delay        Time   Description
---------------------------------------------------------------------------------------------
                      0.150000    0.000000    0.000000   clock clk_10mhz (rise edge)
                                  0.000000    0.000000   clock network delay (ideal)
                      0.150000    0.000000    0.000000 ^ _1732_/CLK (sky130_fd_sc_hd__dfxtp_2)
     2    0.004382    0.065539    0.682877    0.682877 ^ _1732_/Q (sky130_fd_sc_hd__dfxtp_2)
                                                         u_fifo.mem[13][7] (net)
                      0.065539    0.000000    0.682877 ^ _1378_/A1 (sky130_fd_sc_hd__mux2_1)
     1    0.001537    0.059029    0.210770    0.893647 ^ _1378_/X (sky130_fd_sc_hd__mux2_1)
                                                         _0235_ (net)
                      0.059029    0.000000    0.893647 ^ _1732_/D (sky130_fd_sc_hd__dfxtp_2)
                                              0.893647   data arrival time

                      0.150000    0.000000    0.000000   clock clk_10mhz (rise edge)
                                  0.000000    0.000000   clock network delay (ideal)
                                  0.250000    0.250000   clock uncertainty
                                  0.000000    0.250000   clock reconvergence pessimism
                                              0.250000 ^ _1732_/CLK (sky130_fd_sc_hd__dfxtp_2)
                                 -0.056687    0.193313   library hold time
                                              0.193313   data required time
---------------------------------------------------------------------------------------------
                                              0.193313   data required time
                                             -0.893647   data arrival time
---------------------------------------------------------------------------------------------
                                              0.700334   slack (MET)


Startpoint: _1595_ (rising edge-triggered flip-flop clocked by clk_10mhz)
Endpoint: _1595_ (rising edge-triggered flip-flop clocked by clk_10mhz)
Path Group: clk_10mhz
Path Type: min

Fanout         Cap        Slew       Delay        Time   Description
---------------------------------------------------------------------------------------------
                      0.150000    0.000000    0.000000   clock clk_10mhz (rise edge)
                                  0.000000    0.000000   clock network delay (ideal)
                      0.150000    0.000000    0.000000 ^ _1595_/CLK (sky130_fd_sc_hd__dfxtp_2)
     2    0.004382    0.065539    0.682877    0.682877 ^ _1595_/Q (sky130_fd_sc_hd__dfxtp_2)
                                                         u_fifo.mem[11][0] (net)
                      0.065539    0.000000    0.682877 ^ _1115_/A1 (sky130_fd_sc_hd__mux2_1)
     1    0.001537    0.059040    0.210770    0.893647 ^ _1115_/X (sky130_fd_sc_hd__mux2_1)
                                                         _0098_ (net)
                      0.059040    0.000000    0.893647 ^ _1595_/D (sky130_fd_sc_hd__dfxtp_2)
                                              0.893647   data arrival time

                      0.150000    0.000000    0.000000   clock clk_10mhz (rise edge)
                                  0.000000    0.000000   clock network delay (ideal)
                                  0.250000    0.250000   clock uncertainty
                                  0.000000    0.250000   clock reconvergence pessimism
                                              0.250000 ^ _1595_/CLK (sky130_fd_sc_hd__dfxtp_2)
                                 -0.056689    0.193311   library hold time
                                              0.193311   data required time
---------------------------------------------------------------------------------------------
                                              0.193311   data required time
                                             -0.893647   data arrival time
---------------------------------------------------------------------------------------------
                                              0.700336   slack (MET)


Startpoint: _1597_ (rising edge-triggered flip-flop clocked by clk_10mhz)
Endpoint: _1597_ (rising edge-triggered flip-flop clocked by clk_10mhz)
Path Group: clk_10mhz
Path Type: min

Fanout         Cap        Slew       Delay        Time   Description
---------------------------------------------------------------------------------------------
                      0.150000    0.000000    0.000000   clock clk_10mhz (rise edge)
                                  0.000000    0.000000   clock network delay (ideal)
                      0.150000    0.000000    0.000000 ^ _1597_/CLK (sky130_fd_sc_hd__dfxtp_2)
     2    0.004382    0.065539    0.682877    0.682877 ^ _1597_/Q (sky130_fd_sc_hd__dfxtp_2)
                                                         u_fifo.mem[11][2] (net)
                      0.065539    0.000000    0.682877 ^ _1117_/A1 (sky130_fd_sc_hd__mux2_1)
     1    0.001537    0.059040    0.210770    0.893647 ^ _1117_/X (sky130_fd_sc_hd__mux2_1)
                                                         _0100_ (net)
                      0.059040    0.000000    0.893647 ^ _1597_/D (sky130_fd_sc_hd__dfxtp_2)
                                              0.893647   data arrival time

                      0.150000    0.000000    0.000000   clock clk_10mhz (rise edge)
                                  0.000000    0.000000   clock network delay (ideal)
                                  0.250000    0.250000   clock uncertainty
                                  0.000000    0.250000   clock reconvergence pessimism
                                              0.250000 ^ _1597_/CLK (sky130_fd_sc_hd__dfxtp_2)
                                 -0.056689    0.193311   library hold time
                                              0.193311   data required time
---------------------------------------------------------------------------------------------
                                              0.193311   data required time
                                             -0.893647   data arrival time
---------------------------------------------------------------------------------------------
                                              0.700336   slack (MET)


Startpoint: _1599_ (rising edge-triggered flip-flop clocked by clk_10mhz)
Endpoint: _1599_ (rising edge-triggered flip-flop clocked by clk_10mhz)
Path Group: clk_10mhz
Path Type: min

Fanout         Cap        Slew       Delay        Time   Description
---------------------------------------------------------------------------------------------
                      0.150000    0.000000    0.000000   clock clk_10mhz (rise edge)
                                  0.000000    0.000000   clock network delay (ideal)
                      0.150000    0.000000    0.000000 ^ _1599_/CLK (sky130_fd_sc_hd__dfxtp_2)
     2    0.004382    0.065539    0.682877    0.682877 ^ _1599_/Q (sky130_fd_sc_hd__dfxtp_2)
                                                         u_fifo.mem[11][4] (net)
                      0.065539    0.000000    0.682877 ^ _1119_/A1 (sky130_fd_sc_hd__mux2_1)
     1    0.001537    0.059040    0.210770    0.893647 ^ _1119_/X (sky130_fd_sc_hd__mux2_1)
                                                         _0102_ (net)
                      0.059040    0.000000    0.893647 ^ _1599_/D (sky130_fd_sc_hd__dfxtp_2)
                                              0.893647   data arrival time

                      0.150000    0.000000    0.000000   clock clk_10mhz (rise edge)
                                  0.000000    0.000000   clock network delay (ideal)
                                  0.250000    0.250000   clock uncertainty
                                  0.000000    0.250000   clock reconvergence pessimism
                                              0.250000 ^ _1599_/CLK (sky130_fd_sc_hd__dfxtp_2)
                                 -0.056689    0.193311   library hold time
                                              0.193311   data required time
---------------------------------------------------------------------------------------------
                                              0.193311   data required time
                                             -0.893647   data arrival time
---------------------------------------------------------------------------------------------
                                              0.700336   slack (MET)


Startpoint: _1602_ (rising edge-triggered flip-flop clocked by clk_10mhz)
Endpoint: _1602_ (rising edge-triggered flip-flop clocked by clk_10mhz)
Path Group: clk_10mhz
Path Type: min

Fanout         Cap        Slew       Delay        Time   Description
---------------------------------------------------------------------------------------------
                      0.150000    0.000000    0.000000   clock clk_10mhz (rise edge)
                                  0.000000    0.000000   clock network delay (ideal)
                      0.150000    0.000000    0.000000 ^ _1602_/CLK (sky130_fd_sc_hd__dfxtp_2)
     2    0.004382    0.065539    0.682877    0.682877 ^ _1602_/Q (sky130_fd_sc_hd__dfxtp_2)
                                                         u_fifo.mem[11][7] (net)
                      0.065539    0.000000    0.682877 ^ _1122_/A1 (sky130_fd_sc_hd__mux2_1)
     1    0.001537    0.059040    0.210770    0.893647 ^ _1122_/X (sky130_fd_sc_hd__mux2_1)
                                                         _0105_ (net)
                      0.059040    0.000000    0.893647 ^ _1602_/D (sky130_fd_sc_hd__dfxtp_2)
                                              0.893647   data arrival time

                      0.150000    0.000000    0.000000   clock clk_10mhz (rise edge)
                                  0.000000    0.000000   clock network delay (ideal)
                                  0.250000    0.250000   clock uncertainty
                                  0.000000    0.250000   clock reconvergence pessimism
                                              0.250000 ^ _1602_/CLK (sky130_fd_sc_hd__dfxtp_2)
                                 -0.056689    0.193311   library hold time
                                              0.193311   data required time
---------------------------------------------------------------------------------------------
                                              0.193311   data required time
                                             -0.893647   data arrival time
---------------------------------------------------------------------------------------------
                                              0.700336   slack (MET)


Startpoint: _1614_ (rising edge-triggered flip-flop clocked by clk_10mhz)
Endpoint: _1614_ (rising edge-triggered flip-flop clocked by clk_10mhz)
Path Group: clk_10mhz
Path Type: min

Fanout         Cap        Slew       Delay        Time   Description
---------------------------------------------------------------------------------------------
                      0.150000    0.000000    0.000000   clock clk_10mhz (rise edge)
                                  0.000000    0.000000   clock network delay (ideal)
                      0.150000    0.000000    0.000000 ^ _1614_/CLK (sky130_fd_sc_hd__dfxtp_2)
     2    0.004421    0.065814    0.683179    0.683179 ^ _1614_/Q (sky130_fd_sc_hd__dfxtp_2)
                                                         u_fifo.mem[9][3] (net)
                      0.065814    0.000000    0.683179 ^ _1137_/A1 (sky130_fd_sc_hd__mux2_1)
     1    0.001537    0.059029    0.210886    0.894066 ^ _1137_/X (sky130_fd_sc_hd__mux2_1)
                                                         _0117_ (net)
                      0.059029    0.000000    0.894066 ^ _1614_/D (sky130_fd_sc_hd__dfxtp_2)
                                              0.894066   data arrival time

                      0.150000    0.000000    0.000000   clock clk_10mhz (rise edge)
                                  0.000000    0.000000   clock network delay (ideal)
                                  0.250000    0.250000   clock uncertainty
                                  0.000000    0.250000   clock reconvergence pessimism
                                              0.250000 ^ _1614_/CLK (sky130_fd_sc_hd__dfxtp_2)
                                 -0.056687    0.193313   library hold time
                                              0.193313   data required time
---------------------------------------------------------------------------------------------
                                              0.193313   data required time
                                             -0.894066   data arrival time
---------------------------------------------------------------------------------------------
                                              0.700752   slack (MET)


Startpoint: _1725_ (rising edge-triggered flip-flop clocked by clk_10mhz)
Endpoint: _1725_ (rising edge-triggered flip-flop clocked by clk_10mhz)
Path Group: clk_10mhz
Path Type: min

Fanout         Cap        Slew       Delay        Time   Description
---------------------------------------------------------------------------------------------
                      0.150000    0.000000    0.000000   clock clk_10mhz (rise edge)
                                  0.000000    0.000000   clock network delay (ideal)
                      0.150000    0.000000    0.000000 ^ _1725_/CLK (sky130_fd_sc_hd__dfxtp_2)
     2    0.004421    0.065814    0.683179    0.683179 ^ _1725_/Q (sky130_fd_sc_hd__dfxtp_2)
                                                         u_fifo.mem[13][0] (net)
                      0.065814    0.000000    0.683179 ^ _1371_/A1 (sky130_fd_sc_hd__mux2_1)
     1    0.001537    0.059029    0.210886    0.894066 ^ _1371_/X (sky130_fd_sc_hd__mux2_1)
                                                         _0228_ (net)
                      0.059029    0.000000    0.894066 ^ _1725_/D (sky130_fd_sc_hd__dfxtp_2)
                                              0.894066   data arrival time

                      0.150000    0.000000    0.000000   clock clk_10mhz (rise edge)
                                  0.000000    0.000000   clock network delay (ideal)
                                  0.250000    0.250000   clock uncertainty
                                  0.000000    0.250000   clock reconvergence pessimism
                                              0.250000 ^ _1725_/CLK (sky130_fd_sc_hd__dfxtp_2)
                                 -0.056687    0.193313   library hold time
                                              0.193313   data required time
---------------------------------------------------------------------------------------------
                                              0.193313   data required time
                                             -0.894066   data arrival time
---------------------------------------------------------------------------------------------
                                              0.700752   slack (MET)


Startpoint: _1727_ (rising edge-triggered flip-flop clocked by clk_10mhz)
Endpoint: _1727_ (rising edge-triggered flip-flop clocked by clk_10mhz)
Path Group: clk_10mhz
Path Type: min

Fanout         Cap        Slew       Delay        Time   Description
---------------------------------------------------------------------------------------------
                      0.150000    0.000000    0.000000   clock clk_10mhz (rise edge)
                                  0.000000    0.000000   clock network delay (ideal)
                      0.150000    0.000000    0.000000 ^ _1727_/CLK (sky130_fd_sc_hd__dfxtp_2)
     2    0.004421    0.065814    0.683179    0.683179 ^ _1727_/Q (sky130_fd_sc_hd__dfxtp_2)
                                                         u_fifo.mem[13][2] (net)
                      0.065814    0.000000    0.683179 ^ _1373_/A1 (sky130_fd_sc_hd__mux2_1)
     1    0.001537    0.059029    0.210886    0.894066 ^ _1373_/X (sky130_fd_sc_hd__mux2_1)
                                                         _0230_ (net)
                      0.059029    0.000000    0.894066 ^ _1727_/D (sky130_fd_sc_hd__dfxtp_2)
                                              0.894066   data arrival time

                      0.150000    0.000000    0.000000   clock clk_10mhz (rise edge)
                                  0.000000    0.000000   clock network delay (ideal)
                                  0.250000    0.250000   clock uncertainty
                                  0.000000    0.250000   clock reconvergence pessimism
                                              0.250000 ^ _1727_/CLK (sky130_fd_sc_hd__dfxtp_2)
                                 -0.056687    0.193313   library hold time
                                              0.193313   data required time
---------------------------------------------------------------------------------------------
                                              0.193313   data required time
                                             -0.894066   data arrival time
---------------------------------------------------------------------------------------------
                                              0.700752   slack (MET)


Startpoint: _1730_ (rising edge-triggered flip-flop clocked by clk_10mhz)
Endpoint: _1730_ (rising edge-triggered flip-flop clocked by clk_10mhz)
Path Group: clk_10mhz
Path Type: min

Fanout         Cap        Slew       Delay        Time   Description
---------------------------------------------------------------------------------------------
                      0.150000    0.000000    0.000000   clock clk_10mhz (rise edge)
                                  0.000000    0.000000   clock network delay (ideal)
                      0.150000    0.000000    0.000000 ^ _1730_/CLK (sky130_fd_sc_hd__dfxtp_2)
     2    0.004421    0.065814    0.683179    0.683179 ^ _1730_/Q (sky130_fd_sc_hd__dfxtp_2)
                                                         u_fifo.mem[13][5] (net)
                      0.065814    0.000000    0.683179 ^ _1376_/A1 (sky130_fd_sc_hd__mux2_1)
     1    0.001537    0.059029    0.210886    0.894066 ^ _1376_/X (sky130_fd_sc_hd__mux2_1)
                                                         _0233_ (net)
                      0.059029    0.000000    0.894066 ^ _1730_/D (sky130_fd_sc_hd__dfxtp_2)
                                              0.894066   data arrival time

                      0.150000    0.000000    0.000000   clock clk_10mhz (rise edge)
                                  0.000000    0.000000   clock network delay (ideal)
                                  0.250000    0.250000   clock uncertainty
                                  0.000000    0.250000   clock reconvergence pessimism
                                              0.250000 ^ _1730_/CLK (sky130_fd_sc_hd__dfxtp_2)
                                 -0.056687    0.193313   library hold time
                                              0.193313   data required time
---------------------------------------------------------------------------------------------
                                              0.193313   data required time
                                             -0.894066   data arrival time
---------------------------------------------------------------------------------------------
                                              0.700752   slack (MET)


Startpoint: _1596_ (rising edge-triggered flip-flop clocked by clk_10mhz)
Endpoint: _1596_ (rising edge-triggered flip-flop clocked by clk_10mhz)
Path Group: clk_10mhz
Path Type: min

Fanout         Cap        Slew       Delay        Time   Description
---------------------------------------------------------------------------------------------
                      0.150000    0.000000    0.000000   clock clk_10mhz (rise edge)
                                  0.000000    0.000000   clock network delay (ideal)
                      0.150000    0.000000    0.000000 ^ _1596_/CLK (sky130_fd_sc_hd__dfxtp_2)
     2    0.004421    0.065814    0.683179    0.683179 ^ _1596_/Q (sky130_fd_sc_hd__dfxtp_2)
                                                         u_fifo.mem[11][1] (net)
                      0.065814    0.000000    0.683179 ^ _1116_/A1 (sky130_fd_sc_hd__mux2_1)
     1    0.001537    0.059040    0.210886    0.894066 ^ _1116_/X (sky130_fd_sc_hd__mux2_1)
                                                         _0099_ (net)
                      0.059040    0.000000    0.894066 ^ _1596_/D (sky130_fd_sc_hd__dfxtp_2)
                                              0.894066   data arrival time

                      0.150000    0.000000    0.000000   clock clk_10mhz (rise edge)
                                  0.000000    0.000000   clock network delay (ideal)
                                  0.250000    0.250000   clock uncertainty
                                  0.000000    0.250000   clock reconvergence pessimism
                                              0.250000 ^ _1596_/CLK (sky130_fd_sc_hd__dfxtp_2)
                                 -0.056689    0.193311   library hold time
                                              0.193311   data required time
---------------------------------------------------------------------------------------------
                                              0.193311   data required time
                                             -0.894066   data arrival time
---------------------------------------------------------------------------------------------
                                              0.700755   slack (MET)


Startpoint: _1600_ (rising edge-triggered flip-flop clocked by clk_10mhz)
Endpoint: _1600_ (rising edge-triggered flip-flop clocked by clk_10mhz)
Path Group: clk_10mhz
Path Type: min

Fanout         Cap        Slew       Delay        Time   Description
---------------------------------------------------------------------------------------------
                      0.150000    0.000000    0.000000   clock clk_10mhz (rise edge)
                                  0.000000    0.000000   clock network delay (ideal)
                      0.150000    0.000000    0.000000 ^ _1600_/CLK (sky130_fd_sc_hd__dfxtp_2)
     2    0.004421    0.065814    0.683179    0.683179 ^ _1600_/Q (sky130_fd_sc_hd__dfxtp_2)
                                                         u_fifo.mem[11][5] (net)
                      0.065814    0.000000    0.683179 ^ _1120_/A1 (sky130_fd_sc_hd__mux2_1)
     1    0.001537    0.059040    0.210886    0.894066 ^ _1120_/X (sky130_fd_sc_hd__mux2_1)
                                                         _0103_ (net)
                      0.059040    0.000000    0.894066 ^ _1600_/D (sky130_fd_sc_hd__dfxtp_2)
                                              0.894066   data arrival time

                      0.150000    0.000000    0.000000   clock clk_10mhz (rise edge)
                                  0.000000    0.000000   clock network delay (ideal)
                                  0.250000    0.250000   clock uncertainty
                                  0.000000    0.250000   clock reconvergence pessimism
                                              0.250000 ^ _1600_/CLK (sky130_fd_sc_hd__dfxtp_2)
                                 -0.056689    0.193311   library hold time
                                              0.193311   data required time
---------------------------------------------------------------------------------------------
                                              0.193311   data required time
                                             -0.894066   data arrival time
---------------------------------------------------------------------------------------------
                                              0.700755   slack (MET)


Startpoint: _1601_ (rising edge-triggered flip-flop clocked by clk_10mhz)
Endpoint: _1601_ (rising edge-triggered flip-flop clocked by clk_10mhz)
Path Group: clk_10mhz
Path Type: min

Fanout         Cap        Slew       Delay        Time   Description
---------------------------------------------------------------------------------------------
                      0.150000    0.000000    0.000000   clock clk_10mhz (rise edge)
                                  0.000000    0.000000   clock network delay (ideal)
                      0.150000    0.000000    0.000000 ^ _1601_/CLK (sky130_fd_sc_hd__dfxtp_2)
     2    0.004421    0.065814    0.683179    0.683179 ^ _1601_/Q (sky130_fd_sc_hd__dfxtp_2)
                                                         u_fifo.mem[11][6] (net)
                      0.065814    0.000000    0.683179 ^ _1121_/A1 (sky130_fd_sc_hd__mux2_1)
     1    0.001537    0.059040    0.210886    0.894066 ^ _1121_/X (sky130_fd_sc_hd__mux2_1)
                                                         _0104_ (net)
                      0.059040    0.000000    0.894066 ^ _1601_/D (sky130_fd_sc_hd__dfxtp_2)
                                              0.894066   data arrival time

                      0.150000    0.000000    0.000000   clock clk_10mhz (rise edge)
                                  0.000000    0.000000   clock network delay (ideal)
                                  0.250000    0.250000   clock uncertainty
                                  0.000000    0.250000   clock reconvergence pessimism
                                              0.250000 ^ _1601_/CLK (sky130_fd_sc_hd__dfxtp_2)
                                 -0.056689    0.193311   library hold time
                                              0.193311   data required time
---------------------------------------------------------------------------------------------
                                              0.193311   data required time
                                             -0.894066   data arrival time
---------------------------------------------------------------------------------------------
                                              0.700755   slack (MET)


Startpoint: _1612_ (rising edge-triggered flip-flop clocked by clk_10mhz)
Endpoint: _1612_ (rising edge-triggered flip-flop clocked by clk_10mhz)
Path Group: clk_10mhz
Path Type: min

Fanout         Cap        Slew       Delay        Time   Description
---------------------------------------------------------------------------------------------
                      0.150000    0.000000    0.000000   clock clk_10mhz (rise edge)
                                  0.000000    0.000000   clock network delay (ideal)
                      0.150000    0.000000    0.000000 ^ _1612_/CLK (sky130_fd_sc_hd__dfxtp_2)
     2    0.004454    0.066047    0.683435    0.683435 ^ _1612_/Q (sky130_fd_sc_hd__dfxtp_2)
                                                         u_fifo.mem[9][1] (net)
                      0.066047    0.000000    0.683435 ^ _1135_/A1 (sky130_fd_sc_hd__mux2_1)
     1    0.001537    0.059029    0.210985    0.894420 ^ _1135_/X (sky130_fd_sc_hd__mux2_1)
                                                         _0115_ (net)
                      0.059029    0.000000    0.894420 ^ _1612_/D (sky130_fd_sc_hd__dfxtp_2)
                                              0.894420   data arrival time

                      0.150000    0.000000    0.000000   clock clk_10mhz (rise edge)
                                  0.000000    0.000000   clock network delay (ideal)
                                  0.250000    0.250000   clock uncertainty
                                  0.000000    0.250000   clock reconvergence pessimism
                                              0.250000 ^ _1612_/CLK (sky130_fd_sc_hd__dfxtp_2)
                                 -0.056687    0.193313   library hold time
                                              0.193313   data required time
---------------------------------------------------------------------------------------------
                                              0.193313   data required time
                                             -0.894420   data arrival time
---------------------------------------------------------------------------------------------
                                              0.701106   slack (MET)


Startpoint: _1717_ (rising edge-triggered flip-flop clocked by clk_10mhz)
Endpoint: _1569_ (rising edge-triggered flip-flop clocked by clk_10mhz)
Path Group: clk_10mhz
Path Type: min

Fanout         Cap        Slew       Delay        Time   Description
---------------------------------------------------------------------------------------------
                      0.150000    0.000000    0.000000   clock clk_10mhz (rise edge)
                                  0.000000    0.000000   clock network delay (ideal)
                      0.150000    0.000000    0.000000 ^ _1717_/CLK (sky130_fd_sc_hd__dfxtp_2)
     2    0.003784    0.061315    0.678247    0.678247 ^ _1717_/Q (sky130_fd_sc_hd__dfxtp_2)
                                                         fifo_dout[0] (net)
                      0.061315    0.000000    0.678247 ^ _1073_/A1 (sky130_fd_sc_hd__mux2_1)
     1    0.001853    0.063012    0.213259    0.891506 ^ _1073_/X (sky130_fd_sc_hd__mux2_1)
                                                         _0077_ (net)
                      0.063012    0.000000    0.891506 ^ _1569_/D (sky130_fd_sc_hd__dfrtp_2)
                                              0.891506   data arrival time

                      0.150000    0.000000    0.000000   clock clk_10mhz (rise edge)
                                  0.000000    0.000000   clock network delay (ideal)
                                  0.250000    0.250000   clock uncertainty
                                  0.000000    0.250000   clock reconvergence pessimism
                                              0.250000 ^ _1569_/CLK (sky130_fd_sc_hd__dfrtp_2)
                                 -0.062184    0.187816   library hold time
                                              0.187816   data required time
---------------------------------------------------------------------------------------------
                                              0.187816   data required time
                                             -0.891506   data arrival time
---------------------------------------------------------------------------------------------
                                              0.703690   slack (MET)


Startpoint: _1718_ (rising edge-triggered flip-flop clocked by clk_10mhz)
Endpoint: _1570_ (rising edge-triggered flip-flop clocked by clk_10mhz)
Path Group: clk_10mhz
Path Type: min

Fanout         Cap        Slew       Delay        Time   Description
---------------------------------------------------------------------------------------------
                      0.150000    0.000000    0.000000   clock clk_10mhz (rise edge)
                                  0.000000    0.000000   clock network delay (ideal)
                      0.150000    0.000000    0.000000 ^ _1718_/CLK (sky130_fd_sc_hd__dfxtp_2)
     2    0.003784    0.061315    0.678247    0.678247 ^ _1718_/Q (sky130_fd_sc_hd__dfxtp_2)
                                                         fifo_dout[1] (net)
                      0.061315    0.000000    0.678247 ^ _1074_/A1 (sky130_fd_sc_hd__mux2_1)
     1    0.001853    0.063012    0.213259    0.891506 ^ _1074_/X (sky130_fd_sc_hd__mux2_1)
                                                         _0078_ (net)
                      0.063012    0.000000    0.891506 ^ _1570_/D (sky130_fd_sc_hd__dfrtp_2)
                                              0.891506   data arrival time

                      0.150000    0.000000    0.000000   clock clk_10mhz (rise edge)
                                  0.000000    0.000000   clock network delay (ideal)
                                  0.250000    0.250000   clock uncertainty
                                  0.000000    0.250000   clock reconvergence pessimism
                                              0.250000 ^ _1570_/CLK (sky130_fd_sc_hd__dfrtp_2)
                                 -0.062184    0.187816   library hold time
                                              0.187816   data required time
---------------------------------------------------------------------------------------------
                                              0.187816   data required time
                                             -0.891506   data arrival time
---------------------------------------------------------------------------------------------
                                              0.703690   slack (MET)


Startpoint: _1719_ (rising edge-triggered flip-flop clocked by clk_10mhz)
Endpoint: _1571_ (rising edge-triggered flip-flop clocked by clk_10mhz)
Path Group: clk_10mhz
Path Type: min

Fanout         Cap        Slew       Delay        Time   Description
---------------------------------------------------------------------------------------------
                      0.150000    0.000000    0.000000   clock clk_10mhz (rise edge)
                                  0.000000    0.000000   clock network delay (ideal)
                      0.150000    0.000000    0.000000 ^ _1719_/CLK (sky130_fd_sc_hd__dfxtp_2)
     2    0.003784    0.061315    0.678247    0.678247 ^ _1719_/Q (sky130_fd_sc_hd__dfxtp_2)
                                                         fifo_dout[2] (net)
                      0.061315    0.000000    0.678247 ^ _1075_/A1 (sky130_fd_sc_hd__mux2_1)
     1    0.001853    0.063012    0.213259    0.891506 ^ _1075_/X (sky130_fd_sc_hd__mux2_1)
                                                         _0079_ (net)
                      0.063012    0.000000    0.891506 ^ _1571_/D (sky130_fd_sc_hd__dfrtp_2)
                                              0.891506   data arrival time

                      0.150000    0.000000    0.000000   clock clk_10mhz (rise edge)
                                  0.000000    0.000000   clock network delay (ideal)
                                  0.250000    0.250000   clock uncertainty
                                  0.000000    0.250000   clock reconvergence pessimism
                                              0.250000 ^ _1571_/CLK (sky130_fd_sc_hd__dfrtp_2)
                                 -0.062184    0.187816   library hold time
                                              0.187816   data required time
---------------------------------------------------------------------------------------------
                                              0.187816   data required time
                                             -0.891506   data arrival time
---------------------------------------------------------------------------------------------
                                              0.703690   slack (MET)


Startpoint: _1721_ (rising edge-triggered flip-flop clocked by clk_10mhz)
Endpoint: _1573_ (rising edge-triggered flip-flop clocked by clk_10mhz)
Path Group: clk_10mhz
Path Type: min

Fanout         Cap        Slew       Delay        Time   Description
---------------------------------------------------------------------------------------------
                      0.150000    0.000000    0.000000   clock clk_10mhz (rise edge)
                                  0.000000    0.000000   clock network delay (ideal)
                      0.150000    0.000000    0.000000 ^ _1721_/CLK (sky130_fd_sc_hd__dfxtp_2)
     2    0.003784    0.061315    0.678247    0.678247 ^ _1721_/Q (sky130_fd_sc_hd__dfxtp_2)
                                                         fifo_dout[4] (net)
                      0.061315    0.000000    0.678247 ^ _1077_/A1 (sky130_fd_sc_hd__mux2_1)
     1    0.001853    0.063012    0.213259    0.891506 ^ _1077_/X (sky130_fd_sc_hd__mux2_1)
                                                         _0081_ (net)
                      0.063012    0.000000    0.891506 ^ _1573_/D (sky130_fd_sc_hd__dfrtp_2)
                                              0.891506   data arrival time

                      0.150000    0.000000    0.000000   clock clk_10mhz (rise edge)
                                  0.000000    0.000000   clock network delay (ideal)
                                  0.250000    0.250000   clock uncertainty
                                  0.000000    0.250000   clock reconvergence pessimism
                                              0.250000 ^ _1573_/CLK (sky130_fd_sc_hd__dfrtp_2)
                                 -0.062184    0.187816   library hold time
                                              0.187816   data required time
---------------------------------------------------------------------------------------------
                                              0.187816   data required time
                                             -0.891506   data arrival time
---------------------------------------------------------------------------------------------
                                              0.703690   slack (MET)


Startpoint: _1722_ (rising edge-triggered flip-flop clocked by clk_10mhz)
Endpoint: _1574_ (rising edge-triggered flip-flop clocked by clk_10mhz)
Path Group: clk_10mhz
Path Type: min

Fanout         Cap        Slew       Delay        Time   Description
---------------------------------------------------------------------------------------------
                      0.150000    0.000000    0.000000   clock clk_10mhz (rise edge)
                                  0.000000    0.000000   clock network delay (ideal)
                      0.150000    0.000000    0.000000 ^ _1722_/CLK (sky130_fd_sc_hd__dfxtp_2)
     2    0.003784    0.061315    0.678247    0.678247 ^ _1722_/Q (sky130_fd_sc_hd__dfxtp_2)
                                                         fifo_dout[5] (net)
                      0.061315    0.000000    0.678247 ^ _1078_/A1 (sky130_fd_sc_hd__mux2_1)
     1    0.001853    0.063012    0.213259    0.891506 ^ _1078_/X (sky130_fd_sc_hd__mux2_1)
                                                         _0082_ (net)
                      0.063012    0.000000    0.891506 ^ _1574_/D (sky130_fd_sc_hd__dfrtp_2)
                                              0.891506   data arrival time

                      0.150000    0.000000    0.000000   clock clk_10mhz (rise edge)
                                  0.000000    0.000000   clock network delay (ideal)
                                  0.250000    0.250000   clock uncertainty
                                  0.000000    0.250000   clock reconvergence pessimism
                                              0.250000 ^ _1574_/CLK (sky130_fd_sc_hd__dfrtp_2)
                                 -0.062184    0.187816   library hold time
                                              0.187816   data required time
---------------------------------------------------------------------------------------------
                                              0.187816   data required time
                                             -0.891506   data arrival time
---------------------------------------------------------------------------------------------
                                              0.703690   slack (MET)


Startpoint: _1723_ (rising edge-triggered flip-flop clocked by clk_10mhz)
Endpoint: _1575_ (rising edge-triggered flip-flop clocked by clk_10mhz)
Path Group: clk_10mhz
Path Type: min

Fanout         Cap        Slew       Delay        Time   Description
---------------------------------------------------------------------------------------------
                      0.150000    0.000000    0.000000   clock clk_10mhz (rise edge)
                                  0.000000    0.000000   clock network delay (ideal)
                      0.150000    0.000000    0.000000 ^ _1723_/CLK (sky130_fd_sc_hd__dfxtp_2)
     2    0.003784    0.061315    0.678247    0.678247 ^ _1723_/Q (sky130_fd_sc_hd__dfxtp_2)
                                                         fifo_dout[6] (net)
                      0.061315    0.000000    0.678247 ^ _1079_/A1 (sky130_fd_sc_hd__mux2_1)
     1    0.001853    0.063012    0.213259    0.891506 ^ _1079_/X (sky130_fd_sc_hd__mux2_1)
                                                         _0083_ (net)
                      0.063012    0.000000    0.891506 ^ _1575_/D (sky130_fd_sc_hd__dfrtp_2)
                                              0.891506   data arrival time

                      0.150000    0.000000    0.000000   clock clk_10mhz (rise edge)
                                  0.000000    0.000000   clock network delay (ideal)
                                  0.250000    0.250000   clock uncertainty
                                  0.000000    0.250000   clock reconvergence pessimism
                                              0.250000 ^ _1575_/CLK (sky130_fd_sc_hd__dfrtp_2)
                                 -0.062184    0.187816   library hold time
                                              0.187816   data required time
---------------------------------------------------------------------------------------------
                                              0.187816   data required time
                                             -0.891506   data arrival time
---------------------------------------------------------------------------------------------
                                              0.703690   slack (MET)


Startpoint: _1724_ (rising edge-triggered flip-flop clocked by clk_10mhz)
Endpoint: _1576_ (rising edge-triggered flip-flop clocked by clk_10mhz)
Path Group: clk_10mhz
Path Type: min

Fanout         Cap        Slew       Delay        Time   Description
---------------------------------------------------------------------------------------------
                      0.150000    0.000000    0.000000   clock clk_10mhz (rise edge)
                                  0.000000    0.000000   clock network delay (ideal)
                      0.150000    0.000000    0.000000 ^ _1724_/CLK (sky130_fd_sc_hd__dfxtp_2)
     2    0.003784    0.061315    0.678247    0.678247 ^ _1724_/Q (sky130_fd_sc_hd__dfxtp_2)
                                                         fifo_dout[7] (net)
                      0.061315    0.000000    0.678247 ^ _1080_/A1 (sky130_fd_sc_hd__mux2_1)
     1    0.001853    0.063012    0.213259    0.891506 ^ _1080_/X (sky130_fd_sc_hd__mux2_1)
                                                         _0084_ (net)
                      0.063012    0.000000    0.891506 ^ _1576_/D (sky130_fd_sc_hd__dfrtp_2)
                                              0.891506   data arrival time

                      0.150000    0.000000    0.000000   clock clk_10mhz (rise edge)
                                  0.000000    0.000000   clock network delay (ideal)
                                  0.250000    0.250000   clock uncertainty
                                  0.000000    0.250000   clock reconvergence pessimism
                                              0.250000 ^ _1576_/CLK (sky130_fd_sc_hd__dfrtp_2)
                                 -0.062184    0.187816   library hold time
                                              0.187816   data required time
---------------------------------------------------------------------------------------------
                                              0.187816   data required time
                                             -0.891506   data arrival time
---------------------------------------------------------------------------------------------
                                              0.703690   slack (MET)


Startpoint: _1720_ (rising edge-triggered flip-flop clocked by clk_10mhz)
Endpoint: _1572_ (rising edge-triggered flip-flop clocked by clk_10mhz)
Path Group: clk_10mhz
Path Type: min

Fanout         Cap        Slew       Delay        Time   Description
---------------------------------------------------------------------------------------------
                      0.150000    0.000000    0.000000   clock clk_10mhz (rise edge)
                                  0.000000    0.000000   clock network delay (ideal)
                      0.150000    0.000000    0.000000 ^ _1720_/CLK (sky130_fd_sc_hd__dfxtp_2)
     2    0.004326    0.065143    0.682444    0.682444 ^ _1720_/Q (sky130_fd_sc_hd__dfxtp_2)
                                                         fifo_dout[3] (net)
                      0.065143    0.000000    0.682444 ^ _1076_/A1 (sky130_fd_sc_hd__mux2_1)
     1    0.001853    0.063012    0.214876    0.897320 ^ _1076_/X (sky130_fd_sc_hd__mux2_1)
                                                         _0080_ (net)
                      0.063012    0.000000    0.897320 ^ _1572_/D (sky130_fd_sc_hd__dfrtp_2)
                                              0.897320   data arrival time

                      0.150000    0.000000    0.000000   clock clk_10mhz (rise edge)
                                  0.000000    0.000000   clock network delay (ideal)
                                  0.250000    0.250000   clock uncertainty
                                  0.000000    0.250000   clock reconvergence pessimism
                                              0.250000 ^ _1572_/CLK (sky130_fd_sc_hd__dfrtp_2)
                                 -0.062184    0.187816   library hold time
                                              0.187816   data required time
---------------------------------------------------------------------------------------------
                                              0.187816   data required time
                                             -0.897320   data arrival time
---------------------------------------------------------------------------------------------
                                              0.709503   slack (MET)


Startpoint: _1684_ (rising edge-triggered flip-flop clocked by clk_10mhz)
Endpoint: _1684_ (rising edge-triggered flip-flop clocked by clk_10mhz)
Path Group: clk_10mhz
Path Type: min

Fanout         Cap        Slew       Delay        Time   Description
---------------------------------------------------------------------------------------------
                      0.150000    0.000000    0.000000   clock clk_10mhz (rise edge)
                                  0.000000    0.000000   clock network delay (ideal)
                      0.150000    0.000000    0.000000 ^ _1684_/CLK (sky130_fd_sc_hd__dfxtp_2)
     2    0.006231    0.078669    0.695835    0.695835 ^ _1684_/Q (sky130_fd_sc_hd__dfxtp_2)
                                                         u_fifo.mem[2][1] (net)
                      0.078669    0.000000    0.695835 ^ _1219_/A0 (sky130_fd_sc_hd__mux2_1)
     1    0.001537    0.059041    0.210352    0.906186 ^ _1219_/X (sky130_fd_sc_hd__mux2_1)
                                                         _0187_ (net)
                      0.059041    0.000000    0.906186 ^ _1684_/D (sky130_fd_sc_hd__dfxtp_2)
                                              0.906186   data arrival time

                      0.150000    0.000000    0.000000   clock clk_10mhz (rise edge)
                                  0.000000    0.000000   clock network delay (ideal)
                                  0.250000    0.250000   clock uncertainty
                                  0.000000    0.250000   clock reconvergence pessimism
                                              0.250000 ^ _1684_/CLK (sky130_fd_sc_hd__dfxtp_2)
                                 -0.056689    0.193311   library hold time
                                              0.193311   data required time
---------------------------------------------------------------------------------------------
                                              0.193311   data required time
                                             -0.906186   data arrival time
---------------------------------------------------------------------------------------------
                                              0.712876   slack (MET)


Startpoint: _1581_ (rising edge-triggered flip-flop clocked by clk_10mhz)
Endpoint: _1581_ (rising edge-triggered flip-flop clocked by clk_10mhz)
Path Group: clk_10mhz
Path Type: min

Fanout         Cap        Slew       Delay        Time   Description
---------------------------------------------------------------------------------------------
                      0.150000    0.000000    0.000000   clock clk_10mhz (rise edge)
                                  0.000000    0.000000   clock network delay (ideal)
                      0.150000    0.000000    0.000000 ^ _1581_/CLK (sky130_fd_sc_hd__dfstp_2)
     2    0.010427    0.069248    0.772209    0.772209 v _1581_/Q (sky130_fd_sc_hd__dfstp_2)
                                                         u_max30102_ctrl.scl_internal (net)
                      0.069248    0.000000    0.772209 v _1081_/A (sky130_fd_sc_hd__xnor2_2)
     1    0.002189    0.055350    0.214654    0.986863 v _1081_/Y (sky130_fd_sc_hd__xnor2_2)
                                                         _0085_ (net)
                      0.055350    0.000000    0.986863 v _1581_/D (sky130_fd_sc_hd__dfstp_2)
                                              0.986863   data arrival time

                      0.150000    0.000000    0.000000   clock clk_10mhz (rise edge)
                                  0.000000    0.000000   clock network delay (ideal)
                                  0.250000    0.250000   clock uncertainty
                                  0.000000    0.250000   clock reconvergence pessimism
                                              0.250000 ^ _1581_/CLK (sky130_fd_sc_hd__dfstp_2)
                                  0.020755    0.270755   library hold time
                                              0.270755   data required time
---------------------------------------------------------------------------------------------
                                              0.270755   data required time
                                             -0.986863   data arrival time
---------------------------------------------------------------------------------------------
                                              0.716108   slack (MET)


Startpoint: _1545_ (rising edge-triggered flip-flop clocked by clk_10mhz)
Endpoint: _1545_ (rising edge-triggered flip-flop clocked by clk_10mhz)
Path Group: clk_10mhz
Path Type: min

Fanout         Cap        Slew       Delay        Time   Description
---------------------------------------------------------------------------------------------
                      0.150000    0.000000    0.000000   clock clk_10mhz (rise edge)
                                  0.000000    0.000000   clock network delay (ideal)
                      0.150000    0.000000    0.000000 ^ _1545_/CLK (sky130_fd_sc_hd__dfrtp_2)
     6    0.019128    0.183543    0.829582    0.829582 ^ _1545_/Q (sky130_fd_sc_hd__dfrtp_2)
                                                         u_max30102_ctrl.clk_div[0] (net)
                      0.183543    0.000000    0.829582 ^ _0757_/A (sky130_fd_sc_hd__inv_2)
     1    0.001838    0.038956    0.081221    0.910803 v _0757_/Y (sky130_fd_sc_hd__inv_2)
                                                         _0005_ (net)
                      0.038956    0.000000    0.910803 v _1545_/D (sky130_fd_sc_hd__dfrtp_2)
                                              0.910803   data arrival time

                      0.150000    0.000000    0.000000   clock clk_10mhz (rise edge)
                                  0.000000    0.000000   clock network delay (ideal)
                                  0.250000    0.250000   clock uncertainty
                                  0.000000    0.250000   clock reconvergence pessimism
                                              0.250000 ^ _1545_/CLK (sky130_fd_sc_hd__dfrtp_2)
                                 -0.058887    0.191113   library hold time
                                              0.191113   data required time
---------------------------------------------------------------------------------------------
                                              0.191113   data required time
                                             -0.910803   data arrival time
---------------------------------------------------------------------------------------------
                                              0.719690   slack (MET)


Startpoint: _1560_ (rising edge-triggered flip-flop clocked by clk_10mhz)
Endpoint: _1560_ (rising edge-triggered flip-flop clocked by clk_10mhz)
Path Group: clk_10mhz
Path Type: min

Fanout         Cap        Slew       Delay        Time   Description
---------------------------------------------------------------------------------------------
                      0.150000    0.000000    0.000000   clock clk_10mhz (rise edge)
                                  0.000000    0.000000   clock network delay (ideal)
                      0.150000    0.000000    0.000000 ^ _1560_/CLK (sky130_fd_sc_hd__dfrtp_2)
     2    0.010922    0.128444    0.774295    0.774295 ^ _1560_/Q (sky130_fd_sc_hd__dfrtp_2)
                                                         u_max30102_ctrl.clk_div[15] (net)
                      0.128444    0.000000    0.774295 ^ _0847_/A (sky130_fd_sc_hd__xor2_2)
     1    0.001838    0.049759    0.133559    0.907854 v _0847_/X (sky130_fd_sc_hd__xor2_2)
                                                         _0011_ (net)
                      0.049759    0.000000    0.907854 v _1560_/D (sky130_fd_sc_hd__dfrtp_2)
                                              0.907854   data arrival time

                      0.150000    0.000000    0.000000   clock clk_10mhz (rise edge)
                                  0.000000    0.000000   clock network delay (ideal)
                                  0.250000    0.250000   clock uncertainty
                                  0.000000    0.250000   clock reconvergence pessimism
                                              0.250000 ^ _1560_/CLK (sky130_fd_sc_hd__dfrtp_2)
                                 -0.062845    0.187155   library hold time
                                              0.187155   data required time
---------------------------------------------------------------------------------------------
                                              0.187155   data required time
                                             -0.907854   data arrival time
---------------------------------------------------------------------------------------------
                                              0.720698   slack (MET)


Startpoint: _1577_ (rising edge-triggered flip-flop clocked by clk_10mhz)
Endpoint: _1577_ (rising edge-triggered flip-flop clocked by clk_10mhz)
Path Group: clk_10mhz
Path Type: min

Fanout         Cap        Slew       Delay        Time   Description
---------------------------------------------------------------------------------------------
                      0.150000    0.000000    0.000000   clock clk_10mhz (rise edge)
                                  0.000000    0.000000   clock network delay (ideal)
                      0.150000    0.000000    0.000000 ^ _1577_/CLK (sky130_fd_sc_hd__dfstp_2)
     3    0.012823    0.078218    0.781472    0.781472 v _1577_/Q (sky130_fd_sc_hd__dfstp_2)
                                                         u_srf_ctrl.state[0] (net)
                      0.078218    0.000000    0.781472 v _0768_/A (sky130_fd_sc_hd__nand2_2)
     2    0.009308    0.096127    0.119258    0.900730 ^ _0768_/Y (sky130_fd_sc_hd__nand2_2)
                                                         _0486_ (net)
                      0.096127    0.000000    0.900730 ^ _0769_/B (sky130_fd_sc_hd__nand2_2)
     1    0.002189    0.044176    0.095364    0.996094 v _0769_/Y (sky130_fd_sc_hd__nand2_2)
                                                         _0000_ (net)
                      0.044176    0.000000    0.996094 v _1577_/D (sky130_fd_sc_hd__dfstp_2)
                                              0.996094   data arrival time

                      0.150000    0.000000    0.000000   clock clk_10mhz (rise edge)
                                  0.000000    0.000000   clock network delay (ideal)
                                  0.250000    0.250000   clock uncertainty
                                  0.000000    0.250000   clock reconvergence pessimism
                                              0.250000 ^ _1577_/CLK (sky130_fd_sc_hd__dfstp_2)
                                  0.023070    0.273070   library hold time
                                              0.273070   data required time
---------------------------------------------------------------------------------------------
                                              0.273070   data required time
                                             -0.996094   data arrival time
---------------------------------------------------------------------------------------------
                                              0.723024   slack (MET)


Startpoint: _1740_ (rising edge-triggered flip-flop clocked by clk_10mhz)
Endpoint: _1740_ (rising edge-triggered flip-flop clocked by clk_10mhz)
Path Group: clk_10mhz
Path Type: min

Fanout         Cap        Slew       Delay        Time   Description
---------------------------------------------------------------------------------------------
                      0.150000    0.000000    0.000000   clock clk_10mhz (rise edge)
                                  0.000000    0.000000   clock network delay (ideal)
                      0.150000    0.000000    0.000000 ^ _1740_/CLK (sky130_fd_sc_hd__dfrtp_2)
     4    0.015346    0.158102    0.804590    0.804590 ^ _1740_/Q (sky130_fd_sc_hd__dfrtp_2)
                                                         u_uart.clk_count[0] (net)
                      0.158102    0.000000    0.804590 ^ _1399_/A1 (sky130_fd_sc_hd__a21oi_2)
     1    0.001838    0.044711    0.120216    0.924806 v _1399_/Y (sky130_fd_sc_hd__a21oi_2)
                                                         _0243_ (net)
                      0.044711    0.000000    0.924806 v _1740_/D (sky130_fd_sc_hd__dfrtp_2)
                                              0.924806   data arrival time

                      0.150000    0.000000    0.000000   clock clk_10mhz (rise edge)
                                  0.000000    0.000000   clock network delay (ideal)
                                  0.250000    0.250000   clock uncertainty
                                  0.000000    0.250000   clock reconvergence pessimism
                                              0.250000 ^ _1740_/CLK (sky130_fd_sc_hd__dfrtp_2)
                                 -0.060995    0.189005   library hold time
                                              0.189005   data required time
---------------------------------------------------------------------------------------------
                                              0.189005   data required time
                                             -0.924806   data arrival time
---------------------------------------------------------------------------------------------
                                              0.735801   slack (MET)


Startpoint: _1559_ (rising edge-triggered flip-flop clocked by clk_10mhz)
Endpoint: _1559_ (rising edge-triggered flip-flop clocked by clk_10mhz)
Path Group: clk_10mhz
Path Type: min

Fanout         Cap        Slew       Delay        Time   Description
---------------------------------------------------------------------------------------------
                      0.150000    0.000000    0.000000   clock clk_10mhz (rise edge)
                                  0.000000    0.000000   clock network delay (ideal)
                      0.150000    0.000000    0.000000 ^ _1559_/CLK (sky130_fd_sc_hd__dfrtp_2)
     3    0.007521    0.105645    0.751005    0.751005 ^ _1559_/Q (sky130_fd_sc_hd__dfrtp_2)
                                                         u_max30102_ctrl.clk_div[14] (net)
                      0.105645    0.000000    0.751005 ^ _0845_/B1 (sky130_fd_sc_hd__a21oi_2)
     1    0.004181    0.042520    0.074459    0.825465 v _0845_/Y (sky130_fd_sc_hd__a21oi_2)
                                                         _0543_ (net)
                      0.042520    0.000000    0.825465 v _0846_/B (sky130_fd_sc_hd__nor2_2)
     1    0.001853    0.086525    0.096898    0.922362 ^ _0846_/Y (sky130_fd_sc_hd__nor2_2)
                                                         _0010_ (net)
                      0.086525    0.000000    0.922362 ^ _1559_/D (sky130_fd_sc_hd__dfrtp_2)
                                              0.922362   data arrival time

                      0.150000    0.000000    0.000000   clock clk_10mhz (rise edge)
                                  0.000000    0.000000   clock network delay (ideal)
                                  0.250000    0.250000   clock uncertainty
                                  0.000000    0.250000   clock reconvergence pessimism
                                              0.250000 ^ _1559_/CLK (sky130_fd_sc_hd__dfrtp_2)
                                 -0.067526    0.182474   library hold time
                                              0.182474   data required time
---------------------------------------------------------------------------------------------
                                              0.182474   data required time
                                             -0.922362   data arrival time
---------------------------------------------------------------------------------------------
                                              0.739888   slack (MET)


Startpoint: _1556_ (rising edge-triggered flip-flop clocked by clk_10mhz)
Endpoint: _1556_ (rising edge-triggered flip-flop clocked by clk_10mhz)
Path Group: clk_10mhz
Path Type: min

Fanout         Cap        Slew       Delay        Time   Description
---------------------------------------------------------------------------------------------
                      0.150000    0.000000    0.000000   clock clk_10mhz (rise edge)
                                  0.000000    0.000000   clock network delay (ideal)
                      0.150000    0.000000    0.000000 ^ _1556_/CLK (sky130_fd_sc_hd__dfrtp_2)
     3    0.007600    0.106174    0.751546    0.751546 ^ _1556_/Q (sky130_fd_sc_hd__dfrtp_2)
                                                         u_max30102_ctrl.clk_div[11] (net)
                      0.106174    0.000000    0.751546 ^ _0838_/B1 (sky130_fd_sc_hd__a21oi_2)
     1    0.004181    0.042640    0.074630    0.826176 v _0838_/Y (sky130_fd_sc_hd__a21oi_2)
                                                         _0539_ (net)
                      0.042640    0.000000    0.826176 v _0839_/B (sky130_fd_sc_hd__nor2_2)
     1    0.001853    0.086524    0.096939    0.923115 ^ _0839_/Y (sky130_fd_sc_hd__nor2_2)
                                                         _0007_ (net)
                      0.086524    0.000000    0.923115 ^ _1556_/D (sky130_fd_sc_hd__dfrtp_2)
                                              0.923115   data arrival time

                      0.150000    0.000000    0.000000   clock clk_10mhz (rise edge)
                                  0.000000    0.000000   clock network delay (ideal)
                                  0.250000    0.250000   clock uncertainty
                                  0.000000    0.250000   clock reconvergence pessimism
                                              0.250000 ^ _1556_/CLK (sky130_fd_sc_hd__dfrtp_2)
                                 -0.067526    0.182474   library hold time
                                              0.182474   data required time
---------------------------------------------------------------------------------------------
                                              0.182474   data required time
                                             -0.923115   data arrival time
---------------------------------------------------------------------------------------------
                                              0.740641   slack (MET)


Startpoint: _1553_ (rising edge-triggered flip-flop clocked by clk_10mhz)
Endpoint: _1553_ (rising edge-triggered flip-flop clocked by clk_10mhz)
Path Group: clk_10mhz
Path Type: min

Fanout         Cap        Slew       Delay        Time   Description
---------------------------------------------------------------------------------------------
                      0.150000    0.000000    0.000000   clock clk_10mhz (rise edge)
                                  0.000000    0.000000   clock network delay (ideal)
                      0.150000    0.000000    0.000000 ^ _1553_/CLK (sky130_fd_sc_hd__dfrtp_2)
     3    0.007890    0.108118    0.753532    0.753532 ^ _1553_/Q (sky130_fd_sc_hd__dfrtp_2)
                                                         u_max30102_ctrl.clk_div[8] (net)
                      0.108118    0.000000    0.753532 ^ _0831_/B1 (sky130_fd_sc_hd__a21oi_2)
     1    0.004181    0.043080    0.075255    0.828787 v _0831_/Y (sky130_fd_sc_hd__a21oi_2)
                                                         _0535_ (net)
                      0.043080    0.000000    0.828787 v _0832_/B (sky130_fd_sc_hd__nor2_2)
     1    0.001853    0.086517    0.097092    0.925879 ^ _0832_/Y (sky130_fd_sc_hd__nor2_2)
                                                         _0019_ (net)
                      0.086517    0.000000    0.925879 ^ _1553_/D (sky130_fd_sc_hd__dfrtp_2)
                                              0.925879   data arrival time

                      0.150000    0.000000    0.000000   clock clk_10mhz (rise edge)
                                  0.000000    0.000000   clock network delay (ideal)
                                  0.250000    0.250000   clock uncertainty
                                  0.000000    0.250000   clock reconvergence pessimism
                                              0.250000 ^ _1553_/CLK (sky130_fd_sc_hd__dfrtp_2)
                                 -0.067525    0.182475   library hold time
                                              0.182475   data required time
---------------------------------------------------------------------------------------------
                                              0.182475   data required time
                                             -0.925879   data arrival time
---------------------------------------------------------------------------------------------
                                              0.743404   slack (MET)


Startpoint: _1496_ (rising edge-triggered flip-flop clocked by clk_10mhz)
Endpoint: _1496_ (rising edge-triggered flip-flop clocked by clk_10mhz)
Path Group: clk_10mhz
Path Type: min

Fanout         Cap        Slew       Delay        Time   Description
---------------------------------------------------------------------------------------------
                      0.150000    0.000000    0.000000   clock clk_10mhz (rise edge)
                                  0.000000    0.000000   clock network delay (ideal)
                      0.150000    0.000000    0.000000 ^ _1496_/CLK (sky130_fd_sc_hd__dfrtp_2)
     6    0.016786    0.167755    0.814451    0.814451 ^ _1496_/Q (sky130_fd_sc_hd__dfrtp_2)
                                                         u_srf_ctrl.timer[0] (net)
                      0.167755    0.000000    0.814451 ^ _0862_/A1 (sky130_fd_sc_hd__a21oi_2)
     1    0.001838    0.028520    0.124077    0.938528 v _0862_/Y (sky130_fd_sc_hd__a21oi_2)
                                                         _0022_ (net)
                      0.028520    0.000000    0.938528 v _1496_/D (sky130_fd_sc_hd__dfrtp_2)
                                              0.938528   data arrival time

                      0.150000    0.000000    0.000000   clock clk_10mhz (rise edge)
                                  0.000000    0.000000   clock network delay (ideal)
                                  0.250000    0.250000   clock uncertainty
                                  0.000000    0.250000   clock reconvergence pessimism
                                              0.250000 ^ _1496_/CLK (sky130_fd_sc_hd__dfrtp_2)
                                 -0.055063    0.194937   library hold time
                                              0.194937   data required time
---------------------------------------------------------------------------------------------
                                              0.194937   data required time
                                             -0.938528   data arrival time
---------------------------------------------------------------------------------------------
                                              0.743591   slack (MET)


Startpoint: _1737_ (rising edge-triggered flip-flop clocked by clk_10mhz)
Endpoint: _1737_ (rising edge-triggered flip-flop clocked by clk_10mhz)
Path Group: clk_10mhz
Path Type: min

Fanout         Cap        Slew       Delay        Time   Description
---------------------------------------------------------------------------------------------
                      0.150000    0.000000    0.000000   clock clk_10mhz (rise edge)
                                  0.000000    0.000000   clock network delay (ideal)
                      0.150000    0.000000    0.000000 ^ _1737_/CLK (sky130_fd_sc_hd__dfrtp_2)
     2    0.004042    0.080996    0.722433    0.722433 ^ _1737_/Q (sky130_fd_sc_hd__dfrtp_2)
                                                         distance_out[4] (net)
                      0.080996    0.000000    0.722433 ^ _1388_/A2 (sky130_fd_sc_hd__o21a_2)
     1    0.001853    0.048177    0.213097    0.935530 ^ _1388_/X (sky130_fd_sc_hd__o21a_2)
                                                         _0240_ (net)
                      0.048177    0.000000    0.935530 ^ _1737_/D (sky130_fd_sc_hd__dfrtp_2)
                                              0.935530   data arrival time

                      0.150000    0.000000    0.000000   clock clk_10mhz (rise edge)
                                  0.000000    0.000000   clock network delay (ideal)
                                  0.250000    0.250000   clock uncertainty
                                  0.000000    0.250000   clock reconvergence pessimism
                                              0.250000 ^ _1737_/CLK (sky130_fd_sc_hd__dfrtp_2)
                                 -0.058813    0.191187   library hold time
                                              0.191187   data required time
---------------------------------------------------------------------------------------------
                                              0.191187   data required time
                                             -0.935530   data arrival time
---------------------------------------------------------------------------------------------
                                              0.744343   slack (MET)


Startpoint: _1735_ (rising edge-triggered flip-flop clocked by clk_10mhz)
Endpoint: _1735_ (rising edge-triggered flip-flop clocked by clk_10mhz)
Path Group: clk_10mhz
Path Type: min

Fanout         Cap        Slew       Delay        Time   Description
---------------------------------------------------------------------------------------------
                      0.150000    0.000000    0.000000   clock clk_10mhz (rise edge)
                                  0.000000    0.000000   clock network delay (ideal)
                      0.150000    0.000000    0.000000 ^ _1735_/CLK (sky130_fd_sc_hd__dfrtp_2)
     2    0.007051    0.102494    0.747787    0.747787 ^ _1735_/Q (sky130_fd_sc_hd__dfrtp_2)
                                                         distance_out[2] (net)
                      0.102494    0.000000    0.747787 ^ _1383_/B (sky130_fd_sc_hd__nand2_2)
     1    0.004312    0.061174    0.111231    0.859018 v _1383_/Y (sky130_fd_sc_hd__nand2_2)
                                                         _0397_ (net)
                      0.061174    0.000000    0.859018 v _1384_/B1 (sky130_fd_sc_hd__o31ai_2)
     1    0.001853    0.060231    0.075044    0.934062 ^ _1384_/Y (sky130_fd_sc_hd__o31ai_2)
                                                         _0238_ (net)
                      0.060231    0.000000    0.934062 ^ _1735_/D (sky130_fd_sc_hd__dfrtp_2)
                                              0.934062   data arrival time

                      0.150000    0.000000    0.000000   clock clk_10mhz (rise edge)
                                  0.000000    0.000000   clock network delay (ideal)
                                  0.250000    0.250000   clock uncertainty
                                  0.000000    0.250000   clock reconvergence pessimism
                                              0.250000 ^ _1735_/CLK (sky130_fd_sc_hd__dfrtp_2)
                                 -0.061552    0.188448   library hold time
                                              0.188448   data required time
---------------------------------------------------------------------------------------------
                                              0.188448   data required time
                                             -0.934062   data arrival time
---------------------------------------------------------------------------------------------
                                              0.745613   slack (MET)


Startpoint: _1720_ (rising edge-triggered flip-flop clocked by clk_10mhz)
Endpoint: _1720_ (rising edge-triggered flip-flop clocked by clk_10mhz)
Path Group: clk_10mhz
Path Type: min

Fanout         Cap        Slew       Delay        Time   Description
---------------------------------------------------------------------------------------------
                      0.150000    0.000000    0.000000   clock clk_10mhz (rise edge)
                                  0.000000    0.000000   clock network delay (ideal)
                      0.150000    0.000000    0.000000 ^ _1720_/CLK (sky130_fd_sc_hd__dfxtp_2)
     2    0.004326    0.065143    0.682444    0.682444 ^ _1720_/Q (sky130_fd_sc_hd__dfxtp_2)
                                                         fifo_dout[3] (net)
                      0.065143    0.000000    0.682444 ^ _1325_/A1 (sky130_fd_sc_hd__a22o_2)
     1    0.001537    0.052747    0.258728    0.941172 ^ _1325_/X (sky130_fd_sc_hd__a22o_2)
                                                         _0223_ (net)
                      0.052747    0.000000    0.941172 ^ _1720_/D (sky130_fd_sc_hd__dfxtp_2)
                                              0.941172   data arrival time

                      0.150000    0.000000    0.000000   clock clk_10mhz (rise edge)
                                  0.000000    0.000000   clock network delay (ideal)
                                  0.250000    0.250000   clock uncertainty
                                  0.000000    0.250000   clock reconvergence pessimism
                                              0.250000 ^ _1720_/CLK (sky130_fd_sc_hd__dfxtp_2)
                                 -0.055236    0.194764   library hold time
                                              0.194764   data required time
---------------------------------------------------------------------------------------------
                                              0.194764   data required time
                                             -0.941172   data arrival time
---------------------------------------------------------------------------------------------
                                              0.746408   slack (MET)


Startpoint: _1734_ (rising edge-triggered flip-flop clocked by clk_10mhz)
Endpoint: _1734_ (rising edge-triggered flip-flop clocked by clk_10mhz)
Path Group: clk_10mhz
Path Type: min

Fanout         Cap        Slew       Delay        Time   Description
---------------------------------------------------------------------------------------------
                      0.150000    0.000000    0.000000   clock clk_10mhz (rise edge)
                                  0.000000    0.000000   clock network delay (ideal)
                      0.150000    0.000000    0.000000 ^ _1734_/CLK (sky130_fd_sc_hd__dfrtp_2)
     2    0.007259    0.103888    0.749211    0.749211 ^ _1734_/Q (sky130_fd_sc_hd__dfrtp_2)
                                                         distance_out[1] (net)
                      0.103888    0.000000    0.749211 ^ _1381_/B (sky130_fd_sc_hd__nand2_2)
     1    0.004312    0.061278    0.111722    0.860934 v _1381_/Y (sky130_fd_sc_hd__nand2_2)
                                                         _0396_ (net)
                      0.061278    0.000000    0.860934 v _1382_/B1 (sky130_fd_sc_hd__o31ai_2)
     1    0.001853    0.060234    0.075090    0.936024 ^ _1382_/Y (sky130_fd_sc_hd__o31ai_2)
                                                         _0237_ (net)
                      0.060234    0.000000    0.936024 ^ _1734_/D (sky130_fd_sc_hd__dfrtp_2)
                                              0.936024   data arrival time

                      0.150000    0.000000    0.000000   clock clk_10mhz (rise edge)
                                  0.000000    0.000000   clock network delay (ideal)
                                  0.250000    0.250000   clock uncertainty
                                  0.000000    0.250000   clock reconvergence pessimism
                                              0.250000 ^ _1734_/CLK (sky130_fd_sc_hd__dfrtp_2)
                                 -0.061552    0.188448   library hold time
                                              0.188448   data required time
---------------------------------------------------------------------------------------------
                                              0.188448   data required time
                                             -0.936024   data arrival time
---------------------------------------------------------------------------------------------
                                              0.747576   slack (MET)


Startpoint: _1739_ (rising edge-triggered flip-flop clocked by clk_10mhz)
Endpoint: _1739_ (rising edge-triggered flip-flop clocked by clk_10mhz)
Path Group: clk_10mhz
Path Type: min

Fanout         Cap        Slew       Delay        Time   Description
---------------------------------------------------------------------------------------------
                      0.150000    0.000000    0.000000   clock clk_10mhz (rise edge)
                                  0.000000    0.000000   clock network delay (ideal)
                      0.150000    0.000000    0.000000 ^ _1739_/CLK (sky130_fd_sc_hd__dfrtp_2)
     2    0.004202    0.082209    0.724031    0.724031 ^ _1739_/Q (sky130_fd_sc_hd__dfrtp_2)
                                                         u_uart.busy (net)
                      0.082209    0.000000    0.724031 ^ _1390_/A1 (sky130_fd_sc_hd__a21o_2)
     1    0.001853    0.044642    0.217384    0.941415 ^ _1390_/X (sky130_fd_sc_hd__a21o_2)
                                                         _0242_ (net)
                      0.044642    0.000000    0.941415 ^ _1739_/D (sky130_fd_sc_hd__dfrtp_2)
                                              0.941415   data arrival time

                      0.150000    0.000000    0.000000   clock clk_10mhz (rise edge)
                                  0.000000    0.000000   clock network delay (ideal)
                                  0.250000    0.250000   clock uncertainty
                                  0.000000    0.250000   clock reconvergence pessimism
                                              0.250000 ^ _1739_/CLK (sky130_fd_sc_hd__dfrtp_2)
                                 -0.058010    0.191990   library hold time
                                              0.191990   data required time
---------------------------------------------------------------------------------------------
                                              0.191990   data required time
                                             -0.941415   data arrival time
---------------------------------------------------------------------------------------------
                                              0.749425   slack (MET)


Startpoint: _1554_ (rising edge-triggered flip-flop clocked by clk_10mhz)
Endpoint: _1554_ (rising edge-triggered flip-flop clocked by clk_10mhz)
Path Group: clk_10mhz
Path Type: min

Fanout         Cap        Slew       Delay        Time   Description
---------------------------------------------------------------------------------------------
                      0.150000    0.000000    0.000000   clock clk_10mhz (rise edge)
                                  0.000000    0.000000   clock network delay (ideal)
                      0.150000    0.000000    0.000000 ^ _1554_/CLK (sky130_fd_sc_hd__dfrtp_2)
     3    0.007431    0.105041    0.750389    0.750389 ^ _1554_/Q (sky130_fd_sc_hd__dfrtp_2)
                                                         u_max30102_ctrl.clk_div[9] (net)
                      0.105041    0.000000    0.750389 ^ _0834_/A (sky130_fd_sc_hd__nor2_2)
     1    0.004181    0.043065    0.085282    0.835670 v _0834_/Y (sky130_fd_sc_hd__nor2_2)
                                                         _0537_ (net)
                      0.043065    0.000000    0.835670 v _0835_/B (sky130_fd_sc_hd__nor2_2)
     1    0.001853    0.086518    0.097087    0.932757 ^ _0835_/Y (sky130_fd_sc_hd__nor2_2)
                                                         _0020_ (net)
                      0.086518    0.000000    0.932757 ^ _1554_/D (sky130_fd_sc_hd__dfrtp_2)
                                              0.932757   data arrival time

                      0.150000    0.000000    0.000000   clock clk_10mhz (rise edge)
                                  0.000000    0.000000   clock network delay (ideal)
                                  0.250000    0.250000   clock uncertainty
                                  0.000000    0.250000   clock reconvergence pessimism
                                              0.250000 ^ _1554_/CLK (sky130_fd_sc_hd__dfrtp_2)
                                 -0.067525    0.182475   library hold time
                                              0.182475   data required time
---------------------------------------------------------------------------------------------
                                              0.182475   data required time
                                             -0.932757   data arrival time
---------------------------------------------------------------------------------------------
                                              0.750282   slack (MET)


Startpoint: _1557_ (rising edge-triggered flip-flop clocked by clk_10mhz)
Endpoint: _1557_ (rising edge-triggered flip-flop clocked by clk_10mhz)
Path Group: clk_10mhz
Path Type: min

Fanout         Cap        Slew       Delay        Time   Description
---------------------------------------------------------------------------------------------
                      0.150000    0.000000    0.000000   clock clk_10mhz (rise edge)
                                  0.000000    0.000000   clock network delay (ideal)
                      0.150000    0.000000    0.000000 ^ _1557_/CLK (sky130_fd_sc_hd__dfrtp_2)
     3    0.007735    0.107079    0.752471    0.752471 ^ _1557_/Q (sky130_fd_sc_hd__dfrtp_2)
                                                         u_max30102_ctrl.clk_div[12] (net)
                      0.107079    0.000000    0.752471 ^ _0841_/A (sky130_fd_sc_hd__nor2_2)
     1    0.004181    0.043360    0.086107    0.838578 v _0841_/Y (sky130_fd_sc_hd__nor2_2)
                                                         _0541_ (net)
                      0.043360    0.000000    0.838578 v _0842_/B (sky130_fd_sc_hd__nor2_2)
     1    0.001853    0.086514    0.097189    0.935767 ^ _0842_/Y (sky130_fd_sc_hd__nor2_2)
                                                         _0008_ (net)
                      0.086514    0.000000    0.935767 ^ _1557_/D (sky130_fd_sc_hd__dfrtp_2)
                                              0.935767   data arrival time

                      0.150000    0.000000    0.000000   clock clk_10mhz (rise edge)
                                  0.000000    0.000000   clock network delay (ideal)
                                  0.250000    0.250000   clock uncertainty
                                  0.000000    0.250000   clock reconvergence pessimism
                                              0.250000 ^ _1557_/CLK (sky130_fd_sc_hd__dfrtp_2)
                                 -0.067524    0.182476   library hold time
                                              0.182476   data required time
---------------------------------------------------------------------------------------------
                                              0.182476   data required time
                                             -0.935767   data arrival time
---------------------------------------------------------------------------------------------
                                              0.753291   slack (MET)


Startpoint: _1743_ (rising edge-triggered flip-flop clocked by clk_10mhz)
Endpoint: _1743_ (rising edge-triggered flip-flop clocked by clk_10mhz)
Path Group: clk_10mhz
Path Type: min

Fanout         Cap        Slew       Delay        Time   Description
---------------------------------------------------------------------------------------------
                      0.150000    0.000000    0.000000   clock clk_10mhz (rise edge)
                                  0.000000    0.000000   clock network delay (ideal)
                      0.150000    0.000000    0.000000 ^ _1743_/CLK (sky130_fd_sc_hd__dfrtp_2)
     5    0.018258    0.177623    0.824531    0.824531 ^ _1743_/Q (sky130_fd_sc_hd__dfrtp_2)
                                                         u_uart.clk_count[3] (net)
                      0.177623    0.000000    0.824531 ^ _1407_/A1 (sky130_fd_sc_hd__a21oi_2)
     1    0.001838    0.031655    0.128024    0.952555 v _1407_/Y (sky130_fd_sc_hd__a21oi_2)
                                                         _0246_ (net)
                      0.031655    0.000000    0.952555 v _1743_/D (sky130_fd_sc_hd__dfrtp_2)
                                              0.952555   data arrival time

                      0.150000    0.000000    0.000000   clock clk_10mhz (rise edge)
                                  0.000000    0.000000   clock network delay (ideal)
                                  0.250000    0.250000   clock uncertainty
                                  0.000000    0.250000   clock reconvergence pessimism
                                              0.250000 ^ _1743_/CLK (sky130_fd_sc_hd__dfrtp_2)
                                 -0.056212    0.193788   library hold time
                                              0.193788   data required time
---------------------------------------------------------------------------------------------
                                              0.193788   data required time
                                             -0.952555   data arrival time
---------------------------------------------------------------------------------------------
                                              0.758767   slack (MET)


Startpoint: _1550_ (rising edge-triggered flip-flop clocked by clk_10mhz)
Endpoint: _1550_ (rising edge-triggered flip-flop clocked by clk_10mhz)
Path Group: clk_10mhz
Path Type: min

Fanout         Cap        Slew       Delay        Time   Description
---------------------------------------------------------------------------------------------
                      0.150000    0.000000    0.000000   clock clk_10mhz (rise edge)
                                  0.000000    0.000000   clock network delay (ideal)
                      0.150000    0.000000    0.000000 ^ _1550_/CLK (sky130_fd_sc_hd__dfrtp_2)
     4    0.014406    0.151800    0.798153    0.798153 ^ _1550_/Q (sky130_fd_sc_hd__dfrtp_2)
                                                         u_max30102_ctrl.clk_div[5] (net)
                      0.151800    0.000000    0.798153 ^ _0825_/A (sky130_fd_sc_hd__xnor2_2)
     1    0.001838    0.051932    0.147935    0.946088 v _0825_/Y (sky130_fd_sc_hd__xnor2_2)
                                                         _0016_ (net)
                      0.051932    0.000000    0.946088 v _1550_/D (sky130_fd_sc_hd__dfrtp_2)
                                              0.946088   data arrival time

                      0.150000    0.000000    0.000000   clock clk_10mhz (rise edge)
                                  0.000000    0.000000   clock network delay (ideal)
                                  0.250000    0.250000   clock uncertainty
                                  0.000000    0.250000   clock reconvergence pessimism
                                              0.250000 ^ _1550_/CLK (sky130_fd_sc_hd__dfrtp_2)
                                 -0.063641    0.186359   library hold time
                                              0.186359   data required time
---------------------------------------------------------------------------------------------
                                              0.186359   data required time
                                             -0.946088   data arrival time
---------------------------------------------------------------------------------------------
                                              0.759728   slack (MET)


Startpoint: _1540_ (rising edge-triggered flip-flop clocked by clk_10mhz)
Endpoint: _1540_ (rising edge-triggered flip-flop clocked by clk_10mhz)
Path Group: clk_10mhz
Path Type: min

Fanout         Cap        Slew       Delay        Time   Description
---------------------------------------------------------------------------------------------
                      0.150000    0.000000    0.000000   clock clk_10mhz (rise edge)
                                  0.000000    0.000000   clock network delay (ideal)
                      0.150000    0.000000    0.000000 ^ _1540_/CLK (sky130_fd_sc_hd__dfrtp_2)
     2    0.002781    0.071438    0.709842    0.709842 ^ _1540_/Q (sky130_fd_sc_hd__dfrtp_2)
                                                         u_packet_assembler.timer[20] (net)
                      0.071438    0.000000    0.709842 ^ _1057_/A (sky130_fd_sc_hd__and2_2)
     1    0.001853    0.061485    0.240143    0.949985 ^ _1057_/X (sky130_fd_sc_hd__and2_2)
                                                         _0065_ (net)
                      0.061485    0.000000    0.949985 ^ _1540_/D (sky130_fd_sc_hd__dfrtp_2)
                                              0.949985   data arrival time

                      0.150000    0.000000    0.000000   clock clk_10mhz (rise edge)
                                  0.000000    0.000000   clock network delay (ideal)
                                  0.250000    0.250000   clock uncertainty
                                  0.000000    0.250000   clock reconvergence pessimism
                                              0.250000 ^ _1540_/CLK (sky130_fd_sc_hd__dfrtp_2)
                                 -0.061837    0.188163   library hold time
                                              0.188163   data required time
---------------------------------------------------------------------------------------------
                                              0.188163   data required time
                                             -0.949985   data arrival time
---------------------------------------------------------------------------------------------
                                              0.761822   slack (MET)


Startpoint: _1750_ (rising edge-triggered flip-flop clocked by clk_10mhz)
Endpoint: _1750_ (rising edge-triggered flip-flop clocked by clk_10mhz)
Path Group: clk_10mhz
Path Type: min

Fanout         Cap        Slew       Delay        Time   Description
---------------------------------------------------------------------------------------------
                      0.150000    0.000000    0.000000   clock clk_10mhz (rise edge)
                                  0.000000    0.000000   clock network delay (ideal)
                      0.150000    0.000000    0.000000 ^ _1750_/CLK (sky130_fd_sc_hd__dfrtp_2)
     2    0.002781    0.071438    0.709842    0.709842 ^ _1750_/Q (sky130_fd_sc_hd__dfrtp_2)
                                                         u_uart.clk_count[10] (net)
                      0.071438    0.000000    0.709842 ^ _1418_/A (sky130_fd_sc_hd__and2_2)
     1    0.001853    0.061485    0.240143    0.949985 ^ _1418_/X (sky130_fd_sc_hd__and2_2)
                                                         _0253_ (net)
                      0.061485    0.000000    0.949985 ^ _1750_/D (sky130_fd_sc_hd__dfrtp_2)
                                              0.949985   data arrival time

                      0.150000    0.000000    0.000000   clock clk_10mhz (rise edge)
                                  0.000000    0.000000   clock network delay (ideal)
                                  0.250000    0.250000   clock uncertainty
                                  0.000000    0.250000   clock reconvergence pessimism
                                              0.250000 ^ _1750_/CLK (sky130_fd_sc_hd__dfrtp_2)
                                 -0.061837    0.188163   library hold time
                                              0.188163   data required time
---------------------------------------------------------------------------------------------
                                              0.188163   data required time
                                             -0.949985   data arrival time
---------------------------------------------------------------------------------------------
                                              0.761822   slack (MET)


Startpoint: _1539_ (rising edge-triggered flip-flop clocked by clk_10mhz)
Endpoint: _1539_ (rising edge-triggered flip-flop clocked by clk_10mhz)
Path Group: clk_10mhz
Path Type: min

Fanout         Cap        Slew       Delay        Time   Description
---------------------------------------------------------------------------------------------
                      0.150000    0.000000    0.000000   clock clk_10mhz (rise edge)
                                  0.000000    0.000000   clock network delay (ideal)
                      0.150000    0.000000    0.000000 ^ _1539_/CLK (sky130_fd_sc_hd__dfrtp_2)
     2    0.002846    0.071931    0.710491    0.710491 ^ _1539_/Q (sky130_fd_sc_hd__dfrtp_2)
                                                         u_packet_assembler.timer[19] (net)
                      0.071931    0.000000    0.710491 ^ _1056_/A (sky130_fd_sc_hd__and2_2)
     1    0.001853    0.061490    0.240351    0.950842 ^ _1056_/X (sky130_fd_sc_hd__and2_2)
                                                         _0064_ (net)
                      0.061490    0.000000    0.950842 ^ _1539_/D (sky130_fd_sc_hd__dfrtp_2)
                                              0.950842   data arrival time

                      0.150000    0.000000    0.000000   clock clk_10mhz (rise edge)
                                  0.000000    0.000000   clock network delay (ideal)
                                  0.250000    0.250000   clock uncertainty
                                  0.000000    0.250000   clock reconvergence pessimism
                                              0.250000 ^ _1539_/CLK (sky130_fd_sc_hd__dfrtp_2)
                                 -0.061838    0.188162   library hold time
                                              0.188162   data required time
---------------------------------------------------------------------------------------------
                                              0.188162   data required time
                                             -0.950842   data arrival time
---------------------------------------------------------------------------------------------
                                              0.762680   slack (MET)


Startpoint: _1543_ (rising edge-triggered flip-flop clocked by clk_10mhz)
Endpoint: _1543_ (rising edge-triggered flip-flop clocked by clk_10mhz)
Path Group: clk_10mhz
Path Type: min

Fanout         Cap        Slew       Delay        Time   Description
---------------------------------------------------------------------------------------------
                      0.150000    0.000000    0.000000   clock clk_10mhz (rise edge)
                                  0.000000    0.000000   clock network delay (ideal)
                      0.150000    0.000000    0.000000 ^ _1543_/CLK (sky130_fd_sc_hd__dfrtp_2)
     2    0.002846    0.071931    0.710491    0.710491 ^ _1543_/Q (sky130_fd_sc_hd__dfrtp_2)
                                                         u_packet_assembler.timer[23] (net)
                      0.071931    0.000000    0.710491 ^ _1060_/A (sky130_fd_sc_hd__and2_2)
     1    0.001853    0.061490    0.240351    0.950842 ^ _1060_/X (sky130_fd_sc_hd__and2_2)
                                                         _0068_ (net)
                      0.061490    0.000000    0.950842 ^ _1543_/D (sky130_fd_sc_hd__dfrtp_2)
                                              0.950842   data arrival time

                      0.150000    0.000000    0.000000   clock clk_10mhz (rise edge)
                                  0.000000    0.000000   clock network delay (ideal)
                                  0.250000    0.250000   clock uncertainty
                                  0.000000    0.250000   clock reconvergence pessimism
                                              0.250000 ^ _1543_/CLK (sky130_fd_sc_hd__dfrtp_2)
                                 -0.061838    0.188162   library hold time
                                              0.188162   data required time
---------------------------------------------------------------------------------------------
                                              0.188162   data required time
                                             -0.950842   data arrival time
---------------------------------------------------------------------------------------------
                                              0.762680   slack (MET)


Startpoint: _1749_ (rising edge-triggered flip-flop clocked by clk_10mhz)
Endpoint: _1749_ (rising edge-triggered flip-flop clocked by clk_10mhz)
Path Group: clk_10mhz
Path Type: min

Fanout         Cap        Slew       Delay        Time   Description
---------------------------------------------------------------------------------------------
                      0.150000    0.000000    0.000000   clock clk_10mhz (rise edge)
                                  0.000000    0.000000   clock network delay (ideal)
                      0.150000    0.000000    0.000000 ^ _1749_/CLK (sky130_fd_sc_hd__dfrtp_2)
     2    0.002846    0.071931    0.710491    0.710491 ^ _1749_/Q (sky130_fd_sc_hd__dfrtp_2)
                                                         u_uart.clk_count[9] (net)
                      0.071931    0.000000    0.710491 ^ _1417_/A (sky130_fd_sc_hd__and2_2)
     1    0.001853    0.061490    0.240351    0.950842 ^ _1417_/X (sky130_fd_sc_hd__and2_2)
                                                         _0252_ (net)
                      0.061490    0.000000    0.950842 ^ _1749_/D (sky130_fd_sc_hd__dfrtp_2)
                                              0.950842   data arrival time

                      0.150000    0.000000    0.000000   clock clk_10mhz (rise edge)
                                  0.000000    0.000000   clock network delay (ideal)
                                  0.250000    0.250000   clock uncertainty
                                  0.000000    0.250000   clock reconvergence pessimism
                                              0.250000 ^ _1749_/CLK (sky130_fd_sc_hd__dfrtp_2)
                                 -0.061838    0.188162   library hold time
                                              0.188162   data required time
---------------------------------------------------------------------------------------------
                                              0.188162   data required time
                                             -0.950842   data arrival time
---------------------------------------------------------------------------------------------
                                              0.762680   slack (MET)


Startpoint: _1753_ (rising edge-triggered flip-flop clocked by clk_10mhz)
Endpoint: _1753_ (rising edge-triggered flip-flop clocked by clk_10mhz)
Path Group: clk_10mhz
Path Type: min

Fanout         Cap        Slew       Delay        Time   Description
---------------------------------------------------------------------------------------------
                      0.150000    0.000000    0.000000   clock clk_10mhz (rise edge)
                                  0.000000    0.000000   clock network delay (ideal)
                      0.150000    0.000000    0.000000 ^ _1753_/CLK (sky130_fd_sc_hd__dfrtp_2)
     2    0.002846    0.071931    0.710491    0.710491 ^ _1753_/Q (sky130_fd_sc_hd__dfrtp_2)
                                                         u_uart.clk_count[13] (net)
                      0.071931    0.000000    0.710491 ^ _1421_/A (sky130_fd_sc_hd__and2_2)
     1    0.001853    0.061490    0.240351    0.950842 ^ _1421_/X (sky130_fd_sc_hd__and2_2)
                                                         _0256_ (net)
                      0.061490    0.000000    0.950842 ^ _1753_/D (sky130_fd_sc_hd__dfrtp_2)
                                              0.950842   data arrival time

                      0.150000    0.000000    0.000000   clock clk_10mhz (rise edge)
                                  0.000000    0.000000   clock network delay (ideal)
                                  0.250000    0.250000   clock uncertainty
                                  0.000000    0.250000   clock reconvergence pessimism
                                              0.250000 ^ _1753_/CLK (sky130_fd_sc_hd__dfrtp_2)
                                 -0.061838    0.188162   library hold time
                                              0.188162   data required time
---------------------------------------------------------------------------------------------
                                              0.188162   data required time
                                             -0.950842   data arrival time
---------------------------------------------------------------------------------------------
                                              0.762680   slack (MET)


Startpoint: _1547_ (rising edge-triggered flip-flop clocked by clk_10mhz)
Endpoint: _1547_ (rising edge-triggered flip-flop clocked by clk_10mhz)
Path Group: clk_10mhz
Path Type: min

Fanout         Cap        Slew       Delay        Time   Description
---------------------------------------------------------------------------------------------
                      0.150000    0.000000    0.000000   clock clk_10mhz (rise edge)
                                  0.000000    0.000000   clock network delay (ideal)
                      0.150000    0.000000    0.000000 ^ _1547_/CLK (sky130_fd_sc_hd__dfrtp_2)
     4    0.014782    0.154321    0.800728    0.800728 ^ _1547_/Q (sky130_fd_sc_hd__dfrtp_2)
                                                         u_max30102_ctrl.clk_div[2] (net)
                      0.154321    0.000000    0.800728 ^ _0817_/A (sky130_fd_sc_hd__xnor2_2)
     1    0.001838    0.051912    0.148822    0.949550 v _0817_/Y (sky130_fd_sc_hd__xnor2_2)
                                                         _0013_ (net)
                      0.051912    0.000000    0.949550 v _1547_/D (sky130_fd_sc_hd__dfrtp_2)
                                              0.949550   data arrival time

                      0.150000    0.000000    0.000000   clock clk_10mhz (rise edge)
                                  0.000000    0.000000   clock network delay (ideal)
                                  0.250000    0.250000   clock uncertainty
                                  0.000000    0.250000   clock reconvergence pessimism
                                              0.250000 ^ _1547_/CLK (sky130_fd_sc_hd__dfrtp_2)
                                 -0.063633    0.186367   library hold time
                                              0.186367   data required time
---------------------------------------------------------------------------------------------
                                              0.186367   data required time
                                             -0.949550   data arrival time
---------------------------------------------------------------------------------------------
                                              0.763183   slack (MET)


Startpoint: _1537_ (rising edge-triggered flip-flop clocked by clk_10mhz)
Endpoint: _1537_ (rising edge-triggered flip-flop clocked by clk_10mhz)
Path Group: clk_10mhz
Path Type: min

Fanout         Cap        Slew       Delay        Time   Description
---------------------------------------------------------------------------------------------
                      0.150000    0.000000    0.000000   clock clk_10mhz (rise edge)
                                  0.000000    0.000000   clock network delay (ideal)
                      0.150000    0.000000    0.000000 ^ _1537_/CLK (sky130_fd_sc_hd__dfrtp_2)
     2    0.002946    0.072689    0.711489    0.711489 ^ _1537_/Q (sky130_fd_sc_hd__dfrtp_2)
                                                         u_packet_assembler.timer[17] (net)
                      0.072689    0.000000    0.711489 ^ _1054_/A (sky130_fd_sc_hd__and2_2)
     1    0.001853    0.061498    0.240672    0.952161 ^ _1054_/X (sky130_fd_sc_hd__and2_2)
                                                         _0062_ (net)
                      0.061498    0.000000    0.952161 ^ _1537_/D (sky130_fd_sc_hd__dfrtp_2)
                                              0.952161   data arrival time

                      0.150000    0.000000    0.000000   clock clk_10mhz (rise edge)
                                  0.000000    0.000000   clock network delay (ideal)
                                  0.250000    0.250000   clock uncertainty
                                  0.000000    0.250000   clock reconvergence pessimism
                                              0.250000 ^ _1537_/CLK (sky130_fd_sc_hd__dfrtp_2)
                                 -0.061840    0.188160   library hold time
                                              0.188160   data required time
---------------------------------------------------------------------------------------------
                                              0.188160   data required time
                                             -0.952161   data arrival time
---------------------------------------------------------------------------------------------
                                              0.764001   slack (MET)


Startpoint: _1541_ (rising edge-triggered flip-flop clocked by clk_10mhz)
Endpoint: _1541_ (rising edge-triggered flip-flop clocked by clk_10mhz)
Path Group: clk_10mhz
Path Type: min

Fanout         Cap        Slew       Delay        Time   Description
---------------------------------------------------------------------------------------------
                      0.150000    0.000000    0.000000   clock clk_10mhz (rise edge)
                                  0.000000    0.000000   clock network delay (ideal)
                      0.150000    0.000000    0.000000 ^ _1541_/CLK (sky130_fd_sc_hd__dfrtp_2)
     2    0.002946    0.072689    0.711489    0.711489 ^ _1541_/Q (sky130_fd_sc_hd__dfrtp_2)
                                                         u_packet_assembler.timer[21] (net)
                      0.072689    0.000000    0.711489 ^ _1058_/A (sky130_fd_sc_hd__and2_2)
     1    0.001853    0.061498    0.240672    0.952161 ^ _1058_/X (sky130_fd_sc_hd__and2_2)
                                                         _0066_ (net)
                      0.061498    0.000000    0.952161 ^ _1541_/D (sky130_fd_sc_hd__dfrtp_2)
                                              0.952161   data arrival time

                      0.150000    0.000000    0.000000   clock clk_10mhz (rise edge)
                                  0.000000    0.000000   clock network delay (ideal)
                                  0.250000    0.250000   clock uncertainty
                                  0.000000    0.250000   clock reconvergence pessimism
                                              0.250000 ^ _1541_/CLK (sky130_fd_sc_hd__dfrtp_2)
                                 -0.061840    0.188160   library hold time
                                              0.188160   data required time
---------------------------------------------------------------------------------------------
                                              0.188160   data required time
                                             -0.952161   data arrival time
---------------------------------------------------------------------------------------------
                                              0.764001   slack (MET)


Startpoint: _1747_ (rising edge-triggered flip-flop clocked by clk_10mhz)
Endpoint: _1747_ (rising edge-triggered flip-flop clocked by clk_10mhz)
Path Group: clk_10mhz
Path Type: min

Fanout         Cap        Slew       Delay        Time   Description
---------------------------------------------------------------------------------------------
                      0.150000    0.000000    0.000000   clock clk_10mhz (rise edge)
                                  0.000000    0.000000   clock network delay (ideal)
                      0.150000    0.000000    0.000000 ^ _1747_/CLK (sky130_fd_sc_hd__dfrtp_2)
     2    0.002946    0.072689    0.711489    0.711489 ^ _1747_/Q (sky130_fd_sc_hd__dfrtp_2)
                                                         u_uart.clk_count[7] (net)
                      0.072689    0.000000    0.711489 ^ _1415_/A (sky130_fd_sc_hd__and2_2)
     1    0.001853    0.061498    0.240672    0.952161 ^ _1415_/X (sky130_fd_sc_hd__and2_2)
                                                         _0250_ (net)
                      0.061498    0.000000    0.952161 ^ _1747_/D (sky130_fd_sc_hd__dfrtp_2)
                                              0.952161   data arrival time

                      0.150000    0.000000    0.000000   clock clk_10mhz (rise edge)
                                  0.000000    0.000000   clock network delay (ideal)
                                  0.250000    0.250000   clock uncertainty
                                  0.000000    0.250000   clock reconvergence pessimism
                                              0.250000 ^ _1747_/CLK (sky130_fd_sc_hd__dfrtp_2)
                                 -0.061840    0.188160   library hold time
                                              0.188160   data required time
---------------------------------------------------------------------------------------------
                                              0.188160   data required time
                                             -0.952161   data arrival time
---------------------------------------------------------------------------------------------
                                              0.764001   slack (MET)


Startpoint: _1751_ (rising edge-triggered flip-flop clocked by clk_10mhz)
Endpoint: _1751_ (rising edge-triggered flip-flop clocked by clk_10mhz)
Path Group: clk_10mhz
Path Type: min

Fanout         Cap        Slew       Delay        Time   Description
---------------------------------------------------------------------------------------------
                      0.150000    0.000000    0.000000   clock clk_10mhz (rise edge)
                                  0.000000    0.000000   clock network delay (ideal)
                      0.150000    0.000000    0.000000 ^ _1751_/CLK (sky130_fd_sc_hd__dfrtp_2)
     2    0.002946    0.072689    0.711489    0.711489 ^ _1751_/Q (sky130_fd_sc_hd__dfrtp_2)
                                                         u_uart.clk_count[11] (net)
                      0.072689    0.000000    0.711489 ^ _1419_/A (sky130_fd_sc_hd__and2_2)
     1    0.001853    0.061498    0.240672    0.952161 ^ _1419_/X (sky130_fd_sc_hd__and2_2)
                                                         _0254_ (net)
                      0.061498    0.000000    0.952161 ^ _1751_/D (sky130_fd_sc_hd__dfrtp_2)
                                              0.952161   data arrival time

                      0.150000    0.000000    0.000000   clock clk_10mhz (rise edge)
                                  0.000000    0.000000   clock network delay (ideal)
                                  0.250000    0.250000   clock uncertainty
                                  0.000000    0.250000   clock reconvergence pessimism
                                              0.250000 ^ _1751_/CLK (sky130_fd_sc_hd__dfrtp_2)
                                 -0.061840    0.188160   library hold time
                                              0.188160   data required time
---------------------------------------------------------------------------------------------
                                              0.188160   data required time
                                             -0.952161   data arrival time
---------------------------------------------------------------------------------------------
                                              0.764001   slack (MET)


Startpoint: _1538_ (rising edge-triggered flip-flop clocked by clk_10mhz)
Endpoint: _1538_ (rising edge-triggered flip-flop clocked by clk_10mhz)
Path Group: clk_10mhz
Path Type: min

Fanout         Cap        Slew       Delay        Time   Description
---------------------------------------------------------------------------------------------
                      0.150000    0.000000    0.000000   clock clk_10mhz (rise edge)
                                  0.000000    0.000000   clock network delay (ideal)
                      0.150000    0.000000    0.000000 ^ _1538_/CLK (sky130_fd_sc_hd__dfrtp_2)
     2    0.003150    0.074235    0.713526    0.713526 ^ _1538_/Q (sky130_fd_sc_hd__dfrtp_2)
                                                         u_packet_assembler.timer[18] (net)
                      0.074235    0.000000    0.713526 ^ _1055_/A (sky130_fd_sc_hd__and2_2)
     1    0.001853    0.061513    0.241326    0.954852 ^ _1055_/X (sky130_fd_sc_hd__and2_2)
                                                         _0063_ (net)
                      0.061513    0.000000    0.954852 ^ _1538_/D (sky130_fd_sc_hd__dfrtp_2)
                                              0.954852   data arrival time

                      0.150000    0.000000    0.000000   clock clk_10mhz (rise edge)
                                  0.000000    0.000000   clock network delay (ideal)
                                  0.250000    0.250000   clock uncertainty
                                  0.000000    0.250000   clock reconvergence pessimism
                                              0.250000 ^ _1538_/CLK (sky130_fd_sc_hd__dfrtp_2)
                                 -0.061843    0.188157   library hold time
                                              0.188157   data required time
---------------------------------------------------------------------------------------------
                                              0.188157   data required time
                                             -0.954852   data arrival time
---------------------------------------------------------------------------------------------
                                              0.766695   slack (MET)


Startpoint: _1542_ (rising edge-triggered flip-flop clocked by clk_10mhz)
Endpoint: _1542_ (rising edge-triggered flip-flop clocked by clk_10mhz)
Path Group: clk_10mhz
Path Type: min

Fanout         Cap        Slew       Delay        Time   Description
---------------------------------------------------------------------------------------------
                      0.150000    0.000000    0.000000   clock clk_10mhz (rise edge)
                                  0.000000    0.000000   clock network delay (ideal)
                      0.150000    0.000000    0.000000 ^ _1542_/CLK (sky130_fd_sc_hd__dfrtp_2)
     2    0.003150    0.074235    0.713526    0.713526 ^ _1542_/Q (sky130_fd_sc_hd__dfrtp_2)
                                                         u_packet_assembler.timer[22] (net)
                      0.074235    0.000000    0.713526 ^ _1059_/A (sky130_fd_sc_hd__and2_2)
     1    0.001853    0.061513    0.241326    0.954852 ^ _1059_/X (sky130_fd_sc_hd__and2_2)
                                                         _0067_ (net)
                      0.061513    0.000000    0.954852 ^ _1542_/D (sky130_fd_sc_hd__dfrtp_2)
                                              0.954852   data arrival time

                      0.150000    0.000000    0.000000   clock clk_10mhz (rise edge)
                                  0.000000    0.000000   clock network delay (ideal)
                                  0.250000    0.250000   clock uncertainty
                                  0.000000    0.250000   clock reconvergence pessimism
                                              0.250000 ^ _1542_/CLK (sky130_fd_sc_hd__dfrtp_2)
                                 -0.061843    0.188157   library hold time
                                              0.188157   data required time
---------------------------------------------------------------------------------------------
                                              0.188157   data required time
                                             -0.954852   data arrival time
---------------------------------------------------------------------------------------------
                                              0.766695   slack (MET)


Startpoint: _1748_ (rising edge-triggered flip-flop clocked by clk_10mhz)
Endpoint: _1748_ (rising edge-triggered flip-flop clocked by clk_10mhz)
Path Group: clk_10mhz
Path Type: min

Fanout         Cap        Slew       Delay        Time   Description
---------------------------------------------------------------------------------------------
                      0.150000    0.000000    0.000000   clock clk_10mhz (rise edge)
                                  0.000000    0.000000   clock network delay (ideal)
                      0.150000    0.000000    0.000000 ^ _1748_/CLK (sky130_fd_sc_hd__dfrtp_2)
     2    0.003150    0.074235    0.713526    0.713526 ^ _1748_/Q (sky130_fd_sc_hd__dfrtp_2)
                                                         u_uart.clk_count[8] (net)
                      0.074235    0.000000    0.713526 ^ _1416_/A (sky130_fd_sc_hd__and2_2)
     1    0.001853    0.061513    0.241326    0.954852 ^ _1416_/X (sky130_fd_sc_hd__and2_2)
                                                         _0251_ (net)
                      0.061513    0.000000    0.954852 ^ _1748_/D (sky130_fd_sc_hd__dfrtp_2)
                                              0.954852   data arrival time

                      0.150000    0.000000    0.000000   clock clk_10mhz (rise edge)
                                  0.000000    0.000000   clock network delay (ideal)
                                  0.250000    0.250000   clock uncertainty
                                  0.000000    0.250000   clock reconvergence pessimism
                                              0.250000 ^ _1748_/CLK (sky130_fd_sc_hd__dfrtp_2)
                                 -0.061843    0.188157   library hold time
                                              0.188157   data required time
---------------------------------------------------------------------------------------------
                                              0.188157   data required time
                                             -0.954852   data arrival time
---------------------------------------------------------------------------------------------
                                              0.766695   slack (MET)


Startpoint: _1752_ (rising edge-triggered flip-flop clocked by clk_10mhz)
Endpoint: _1752_ (rising edge-triggered flip-flop clocked by clk_10mhz)
Path Group: clk_10mhz
Path Type: min

Fanout         Cap        Slew       Delay        Time   Description
---------------------------------------------------------------------------------------------
                      0.150000    0.000000    0.000000   clock clk_10mhz (rise edge)
                                  0.000000    0.000000   clock network delay (ideal)
                      0.150000    0.000000    0.000000 ^ _1752_/CLK (sky130_fd_sc_hd__dfrtp_2)
     2    0.003150    0.074235    0.713526    0.713526 ^ _1752_/Q (sky130_fd_sc_hd__dfrtp_2)
                                                         u_uart.clk_count[12] (net)
                      0.074235    0.000000    0.713526 ^ _1420_/A (sky130_fd_sc_hd__and2_2)
     1    0.001853    0.061513    0.241326    0.954852 ^ _1420_/X (sky130_fd_sc_hd__and2_2)
                                                         _0255_ (net)
                      0.061513    0.000000    0.954852 ^ _1752_/D (sky130_fd_sc_hd__dfrtp_2)
                                              0.954852   data arrival time

                      0.150000    0.000000    0.000000   clock clk_10mhz (rise edge)
                                  0.000000    0.000000   clock network delay (ideal)
                                  0.250000    0.250000   clock uncertainty
                                  0.000000    0.250000   clock reconvergence pessimism
                                              0.250000 ^ _1752_/CLK (sky130_fd_sc_hd__dfrtp_2)
                                 -0.061843    0.188157   library hold time
                                              0.188157   data required time
---------------------------------------------------------------------------------------------
                                              0.188157   data required time
                                             -0.954852   data arrival time
---------------------------------------------------------------------------------------------
                                              0.766695   slack (MET)


Startpoint: _1736_ (rising edge-triggered flip-flop clocked by clk_10mhz)
Endpoint: _1736_ (rising edge-triggered flip-flop clocked by clk_10mhz)
Path Group: clk_10mhz
Path Type: min

Fanout         Cap        Slew       Delay        Time   Description
---------------------------------------------------------------------------------------------
                      0.150000    0.000000    0.000000   clock clk_10mhz (rise edge)
                                  0.000000    0.000000   clock network delay (ideal)
                      0.150000    0.000000    0.000000 ^ _1736_/CLK (sky130_fd_sc_hd__dfrtp_2)
     2    0.003946    0.080268    0.721474    0.721474 ^ _1736_/Q (sky130_fd_sc_hd__dfrtp_2)
                                                         distance_out[3] (net)
                      0.080268    0.000000    0.721474 ^ _1386_/A2 (sky130_fd_sc_hd__o21ba_2)
     1    0.001853    0.053224    0.236382    0.957857 ^ _1386_/X (sky130_fd_sc_hd__o21ba_2)
                                                         _0239_ (net)
                      0.053224    0.000000    0.957857 ^ _1736_/D (sky130_fd_sc_hd__dfrtp_2)
                                              0.957857   data arrival time

                      0.150000    0.000000    0.000000   clock clk_10mhz (rise edge)
                                  0.000000    0.000000   clock network delay (ideal)
                                  0.250000    0.250000   clock uncertainty
                                  0.000000    0.250000   clock reconvergence pessimism
                                              0.250000 ^ _1736_/CLK (sky130_fd_sc_hd__dfrtp_2)
                                 -0.059960    0.190040   library hold time
                                              0.190040   data required time
---------------------------------------------------------------------------------------------
                                              0.190040   data required time
                                             -0.957857   data arrival time
---------------------------------------------------------------------------------------------
                                              0.767816   slack (MET)


Startpoint: _1733_ (rising edge-triggered flip-flop clocked by clk_10mhz)
Endpoint: _1733_ (rising edge-triggered flip-flop clocked by clk_10mhz)
Path Group: clk_10mhz
Path Type: min

Fanout         Cap        Slew       Delay        Time   Description
---------------------------------------------------------------------------------------------
                      0.150000    0.000000    0.000000   clock clk_10mhz (rise edge)
                                  0.000000    0.000000   clock network delay (ideal)
                      0.150000    0.000000    0.000000 ^ _1733_/CLK (sky130_fd_sc_hd__dfrtp_2)
     2    0.007131    0.103030    0.748335    0.748335 ^ _1733_/Q (sky130_fd_sc_hd__dfrtp_2)
                                                         distance_out[0] (net)
                      0.103030    0.000000    0.748335 ^ _1379_/B (sky130_fd_sc_hd__nor2_2)
     1    0.004185    0.036254    0.075205    0.823540 v _1379_/Y (sky130_fd_sc_hd__nor2_2)
                                                         _0395_ (net)
                      0.036254    0.000000    0.823540 v _1380_/B1 (sky130_fd_sc_hd__a21oi_2)
     1    0.001853    0.097894    0.130502    0.954042 ^ _1380_/Y (sky130_fd_sc_hd__a21oi_2)
                                                         _0236_ (net)
                      0.097894    0.000000    0.954042 ^ _1733_/D (sky130_fd_sc_hd__dfrtp_2)
                                              0.954042   data arrival time

                      0.150000    0.000000    0.000000   clock clk_10mhz (rise edge)
                                  0.000000    0.000000   clock network delay (ideal)
                                  0.250000    0.250000   clock uncertainty
                                  0.000000    0.250000   clock reconvergence pessimism
                                              0.250000 ^ _1733_/CLK (sky130_fd_sc_hd__dfrtp_2)
                                 -0.070110    0.179890   library hold time
                                              0.179890   data required time
---------------------------------------------------------------------------------------------
                                              0.179890   data required time
                                             -0.954042   data arrival time
---------------------------------------------------------------------------------------------
                                              0.774152   slack (MET)


Startpoint: _1516_ (rising edge-triggered flip-flop clocked by clk_10mhz)
Endpoint: _1516_ (rising edge-triggered flip-flop clocked by clk_10mhz)
Path Group: clk_10mhz
Path Type: min

Fanout         Cap        Slew       Delay        Time   Description
---------------------------------------------------------------------------------------------
                      0.150000    0.000000    0.000000   clock clk_10mhz (rise edge)
                                  0.000000    0.000000   clock network delay (ideal)
                      0.150000    0.000000    0.000000 ^ _1516_/CLK (sky130_fd_sc_hd__dfrtp_2)
     4    0.015384    0.158357    0.804850    0.804850 ^ _1516_/Q (sky130_fd_sc_hd__dfrtp_2)
                                                         u_srf_ctrl.timer[20] (net)
                      0.158357    0.000000    0.804850 ^ _0927_/A1 (sky130_fd_sc_hd__o31ai_2)
     1    0.001838    0.044090    0.159896    0.964746 v _0927_/Y (sky130_fd_sc_hd__o31ai_2)
                                                         _0042_ (net)
                      0.044090    0.000000    0.964746 v _1516_/D (sky130_fd_sc_hd__dfrtp_2)
                                              0.964746   data arrival time

                      0.150000    0.000000    0.000000   clock clk_10mhz (rise edge)
                                  0.000000    0.000000   clock network delay (ideal)
                                  0.250000    0.250000   clock uncertainty
                                  0.000000    0.250000   clock reconvergence pessimism
                                              0.250000 ^ _1516_/CLK (sky130_fd_sc_hd__dfrtp_2)
                                 -0.060768    0.189232   library hold time
                                              0.189232   data required time
---------------------------------------------------------------------------------------------
                                              0.189232   data required time
                                             -0.964746   data arrival time
---------------------------------------------------------------------------------------------
                                              0.775514   slack (MET)


Startpoint: _1558_ (rising edge-triggered flip-flop clocked by clk_10mhz)
Endpoint: _1558_ (rising edge-triggered flip-flop clocked by clk_10mhz)
Path Group: clk_10mhz
Path Type: min

Fanout         Cap        Slew       Delay        Time   Description
---------------------------------------------------------------------------------------------
                      0.150000    0.000000    0.000000   clock clk_10mhz (rise edge)
                                  0.000000    0.000000   clock network delay (ideal)
                      0.150000    0.000000    0.000000 ^ _1558_/CLK (sky130_fd_sc_hd__dfrtp_2)
     4    0.016803    0.167869    0.814567    0.814567 ^ _1558_/Q (sky130_fd_sc_hd__dfrtp_2)
                                                         u_max30102_ctrl.clk_div[13] (net)
                      0.167869    0.000000    0.814567 ^ _0843_/A (sky130_fd_sc_hd__xor2_2)
     1    0.001838    0.049836    0.148335    0.962902 v _0843_/X (sky130_fd_sc_hd__xor2_2)
                                                         _0009_ (net)
                      0.049836    0.000000    0.962902 v _1558_/D (sky130_fd_sc_hd__dfrtp_2)
                                              0.962902   data arrival time

                      0.150000    0.000000    0.000000   clock clk_10mhz (rise edge)
                                  0.000000    0.000000   clock network delay (ideal)
                                  0.250000    0.250000   clock uncertainty
                                  0.000000    0.250000   clock reconvergence pessimism
                                              0.250000 ^ _1558_/CLK (sky130_fd_sc_hd__dfrtp_2)
                                 -0.062873    0.187127   library hold time
                                              0.187127   data required time
---------------------------------------------------------------------------------------------
                                              0.187127   data required time
                                             -0.962902   data arrival time
---------------------------------------------------------------------------------------------
                                              0.775776   slack (MET)


Startpoint: _1555_ (rising edge-triggered flip-flop clocked by clk_10mhz)
Endpoint: _1555_ (rising edge-triggered flip-flop clocked by clk_10mhz)
Path Group: clk_10mhz
Path Type: min

Fanout         Cap        Slew       Delay        Time   Description
---------------------------------------------------------------------------------------------
                      0.150000    0.000000    0.000000   clock clk_10mhz (rise edge)
                                  0.000000    0.000000   clock network delay (ideal)
                      0.150000    0.000000    0.000000 ^ _1555_/CLK (sky130_fd_sc_hd__dfrtp_2)
     4    0.016824    0.168010    0.814711    0.814711 ^ _1555_/Q (sky130_fd_sc_hd__dfrtp_2)
                                                         u_max30102_ctrl.clk_div[10] (net)
                      0.168010    0.000000    0.814711 ^ _0836_/A (sky130_fd_sc_hd__xor2_2)
     1    0.001838    0.049836    0.148388    0.963099 v _0836_/X (sky130_fd_sc_hd__xor2_2)
                                                         _0006_ (net)
                      0.049836    0.000000    0.963099 v _1555_/D (sky130_fd_sc_hd__dfrtp_2)
                                              0.963099   data arrival time

                      0.150000    0.000000    0.000000   clock clk_10mhz (rise edge)
                                  0.000000    0.000000   clock network delay (ideal)
                                  0.250000    0.250000   clock uncertainty
                                  0.000000    0.250000   clock reconvergence pessimism
                                              0.250000 ^ _1555_/CLK (sky130_fd_sc_hd__dfrtp_2)
                                 -0.062873    0.187127   library hold time
                                              0.187127   data required time
---------------------------------------------------------------------------------------------
                                              0.187127   data required time
                                             -0.963099   data arrival time
---------------------------------------------------------------------------------------------
                                              0.775972   slack (MET)


Startpoint: _1552_ (rising edge-triggered flip-flop clocked by clk_10mhz)
Endpoint: _1552_ (rising edge-triggered flip-flop clocked by clk_10mhz)
Path Group: clk_10mhz
Path Type: min

Fanout         Cap        Slew       Delay        Time   Description
---------------------------------------------------------------------------------------------
                      0.150000    0.000000    0.000000   clock clk_10mhz (rise edge)
                                  0.000000    0.000000   clock network delay (ideal)
                      0.150000    0.000000    0.000000 ^ _1552_/CLK (sky130_fd_sc_hd__dfrtp_2)
     4    0.016903    0.168540    0.815252    0.815252 ^ _1552_/Q (sky130_fd_sc_hd__dfrtp_2)
                                                         u_max30102_ctrl.clk_div[7] (net)
                      0.168540    0.000000    0.815252 ^ _0829_/A (sky130_fd_sc_hd__xor2_2)
     1    0.001838    0.049801    0.148586    0.963838 v _0829_/X (sky130_fd_sc_hd__xor2_2)
                                                         _0018_ (net)
                      0.049801    0.000000    0.963838 v _1552_/D (sky130_fd_sc_hd__dfrtp_2)
                                              0.963838   data arrival time

                      0.150000    0.000000    0.000000   clock clk_10mhz (rise edge)
                                  0.000000    0.000000   clock network delay (ideal)
                                  0.250000    0.250000   clock uncertainty
                                  0.000000    0.250000   clock reconvergence pessimism
                                              0.250000 ^ _1552_/CLK (sky130_fd_sc_hd__dfrtp_2)
                                 -0.062860    0.187140   library hold time
                                              0.187140   data required time
---------------------------------------------------------------------------------------------
                                              0.187140   data required time
                                             -0.963838   data arrival time
---------------------------------------------------------------------------------------------
                                              0.776699   slack (MET)


Startpoint: _1523_ (rising edge-triggered flip-flop clocked by clk_10mhz)
Endpoint: _1523_ (rising edge-triggered flip-flop clocked by clk_10mhz)
Path Group: clk_10mhz
Path Type: min

Fanout         Cap        Slew       Delay        Time   Description
---------------------------------------------------------------------------------------------
                      0.150000    0.000000    0.000000   clock clk_10mhz (rise edge)
                                  0.000000    0.000000   clock network delay (ideal)
                      0.150000    0.000000    0.000000 ^ _1523_/CLK (sky130_fd_sc_hd__dfrtp_2)
     3    0.006591    0.099410    0.744637    0.744637 ^ _1523_/Q (sky130_fd_sc_hd__dfrtp_2)
                                                         u_packet_assembler.timer[3] (net)
                      0.099410    0.000000    0.744637 ^ _1011_/B2 (sky130_fd_sc_hd__a32o_2)
     1    0.001853    0.066930    0.226170    0.970807 ^ _1011_/X (sky130_fd_sc_hd__a32o_2)
                                                         _0048_ (net)
                      0.066930    0.000000    0.970807 ^ _1523_/D (sky130_fd_sc_hd__dfrtp_2)
                                              0.970807   data arrival time

                      0.150000    0.000000    0.000000   clock clk_10mhz (rise edge)
                                  0.000000    0.000000   clock network delay (ideal)
                                  0.250000    0.250000   clock uncertainty
                                  0.000000    0.250000   clock reconvergence pessimism
                                              0.250000 ^ _1523_/CLK (sky130_fd_sc_hd__dfrtp_2)
                                 -0.063074    0.186926   library hold time
                                              0.186926   data required time
---------------------------------------------------------------------------------------------
                                              0.186926   data required time
                                             -0.970807   data arrival time
---------------------------------------------------------------------------------------------
                                              0.783881   slack (MET)


Startpoint: _1716_ (rising edge-triggered flip-flop clocked by clk_10mhz)
Endpoint: _1716_ (rising edge-triggered flip-flop clocked by clk_10mhz)
Path Group: clk_10mhz
Path Type: min

Fanout         Cap        Slew       Delay        Time   Description
---------------------------------------------------------------------------------------------
                      0.150000    0.000000    0.000000   clock clk_10mhz (rise edge)
                                  0.000000    0.000000   clock network delay (ideal)
                      0.150000    0.000000    0.000000 ^ _1716_/CLK (sky130_fd_sc_hd__dfrtp_2)
     2    0.017884    0.175116    0.821970    0.821970 ^ _1716_/Q (sky130_fd_sc_hd__dfrtp_2)
                                                         u_fifo.wr_ptr[4] (net)
                      0.175116    0.000000    0.821970 ^ _1263_/A (sky130_fd_sc_hd__xor2_2)
     1    0.001838    0.049720    0.151051    0.973021 v _1263_/X (sky130_fd_sc_hd__xor2_2)
                                                         _0219_ (net)
                      0.049720    0.000000    0.973021 v _1716_/D (sky130_fd_sc_hd__dfrtp_2)
                                              0.973021   data arrival time

                      0.150000    0.000000    0.000000   clock clk_10mhz (rise edge)
                                  0.000000    0.000000   clock network delay (ideal)
                                  0.250000    0.250000   clock uncertainty
                                  0.000000    0.250000   clock reconvergence pessimism
                                              0.250000 ^ _1716_/CLK (sky130_fd_sc_hd__dfrtp_2)
                                 -0.062830    0.187170   library hold time
                                              0.187170   data required time
---------------------------------------------------------------------------------------------
                                              0.187170   data required time
                                             -0.973021   data arrival time
---------------------------------------------------------------------------------------------
                                              0.785852   slack (MET)


Startpoint: _1532_ (rising edge-triggered flip-flop clocked by clk_10mhz)
Endpoint: _1532_ (rising edge-triggered flip-flop clocked by clk_10mhz)
Path Group: clk_10mhz
Path Type: min

Fanout         Cap        Slew       Delay        Time   Description
---------------------------------------------------------------------------------------------
                      0.150000    0.000000    0.000000   clock clk_10mhz (rise edge)
                                  0.000000    0.000000   clock network delay (ideal)
                      0.150000    0.000000    0.000000 ^ _1532_/CLK (sky130_fd_sc_hd__dfrtp_2)
     4    0.007114    0.102916    0.748218    0.748218 ^ _1532_/Q (sky130_fd_sc_hd__dfrtp_2)
                                                         u_packet_assembler.timer[12] (net)
                      0.102916    0.000000    0.748218 ^ _1041_/B2 (sky130_fd_sc_hd__a32o_2)
     1    0.001853    0.066930    0.227456    0.975675 ^ _1041_/X (sky130_fd_sc_hd__a32o_2)
                                                         _0057_ (net)
                      0.066930    0.000000    0.975675 ^ _1532_/D (sky130_fd_sc_hd__dfrtp_2)
                                              0.975675   data arrival time

                      0.150000    0.000000    0.000000   clock clk_10mhz (rise edge)
                                  0.000000    0.000000   clock network delay (ideal)
                                  0.250000    0.250000   clock uncertainty
                                  0.000000    0.250000   clock reconvergence pessimism
                                              0.250000 ^ _1532_/CLK (sky130_fd_sc_hd__dfrtp_2)
                                 -0.063074    0.186926   library hold time
                                              0.186926   data required time
---------------------------------------------------------------------------------------------
                                              0.186926   data required time
                                             -0.975675   data arrival time
---------------------------------------------------------------------------------------------
                                              0.788749   slack (MET)


Startpoint: _1711_ (rising edge-triggered flip-flop clocked by clk_10mhz)
Endpoint: _1711_ (rising edge-triggered flip-flop clocked by clk_10mhz)
Path Group: clk_10mhz
Path Type: min

Fanout         Cap        Slew       Delay        Time   Description
---------------------------------------------------------------------------------------------
                      0.150000    0.000000    0.000000   clock clk_10mhz (rise edge)
                                  0.000000    0.000000   clock network delay (ideal)
                      0.150000    0.000000    0.000000 ^ _1711_/CLK (sky130_fd_sc_hd__dfrtp_2)
     2    0.018122    0.176712    0.823600    0.823600 ^ _1711_/Q (sky130_fd_sc_hd__dfrtp_2)
                                                         u_fifo.rd_ptr[4] (net)
                      0.176712    0.000000    0.823600 ^ _1255_/A (sky130_fd_sc_hd__xnor2_2)
     1    0.001838    0.051367    0.156703    0.980303 v _1255_/Y (sky130_fd_sc_hd__xnor2_2)
                                                         _0214_ (net)
                      0.051367    0.000000    0.980303 v _1711_/D (sky130_fd_sc_hd__dfrtp_2)
                                              0.980303   data arrival time

                      0.150000    0.000000    0.000000   clock clk_10mhz (rise edge)
                                  0.000000    0.000000   clock network delay (ideal)
                                  0.250000    0.250000   clock uncertainty
                                  0.000000    0.250000   clock reconvergence pessimism
                                              0.250000 ^ _1711_/CLK (sky130_fd_sc_hd__dfrtp_2)
                                 -0.063434    0.186566   library hold time
                                              0.186566   data required time
---------------------------------------------------------------------------------------------
                                              0.186566   data required time
                                             -0.980303   data arrival time
---------------------------------------------------------------------------------------------
                                              0.793737   slack (MET)


Startpoint: _1774_ (rising edge-triggered flip-flop clocked by clk_10mhz)
Endpoint: _1774_ (rising edge-triggered flip-flop clocked by clk_10mhz)
Path Group: clk_10mhz
Path Type: min

Fanout         Cap        Slew       Delay        Time   Description
---------------------------------------------------------------------------------------------
                      0.150000    0.000000    0.000000   clock clk_10mhz (rise edge)
                                  0.000000    0.000000   clock network delay (ideal)
                      0.150000    0.000000    0.000000 ^ _1774_/CLK (sky130_fd_sc_hd__dfrtp_2)
     4    0.014231    0.150627    0.796955    0.796955 ^ _1774_/Q (sky130_fd_sc_hd__dfrtp_2)
                                                         u_uart.bit_index[2] (net)
                      0.150627    0.000000    0.796955 ^ _1488_/B1 (sky130_fd_sc_hd__a21oi_2)
     1    0.004181    0.052694    0.088934    0.885888 v _1488_/Y (sky130_fd_sc_hd__a21oi_2)
                                                         _0464_ (net)
                      0.052694    0.000000    0.885888 v _1489_/B (sky130_fd_sc_hd__nor2_2)
     1    0.001853    0.086383    0.100429    0.986318 ^ _1489_/Y (sky130_fd_sc_hd__nor2_2)
                                                         _0276_ (net)
                      0.086383    0.000000    0.986318 ^ _1774_/D (sky130_fd_sc_hd__dfrtp_2)
                                              0.986318   data arrival time

                      0.150000    0.000000    0.000000   clock clk_10mhz (rise edge)
                                  0.000000    0.000000   clock network delay (ideal)
                                  0.250000    0.250000   clock uncertainty
                                  0.000000    0.250000   clock reconvergence pessimism
                                              0.250000 ^ _1774_/CLK (sky130_fd_sc_hd__dfrtp_2)
                                 -0.067494    0.182506   library hold time
                                              0.182506   data required time
---------------------------------------------------------------------------------------------
                                              0.182506   data required time
                                             -0.986318   data arrival time
---------------------------------------------------------------------------------------------
                                              0.803812   slack (MET)


Startpoint: _1744_ (rising edge-triggered flip-flop clocked by clk_10mhz)
Endpoint: _1744_ (rising edge-triggered flip-flop clocked by clk_10mhz)
Path Group: clk_10mhz
Path Type: min

Fanout         Cap        Slew       Delay        Time   Description
---------------------------------------------------------------------------------------------
                      0.150000    0.000000    0.000000   clock clk_10mhz (rise edge)
                                  0.000000    0.000000   clock network delay (ideal)
                      0.150000    0.000000    0.000000 ^ _1744_/CLK (sky130_fd_sc_hd__dfrtp_2)
     3    0.008519    0.112335    0.757839    0.757839 ^ _1744_/Q (sky130_fd_sc_hd__dfrtp_2)
                                                         u_uart.clk_count[4] (net)
                      0.112335    0.000000    0.757839 ^ _1409_/B1 (sky130_fd_sc_hd__a21oi_2)
     1    0.004071    0.043657    0.076242    0.834081 v _1409_/Y (sky130_fd_sc_hd__a21oi_2)
                                                         _0414_ (net)
                      0.043657    0.000000    0.834081 v _1410_/C (sky130_fd_sc_hd__nor3_2)
     1    0.001853    0.163793    0.137348    0.971429 ^ _1410_/Y (sky130_fd_sc_hd__nor3_2)
                                                         _0247_ (net)
                      0.163793    0.000000    0.971429 ^ _1744_/D (sky130_fd_sc_hd__dfrtp_2)
                                              0.971429   data arrival time

                      0.150000    0.000000    0.000000   clock clk_10mhz (rise edge)
                                  0.000000    0.000000   clock network delay (ideal)
                                  0.250000    0.250000   clock uncertainty
                                  0.000000    0.250000   clock reconvergence pessimism
                                              0.250000 ^ _1744_/CLK (sky130_fd_sc_hd__dfrtp_2)
                                 -0.085083    0.164917   library hold time
                                              0.164917   data required time
---------------------------------------------------------------------------------------------
                                              0.164917   data required time
                                             -0.971429   data arrival time
---------------------------------------------------------------------------------------------
                                              0.806512   slack (MET)


Startpoint: _1526_ (rising edge-triggered flip-flop clocked by clk_10mhz)
Endpoint: _1526_ (rising edge-triggered flip-flop clocked by clk_10mhz)
Path Group: clk_10mhz
Path Type: min

Fanout         Cap        Slew       Delay        Time   Description
---------------------------------------------------------------------------------------------
                      0.150000    0.000000    0.000000   clock clk_10mhz (rise edge)
                                  0.000000    0.000000   clock network delay (ideal)
                      0.150000    0.000000    0.000000 ^ _1526_/CLK (sky130_fd_sc_hd__dfrtp_2)
     4    0.009027    0.115741    0.761318    0.761318 ^ _1526_/Q (sky130_fd_sc_hd__dfrtp_2)
                                                         u_packet_assembler.timer[6] (net)
                      0.115741    0.000000    0.761318 ^ _1020_/B2 (sky130_fd_sc_hd__a32o_2)
     1    0.001853    0.066932    0.232161    0.993479 ^ _1020_/X (sky130_fd_sc_hd__a32o_2)
                                                         _0051_ (net)
                      0.066932    0.000000    0.993479 ^ _1526_/D (sky130_fd_sc_hd__dfrtp_2)
                                              0.993479   data arrival time

                      0.150000    0.000000    0.000000   clock clk_10mhz (rise edge)
                                  0.000000    0.000000   clock network delay (ideal)
                                  0.250000    0.250000   clock uncertainty
                                  0.000000    0.250000   clock reconvergence pessimism
                                              0.250000 ^ _1526_/CLK (sky130_fd_sc_hd__dfrtp_2)
                                 -0.063074    0.186926   library hold time
                                              0.186926   data required time
---------------------------------------------------------------------------------------------
                                              0.186926   data required time
                                             -0.993479   data arrival time
---------------------------------------------------------------------------------------------
                                              0.806554   slack (MET)


Startpoint: _1746_ (rising edge-triggered flip-flop clocked by clk_10mhz)
Endpoint: _1746_ (rising edge-triggered flip-flop clocked by clk_10mhz)
Path Group: clk_10mhz
Path Type: min

Fanout         Cap        Slew       Delay        Time   Description
---------------------------------------------------------------------------------------------
                      0.150000    0.000000    0.000000   clock clk_10mhz (rise edge)
                                  0.000000    0.000000   clock network delay (ideal)
                      0.150000    0.000000    0.000000 ^ _1746_/CLK (sky130_fd_sc_hd__dfrtp_2)
     2    0.009204    0.116927    0.762530    0.762530 ^ _1746_/Q (sky130_fd_sc_hd__dfrtp_2)
                                                         u_uart.clk_count[6] (net)
                      0.116927    0.000000    0.762530 ^ _0752_/A (sky130_fd_sc_hd__inv_2)
     1    0.004334    0.036814    0.075558    0.838088 v _0752_/Y (sky130_fd_sc_hd__inv_2)
                                                         _0471_ (net)
                      0.036814    0.000000    0.838088 v _1414_/A1 (sky130_fd_sc_hd__a21oi_2)
     1    0.001853    0.096363    0.149759    0.987847 ^ _1414_/Y (sky130_fd_sc_hd__a21oi_2)
                                                         _0249_ (net)
                      0.096363    0.000000    0.987847 ^ _1746_/D (sky130_fd_sc_hd__dfrtp_2)
                                              0.987847   data arrival time

                      0.150000    0.000000    0.000000   clock clk_10mhz (rise edge)
                                  0.000000    0.000000   clock network delay (ideal)
                                  0.250000    0.250000   clock uncertainty
                                  0.000000    0.250000   clock reconvergence pessimism
                                              0.250000 ^ _1746_/CLK (sky130_fd_sc_hd__dfrtp_2)
                                 -0.069762    0.180238   library hold time
                                              0.180238   data required time
---------------------------------------------------------------------------------------------
                                              0.180238   data required time
                                             -0.987847   data arrival time
---------------------------------------------------------------------------------------------
                                              0.807608   slack (MET)


Startpoint: _1775_ (rising edge-triggered flip-flop clocked by clk_10mhz)
Endpoint: _1775_ (rising edge-triggered flip-flop clocked by clk_10mhz)
Path Group: clk_10mhz
Path Type: min

Fanout         Cap        Slew       Delay        Time   Description
---------------------------------------------------------------------------------------------
                      0.150000    0.000000    0.000000   clock clk_10mhz (rise edge)
                                  0.000000    0.000000   clock network delay (ideal)
                      0.150000    0.000000    0.000000 ^ _1775_/CLK (sky130_fd_sc_hd__dfrtp_2)
     4    0.019769    0.187933    0.833017    0.833017 ^ _1775_/Q (sky130_fd_sc_hd__dfrtp_2)
                                                         u_uart.state[0] (net)
                      0.187933    0.000000    0.833017 ^ _1492_/A (sky130_fd_sc_hd__xnor2_2)
     1    0.001838    0.052834    0.160653    0.993670 v _1492_/Y (sky130_fd_sc_hd__xnor2_2)
                                                         _0277_ (net)
                      0.052834    0.000000    0.993670 v _1775_/D (sky130_fd_sc_hd__dfrtp_2)
                                              0.993670   data arrival time

                      0.150000    0.000000    0.000000   clock clk_10mhz (rise edge)
                                  0.000000    0.000000   clock network delay (ideal)
                                  0.250000    0.250000   clock uncertainty
                                  0.000000    0.250000   clock reconvergence pessimism
                                              0.250000 ^ _1775_/CLK (sky130_fd_sc_hd__dfrtp_2)
                                 -0.063972    0.186028   library hold time
                                              0.186028   data required time
---------------------------------------------------------------------------------------------
                                              0.186028   data required time
                                             -0.993670   data arrival time
---------------------------------------------------------------------------------------------
                                              0.807642   slack (MET)


Startpoint: _1531_ (rising edge-triggered flip-flop clocked by clk_10mhz)
Endpoint: _1531_ (rising edge-triggered flip-flop clocked by clk_10mhz)
Path Group: clk_10mhz
Path Type: min

Fanout         Cap        Slew       Delay        Time   Description
---------------------------------------------------------------------------------------------
                      0.150000    0.000000    0.000000   clock clk_10mhz (rise edge)
                                  0.000000    0.000000   clock network delay (ideal)
                      0.150000    0.000000    0.000000 ^ _1531_/CLK (sky130_fd_sc_hd__dfrtp_2)
     5    0.009427    0.118422    0.764057    0.764057 ^ _1531_/Q (sky130_fd_sc_hd__dfrtp_2)
                                                         u_packet_assembler.timer[11] (net)
                      0.118422    0.000000    0.764057 ^ _1037_/B2 (sky130_fd_sc_hd__a32o_2)
     1    0.001853    0.066932    0.233145    0.997202 ^ _1037_/X (sky130_fd_sc_hd__a32o_2)
                                                         _0056_ (net)
                      0.066932    0.000000    0.997202 ^ _1531_/D (sky130_fd_sc_hd__dfrtp_2)
                                              0.997202   data arrival time

                      0.150000    0.000000    0.000000   clock clk_10mhz (rise edge)
                                  0.000000    0.000000   clock network delay (ideal)
                                  0.250000    0.250000   clock uncertainty
                                  0.000000    0.250000   clock reconvergence pessimism
                                              0.250000 ^ _1531_/CLK (sky130_fd_sc_hd__dfrtp_2)
                                 -0.063074    0.186926   library hold time
                                              0.186926   data required time
---------------------------------------------------------------------------------------------
                                              0.186926   data required time
                                             -0.997202   data arrival time
---------------------------------------------------------------------------------------------
                                              0.810277   slack (MET)


Startpoint: _1536_ (rising edge-triggered flip-flop clocked by clk_10mhz)
Endpoint: _1536_ (rising edge-triggered flip-flop clocked by clk_10mhz)
Path Group: clk_10mhz
Path Type: min

Fanout         Cap        Slew       Delay        Time   Description
---------------------------------------------------------------------------------------------
                      0.150000    0.000000    0.000000   clock clk_10mhz (rise edge)
                                  0.000000    0.000000   clock network delay (ideal)
                      0.150000    0.000000    0.000000 ^ _1536_/CLK (sky130_fd_sc_hd__dfrtp_2)
     2    0.004864    0.087227    0.730641    0.730641 ^ _1536_/Q (sky130_fd_sc_hd__dfrtp_2)
                                                         u_packet_assembler.timer[16] (net)
                      0.087227    0.000000    0.730641 ^ _1053_/A1 (sky130_fd_sc_hd__a22o_2)
     1    0.001853    0.055384    0.271153    1.001794 ^ _1053_/X (sky130_fd_sc_hd__a22o_2)
                                                         _0061_ (net)
                      0.055384    0.000000    1.001794 ^ _1536_/D (sky130_fd_sc_hd__dfrtp_2)
                                              1.001794   data arrival time

                      0.150000    0.000000    0.000000   clock clk_10mhz (rise edge)
                                  0.000000    0.000000   clock network delay (ideal)
                                  0.250000    0.250000   clock uncertainty
                                  0.000000    0.250000   clock reconvergence pessimism
                                              0.250000 ^ _1536_/CLK (sky130_fd_sc_hd__dfrtp_2)
                                 -0.060450    0.189550   library hold time
                                              0.189550   data required time
---------------------------------------------------------------------------------------------
                                              0.189550   data required time
                                             -1.001794   data arrival time
---------------------------------------------------------------------------------------------
                                              0.812244   slack (MET)


Startpoint: _1742_ (rising edge-triggered flip-flop clocked by clk_10mhz)
Endpoint: _1742_ (rising edge-triggered flip-flop clocked by clk_10mhz)
Path Group: clk_10mhz
Path Type: min

Fanout         Cap        Slew       Delay        Time   Description
---------------------------------------------------------------------------------------------
                      0.150000    0.000000    0.000000   clock clk_10mhz (rise edge)
                                  0.000000    0.000000   clock network delay (ideal)
                      0.150000    0.000000    0.000000 ^ _1742_/CLK (sky130_fd_sc_hd__dfrtp_2)
     3    0.008914    0.114983    0.760544    0.760544 ^ _1742_/Q (sky130_fd_sc_hd__dfrtp_2)
                                                         u_uart.clk_count[2] (net)
                      0.114983    0.000000    0.760544 ^ _1404_/A1 (sky130_fd_sc_hd__o21ai_2)
     1    0.004181    0.060857    0.135807    0.896351 v _1404_/Y (sky130_fd_sc_hd__o21ai_2)
                                                         _0411_ (net)
                      0.060857    0.000000    0.896351 v _1405_/B (sky130_fd_sc_hd__nor2_2)
     1    0.001853    0.086269    0.103263    0.999615 ^ _1405_/Y (sky130_fd_sc_hd__nor2_2)
                                                         _0245_ (net)
                      0.086269    0.000000    0.999615 ^ _1742_/D (sky130_fd_sc_hd__dfrtp_2)
                                              0.999615   data arrival time

                      0.150000    0.000000    0.000000   clock clk_10mhz (rise edge)
                                  0.000000    0.000000   clock network delay (ideal)
                                  0.250000    0.250000   clock uncertainty
                                  0.000000    0.250000   clock reconvergence pessimism
                                              0.250000 ^ _1742_/CLK (sky130_fd_sc_hd__dfrtp_2)
                                 -0.067468    0.182532   library hold time
                                              0.182532   data required time
---------------------------------------------------------------------------------------------
                                              0.182532   data required time
                                             -0.999615   data arrival time
---------------------------------------------------------------------------------------------
                                              0.817083   slack (MET)


Startpoint: _1517_ (rising edge-triggered flip-flop clocked by clk_10mhz)
Endpoint: _1517_ (rising edge-triggered flip-flop clocked by clk_10mhz)
Path Group: clk_10mhz
Path Type: min

Fanout         Cap        Slew       Delay        Time   Description
---------------------------------------------------------------------------------------------
                      0.150000    0.000000    0.000000   clock clk_10mhz (rise edge)
                                  0.000000    0.000000   clock network delay (ideal)
                      0.150000    0.000000    0.000000 ^ _1517_/CLK (sky130_fd_sc_hd__dfrtp_2)
     3    0.005966    0.095220    0.740357    0.740357 ^ _1517_/Q (sky130_fd_sc_hd__dfrtp_2)
                                                         u_pmu.user_detected (net)
                      0.095220    0.000000    0.740357 ^ _0989_/B1 (sky130_fd_sc_hd__o32a_2)
     1    0.001853    0.052229    0.267695    1.008052 ^ _0989_/X (sky130_fd_sc_hd__o32a_2)
                                                         _0043_ (net)
                      0.052229    0.000000    1.008052 ^ _1517_/D (sky130_fd_sc_hd__dfrtp_2)
                                              1.008052   data arrival time

                      0.150000    0.000000    0.000000   clock clk_10mhz (rise edge)
                                  0.000000    0.000000   clock network delay (ideal)
                                  0.250000    0.250000   clock uncertainty
                                  0.000000    0.250000   clock reconvergence pessimism
                                              0.250000 ^ _1517_/CLK (sky130_fd_sc_hd__dfrtp_2)
                                 -0.059734    0.190266   library hold time
                                              0.190266   data required time
---------------------------------------------------------------------------------------------
                                              0.190266   data required time
                                             -1.008052   data arrival time
---------------------------------------------------------------------------------------------
                                              0.817785   slack (MET)


Startpoint: _1508_ (rising edge-triggered flip-flop clocked by clk_10mhz)
Endpoint: _1508_ (rising edge-triggered flip-flop clocked by clk_10mhz)
Path Group: clk_10mhz
Path Type: min

Fanout         Cap        Slew       Delay        Time   Description
---------------------------------------------------------------------------------------------
                      0.150000    0.000000    0.000000   clock clk_10mhz (rise edge)
                                  0.000000    0.000000   clock network delay (ideal)
                      0.150000    0.000000    0.000000 ^ _1508_/CLK (sky130_fd_sc_hd__dfrtp_2)
     4    0.009313    0.117658    0.763277    0.763277 ^ _1508_/Q (sky130_fd_sc_hd__dfrtp_2)
                                                         u_srf_ctrl.timer[12] (net)
                      0.117658    0.000000    0.763277 ^ _0749_/A (sky130_fd_sc_hd__inv_2)
     2    0.005962    0.042497    0.083211    0.846488 v _0749_/Y (sky130_fd_sc_hd__inv_2)
                                                         _0468_ (net)
                      0.042497    0.000000    0.846488 v _0899_/A1 (sky130_fd_sc_hd__a21oi_2)
     1    0.001853    0.096394    0.152165    0.998653 ^ _0899_/Y (sky130_fd_sc_hd__a21oi_2)
                                                         _0034_ (net)
                      0.096394    0.000000    0.998653 ^ _1508_/D (sky130_fd_sc_hd__dfrtp_2)
                                              0.998653   data arrival time

                      0.150000    0.000000    0.000000   clock clk_10mhz (rise edge)
                                  0.000000    0.000000   clock network delay (ideal)
                                  0.250000    0.250000   clock uncertainty
                                  0.000000    0.250000   clock reconvergence pessimism
                                              0.250000 ^ _1508_/CLK (sky130_fd_sc_hd__dfrtp_2)
                                 -0.069769    0.180231   library hold time
                                              0.180231   data required time
---------------------------------------------------------------------------------------------
                                              0.180231   data required time
                                             -0.998653   data arrival time
---------------------------------------------------------------------------------------------
                                              0.818422   slack (MET)


Startpoint: _1738_ (rising edge-triggered flip-flop clocked by clk_10mhz)
Endpoint: _1738_ (rising edge-triggered flip-flop clocked by clk_10mhz)
Path Group: clk_10mhz
Path Type: min

Fanout         Cap        Slew       Delay        Time   Description
---------------------------------------------------------------------------------------------
                      0.150000    0.000000    0.000000   clock clk_10mhz (rise edge)
                                  0.000000    0.000000   clock network delay (ideal)
                      0.150000    0.000000    0.000000 ^ _1738_/CLK (sky130_fd_sc_hd__dfrtp_2)
     2    0.004398    0.083695    0.725988    0.725988 ^ _1738_/Q (sky130_fd_sc_hd__dfrtp_2)
                                                         distance_out[5] (net)
                      0.083695    0.000000    0.725988 ^ _1389_/B1 (sky130_fd_sc_hd__a2bb2o_2)
     1    0.001853    0.049842    0.283913    1.009900 ^ _1389_/X (sky130_fd_sc_hd__a2bb2o_2)
                                                         _0241_ (net)
                      0.049842    0.000000    1.009900 ^ _1738_/D (sky130_fd_sc_hd__dfrtp_2)
                                              1.009900   data arrival time

                      0.150000    0.000000    0.000000   clock clk_10mhz (rise edge)
                                  0.000000    0.000000   clock network delay (ideal)
                                  0.250000    0.250000   clock uncertainty
                                  0.000000    0.250000   clock reconvergence pessimism
                                              0.250000 ^ _1738_/CLK (sky130_fd_sc_hd__dfrtp_2)
                                 -0.059191    0.190809   library hold time
                                              0.190809   data required time
---------------------------------------------------------------------------------------------
                                              0.190809   data required time
                                             -1.009900   data arrival time
---------------------------------------------------------------------------------------------
                                              0.819092   slack (MET)


Startpoint: _1502_ (rising edge-triggered flip-flop clocked by clk_10mhz)
Endpoint: _1502_ (rising edge-triggered flip-flop clocked by clk_10mhz)
Path Group: clk_10mhz
Path Type: min

Fanout         Cap        Slew       Delay        Time   Description
---------------------------------------------------------------------------------------------
                      0.150000    0.000000    0.000000   clock clk_10mhz (rise edge)
                                  0.000000    0.000000   clock network delay (ideal)
                      0.150000    0.000000    0.000000 ^ _1502_/CLK (sky130_fd_sc_hd__dfrtp_2)
     5    0.010413    0.125032    0.770809    0.770809 ^ _1502_/Q (sky130_fd_sc_hd__dfrtp_2)
                                                         u_srf_ctrl.timer[6] (net)
                      0.125032    0.000000    0.770809 ^ _0881_/B2 (sky130_fd_sc_hd__a32o_2)
     1    0.001853    0.066933    0.235570    1.006379 ^ _0881_/X (sky130_fd_sc_hd__a32o_2)
                                                         _0028_ (net)
                      0.066933    0.000000    1.006379 ^ _1502_/D (sky130_fd_sc_hd__dfrtp_2)
                                              1.006379   data arrival time

                      0.150000    0.000000    0.000000   clock clk_10mhz (rise edge)
                                  0.000000    0.000000   clock network delay (ideal)
                                  0.250000    0.250000   clock uncertainty
                                  0.000000    0.250000   clock reconvergence pessimism
                                              0.250000 ^ _1502_/CLK (sky130_fd_sc_hd__dfrtp_2)
                                 -0.063075    0.186925   library hold time
                                              0.186925   data required time
---------------------------------------------------------------------------------------------
                                              0.186925   data required time
                                             -1.006379   data arrival time
---------------------------------------------------------------------------------------------
                                              0.819454   slack (MET)


Startpoint: _1534_ (rising edge-triggered flip-flop clocked by clk_10mhz)
Endpoint: _1534_ (rising edge-triggered flip-flop clocked by clk_10mhz)
Path Group: clk_10mhz
Path Type: min

Fanout         Cap        Slew       Delay        Time   Description
---------------------------------------------------------------------------------------------
                      0.150000    0.000000    0.000000   clock clk_10mhz (rise edge)
                                  0.000000    0.000000   clock network delay (ideal)
                      0.150000    0.000000    0.000000 ^ _1534_/CLK (sky130_fd_sc_hd__dfrtp_2)
     4    0.012095    0.136308    0.782327    0.782327 ^ _1534_/Q (sky130_fd_sc_hd__dfrtp_2)
                                                         u_packet_assembler.timer[14] (net)
                      0.136308    0.000000    0.782327 ^ _1047_/B1 (sky130_fd_sc_hd__a21oi_2)
     1    0.004246    0.049665    0.084568    0.866896 v _1047_/Y (sky130_fd_sc_hd__a21oi_2)
                                                         _0705_ (net)
                      0.049665    0.000000    0.866896 v _1049_/A (sky130_fd_sc_hd__nor2_2)
     1    0.001853    0.086551    0.135107    1.002003 ^ _1049_/Y (sky130_fd_sc_hd__nor2_2)
                                                         _0059_ (net)
                      0.086551    0.000000    1.002003 ^ _1534_/D (sky130_fd_sc_hd__dfrtp_2)
                                              1.002003   data arrival time

                      0.150000    0.000000    0.000000   clock clk_10mhz (rise edge)
                                  0.000000    0.000000   clock network delay (ideal)
                                  0.250000    0.250000   clock uncertainty
                                  0.000000    0.250000   clock reconvergence pessimism
                                              0.250000 ^ _1534_/CLK (sky130_fd_sc_hd__dfrtp_2)
                                 -0.067532    0.182468   library hold time
                                              0.182468   data required time
---------------------------------------------------------------------------------------------
                                              0.182468   data required time
                                             -1.002003   data arrival time
---------------------------------------------------------------------------------------------
                                              0.819535   slack (MET)


Startpoint: _1528_ (rising edge-triggered flip-flop clocked by clk_10mhz)
Endpoint: _1528_ (rising edge-triggered flip-flop clocked by clk_10mhz)
Path Group: clk_10mhz
Path Type: min

Fanout         Cap        Slew       Delay        Time   Description
---------------------------------------------------------------------------------------------
                      0.150000    0.000000    0.000000   clock clk_10mhz (rise edge)
                                  0.000000    0.000000   clock network delay (ideal)
                      0.150000    0.000000    0.000000 ^ _1528_/CLK (sky130_fd_sc_hd__dfrtp_2)
     5    0.010674    0.126782    0.772597    0.772597 ^ _1528_/Q (sky130_fd_sc_hd__dfrtp_2)
                                                         u_packet_assembler.timer[8] (net)
                      0.126782    0.000000    0.772597 ^ _1027_/B2 (sky130_fd_sc_hd__a32o_2)
     1    0.001853    0.066933    0.236212    1.008809 ^ _1027_/X (sky130_fd_sc_hd__a32o_2)
                                                         _0053_ (net)
                      0.066933    0.000000    1.008809 ^ _1528_/D (sky130_fd_sc_hd__dfrtp_2)
                                              1.008809   data arrival time

                      0.150000    0.000000    0.000000   clock clk_10mhz (rise edge)
                                  0.000000    0.000000   clock network delay (ideal)
                                  0.250000    0.250000   clock uncertainty
                                  0.000000    0.250000   clock reconvergence pessimism
                                              0.250000 ^ _1528_/CLK (sky130_fd_sc_hd__dfrtp_2)
                                 -0.063075    0.186925   library hold time
                                              0.186925   data required time
---------------------------------------------------------------------------------------------
                                              0.186925   data required time
                                             -1.008809   data arrival time
---------------------------------------------------------------------------------------------
                                              0.821883   slack (MET)


Startpoint: _1511_ (rising edge-triggered flip-flop clocked by clk_10mhz)
Endpoint: _1511_ (rising edge-triggered flip-flop clocked by clk_10mhz)
Path Group: clk_10mhz
Path Type: min

Fanout         Cap        Slew       Delay        Time   Description
---------------------------------------------------------------------------------------------
                      0.150000    0.000000    0.000000   clock clk_10mhz (rise edge)
                                  0.000000    0.000000   clock network delay (ideal)
                      0.150000    0.000000    0.000000 ^ _1511_/CLK (sky130_fd_sc_hd__dfrtp_2)
     6    0.010968    0.128753    0.774610    0.774610 ^ _1511_/Q (sky130_fd_sc_hd__dfrtp_2)
                                                         u_srf_ctrl.timer[15] (net)
                      0.128753    0.000000    0.774610 ^ _0910_/B2 (sky130_fd_sc_hd__a32o_2)
     1    0.001853    0.066933    0.236935    1.011545 ^ _0910_/X (sky130_fd_sc_hd__a32o_2)
                                                         _0037_ (net)
                      0.066933    0.000000    1.011545 ^ _1511_/D (sky130_fd_sc_hd__dfrtp_2)
                                              1.011545   data arrival time

                      0.150000    0.000000    0.000000   clock clk_10mhz (rise edge)
                                  0.000000    0.000000   clock network delay (ideal)
                                  0.250000    0.250000   clock uncertainty
                                  0.000000    0.250000   clock reconvergence pessimism
                                              0.250000 ^ _1511_/CLK (sky130_fd_sc_hd__dfrtp_2)
                                 -0.063075    0.186925   library hold time
                                              0.186925   data required time
---------------------------------------------------------------------------------------------
                                              0.186925   data required time
                                             -1.011545   data arrival time
---------------------------------------------------------------------------------------------
                                              0.824620   slack (MET)


Startpoint: _1524_ (rising edge-triggered flip-flop clocked by clk_10mhz)
Endpoint: _1524_ (rising edge-triggered flip-flop clocked by clk_10mhz)
Path Group: clk_10mhz
Path Type: min

Fanout         Cap        Slew       Delay        Time   Description
---------------------------------------------------------------------------------------------
                      0.150000    0.000000    0.000000   clock clk_10mhz (rise edge)
                                  0.000000    0.000000   clock network delay (ideal)
                      0.150000    0.000000    0.000000 ^ _1524_/CLK (sky130_fd_sc_hd__dfrtp_2)
     5    0.012624    0.139854    0.785950    0.785950 ^ _1524_/Q (sky130_fd_sc_hd__dfrtp_2)
                                                         u_packet_assembler.timer[4] (net)
                      0.139854    0.000000    0.785950 ^ _1014_/B2 (sky130_fd_sc_hd__a32o_2)
     1    0.001853    0.066935    0.241008    1.026958 ^ _1014_/X (sky130_fd_sc_hd__a32o_2)
                                                         _0049_ (net)
                      0.066935    0.000000    1.026958 ^ _1524_/D (sky130_fd_sc_hd__dfrtp_2)
                                              1.026958   data arrival time

                      0.150000    0.000000    0.000000   clock clk_10mhz (rise edge)
                                  0.000000    0.000000   clock network delay (ideal)
                                  0.250000    0.250000   clock uncertainty
                                  0.000000    0.250000   clock reconvergence pessimism
                                              0.250000 ^ _1524_/CLK (sky130_fd_sc_hd__dfrtp_2)
                                 -0.063075    0.186925   library hold time
                                              0.186925   data required time
---------------------------------------------------------------------------------------------
                                              0.186925   data required time
                                             -1.026958   data arrival time
---------------------------------------------------------------------------------------------
                                              0.840033   slack (MET)


Startpoint: _1768_ (rising edge-triggered flip-flop clocked by clk_10mhz)
Endpoint: _1768_ (rising edge-triggered flip-flop clocked by clk_10mhz)
Path Group: clk_10mhz
Path Type: min

Fanout         Cap        Slew       Delay        Time   Description
---------------------------------------------------------------------------------------------
                      0.150000    0.000000    0.000000   clock clk_10mhz (rise edge)
                                  0.000000    0.000000   clock network delay (ideal)
                      0.150000    0.000000    0.000000 ^ _1768_/CLK (sky130_fd_sc_hd__dfrtp_2)
     4    0.011124    0.129798    0.775678    0.775678 ^ _1768_/Q (sky130_fd_sc_hd__dfrtp_2)
                                                         u_srf_ctrl.echo_counter[13] (net)
                      0.129798    0.000000    0.775678 ^ _1475_/S (sky130_fd_sc_hd__mux2_1)
     1    0.001853    0.062923    0.253865    1.029543 ^ _1475_/X (sky130_fd_sc_hd__mux2_1)
                                                         _0271_ (net)
                      0.062923    0.000000    1.029543 ^ _1768_/D (sky130_fd_sc_hd__dfrtp_2)
                                              1.029543   data arrival time

                      0.150000    0.000000    0.000000   clock clk_10mhz (rise edge)
                                  0.000000    0.000000   clock network delay (ideal)
                                  0.250000    0.250000   clock uncertainty
                                  0.000000    0.250000   clock reconvergence pessimism
                                              0.250000 ^ _1768_/CLK (sky130_fd_sc_hd__dfrtp_2)
                                 -0.062164    0.187836   library hold time
                                              0.187836   data required time
---------------------------------------------------------------------------------------------
                                              0.187836   data required time
                                             -1.029543   data arrival time
---------------------------------------------------------------------------------------------
                                              0.841707   slack (MET)


Startpoint: _1757_ (rising edge-triggered flip-flop clocked by clk_10mhz)
Endpoint: _1757_ (rising edge-triggered flip-flop clocked by clk_10mhz)
Path Group: clk_10mhz
Path Type: min

Fanout         Cap        Slew       Delay        Time   Description
---------------------------------------------------------------------------------------------
                      0.150000    0.000000    0.000000   clock clk_10mhz (rise edge)
                                  0.000000    0.000000   clock network delay (ideal)
                      0.150000    0.000000    0.000000 ^ _1757_/CLK (sky130_fd_sc_hd__dfrtp_2)
     6    0.012927    0.141885    0.788025    0.788025 ^ _1757_/Q (sky130_fd_sc_hd__dfrtp_2)
                                                         u_srf_ctrl.echo_counter[2] (net)
                      0.141885    0.000000    0.788025 ^ _1440_/B2 (sky130_fd_sc_hd__a32o_2)
     1    0.001853    0.066935    0.241753    1.029778 ^ _1440_/X (sky130_fd_sc_hd__a32o_2)
                                                         _0260_ (net)
                      0.066935    0.000000    1.029778 ^ _1757_/D (sky130_fd_sc_hd__dfrtp_2)
                                              1.029778   data arrival time

                      0.150000    0.000000    0.000000   clock clk_10mhz (rise edge)
                                  0.000000    0.000000   clock network delay (ideal)
                                  0.250000    0.250000   clock uncertainty
                                  0.000000    0.250000   clock reconvergence pessimism
                                              0.250000 ^ _1757_/CLK (sky130_fd_sc_hd__dfrtp_2)
                                 -0.063075    0.186925   library hold time
                                              0.186925   data required time
---------------------------------------------------------------------------------------------
                                              0.186925   data required time
                                             -1.029778   data arrival time
---------------------------------------------------------------------------------------------
                                              0.842853   slack (MET)


Startpoint: _1505_ (rising edge-triggered flip-flop clocked by clk_10mhz)
Endpoint: _1505_ (rising edge-triggered flip-flop clocked by clk_10mhz)
Path Group: clk_10mhz
Path Type: min

Fanout         Cap        Slew       Delay        Time   Description
---------------------------------------------------------------------------------------------
                      0.150000    0.000000    0.000000   clock clk_10mhz (rise edge)
                                  0.000000    0.000000   clock network delay (ideal)
                      0.150000    0.000000    0.000000 ^ _1505_/CLK (sky130_fd_sc_hd__dfrtp_2)
     6    0.013321    0.144527    0.790723    0.790723 ^ _1505_/Q (sky130_fd_sc_hd__dfrtp_2)
                                                         u_srf_ctrl.timer[9] (net)
                      0.144527    0.000000    0.790723 ^ _0890_/B2 (sky130_fd_sc_hd__a32o_2)
     1    0.001853    0.066935    0.242722    1.033445 ^ _0890_/X (sky130_fd_sc_hd__a32o_2)
                                                         _0031_ (net)
                      0.066935    0.000000    1.033445 ^ _1505_/D (sky130_fd_sc_hd__dfrtp_2)
                                              1.033445   data arrival time

                      0.150000    0.000000    0.000000   clock clk_10mhz (rise edge)
                                  0.000000    0.000000   clock network delay (ideal)
                                  0.250000    0.250000   clock uncertainty
                                  0.000000    0.250000   clock reconvergence pessimism
                                              0.250000 ^ _1505_/CLK (sky130_fd_sc_hd__dfrtp_2)
                                 -0.063075    0.186925   library hold time
                                              0.186925   data required time
---------------------------------------------------------------------------------------------
                                              0.186925   data required time
                                             -1.033445   data arrival time
---------------------------------------------------------------------------------------------
                                              0.846520   slack (MET)


Startpoint: _1522_ (rising edge-triggered flip-flop clocked by clk_10mhz)
Endpoint: _1522_ (rising edge-triggered flip-flop clocked by clk_10mhz)
Path Group: clk_10mhz
Path Type: min

Fanout         Cap        Slew       Delay        Time   Description
---------------------------------------------------------------------------------------------
                      0.150000    0.000000    0.000000   clock clk_10mhz (rise edge)
                                  0.000000    0.000000   clock network delay (ideal)
                      0.150000    0.000000    0.000000 ^ _1522_/CLK (sky130_fd_sc_hd__dfrtp_2)
     5    0.013593    0.146350    0.792586    0.792586 ^ _1522_/Q (sky130_fd_sc_hd__dfrtp_2)
                                                         u_packet_assembler.timer[2] (net)
                      0.146350    0.000000    0.792586 ^ _1007_/B2 (sky130_fd_sc_hd__a32o_2)
     1    0.001853    0.066935    0.243391    1.035977 ^ _1007_/X (sky130_fd_sc_hd__a32o_2)
                                                         _0047_ (net)
                      0.066935    0.000000    1.035977 ^ _1522_/D (sky130_fd_sc_hd__dfrtp_2)
                                              1.035977   data arrival time

                      0.150000    0.000000    0.000000   clock clk_10mhz (rise edge)
                                  0.000000    0.000000   clock network delay (ideal)
                                  0.250000    0.250000   clock uncertainty
                                  0.000000    0.250000   clock reconvergence pessimism
                                              0.250000 ^ _1522_/CLK (sky130_fd_sc_hd__dfrtp_2)
                                 -0.063075    0.186925   library hold time
                                              0.186925   data required time
---------------------------------------------------------------------------------------------
                                              0.186925   data required time
                                             -1.035977   data arrival time
---------------------------------------------------------------------------------------------
                                              0.849052   slack (MET)


Startpoint: _1769_ (rising edge-triggered flip-flop clocked by clk_10mhz)
Endpoint: _1769_ (rising edge-triggered flip-flop clocked by clk_10mhz)
Path Group: clk_10mhz
Path Type: min

Fanout         Cap        Slew       Delay        Time   Description
---------------------------------------------------------------------------------------------
                      0.150000    0.000000    0.000000   clock clk_10mhz (rise edge)
                                  0.000000    0.000000   clock network delay (ideal)
                      0.150000    0.000000    0.000000 ^ _1769_/CLK (sky130_fd_sc_hd__dfrtp_2)
     5    0.011286    0.130884    0.776788    0.776788 ^ _1769_/Q (sky130_fd_sc_hd__dfrtp_2)
                                                         u_srf_ctrl.echo_counter[14] (net)
                      0.130884    0.000000    0.776788 ^ _1479_/A1 (sky130_fd_sc_hd__o21a_2)
     1    0.001853    0.048205    0.263670    1.040457 ^ _1479_/X (sky130_fd_sc_hd__o21a_2)
                                                         _0272_ (net)
                      0.048205    0.000000    1.040457 ^ _1769_/D (sky130_fd_sc_hd__dfrtp_2)
                                              1.040457   data arrival time

                      0.150000    0.000000    0.000000   clock clk_10mhz (rise edge)
                                  0.000000    0.000000   clock network delay (ideal)
                                  0.250000    0.250000   clock uncertainty
                                  0.000000    0.250000   clock reconvergence pessimism
                                              0.250000 ^ _1769_/CLK (sky130_fd_sc_hd__dfrtp_2)
                                 -0.058819    0.191181   library hold time
                                              0.191181   data required time
---------------------------------------------------------------------------------------------
                                              0.191181   data required time
                                             -1.040457   data arrival time
---------------------------------------------------------------------------------------------
                                              0.849277   slack (MET)


Startpoint: _1767_ (rising edge-triggered flip-flop clocked by clk_10mhz)
Endpoint: _1767_ (rising edge-triggered flip-flop clocked by clk_10mhz)
Path Group: clk_10mhz
Path Type: min

Fanout         Cap        Slew       Delay        Time   Description
---------------------------------------------------------------------------------------------
                      0.150000    0.000000    0.000000   clock clk_10mhz (rise edge)
                                  0.000000    0.000000   clock network delay (ideal)
                      0.150000    0.000000    0.000000 ^ _1767_/CLK (sky130_fd_sc_hd__dfrtp_2)
     5    0.011416    0.131756    0.777678    0.777678 ^ _1767_/Q (sky130_fd_sc_hd__dfrtp_2)
                                                         u_srf_ctrl.echo_counter[12] (net)
                      0.131756    0.000000    0.777678 ^ _1474_/A1 (sky130_fd_sc_hd__o21a_2)
     1    0.001853    0.048182    0.264009    1.041687 ^ _1474_/X (sky130_fd_sc_hd__o21a_2)
                                                         _0270_ (net)
                      0.048182    0.000000    1.041687 ^ _1767_/D (sky130_fd_sc_hd__dfrtp_2)
                                              1.041687   data arrival time

                      0.150000    0.000000    0.000000   clock clk_10mhz (rise edge)
                                  0.000000    0.000000   clock network delay (ideal)
                                  0.250000    0.250000   clock uncertainty
                                  0.000000    0.250000   clock reconvergence pessimism
                                              0.250000 ^ _1767_/CLK (sky130_fd_sc_hd__dfrtp_2)
                                 -0.058814    0.191186   library hold time
                                              0.191186   data required time
---------------------------------------------------------------------------------------------
                                              0.191186   data required time
                                             -1.041687   data arrival time
---------------------------------------------------------------------------------------------
                                              0.850501   slack (MET)


Startpoint: _1776_ (rising edge-triggered flip-flop clocked by clk_10mhz)
Endpoint: _1776_ (rising edge-triggered flip-flop clocked by clk_10mhz)
Path Group: clk_10mhz
Path Type: min

Fanout         Cap        Slew       Delay        Time   Description
---------------------------------------------------------------------------------------------
                      0.150000    0.000000    0.000000   clock clk_10mhz (rise edge)
                                  0.000000    0.000000   clock network delay (ideal)
                      0.150000    0.000000    0.000000 ^ _1776_/CLK (sky130_fd_sc_hd__dfrtp_2)
     5    0.014556    0.152806    0.799180    0.799180 ^ _1776_/Q (sky130_fd_sc_hd__dfrtp_2)
                                                         u_uart.state[1] (net)
                      0.152806    0.000000    0.799180 ^ _1493_/A1 (sky130_fd_sc_hd__a21o_2)
     1    0.001853    0.042410    0.246890    1.046070 ^ _1493_/X (sky130_fd_sc_hd__a21o_2)
                                                         _0278_ (net)
                      0.042410    0.000000    1.046070 ^ _1776_/D (sky130_fd_sc_hd__dfrtp_2)
                                              1.046070   data arrival time

                      0.150000    0.000000    0.000000   clock clk_10mhz (rise edge)
                                  0.000000    0.000000   clock network delay (ideal)
                                  0.250000    0.250000   clock uncertainty
                                  0.000000    0.250000   clock reconvergence pessimism
                                              0.250000 ^ _1776_/CLK (sky130_fd_sc_hd__dfrtp_2)
                                 -0.057503    0.192497   library hold time
                                              0.192497   data required time
---------------------------------------------------------------------------------------------
                                              0.192497   data required time
                                             -1.046070   data arrival time
---------------------------------------------------------------------------------------------
                                              0.853572   slack (MET)


Startpoint: _1515_ (rising edge-triggered flip-flop clocked by clk_10mhz)
Endpoint: _1515_ (rising edge-triggered flip-flop clocked by clk_10mhz)
Path Group: clk_10mhz
Path Type: min

Fanout         Cap        Slew       Delay        Time   Description
---------------------------------------------------------------------------------------------
                      0.150000    0.000000    0.000000   clock clk_10mhz (rise edge)
                                  0.000000    0.000000   clock network delay (ideal)
                      0.150000    0.000000    0.000000 ^ _1515_/CLK (sky130_fd_sc_hd__dfrtp_2)
     6    0.014231    0.150627    0.796955    0.796955 ^ _1515_/Q (sky130_fd_sc_hd__dfrtp_2)
                                                         u_srf_ctrl.timer[19] (net)
                      0.150627    0.000000    0.796955 ^ _0924_/B2 (sky130_fd_sc_hd__a32o_2)
     1    0.001853    0.066936    0.244960    1.041915 ^ _0924_/X (sky130_fd_sc_hd__a32o_2)
                                                         _0041_ (net)
                      0.066936    0.000000    1.041915 ^ _1515_/D (sky130_fd_sc_hd__dfrtp_2)
                                              1.041915   data arrival time

                      0.150000    0.000000    0.000000   clock clk_10mhz (rise edge)
                                  0.000000    0.000000   clock network delay (ideal)
                                  0.250000    0.250000   clock uncertainty
                                  0.000000    0.250000   clock reconvergence pessimism
                                              0.250000 ^ _1515_/CLK (sky130_fd_sc_hd__dfrtp_2)
                                 -0.063075    0.186925   library hold time
                                              0.186925   data required time
---------------------------------------------------------------------------------------------
                                              0.186925   data required time
                                             -1.041915   data arrival time
---------------------------------------------------------------------------------------------
                                              0.854990   slack (MET)


Startpoint: _1535_ (rising edge-triggered flip-flop clocked by clk_10mhz)
Endpoint: _1535_ (rising edge-triggered flip-flop clocked by clk_10mhz)
Path Group: clk_10mhz
Path Type: min

Fanout         Cap        Slew       Delay        Time   Description
---------------------------------------------------------------------------------------------
                      0.150000    0.000000    0.000000   clock clk_10mhz (rise edge)
                                  0.000000    0.000000   clock network delay (ideal)
                      0.150000    0.000000    0.000000 ^ _1535_/CLK (sky130_fd_sc_hd__dfrtp_2)
     4    0.011962    0.135416    0.781417    0.781417 ^ _1535_/Q (sky130_fd_sc_hd__dfrtp_2)
                                                         u_packet_assembler.timer[15] (net)
                      0.135416    0.000000    0.781417 ^ _1052_/A1 (sky130_fd_sc_hd__o21a_2)
     1    0.001853    0.048180    0.265435    1.046852 ^ _1052_/X (sky130_fd_sc_hd__o21a_2)
                                                         _0060_ (net)
                      0.048180    0.000000    1.046852 ^ _1535_/D (sky130_fd_sc_hd__dfrtp_2)
                                              1.046852   data arrival time

                      0.150000    0.000000    0.000000   clock clk_10mhz (rise edge)
                                  0.000000    0.000000   clock network delay (ideal)
                                  0.250000    0.250000   clock uncertainty
                                  0.000000    0.250000   clock reconvergence pessimism
                                              0.250000 ^ _1535_/CLK (sky130_fd_sc_hd__dfrtp_2)
                                 -0.058814    0.191186   library hold time
                                              0.191186   data required time
---------------------------------------------------------------------------------------------
                                              0.191186   data required time
                                             -1.046852   data arrival time
---------------------------------------------------------------------------------------------
                                              0.855666   slack (MET)


Startpoint: _1593_ (rising edge-triggered flip-flop clocked by clk_10mhz)
Endpoint: _1593_ (rising edge-triggered flip-flop clocked by clk_10mhz)
Path Group: clk_10mhz
Path Type: min

Fanout         Cap        Slew       Delay        Time   Description
---------------------------------------------------------------------------------------------
                      0.150000    0.000000    0.000000   clock clk_10mhz (rise edge)
                                  0.000000    0.000000   clock network delay (ideal)
                      0.150000    0.000000    0.000000 ^ _1593_/CLK (sky130_fd_sc_hd__dfrtp_2)
     5    0.014796    0.154415    0.800824    0.800824 ^ _1593_/Q (sky130_fd_sc_hd__dfrtp_2)
                                                         u_packet_assembler.state[2] (net)
                      0.154415    0.000000    0.800824 ^ _1111_/A0 (sky130_fd_sc_hd__mux2_1)
     1    0.001853    0.062932    0.246735    1.047559 ^ _1111_/X (sky130_fd_sc_hd__mux2_1)
                                                         _0096_ (net)
                      0.062932    0.000000    1.047559 ^ _1593_/D (sky130_fd_sc_hd__dfrtp_2)
                                              1.047559   data arrival time

                      0.150000    0.000000    0.000000   clock clk_10mhz (rise edge)
                                  0.000000    0.000000   clock network delay (ideal)
                                  0.250000    0.250000   clock uncertainty
                                  0.000000    0.250000   clock reconvergence pessimism
                                              0.250000 ^ _1593_/CLK (sky130_fd_sc_hd__dfrtp_2)
                                 -0.062166    0.187834   library hold time
                                              0.187834   data required time
---------------------------------------------------------------------------------------------
                                              0.187834   data required time
                                             -1.047559   data arrival time
---------------------------------------------------------------------------------------------
                                              0.859725   slack (MET)


Startpoint: _1770_ (rising edge-triggered flip-flop clocked by clk_10mhz)
Endpoint: _1770_ (rising edge-triggered flip-flop clocked by clk_10mhz)
Path Group: clk_10mhz
Path Type: min

Fanout         Cap        Slew       Delay        Time   Description
---------------------------------------------------------------------------------------------
                      0.150000    0.000000    0.000000   clock clk_10mhz (rise edge)
                                  0.000000    0.000000   clock network delay (ideal)
                      0.150000    0.000000    0.000000 ^ _1770_/CLK (sky130_fd_sc_hd__dfrtp_2)
     3    0.014178    0.150272    0.796592    0.796592 ^ _1770_/Q (sky130_fd_sc_hd__dfrtp_2)
                                                         u_srf_ctrl.echo_counter[15] (net)
                      0.150272    0.000000    0.796592 ^ _1480_/S (sky130_fd_sc_hd__mux2_1)
     1    0.001853    0.062905    0.261646    1.058238 ^ _1480_/X (sky130_fd_sc_hd__mux2_1)
                                                         _0273_ (net)
                      0.062905    0.000000    1.058238 ^ _1770_/D (sky130_fd_sc_hd__dfrtp_2)
                                              1.058238   data arrival time

                      0.150000    0.000000    0.000000   clock clk_10mhz (rise edge)
                                  0.000000    0.000000   clock network delay (ideal)
                                  0.250000    0.250000   clock uncertainty
                                  0.000000    0.250000   clock reconvergence pessimism
                                              0.250000 ^ _1770_/CLK (sky130_fd_sc_hd__dfrtp_2)
                                 -0.062159    0.187841   library hold time
                                              0.187841   data required time
---------------------------------------------------------------------------------------------
                                              0.187841   data required time
                                             -1.058238   data arrival time
---------------------------------------------------------------------------------------------
                                              0.870397   slack (MET)


Startpoint: _1500_ (rising edge-triggered flip-flop clocked by clk_10mhz)
Endpoint: _1500_ (rising edge-triggered flip-flop clocked by clk_10mhz)
Path Group: clk_10mhz
Path Type: min

Fanout         Cap        Slew       Delay        Time   Description
---------------------------------------------------------------------------------------------
                      0.150000    0.000000    0.000000   clock clk_10mhz (rise edge)
                                  0.000000    0.000000   clock network delay (ideal)
                      0.150000    0.000000    0.000000 ^ _1500_/CLK (sky130_fd_sc_hd__dfrtp_2)
     7    0.016391    0.165107    0.811746    0.811746 ^ _1500_/Q (sky130_fd_sc_hd__dfrtp_2)
                                                         u_srf_ctrl.timer[4] (net)
                      0.165107    0.000000    0.811746 ^ _0875_/B2 (sky130_fd_sc_hd__a32o_2)
     1    0.001853    0.066938    0.250272    1.062019 ^ _0875_/X (sky130_fd_sc_hd__a32o_2)
                                                         _0026_ (net)
                      0.066938    0.000000    1.062019 ^ _1500_/D (sky130_fd_sc_hd__dfrtp_2)
                                              1.062019   data arrival time

                      0.150000    0.000000    0.000000   clock clk_10mhz (rise edge)
                                  0.000000    0.000000   clock network delay (ideal)
                                  0.250000    0.250000   clock uncertainty
                                  0.000000    0.250000   clock reconvergence pessimism
                                              0.250000 ^ _1500_/CLK (sky130_fd_sc_hd__dfrtp_2)
                                 -0.063076    0.186924   library hold time
                                              0.186924   data required time
---------------------------------------------------------------------------------------------
                                              0.186924   data required time
                                             -1.062019   data arrival time
---------------------------------------------------------------------------------------------
                                              0.875094   slack (MET)


Startpoint: _1510_ (rising edge-triggered flip-flop clocked by clk_10mhz)
Endpoint: _1510_ (rising edge-triggered flip-flop clocked by clk_10mhz)
Path Group: clk_10mhz
Path Type: min

Fanout         Cap        Slew       Delay        Time   Description
---------------------------------------------------------------------------------------------
                      0.150000    0.000000    0.000000   clock clk_10mhz (rise edge)
                                  0.000000    0.000000   clock network delay (ideal)
                      0.150000    0.000000    0.000000 ^ _1510_/CLK (sky130_fd_sc_hd__dfrtp_2)
     7    0.016397    0.165147    0.811787    0.811787 ^ _1510_/Q (sky130_fd_sc_hd__dfrtp_2)
                                                         u_srf_ctrl.timer[14] (net)
                      0.165147    0.000000    0.811787 ^ _0906_/B2 (sky130_fd_sc_hd__a32o_2)
     1    0.001853    0.066938    0.250287    1.062074 ^ _0906_/X (sky130_fd_sc_hd__a32o_2)
                                                         _0036_ (net)
                      0.066938    0.000000    1.062074 ^ _1510_/D (sky130_fd_sc_hd__dfrtp_2)
                                              1.062074   data arrival time

                      0.150000    0.000000    0.000000   clock clk_10mhz (rise edge)
                                  0.000000    0.000000   clock network delay (ideal)
                                  0.250000    0.250000   clock uncertainty
                                  0.000000    0.250000   clock reconvergence pessimism
                                              0.250000 ^ _1510_/CLK (sky130_fd_sc_hd__dfrtp_2)
                                 -0.063076    0.186924   library hold time
                                              0.186924   data required time
---------------------------------------------------------------------------------------------
                                              0.186924   data required time
                                             -1.062074   data arrival time
---------------------------------------------------------------------------------------------
                                              0.875150   slack (MET)


Startpoint: _1527_ (rising edge-triggered flip-flop clocked by clk_10mhz)
Endpoint: _1527_ (rising edge-triggered flip-flop clocked by clk_10mhz)
Path Group: clk_10mhz
Path Type: min

Fanout         Cap        Slew       Delay        Time   Description
---------------------------------------------------------------------------------------------
                      0.150000    0.000000    0.000000   clock clk_10mhz (rise edge)
                                  0.000000    0.000000   clock network delay (ideal)
                      0.150000    0.000000    0.000000 ^ _1527_/CLK (sky130_fd_sc_hd__dfrtp_2)
     7    0.016456    0.165543    0.812191    0.812191 ^ _1527_/Q (sky130_fd_sc_hd__dfrtp_2)
                                                         u_packet_assembler.timer[7] (net)
                      0.165543    0.000000    0.812191 ^ _1023_/B2 (sky130_fd_sc_hd__a32o_2)
     1    0.001853    0.066938    0.250432    1.062624 ^ _1023_/X (sky130_fd_sc_hd__a32o_2)
                                                         _0052_ (net)
                      0.066938    0.000000    1.062624 ^ _1527_/D (sky130_fd_sc_hd__dfrtp_2)
                                              1.062624   data arrival time

                      0.150000    0.000000    0.000000   clock clk_10mhz (rise edge)
                                  0.000000    0.000000   clock network delay (ideal)
                                  0.250000    0.250000   clock uncertainty
                                  0.000000    0.250000   clock reconvergence pessimism
                                              0.250000 ^ _1527_/CLK (sky130_fd_sc_hd__dfrtp_2)
                                 -0.063076    0.186924   library hold time
                                              0.186924   data required time
---------------------------------------------------------------------------------------------
                                              0.186924   data required time
                                             -1.062624   data arrival time
---------------------------------------------------------------------------------------------
                                              0.875699   slack (MET)


Startpoint: _1533_ (rising edge-triggered flip-flop clocked by clk_10mhz)
Endpoint: _1533_ (rising edge-triggered flip-flop clocked by clk_10mhz)
Path Group: clk_10mhz
Path Type: min

Fanout         Cap        Slew       Delay        Time   Description
---------------------------------------------------------------------------------------------
                      0.150000    0.000000    0.000000   clock clk_10mhz (rise edge)
                                  0.000000    0.000000   clock network delay (ideal)
                      0.150000    0.000000    0.000000 ^ _1533_/CLK (sky130_fd_sc_hd__dfrtp_2)
     6    0.016477    0.165684    0.812335    0.812335 ^ _1533_/Q (sky130_fd_sc_hd__dfrtp_2)
                                                         u_packet_assembler.timer[13] (net)
                      0.165684    0.000000    0.812335 ^ _1044_/B2 (sky130_fd_sc_hd__a32o_2)
     1    0.001853    0.066938    0.250484    1.062819 ^ _1044_/X (sky130_fd_sc_hd__a32o_2)
                                                         _0058_ (net)
                      0.066938    0.000000    1.062819 ^ _1533_/D (sky130_fd_sc_hd__dfrtp_2)
                                              1.062819   data arrival time

                      0.150000    0.000000    0.000000   clock clk_10mhz (rise edge)
                                  0.000000    0.000000   clock network delay (ideal)
                                  0.250000    0.250000   clock uncertainty
                                  0.000000    0.250000   clock reconvergence pessimism
                                              0.250000 ^ _1533_/CLK (sky130_fd_sc_hd__dfrtp_2)
                                 -0.063076    0.186924   library hold time
                                              0.186924   data required time
---------------------------------------------------------------------------------------------
                                              0.186924   data required time
                                             -1.062819   data arrival time
---------------------------------------------------------------------------------------------
                                              0.875895   slack (MET)


Startpoint: _1530_ (rising edge-triggered flip-flop clocked by clk_10mhz)
Endpoint: _1530_ (rising edge-triggered flip-flop clocked by clk_10mhz)
Path Group: clk_10mhz
Path Type: min

Fanout         Cap        Slew       Delay        Time   Description
---------------------------------------------------------------------------------------------
                      0.150000    0.000000    0.000000   clock clk_10mhz (rise edge)
                                  0.000000    0.000000   clock network delay (ideal)
                      0.150000    0.000000    0.000000 ^ _1530_/CLK (sky130_fd_sc_hd__dfrtp_2)
     7    0.016513    0.165925    0.812582    0.812582 ^ _1530_/Q (sky130_fd_sc_hd__dfrtp_2)
                                                         u_packet_assembler.timer[10] (net)
                      0.165925    0.000000    0.812582 ^ _1033_/B2 (sky130_fd_sc_hd__a32o_2)
     1    0.001853    0.066938    0.250573    1.063154 ^ _1033_/X (sky130_fd_sc_hd__a32o_2)
                                                         _0055_ (net)
                      0.066938    0.000000    1.063154 ^ _1530_/D (sky130_fd_sc_hd__dfrtp_2)
                                              1.063154   data arrival time

                      0.150000    0.000000    0.000000   clock clk_10mhz (rise edge)
                                  0.000000    0.000000   clock network delay (ideal)
                                  0.250000    0.250000   clock uncertainty
                                  0.000000    0.250000   clock reconvergence pessimism
                                              0.250000 ^ _1530_/CLK (sky130_fd_sc_hd__dfrtp_2)
                                 -0.063076    0.186924   library hold time
                                              0.186924   data required time
---------------------------------------------------------------------------------------------
                                              0.186924   data required time
                                             -1.063154   data arrival time
---------------------------------------------------------------------------------------------
                                              0.876230   slack (MET)


Startpoint: _1503_ (rising edge-triggered flip-flop clocked by clk_10mhz)
Endpoint: _1503_ (rising edge-triggered flip-flop clocked by clk_10mhz)
Path Group: clk_10mhz
Path Type: min

Fanout         Cap        Slew       Delay        Time   Description
---------------------------------------------------------------------------------------------
                      0.150000    0.000000    0.000000   clock clk_10mhz (rise edge)
                                  0.000000    0.000000   clock network delay (ideal)
                      0.150000    0.000000    0.000000 ^ _1503_/CLK (sky130_fd_sc_hd__dfrtp_2)
     7    0.016662    0.166924    0.813602    0.813602 ^ _1503_/Q (sky130_fd_sc_hd__dfrtp_2)
                                                         u_srf_ctrl.timer[7] (net)
                      0.166924    0.000000    0.813602 ^ _0884_/B2 (sky130_fd_sc_hd__a32o_2)
     1    0.001853    0.066938    0.250939    1.064541 ^ _0884_/X (sky130_fd_sc_hd__a32o_2)
                                                         _0029_ (net)
                      0.066938    0.000000    1.064541 ^ _1503_/D (sky130_fd_sc_hd__dfrtp_2)
                                              1.064541   data arrival time

                      0.150000    0.000000    0.000000   clock clk_10mhz (rise edge)
                                  0.000000    0.000000   clock network delay (ideal)
                                  0.250000    0.250000   clock uncertainty
                                  0.000000    0.250000   clock reconvergence pessimism
                                              0.250000 ^ _1503_/CLK (sky130_fd_sc_hd__dfrtp_2)
                                 -0.063076    0.186924   library hold time
                                              0.186924   data required time
---------------------------------------------------------------------------------------------
                                              0.186924   data required time
                                             -1.064541   data arrival time
---------------------------------------------------------------------------------------------
                                              0.877617   slack (MET)


Startpoint: _1507_ (rising edge-triggered flip-flop clocked by clk_10mhz)
Endpoint: _1507_ (rising edge-triggered flip-flop clocked by clk_10mhz)
Path Group: clk_10mhz
Path Type: min

Fanout         Cap        Slew       Delay        Time   Description
---------------------------------------------------------------------------------------------
                      0.150000    0.000000    0.000000   clock clk_10mhz (rise edge)
                                  0.000000    0.000000   clock network delay (ideal)
                      0.150000    0.000000    0.000000 ^ _1507_/CLK (sky130_fd_sc_hd__dfrtp_2)
     7    0.016663    0.166931    0.813609    0.813609 ^ _1507_/Q (sky130_fd_sc_hd__dfrtp_2)
                                                         u_srf_ctrl.timer[11] (net)
                      0.166931    0.000000    0.813609 ^ _0895_/B2 (sky130_fd_sc_hd__a32o_2)
     1    0.001853    0.066938    0.250941    1.064550 ^ _0895_/X (sky130_fd_sc_hd__a32o_2)
                                                         _0033_ (net)
                      0.066938    0.000000    1.064550 ^ _1507_/D (sky130_fd_sc_hd__dfrtp_2)
                                              1.064550   data arrival time

                      0.150000    0.000000    0.000000   clock clk_10mhz (rise edge)
                                  0.000000    0.000000   clock network delay (ideal)
                                  0.250000    0.250000   clock uncertainty
                                  0.000000    0.250000   clock reconvergence pessimism
                                              0.250000 ^ _1507_/CLK (sky130_fd_sc_hd__dfrtp_2)
                                 -0.063076    0.186924   library hold time
                                              0.186924   data required time
---------------------------------------------------------------------------------------------
                                              0.186924   data required time
                                             -1.064550   data arrival time
---------------------------------------------------------------------------------------------
                                              0.877626   slack (MET)


Startpoint: _1741_ (rising edge-triggered flip-flop clocked by clk_10mhz)
Endpoint: _1741_ (rising edge-triggered flip-flop clocked by clk_10mhz)
Path Group: clk_10mhz
Path Type: min

Fanout         Cap        Slew       Delay        Time   Description
---------------------------------------------------------------------------------------------
                      0.150000    0.000000    0.000000   clock clk_10mhz (rise edge)
                                  0.000000    0.000000   clock network delay (ideal)
                      0.150000    0.000000    0.000000 ^ _1741_/CLK (sky130_fd_sc_hd__dfrtp_2)
     3    0.008502    0.112221    0.757723    0.757723 ^ _1741_/Q (sky130_fd_sc_hd__dfrtp_2)
                                                         u_uart.clk_count[1] (net)
                      0.112221    0.000000    0.757723 ^ _1400_/B1 (sky130_fd_sc_hd__a21oi_2)
     1    0.004151    0.043905    0.076475    0.834198 v _1400_/Y (sky130_fd_sc_hd__a21oi_2)
                                                         _0408_ (net)
                      0.043905    0.000000    0.834198 v _1402_/B (sky130_fd_sc_hd__nor3_2)
     1    0.001853    0.162037    0.213393    1.047590 ^ _1402_/Y (sky130_fd_sc_hd__nor3_2)
                                                         _0244_ (net)
                      0.162037    0.000000    1.047590 ^ _1741_/D (sky130_fd_sc_hd__dfrtp_2)
                                              1.047590   data arrival time

                      0.150000    0.000000    0.000000   clock clk_10mhz (rise edge)
                                  0.000000    0.000000   clock network delay (ideal)
                                  0.250000    0.250000   clock uncertainty
                                  0.000000    0.250000   clock reconvergence pessimism
                                              0.250000 ^ _1741_/CLK (sky130_fd_sc_hd__dfrtp_2)
                                 -0.084684    0.165316   library hold time
                                              0.165316   data required time
---------------------------------------------------------------------------------------------
                                              0.165316   data required time
                                             -1.047590   data arrival time
---------------------------------------------------------------------------------------------
                                              0.882274   slack (MET)


Startpoint: _1529_ (rising edge-triggered flip-flop clocked by clk_10mhz)
Endpoint: _1529_ (rising edge-triggered flip-flop clocked by clk_10mhz)
Path Group: clk_10mhz
Path Type: min

Fanout         Cap        Slew       Delay        Time   Description
---------------------------------------------------------------------------------------------
                      0.150000    0.000000    0.000000   clock clk_10mhz (rise edge)
                                  0.000000    0.000000   clock network delay (ideal)
                      0.150000    0.000000    0.000000 ^ _1529_/CLK (sky130_fd_sc_hd__dfrtp_2)
     4    0.010718    0.127077    0.772898    0.772898 ^ _1529_/Q (sky130_fd_sc_hd__dfrtp_2)
                                                         u_packet_assembler.timer[9] (net)
                      0.127077    0.000000    0.772898 ^ _1030_/B1 (sky130_fd_sc_hd__a2bb2o_2)
     1    0.001853    0.049867    0.300923    1.073821 ^ _1030_/X (sky130_fd_sc_hd__a2bb2o_2)
                                                         _0054_ (net)
                      0.049867    0.000000    1.073821 ^ _1529_/D (sky130_fd_sc_hd__dfrtp_2)
                                              1.073821   data arrival time

                      0.150000    0.000000    0.000000   clock clk_10mhz (rise edge)
                                  0.000000    0.000000   clock network delay (ideal)
                                  0.250000    0.250000   clock uncertainty
                                  0.000000    0.250000   clock reconvergence pessimism
                                              0.250000 ^ _1529_/CLK (sky130_fd_sc_hd__dfrtp_2)
                                 -0.059197    0.190803   library hold time
                                              0.190803   data required time
---------------------------------------------------------------------------------------------
                                              0.190803   data required time
                                             -1.073821   data arrival time
---------------------------------------------------------------------------------------------
                                              0.883018   slack (MET)


Startpoint: _1714_ (rising edge-triggered flip-flop clocked by clk_10mhz)
Endpoint: _1714_ (rising edge-triggered flip-flop clocked by clk_10mhz)
Path Group: clk_10mhz
Path Type: min

Fanout         Cap        Slew       Delay        Time   Description
---------------------------------------------------------------------------------------------
                      0.150000    0.000000    0.000000   clock clk_10mhz (rise edge)
                                  0.000000    0.000000   clock network delay (ideal)
                      0.150000    0.000000    0.000000 ^ _1714_/CLK (sky130_fd_sc_hd__dfrtp_2)
     8    0.030619    0.262231    0.891167    0.891167 ^ _1714_/Q (sky130_fd_sc_hd__dfrtp_2)
                                                         u_fifo.wr_ptr[2] (net)
                      0.262231    0.000000    0.891167 ^ _1259_/A (sky130_fd_sc_hd__xor2_2)
     1    0.001838    0.049868    0.180173    1.071340 v _1259_/X (sky130_fd_sc_hd__xor2_2)
                                                         _0217_ (net)
                      0.049868    0.000000    1.071340 v _1714_/D (sky130_fd_sc_hd__dfrtp_2)
                                              1.071340   data arrival time

                      0.150000    0.000000    0.000000   clock clk_10mhz (rise edge)
                                  0.000000    0.000000   clock network delay (ideal)
                                  0.250000    0.250000   clock uncertainty
                                  0.000000    0.250000   clock reconvergence pessimism
                                              0.250000 ^ _1714_/CLK (sky130_fd_sc_hd__dfrtp_2)
                                 -0.062885    0.187115   library hold time
                                              0.187115   data required time
---------------------------------------------------------------------------------------------
                                              0.187115   data required time
                                             -1.071340   data arrival time
---------------------------------------------------------------------------------------------
                                              0.884225   slack (MET)


Startpoint: _1773_ (rising edge-triggered flip-flop clocked by clk_10mhz)
Endpoint: _1773_ (rising edge-triggered flip-flop clocked by clk_10mhz)
Path Group: clk_10mhz
Path Type: min

Fanout         Cap        Slew       Delay        Time   Description
---------------------------------------------------------------------------------------------
                      0.150000    0.000000    0.000000   clock clk_10mhz (rise edge)
                                  0.000000    0.000000   clock network delay (ideal)
                      0.150000    0.000000    0.000000 ^ _1773_/CLK (sky130_fd_sc_hd__dfrtp_2)
     5    0.013214    0.143809    0.789990    0.789990 ^ _1773_/Q (sky130_fd_sc_hd__dfrtp_2)
                                                         u_uart.bit_index[1] (net)
                      0.143809    0.000000    0.789990 ^ _1487_/A1 (sky130_fd_sc_hd__o21ba_2)
     1    0.001853    0.053137    0.290436    1.080426 ^ _1487_/X (sky130_fd_sc_hd__o21ba_2)
                                                         _0275_ (net)
                      0.053137    0.000000    1.080426 ^ _1773_/D (sky130_fd_sc_hd__dfrtp_2)
                                              1.080426   data arrival time

                      0.150000    0.000000    0.000000   clock clk_10mhz (rise edge)
                                  0.000000    0.000000   clock network delay (ideal)
                                  0.250000    0.250000   clock uncertainty
                                  0.000000    0.250000   clock reconvergence pessimism
                                              0.250000 ^ _1773_/CLK (sky130_fd_sc_hd__dfrtp_2)
                                 -0.059940    0.190060   library hold time
                                              0.190060   data required time
---------------------------------------------------------------------------------------------
                                              0.190060   data required time
                                             -1.080426   data arrival time
---------------------------------------------------------------------------------------------
                                              0.890366   slack (MET)


Startpoint: _1774_ (rising edge-triggered flip-flop clocked by clk_10mhz)
Endpoint: _1754_ (rising edge-triggered flip-flop clocked by clk_10mhz)
Path Group: clk_10mhz
Path Type: min

Fanout         Cap        Slew       Delay        Time   Description
---------------------------------------------------------------------------------------------
                      0.150000    0.000000    0.000000   clock clk_10mhz (rise edge)
                                  0.000000    0.000000   clock network delay (ideal)
                      0.150000    0.000000    0.000000 ^ _1774_/CLK (sky130_fd_sc_hd__dfrtp_2)
     4    0.014231    0.150627    0.796955    0.796955 ^ _1774_/Q (sky130_fd_sc_hd__dfrtp_2)
                                                         u_uart.bit_index[2] (net)
                      0.150627    0.000000    0.796955 ^ _1430_/A1 (sky130_fd_sc_hd__o31a_2)
     1    0.002386    0.057977    0.296447    1.093401 ^ _1430_/X (sky130_fd_sc_hd__o31a_2)
                                                         _0257_ (net)
                      0.057977    0.000000    1.093401 ^ _1754_/D (sky130_fd_sc_hd__dfstp_2)
                                              1.093401   data arrival time

                      0.150000    0.000000    0.000000   clock clk_10mhz (rise edge)
                                  0.000000    0.000000   clock network delay (ideal)
                                  0.250000    0.250000   clock uncertainty
                                  0.000000    0.250000   clock reconvergence pessimism
                                              0.250000 ^ _1754_/CLK (sky130_fd_sc_hd__dfstp_2)
                                 -0.048722    0.201278   library hold time
                                              0.201278   data required time
---------------------------------------------------------------------------------------------
                                              0.201278   data required time
                                             -1.093401   data arrival time
---------------------------------------------------------------------------------------------
                                              0.892123   slack (MET)


Startpoint: _1495_ (rising edge-triggered flip-flop clocked by clk_10mhz)
Endpoint: _1520_ (removal check against rising-edge clock clk_10mhz)
Path Group: asynchronous
Path Type: min

Fanout         Cap        Slew       Delay        Time   Description
---------------------------------------------------------------------------------------------
                      0.150000    0.000000    0.000000   clock clk_10mhz (rise edge)
                                  0.000000    0.000000   clock network delay (ideal)
                      0.150000    0.000000    0.000000 ^ _1495_/CLK (sky130_fd_sc_hd__dfrtp_2)
     2    0.034902    0.291560    0.914122    0.914122 ^ _1495_/Q (sky130_fd_sc_hd__dfrtp_2)
                                                         pwr_ctrl (net)
                      0.291560    0.000000    0.914122 ^ _0807_/B (sky130_fd_sc_hd__and2_2)
    54    0.176210    1.395478    1.318791    2.232913 ^ _0807_/X (sky130_fd_sc_hd__and2_2)
                                                         u_max30102_ctrl.rst_n (net)
                      1.395478    0.000000    2.232913 ^ _1520_/RESET_B (sky130_fd_sc_hd__dfrtp_2)
                                              2.232913   data arrival time

                      0.150000    0.000000    0.000000   clock clk_10mhz (rise edge)
                                  0.000000    0.000000   clock network delay (ideal)
                                  0.250000    0.250000   clock uncertainty
                                  0.000000    0.250000   clock reconvergence pessimism
                                              0.250000 ^ _1520_/CLK (sky130_fd_sc_hd__dfrtp_2)
                                  1.087409    1.337409   library removal time
                                              1.337409   data required time
---------------------------------------------------------------------------------------------
                                              1.337409   data required time
                                             -2.232913   data arrival time
---------------------------------------------------------------------------------------------
                                              0.895504   slack (MET)


Startpoint: _1495_ (rising edge-triggered flip-flop clocked by clk_10mhz)
Endpoint: _1521_ (removal check against rising-edge clock clk_10mhz)
Path Group: asynchronous
Path Type: min

Fanout         Cap        Slew       Delay        Time   Description
---------------------------------------------------------------------------------------------
                      0.150000    0.000000    0.000000   clock clk_10mhz (rise edge)
                                  0.000000    0.000000   clock network delay (ideal)
                      0.150000    0.000000    0.000000 ^ _1495_/CLK (sky130_fd_sc_hd__dfrtp_2)
     2    0.034902    0.291560    0.914122    0.914122 ^ _1495_/Q (sky130_fd_sc_hd__dfrtp_2)
                                                         pwr_ctrl (net)
                      0.291560    0.000000    0.914122 ^ _0807_/B (sky130_fd_sc_hd__and2_2)
    54    0.176210    1.395478    1.318791    2.232913 ^ _0807_/X (sky130_fd_sc_hd__and2_2)
                                                         u_max30102_ctrl.rst_n (net)
                      1.395478    0.000000    2.232913 ^ _1521_/RESET_B (sky130_fd_sc_hd__dfrtp_2)
                                              2.232913   data arrival time

                      0.150000    0.000000    0.000000   clock clk_10mhz (rise edge)
                                  0.000000    0.000000   clock network delay (ideal)
                                  0.250000    0.250000   clock uncertainty
                                  0.000000    0.250000   clock reconvergence pessimism
                                              0.250000 ^ _1521_/CLK (sky130_fd_sc_hd__dfrtp_2)
                                  1.087409    1.337409   library removal time
                                              1.337409   data required time
---------------------------------------------------------------------------------------------
                                              1.337409   data required time
                                             -2.232913   data arrival time
---------------------------------------------------------------------------------------------
                                              0.895504   slack (MET)


Startpoint: _1495_ (rising edge-triggered flip-flop clocked by clk_10mhz)
Endpoint: _1522_ (removal check against rising-edge clock clk_10mhz)
Path Group: asynchronous
Path Type: min

Fanout         Cap        Slew       Delay        Time   Description
---------------------------------------------------------------------------------------------
                      0.150000    0.000000    0.000000   clock clk_10mhz (rise edge)
                                  0.000000    0.000000   clock network delay (ideal)
                      0.150000    0.000000    0.000000 ^ _1495_/CLK (sky130_fd_sc_hd__dfrtp_2)
     2    0.034902    0.291560    0.914122    0.914122 ^ _1495_/Q (sky130_fd_sc_hd__dfrtp_2)
                                                         pwr_ctrl (net)
                      0.291560    0.000000    0.914122 ^ _0807_/B (sky130_fd_sc_hd__and2_2)
    54    0.176210    1.395478    1.318791    2.232913 ^ _0807_/X (sky130_fd_sc_hd__and2_2)
                                                         u_max30102_ctrl.rst_n (net)
                      1.395478    0.000000    2.232913 ^ _1522_/RESET_B (sky130_fd_sc_hd__dfrtp_2)
                                              2.232913   data arrival time

                      0.150000    0.000000    0.000000   clock clk_10mhz (rise edge)
                                  0.000000    0.000000   clock network delay (ideal)
                                  0.250000    0.250000   clock uncertainty
                                  0.000000    0.250000   clock reconvergence pessimism
                                              0.250000 ^ _1522_/CLK (sky130_fd_sc_hd__dfrtp_2)
                                  1.087409    1.337409   library removal time
                                              1.337409   data required time
---------------------------------------------------------------------------------------------
                                              1.337409   data required time
                                             -2.232913   data arrival time
---------------------------------------------------------------------------------------------
                                              0.895504   slack (MET)


Startpoint: _1495_ (rising edge-triggered flip-flop clocked by clk_10mhz)
Endpoint: _1523_ (removal check against rising-edge clock clk_10mhz)
Path Group: asynchronous
Path Type: min

Fanout         Cap        Slew       Delay        Time   Description
---------------------------------------------------------------------------------------------
                      0.150000    0.000000    0.000000   clock clk_10mhz (rise edge)
                                  0.000000    0.000000   clock network delay (ideal)
                      0.150000    0.000000    0.000000 ^ _1495_/CLK (sky130_fd_sc_hd__dfrtp_2)
     2    0.034902    0.291560    0.914122    0.914122 ^ _1495_/Q (sky130_fd_sc_hd__dfrtp_2)
                                                         pwr_ctrl (net)
                      0.291560    0.000000    0.914122 ^ _0807_/B (sky130_fd_sc_hd__and2_2)
    54    0.176210    1.395478    1.318791    2.232913 ^ _0807_/X (sky130_fd_sc_hd__and2_2)
                                                         u_max30102_ctrl.rst_n (net)
                      1.395478    0.000000    2.232913 ^ _1523_/RESET_B (sky130_fd_sc_hd__dfrtp_2)
                                              2.232913   data arrival time

                      0.150000    0.000000    0.000000   clock clk_10mhz (rise edge)
                                  0.000000    0.000000   clock network delay (ideal)
                                  0.250000    0.250000   clock uncertainty
                                  0.000000    0.250000   clock reconvergence pessimism
                                              0.250000 ^ _1523_/CLK (sky130_fd_sc_hd__dfrtp_2)
                                  1.087409    1.337409   library removal time
                                              1.337409   data required time
---------------------------------------------------------------------------------------------
                                              1.337409   data required time
                                             -2.232913   data arrival time
---------------------------------------------------------------------------------------------
                                              0.895504   slack (MET)


Startpoint: _1495_ (rising edge-triggered flip-flop clocked by clk_10mhz)
Endpoint: _1524_ (removal check against rising-edge clock clk_10mhz)
Path Group: asynchronous
Path Type: min

Fanout         Cap        Slew       Delay        Time   Description
---------------------------------------------------------------------------------------------
                      0.150000    0.000000    0.000000   clock clk_10mhz (rise edge)
                                  0.000000    0.000000   clock network delay (ideal)
                      0.150000    0.000000    0.000000 ^ _1495_/CLK (sky130_fd_sc_hd__dfrtp_2)
     2    0.034902    0.291560    0.914122    0.914122 ^ _1495_/Q (sky130_fd_sc_hd__dfrtp_2)
                                                         pwr_ctrl (net)
                      0.291560    0.000000    0.914122 ^ _0807_/B (sky130_fd_sc_hd__and2_2)
    54    0.176210    1.395478    1.318791    2.232913 ^ _0807_/X (sky130_fd_sc_hd__and2_2)
                                                         u_max30102_ctrl.rst_n (net)
                      1.395478    0.000000    2.232913 ^ _1524_/RESET_B (sky130_fd_sc_hd__dfrtp_2)
                                              2.232913   data arrival time

                      0.150000    0.000000    0.000000   clock clk_10mhz (rise edge)
                                  0.000000    0.000000   clock network delay (ideal)
                                  0.250000    0.250000   clock uncertainty
                                  0.000000    0.250000   clock reconvergence pessimism
                                              0.250000 ^ _1524_/CLK (sky130_fd_sc_hd__dfrtp_2)
                                  1.087409    1.337409   library removal time
                                              1.337409   data required time
---------------------------------------------------------------------------------------------
                                              1.337409   data required time
                                             -2.232913   data arrival time
---------------------------------------------------------------------------------------------
                                              0.895504   slack (MET)


Startpoint: _1495_ (rising edge-triggered flip-flop clocked by clk_10mhz)
Endpoint: _1525_ (removal check against rising-edge clock clk_10mhz)
Path Group: asynchronous
Path Type: min

Fanout         Cap        Slew       Delay        Time   Description
---------------------------------------------------------------------------------------------
                      0.150000    0.000000    0.000000   clock clk_10mhz (rise edge)
                                  0.000000    0.000000   clock network delay (ideal)
                      0.150000    0.000000    0.000000 ^ _1495_/CLK (sky130_fd_sc_hd__dfrtp_2)
     2    0.034902    0.291560    0.914122    0.914122 ^ _1495_/Q (sky130_fd_sc_hd__dfrtp_2)
                                                         pwr_ctrl (net)
                      0.291560    0.000000    0.914122 ^ _0807_/B (sky130_fd_sc_hd__and2_2)
    54    0.176210    1.395478    1.318791    2.232913 ^ _0807_/X (sky130_fd_sc_hd__and2_2)
                                                         u_max30102_ctrl.rst_n (net)
                      1.395478    0.000000    2.232913 ^ _1525_/RESET_B (sky130_fd_sc_hd__dfrtp_2)
                                              2.232913   data arrival time

                      0.150000    0.000000    0.000000   clock clk_10mhz (rise edge)
                                  0.000000    0.000000   clock network delay (ideal)
                                  0.250000    0.250000   clock uncertainty
                                  0.000000    0.250000   clock reconvergence pessimism
                                              0.250000 ^ _1525_/CLK (sky130_fd_sc_hd__dfrtp_2)
                                  1.087409    1.337409   library removal time
                                              1.337409   data required time
---------------------------------------------------------------------------------------------
                                              1.337409   data required time
                                             -2.232913   data arrival time
---------------------------------------------------------------------------------------------
                                              0.895504   slack (MET)


Startpoint: _1495_ (rising edge-triggered flip-flop clocked by clk_10mhz)
Endpoint: _1526_ (removal check against rising-edge clock clk_10mhz)
Path Group: asynchronous
Path Type: min

Fanout         Cap        Slew       Delay        Time   Description
---------------------------------------------------------------------------------------------
                      0.150000    0.000000    0.000000   clock clk_10mhz (rise edge)
                                  0.000000    0.000000   clock network delay (ideal)
                      0.150000    0.000000    0.000000 ^ _1495_/CLK (sky130_fd_sc_hd__dfrtp_2)
     2    0.034902    0.291560    0.914122    0.914122 ^ _1495_/Q (sky130_fd_sc_hd__dfrtp_2)
                                                         pwr_ctrl (net)
                      0.291560    0.000000    0.914122 ^ _0807_/B (sky130_fd_sc_hd__and2_2)
    54    0.176210    1.395478    1.318791    2.232913 ^ _0807_/X (sky130_fd_sc_hd__and2_2)
                                                         u_max30102_ctrl.rst_n (net)
                      1.395478    0.000000    2.232913 ^ _1526_/RESET_B (sky130_fd_sc_hd__dfrtp_2)
                                              2.232913   data arrival time

                      0.150000    0.000000    0.000000   clock clk_10mhz (rise edge)
                                  0.000000    0.000000   clock network delay (ideal)
                                  0.250000    0.250000   clock uncertainty
                                  0.000000    0.250000   clock reconvergence pessimism
                                              0.250000 ^ _1526_/CLK (sky130_fd_sc_hd__dfrtp_2)
                                  1.087409    1.337409   library removal time
                                              1.337409   data required time
---------------------------------------------------------------------------------------------
                                              1.337409   data required time
                                             -2.232913   data arrival time
---------------------------------------------------------------------------------------------
                                              0.895504   slack (MET)


Startpoint: _1495_ (rising edge-triggered flip-flop clocked by clk_10mhz)
Endpoint: _1527_ (removal check against rising-edge clock clk_10mhz)
Path Group: asynchronous
Path Type: min

Fanout         Cap        Slew       Delay        Time   Description
---------------------------------------------------------------------------------------------
                      0.150000    0.000000    0.000000   clock clk_10mhz (rise edge)
                                  0.000000    0.000000   clock network delay (ideal)
                      0.150000    0.000000    0.000000 ^ _1495_/CLK (sky130_fd_sc_hd__dfrtp_2)
     2    0.034902    0.291560    0.914122    0.914122 ^ _1495_/Q (sky130_fd_sc_hd__dfrtp_2)
                                                         pwr_ctrl (net)
                      0.291560    0.000000    0.914122 ^ _0807_/B (sky130_fd_sc_hd__and2_2)
    54    0.176210    1.395478    1.318791    2.232913 ^ _0807_/X (sky130_fd_sc_hd__and2_2)
                                                         u_max30102_ctrl.rst_n (net)
                      1.395478    0.000000    2.232913 ^ _1527_/RESET_B (sky130_fd_sc_hd__dfrtp_2)
                                              2.232913   data arrival time

                      0.150000    0.000000    0.000000   clock clk_10mhz (rise edge)
                                  0.000000    0.000000   clock network delay (ideal)
                                  0.250000    0.250000   clock uncertainty
                                  0.000000    0.250000   clock reconvergence pessimism
                                              0.250000 ^ _1527_/CLK (sky130_fd_sc_hd__dfrtp_2)
                                  1.087409    1.337409   library removal time
                                              1.337409   data required time
---------------------------------------------------------------------------------------------
                                              1.337409   data required time
                                             -2.232913   data arrival time
---------------------------------------------------------------------------------------------
                                              0.895504   slack (MET)


Startpoint: _1495_ (rising edge-triggered flip-flop clocked by clk_10mhz)
Endpoint: _1528_ (removal check against rising-edge clock clk_10mhz)
Path Group: asynchronous
Path Type: min

Fanout         Cap        Slew       Delay        Time   Description
---------------------------------------------------------------------------------------------
                      0.150000    0.000000    0.000000   clock clk_10mhz (rise edge)
                                  0.000000    0.000000   clock network delay (ideal)
                      0.150000    0.000000    0.000000 ^ _1495_/CLK (sky130_fd_sc_hd__dfrtp_2)
     2    0.034902    0.291560    0.914122    0.914122 ^ _1495_/Q (sky130_fd_sc_hd__dfrtp_2)
                                                         pwr_ctrl (net)
                      0.291560    0.000000    0.914122 ^ _0807_/B (sky130_fd_sc_hd__and2_2)
    54    0.176210    1.395478    1.318791    2.232913 ^ _0807_/X (sky130_fd_sc_hd__and2_2)
                                                         u_max30102_ctrl.rst_n (net)
                      1.395478    0.000000    2.232913 ^ _1528_/RESET_B (sky130_fd_sc_hd__dfrtp_2)
                                              2.232913   data arrival time

                      0.150000    0.000000    0.000000   clock clk_10mhz (rise edge)
                                  0.000000    0.000000   clock network delay (ideal)
                                  0.250000    0.250000   clock uncertainty
                                  0.000000    0.250000   clock reconvergence pessimism
                                              0.250000 ^ _1528_/CLK (sky130_fd_sc_hd__dfrtp_2)
                                  1.087409    1.337409   library removal time
                                              1.337409   data required time
---------------------------------------------------------------------------------------------
                                              1.337409   data required time
                                             -2.232913   data arrival time
---------------------------------------------------------------------------------------------
                                              0.895504   slack (MET)


Startpoint: _1495_ (rising edge-triggered flip-flop clocked by clk_10mhz)
Endpoint: _1529_ (removal check against rising-edge clock clk_10mhz)
Path Group: asynchronous
Path Type: min

Fanout         Cap        Slew       Delay        Time   Description
---------------------------------------------------------------------------------------------
                      0.150000    0.000000    0.000000   clock clk_10mhz (rise edge)
                                  0.000000    0.000000   clock network delay (ideal)
                      0.150000    0.000000    0.000000 ^ _1495_/CLK (sky130_fd_sc_hd__dfrtp_2)
     2    0.034902    0.291560    0.914122    0.914122 ^ _1495_/Q (sky130_fd_sc_hd__dfrtp_2)
                                                         pwr_ctrl (net)
                      0.291560    0.000000    0.914122 ^ _0807_/B (sky130_fd_sc_hd__and2_2)
    54    0.176210    1.395478    1.318791    2.232913 ^ _0807_/X (sky130_fd_sc_hd__and2_2)
                                                         u_max30102_ctrl.rst_n (net)
                      1.395478    0.000000    2.232913 ^ _1529_/RESET_B (sky130_fd_sc_hd__dfrtp_2)
                                              2.232913   data arrival time

                      0.150000    0.000000    0.000000   clock clk_10mhz (rise edge)
                                  0.000000    0.000000   clock network delay (ideal)
                                  0.250000    0.250000   clock uncertainty
                                  0.000000    0.250000   clock reconvergence pessimism
                                              0.250000 ^ _1529_/CLK (sky130_fd_sc_hd__dfrtp_2)
                                  1.087409    1.337409   library removal time
                                              1.337409   data required time
---------------------------------------------------------------------------------------------
                                              1.337409   data required time
                                             -2.232913   data arrival time
---------------------------------------------------------------------------------------------
                                              0.895504   slack (MET)


Startpoint: _1495_ (rising edge-triggered flip-flop clocked by clk_10mhz)
Endpoint: _1530_ (removal check against rising-edge clock clk_10mhz)
Path Group: asynchronous
Path Type: min

Fanout         Cap        Slew       Delay        Time   Description
---------------------------------------------------------------------------------------------
                      0.150000    0.000000    0.000000   clock clk_10mhz (rise edge)
                                  0.000000    0.000000   clock network delay (ideal)
                      0.150000    0.000000    0.000000 ^ _1495_/CLK (sky130_fd_sc_hd__dfrtp_2)
     2    0.034902    0.291560    0.914122    0.914122 ^ _1495_/Q (sky130_fd_sc_hd__dfrtp_2)
                                                         pwr_ctrl (net)
                      0.291560    0.000000    0.914122 ^ _0807_/B (sky130_fd_sc_hd__and2_2)
    54    0.176210    1.395478    1.318791    2.232913 ^ _0807_/X (sky130_fd_sc_hd__and2_2)
                                                         u_max30102_ctrl.rst_n (net)
                      1.395478    0.000000    2.232913 ^ _1530_/RESET_B (sky130_fd_sc_hd__dfrtp_2)
                                              2.232913   data arrival time

                      0.150000    0.000000    0.000000   clock clk_10mhz (rise edge)
                                  0.000000    0.000000   clock network delay (ideal)
                                  0.250000    0.250000   clock uncertainty
                                  0.000000    0.250000   clock reconvergence pessimism
                                              0.250000 ^ _1530_/CLK (sky130_fd_sc_hd__dfrtp_2)
                                  1.087409    1.337409   library removal time
                                              1.337409   data required time
---------------------------------------------------------------------------------------------
                                              1.337409   data required time
                                             -2.232913   data arrival time
---------------------------------------------------------------------------------------------
                                              0.895504   slack (MET)


Startpoint: _1495_ (rising edge-triggered flip-flop clocked by clk_10mhz)
Endpoint: _1531_ (removal check against rising-edge clock clk_10mhz)
Path Group: asynchronous
Path Type: min

Fanout         Cap        Slew       Delay        Time   Description
---------------------------------------------------------------------------------------------
                      0.150000    0.000000    0.000000   clock clk_10mhz (rise edge)
                                  0.000000    0.000000   clock network delay (ideal)
                      0.150000    0.000000    0.000000 ^ _1495_/CLK (sky130_fd_sc_hd__dfrtp_2)
     2    0.034902    0.291560    0.914122    0.914122 ^ _1495_/Q (sky130_fd_sc_hd__dfrtp_2)
                                                         pwr_ctrl (net)
                      0.291560    0.000000    0.914122 ^ _0807_/B (sky130_fd_sc_hd__and2_2)
    54    0.176210    1.395478    1.318791    2.232913 ^ _0807_/X (sky130_fd_sc_hd__and2_2)
                                                         u_max30102_ctrl.rst_n (net)
                      1.395478    0.000000    2.232913 ^ _1531_/RESET_B (sky130_fd_sc_hd__dfrtp_2)
                                              2.232913   data arrival time

                      0.150000    0.000000    0.000000   clock clk_10mhz (rise edge)
                                  0.000000    0.000000   clock network delay (ideal)
                                  0.250000    0.250000   clock uncertainty
                                  0.000000    0.250000   clock reconvergence pessimism
                                              0.250000 ^ _1531_/CLK (sky130_fd_sc_hd__dfrtp_2)
                                  1.087409    1.337409   library removal time
                                              1.337409   data required time
---------------------------------------------------------------------------------------------
                                              1.337409   data required time
                                             -2.232913   data arrival time
---------------------------------------------------------------------------------------------
                                              0.895504   slack (MET)


Startpoint: _1495_ (rising edge-triggered flip-flop clocked by clk_10mhz)
Endpoint: _1532_ (removal check against rising-edge clock clk_10mhz)
Path Group: asynchronous
Path Type: min

Fanout         Cap        Slew       Delay        Time   Description
---------------------------------------------------------------------------------------------
                      0.150000    0.000000    0.000000   clock clk_10mhz (rise edge)
                                  0.000000    0.000000   clock network delay (ideal)
                      0.150000    0.000000    0.000000 ^ _1495_/CLK (sky130_fd_sc_hd__dfrtp_2)
     2    0.034902    0.291560    0.914122    0.914122 ^ _1495_/Q (sky130_fd_sc_hd__dfrtp_2)
                                                         pwr_ctrl (net)
                      0.291560    0.000000    0.914122 ^ _0807_/B (sky130_fd_sc_hd__and2_2)
    54    0.176210    1.395478    1.318791    2.232913 ^ _0807_/X (sky130_fd_sc_hd__and2_2)
                                                         u_max30102_ctrl.rst_n (net)
                      1.395478    0.000000    2.232913 ^ _1532_/RESET_B (sky130_fd_sc_hd__dfrtp_2)
                                              2.232913   data arrival time

                      0.150000    0.000000    0.000000   clock clk_10mhz (rise edge)
                                  0.000000    0.000000   clock network delay (ideal)
                                  0.250000    0.250000   clock uncertainty
                                  0.000000    0.250000   clock reconvergence pessimism
                                              0.250000 ^ _1532_/CLK (sky130_fd_sc_hd__dfrtp_2)
                                  1.087409    1.337409   library removal time
                                              1.337409   data required time
---------------------------------------------------------------------------------------------
                                              1.337409   data required time
                                             -2.232913   data arrival time
---------------------------------------------------------------------------------------------
                                              0.895504   slack (MET)


Startpoint: _1495_ (rising edge-triggered flip-flop clocked by clk_10mhz)
Endpoint: _1533_ (removal check against rising-edge clock clk_10mhz)
Path Group: asynchronous
Path Type: min

Fanout         Cap        Slew       Delay        Time   Description
---------------------------------------------------------------------------------------------
                      0.150000    0.000000    0.000000   clock clk_10mhz (rise edge)
                                  0.000000    0.000000   clock network delay (ideal)
                      0.150000    0.000000    0.000000 ^ _1495_/CLK (sky130_fd_sc_hd__dfrtp_2)
     2    0.034902    0.291560    0.914122    0.914122 ^ _1495_/Q (sky130_fd_sc_hd__dfrtp_2)
                                                         pwr_ctrl (net)
                      0.291560    0.000000    0.914122 ^ _0807_/B (sky130_fd_sc_hd__and2_2)
    54    0.176210    1.395478    1.318791    2.232913 ^ _0807_/X (sky130_fd_sc_hd__and2_2)
                                                         u_max30102_ctrl.rst_n (net)
                      1.395478    0.000000    2.232913 ^ _1533_/RESET_B (sky130_fd_sc_hd__dfrtp_2)
                                              2.232913   data arrival time

                      0.150000    0.000000    0.000000   clock clk_10mhz (rise edge)
                                  0.000000    0.000000   clock network delay (ideal)
                                  0.250000    0.250000   clock uncertainty
                                  0.000000    0.250000   clock reconvergence pessimism
                                              0.250000 ^ _1533_/CLK (sky130_fd_sc_hd__dfrtp_2)
                                  1.087409    1.337409   library removal time
                                              1.337409   data required time
---------------------------------------------------------------------------------------------
                                              1.337409   data required time
                                             -2.232913   data arrival time
---------------------------------------------------------------------------------------------
                                              0.895504   slack (MET)


Startpoint: _1495_ (rising edge-triggered flip-flop clocked by clk_10mhz)
Endpoint: _1534_ (removal check against rising-edge clock clk_10mhz)
Path Group: asynchronous
Path Type: min

Fanout         Cap        Slew       Delay        Time   Description
---------------------------------------------------------------------------------------------
                      0.150000    0.000000    0.000000   clock clk_10mhz (rise edge)
                                  0.000000    0.000000   clock network delay (ideal)
                      0.150000    0.000000    0.000000 ^ _1495_/CLK (sky130_fd_sc_hd__dfrtp_2)
     2    0.034902    0.291560    0.914122    0.914122 ^ _1495_/Q (sky130_fd_sc_hd__dfrtp_2)
                                                         pwr_ctrl (net)
                      0.291560    0.000000    0.914122 ^ _0807_/B (sky130_fd_sc_hd__and2_2)
    54    0.176210    1.395478    1.318791    2.232913 ^ _0807_/X (sky130_fd_sc_hd__and2_2)
                                                         u_max30102_ctrl.rst_n (net)
                      1.395478    0.000000    2.232913 ^ _1534_/RESET_B (sky130_fd_sc_hd__dfrtp_2)
                                              2.232913   data arrival time

                      0.150000    0.000000    0.000000   clock clk_10mhz (rise edge)
                                  0.000000    0.000000   clock network delay (ideal)
                                  0.250000    0.250000   clock uncertainty
                                  0.000000    0.250000   clock reconvergence pessimism
                                              0.250000 ^ _1534_/CLK (sky130_fd_sc_hd__dfrtp_2)
                                  1.087409    1.337409   library removal time
                                              1.337409   data required time
---------------------------------------------------------------------------------------------
                                              1.337409   data required time
                                             -2.232913   data arrival time
---------------------------------------------------------------------------------------------
                                              0.895504   slack (MET)


Startpoint: _1495_ (rising edge-triggered flip-flop clocked by clk_10mhz)
Endpoint: _1535_ (removal check against rising-edge clock clk_10mhz)
Path Group: asynchronous
Path Type: min

Fanout         Cap        Slew       Delay        Time   Description
---------------------------------------------------------------------------------------------
                      0.150000    0.000000    0.000000   clock clk_10mhz (rise edge)
                                  0.000000    0.000000   clock network delay (ideal)
                      0.150000    0.000000    0.000000 ^ _1495_/CLK (sky130_fd_sc_hd__dfrtp_2)
     2    0.034902    0.291560    0.914122    0.914122 ^ _1495_/Q (sky130_fd_sc_hd__dfrtp_2)
                                                         pwr_ctrl (net)
                      0.291560    0.000000    0.914122 ^ _0807_/B (sky130_fd_sc_hd__and2_2)
    54    0.176210    1.395478    1.318791    2.232913 ^ _0807_/X (sky130_fd_sc_hd__and2_2)
                                                         u_max30102_ctrl.rst_n (net)
                      1.395478    0.000000    2.232913 ^ _1535_/RESET_B (sky130_fd_sc_hd__dfrtp_2)
                                              2.232913   data arrival time

                      0.150000    0.000000    0.000000   clock clk_10mhz (rise edge)
                                  0.000000    0.000000   clock network delay (ideal)
                                  0.250000    0.250000   clock uncertainty
                                  0.000000    0.250000   clock reconvergence pessimism
                                              0.250000 ^ _1535_/CLK (sky130_fd_sc_hd__dfrtp_2)
                                  1.087409    1.337409   library removal time
                                              1.337409   data required time
---------------------------------------------------------------------------------------------
                                              1.337409   data required time
                                             -2.232913   data arrival time
---------------------------------------------------------------------------------------------
                                              0.895504   slack (MET)


Startpoint: _1495_ (rising edge-triggered flip-flop clocked by clk_10mhz)
Endpoint: _1536_ (removal check against rising-edge clock clk_10mhz)
Path Group: asynchronous
Path Type: min

Fanout         Cap        Slew       Delay        Time   Description
---------------------------------------------------------------------------------------------
                      0.150000    0.000000    0.000000   clock clk_10mhz (rise edge)
                                  0.000000    0.000000   clock network delay (ideal)
                      0.150000    0.000000    0.000000 ^ _1495_/CLK (sky130_fd_sc_hd__dfrtp_2)
     2    0.034902    0.291560    0.914122    0.914122 ^ _1495_/Q (sky130_fd_sc_hd__dfrtp_2)
                                                         pwr_ctrl (net)
                      0.291560    0.000000    0.914122 ^ _0807_/B (sky130_fd_sc_hd__and2_2)
    54    0.176210    1.395478    1.318791    2.232913 ^ _0807_/X (sky130_fd_sc_hd__and2_2)
                                                         u_max30102_ctrl.rst_n (net)
                      1.395478    0.000000    2.232913 ^ _1536_/RESET_B (sky130_fd_sc_hd__dfrtp_2)
                                              2.232913   data arrival time

                      0.150000    0.000000    0.000000   clock clk_10mhz (rise edge)
                                  0.000000    0.000000   clock network delay (ideal)
                                  0.250000    0.250000   clock uncertainty
                                  0.000000    0.250000   clock reconvergence pessimism
                                              0.250000 ^ _1536_/CLK (sky130_fd_sc_hd__dfrtp_2)
                                  1.087409    1.337409   library removal time
                                              1.337409   data required time
---------------------------------------------------------------------------------------------
                                              1.337409   data required time
                                             -2.232913   data arrival time
---------------------------------------------------------------------------------------------
                                              0.895504   slack (MET)


Startpoint: _1495_ (rising edge-triggered flip-flop clocked by clk_10mhz)
Endpoint: _1537_ (removal check against rising-edge clock clk_10mhz)
Path Group: asynchronous
Path Type: min

Fanout         Cap        Slew       Delay        Time   Description
---------------------------------------------------------------------------------------------
                      0.150000    0.000000    0.000000   clock clk_10mhz (rise edge)
                                  0.000000    0.000000   clock network delay (ideal)
                      0.150000    0.000000    0.000000 ^ _1495_/CLK (sky130_fd_sc_hd__dfrtp_2)
     2    0.034902    0.291560    0.914122    0.914122 ^ _1495_/Q (sky130_fd_sc_hd__dfrtp_2)
                                                         pwr_ctrl (net)
                      0.291560    0.000000    0.914122 ^ _0807_/B (sky130_fd_sc_hd__and2_2)
    54    0.176210    1.395478    1.318791    2.232913 ^ _0807_/X (sky130_fd_sc_hd__and2_2)
                                                         u_max30102_ctrl.rst_n (net)
                      1.395478    0.000000    2.232913 ^ _1537_/RESET_B (sky130_fd_sc_hd__dfrtp_2)
                                              2.232913   data arrival time

                      0.150000    0.000000    0.000000   clock clk_10mhz (rise edge)
                                  0.000000    0.000000   clock network delay (ideal)
                                  0.250000    0.250000   clock uncertainty
                                  0.000000    0.250000   clock reconvergence pessimism
                                              0.250000 ^ _1537_/CLK (sky130_fd_sc_hd__dfrtp_2)
                                  1.087409    1.337409   library removal time
                                              1.337409   data required time
---------------------------------------------------------------------------------------------
                                              1.337409   data required time
                                             -2.232913   data arrival time
---------------------------------------------------------------------------------------------
                                              0.895504   slack (MET)


Startpoint: _1495_ (rising edge-triggered flip-flop clocked by clk_10mhz)
Endpoint: _1538_ (removal check against rising-edge clock clk_10mhz)
Path Group: asynchronous
Path Type: min

Fanout         Cap        Slew       Delay        Time   Description
---------------------------------------------------------------------------------------------
                      0.150000    0.000000    0.000000   clock clk_10mhz (rise edge)
                                  0.000000    0.000000   clock network delay (ideal)
                      0.150000    0.000000    0.000000 ^ _1495_/CLK (sky130_fd_sc_hd__dfrtp_2)
     2    0.034902    0.291560    0.914122    0.914122 ^ _1495_/Q (sky130_fd_sc_hd__dfrtp_2)
                                                         pwr_ctrl (net)
                      0.291560    0.000000    0.914122 ^ _0807_/B (sky130_fd_sc_hd__and2_2)
    54    0.176210    1.395478    1.318791    2.232913 ^ _0807_/X (sky130_fd_sc_hd__and2_2)
                                                         u_max30102_ctrl.rst_n (net)
                      1.395478    0.000000    2.232913 ^ _1538_/RESET_B (sky130_fd_sc_hd__dfrtp_2)
                                              2.232913   data arrival time

                      0.150000    0.000000    0.000000   clock clk_10mhz (rise edge)
                                  0.000000    0.000000   clock network delay (ideal)
                                  0.250000    0.250000   clock uncertainty
                                  0.000000    0.250000   clock reconvergence pessimism
                                              0.250000 ^ _1538_/CLK (sky130_fd_sc_hd__dfrtp_2)
                                  1.087409    1.337409   library removal time
                                              1.337409   data required time
---------------------------------------------------------------------------------------------
                                              1.337409   data required time
                                             -2.232913   data arrival time
---------------------------------------------------------------------------------------------
                                              0.895504   slack (MET)


Startpoint: _1495_ (rising edge-triggered flip-flop clocked by clk_10mhz)
Endpoint: _1539_ (removal check against rising-edge clock clk_10mhz)
Path Group: asynchronous
Path Type: min

Fanout         Cap        Slew       Delay        Time   Description
---------------------------------------------------------------------------------------------
                      0.150000    0.000000    0.000000   clock clk_10mhz (rise edge)
                                  0.000000    0.000000   clock network delay (ideal)
                      0.150000    0.000000    0.000000 ^ _1495_/CLK (sky130_fd_sc_hd__dfrtp_2)
     2    0.034902    0.291560    0.914122    0.914122 ^ _1495_/Q (sky130_fd_sc_hd__dfrtp_2)
                                                         pwr_ctrl (net)
                      0.291560    0.000000    0.914122 ^ _0807_/B (sky130_fd_sc_hd__and2_2)
    54    0.176210    1.395478    1.318791    2.232913 ^ _0807_/X (sky130_fd_sc_hd__and2_2)
                                                         u_max30102_ctrl.rst_n (net)
                      1.395478    0.000000    2.232913 ^ _1539_/RESET_B (sky130_fd_sc_hd__dfrtp_2)
                                              2.232913   data arrival time

                      0.150000    0.000000    0.000000   clock clk_10mhz (rise edge)
                                  0.000000    0.000000   clock network delay (ideal)
                                  0.250000    0.250000   clock uncertainty
                                  0.000000    0.250000   clock reconvergence pessimism
                                              0.250000 ^ _1539_/CLK (sky130_fd_sc_hd__dfrtp_2)
                                  1.087409    1.337409   library removal time
                                              1.337409   data required time
---------------------------------------------------------------------------------------------
                                              1.337409   data required time
                                             -2.232913   data arrival time
---------------------------------------------------------------------------------------------
                                              0.895504   slack (MET)


Startpoint: _1495_ (rising edge-triggered flip-flop clocked by clk_10mhz)
Endpoint: _1540_ (removal check against rising-edge clock clk_10mhz)
Path Group: asynchronous
Path Type: min

Fanout         Cap        Slew       Delay        Time   Description
---------------------------------------------------------------------------------------------
                      0.150000    0.000000    0.000000   clock clk_10mhz (rise edge)
                                  0.000000    0.000000   clock network delay (ideal)
                      0.150000    0.000000    0.000000 ^ _1495_/CLK (sky130_fd_sc_hd__dfrtp_2)
     2    0.034902    0.291560    0.914122    0.914122 ^ _1495_/Q (sky130_fd_sc_hd__dfrtp_2)
                                                         pwr_ctrl (net)
                      0.291560    0.000000    0.914122 ^ _0807_/B (sky130_fd_sc_hd__and2_2)
    54    0.176210    1.395478    1.318791    2.232913 ^ _0807_/X (sky130_fd_sc_hd__and2_2)
                                                         u_max30102_ctrl.rst_n (net)
                      1.395478    0.000000    2.232913 ^ _1540_/RESET_B (sky130_fd_sc_hd__dfrtp_2)
                                              2.232913   data arrival time

                      0.150000    0.000000    0.000000   clock clk_10mhz (rise edge)
                                  0.000000    0.000000   clock network delay (ideal)
                                  0.250000    0.250000   clock uncertainty
                                  0.000000    0.250000   clock reconvergence pessimism
                                              0.250000 ^ _1540_/CLK (sky130_fd_sc_hd__dfrtp_2)
                                  1.087409    1.337409   library removal time
                                              1.337409   data required time
---------------------------------------------------------------------------------------------
                                              1.337409   data required time
                                             -2.232913   data arrival time
---------------------------------------------------------------------------------------------
                                              0.895504   slack (MET)


Startpoint: _1495_ (rising edge-triggered flip-flop clocked by clk_10mhz)
Endpoint: _1541_ (removal check against rising-edge clock clk_10mhz)
Path Group: asynchronous
Path Type: min

Fanout         Cap        Slew       Delay        Time   Description
---------------------------------------------------------------------------------------------
                      0.150000    0.000000    0.000000   clock clk_10mhz (rise edge)
                                  0.000000    0.000000   clock network delay (ideal)
                      0.150000    0.000000    0.000000 ^ _1495_/CLK (sky130_fd_sc_hd__dfrtp_2)
     2    0.034902    0.291560    0.914122    0.914122 ^ _1495_/Q (sky130_fd_sc_hd__dfrtp_2)
                                                         pwr_ctrl (net)
                      0.291560    0.000000    0.914122 ^ _0807_/B (sky130_fd_sc_hd__and2_2)
    54    0.176210    1.395478    1.318791    2.232913 ^ _0807_/X (sky130_fd_sc_hd__and2_2)
                                                         u_max30102_ctrl.rst_n (net)
                      1.395478    0.000000    2.232913 ^ _1541_/RESET_B (sky130_fd_sc_hd__dfrtp_2)
                                              2.232913   data arrival time

                      0.150000    0.000000    0.000000   clock clk_10mhz (rise edge)
                                  0.000000    0.000000   clock network delay (ideal)
                                  0.250000    0.250000   clock uncertainty
                                  0.000000    0.250000   clock reconvergence pessimism
                                              0.250000 ^ _1541_/CLK (sky130_fd_sc_hd__dfrtp_2)
                                  1.087409    1.337409   library removal time
                                              1.337409   data required time
---------------------------------------------------------------------------------------------
                                              1.337409   data required time
                                             -2.232913   data arrival time
---------------------------------------------------------------------------------------------
                                              0.895504   slack (MET)


Startpoint: _1495_ (rising edge-triggered flip-flop clocked by clk_10mhz)
Endpoint: _1542_ (removal check against rising-edge clock clk_10mhz)
Path Group: asynchronous
Path Type: min

Fanout         Cap        Slew       Delay        Time   Description
---------------------------------------------------------------------------------------------
                      0.150000    0.000000    0.000000   clock clk_10mhz (rise edge)
                                  0.000000    0.000000   clock network delay (ideal)
                      0.150000    0.000000    0.000000 ^ _1495_/CLK (sky130_fd_sc_hd__dfrtp_2)
     2    0.034902    0.291560    0.914122    0.914122 ^ _1495_/Q (sky130_fd_sc_hd__dfrtp_2)
                                                         pwr_ctrl (net)
                      0.291560    0.000000    0.914122 ^ _0807_/B (sky130_fd_sc_hd__and2_2)
    54    0.176210    1.395478    1.318791    2.232913 ^ _0807_/X (sky130_fd_sc_hd__and2_2)
                                                         u_max30102_ctrl.rst_n (net)
                      1.395478    0.000000    2.232913 ^ _1542_/RESET_B (sky130_fd_sc_hd__dfrtp_2)
                                              2.232913   data arrival time

                      0.150000    0.000000    0.000000   clock clk_10mhz (rise edge)
                                  0.000000    0.000000   clock network delay (ideal)
                                  0.250000    0.250000   clock uncertainty
                                  0.000000    0.250000   clock reconvergence pessimism
                                              0.250000 ^ _1542_/CLK (sky130_fd_sc_hd__dfrtp_2)
                                  1.087409    1.337409   library removal time
                                              1.337409   data required time
---------------------------------------------------------------------------------------------
                                              1.337409   data required time
                                             -2.232913   data arrival time
---------------------------------------------------------------------------------------------
                                              0.895504   slack (MET)


Startpoint: _1495_ (rising edge-triggered flip-flop clocked by clk_10mhz)
Endpoint: _1543_ (removal check against rising-edge clock clk_10mhz)
Path Group: asynchronous
Path Type: min

Fanout         Cap        Slew       Delay        Time   Description
---------------------------------------------------------------------------------------------
                      0.150000    0.000000    0.000000   clock clk_10mhz (rise edge)
                                  0.000000    0.000000   clock network delay (ideal)
                      0.150000    0.000000    0.000000 ^ _1495_/CLK (sky130_fd_sc_hd__dfrtp_2)
     2    0.034902    0.291560    0.914122    0.914122 ^ _1495_/Q (sky130_fd_sc_hd__dfrtp_2)
                                                         pwr_ctrl (net)
                      0.291560    0.000000    0.914122 ^ _0807_/B (sky130_fd_sc_hd__and2_2)
    54    0.176210    1.395478    1.318791    2.232913 ^ _0807_/X (sky130_fd_sc_hd__and2_2)
                                                         u_max30102_ctrl.rst_n (net)
                      1.395478    0.000000    2.232913 ^ _1543_/RESET_B (sky130_fd_sc_hd__dfrtp_2)
                                              2.232913   data arrival time

                      0.150000    0.000000    0.000000   clock clk_10mhz (rise edge)
                                  0.000000    0.000000   clock network delay (ideal)
                                  0.250000    0.250000   clock uncertainty
                                  0.000000    0.250000   clock reconvergence pessimism
                                              0.250000 ^ _1543_/CLK (sky130_fd_sc_hd__dfrtp_2)
                                  1.087409    1.337409   library removal time
                                              1.337409   data required time
---------------------------------------------------------------------------------------------
                                              1.337409   data required time
                                             -2.232913   data arrival time
---------------------------------------------------------------------------------------------
                                              0.895504   slack (MET)


Startpoint: _1495_ (rising edge-triggered flip-flop clocked by clk_10mhz)
Endpoint: _1545_ (removal check against rising-edge clock clk_10mhz)
Path Group: asynchronous
Path Type: min

Fanout         Cap        Slew       Delay        Time   Description
---------------------------------------------------------------------------------------------
                      0.150000    0.000000    0.000000   clock clk_10mhz (rise edge)
                                  0.000000    0.000000   clock network delay (ideal)
                      0.150000    0.000000    0.000000 ^ _1495_/CLK (sky130_fd_sc_hd__dfrtp_2)
     2    0.034902    0.291560    0.914122    0.914122 ^ _1495_/Q (sky130_fd_sc_hd__dfrtp_2)
                                                         pwr_ctrl (net)
                      0.291560    0.000000    0.914122 ^ _0807_/B (sky130_fd_sc_hd__and2_2)
    54    0.176210    1.395478    1.318791    2.232913 ^ _0807_/X (sky130_fd_sc_hd__and2_2)
                                                         u_max30102_ctrl.rst_n (net)
                      1.395478    0.000000    2.232913 ^ _1545_/RESET_B (sky130_fd_sc_hd__dfrtp_2)
                                              2.232913   data arrival time

                      0.150000    0.000000    0.000000   clock clk_10mhz (rise edge)
                                  0.000000    0.000000   clock network delay (ideal)
                                  0.250000    0.250000   clock uncertainty
                                  0.000000    0.250000   clock reconvergence pessimism
                                              0.250000 ^ _1545_/CLK (sky130_fd_sc_hd__dfrtp_2)
                                  1.087409    1.337409   library removal time
                                              1.337409   data required time
---------------------------------------------------------------------------------------------
                                              1.337409   data required time
                                             -2.232913   data arrival time
---------------------------------------------------------------------------------------------
                                              0.895504   slack (MET)


Startpoint: _1495_ (rising edge-triggered flip-flop clocked by clk_10mhz)
Endpoint: _1546_ (removal check against rising-edge clock clk_10mhz)
Path Group: asynchronous
Path Type: min

Fanout         Cap        Slew       Delay        Time   Description
---------------------------------------------------------------------------------------------
                      0.150000    0.000000    0.000000   clock clk_10mhz (rise edge)
                                  0.000000    0.000000   clock network delay (ideal)
                      0.150000    0.000000    0.000000 ^ _1495_/CLK (sky130_fd_sc_hd__dfrtp_2)
     2    0.034902    0.291560    0.914122    0.914122 ^ _1495_/Q (sky130_fd_sc_hd__dfrtp_2)
                                                         pwr_ctrl (net)
                      0.291560    0.000000    0.914122 ^ _0807_/B (sky130_fd_sc_hd__and2_2)
    54    0.176210    1.395478    1.318791    2.232913 ^ _0807_/X (sky130_fd_sc_hd__and2_2)
                                                         u_max30102_ctrl.rst_n (net)
                      1.395478    0.000000    2.232913 ^ _1546_/RESET_B (sky130_fd_sc_hd__dfrtp_2)
                                              2.232913   data arrival time

                      0.150000    0.000000    0.000000   clock clk_10mhz (rise edge)
                                  0.000000    0.000000   clock network delay (ideal)
                                  0.250000    0.250000   clock uncertainty
                                  0.000000    0.250000   clock reconvergence pessimism
                                              0.250000 ^ _1546_/CLK (sky130_fd_sc_hd__dfrtp_2)
                                  1.087409    1.337409   library removal time
                                              1.337409   data required time
---------------------------------------------------------------------------------------------
                                              1.337409   data required time
                                             -2.232913   data arrival time
---------------------------------------------------------------------------------------------
                                              0.895504   slack (MET)


Startpoint: _1495_ (rising edge-triggered flip-flop clocked by clk_10mhz)
Endpoint: _1547_ (removal check against rising-edge clock clk_10mhz)
Path Group: asynchronous
Path Type: min

Fanout         Cap        Slew       Delay        Time   Description
---------------------------------------------------------------------------------------------
                      0.150000    0.000000    0.000000   clock clk_10mhz (rise edge)
                                  0.000000    0.000000   clock network delay (ideal)
                      0.150000    0.000000    0.000000 ^ _1495_/CLK (sky130_fd_sc_hd__dfrtp_2)
     2    0.034902    0.291560    0.914122    0.914122 ^ _1495_/Q (sky130_fd_sc_hd__dfrtp_2)
                                                         pwr_ctrl (net)
                      0.291560    0.000000    0.914122 ^ _0807_/B (sky130_fd_sc_hd__and2_2)
    54    0.176210    1.395478    1.318791    2.232913 ^ _0807_/X (sky130_fd_sc_hd__and2_2)
                                                         u_max30102_ctrl.rst_n (net)
                      1.395478    0.000000    2.232913 ^ _1547_/RESET_B (sky130_fd_sc_hd__dfrtp_2)
                                              2.232913   data arrival time

                      0.150000    0.000000    0.000000   clock clk_10mhz (rise edge)
                                  0.000000    0.000000   clock network delay (ideal)
                                  0.250000    0.250000   clock uncertainty
                                  0.000000    0.250000   clock reconvergence pessimism
                                              0.250000 ^ _1547_/CLK (sky130_fd_sc_hd__dfrtp_2)
                                  1.087409    1.337409   library removal time
                                              1.337409   data required time
---------------------------------------------------------------------------------------------
                                              1.337409   data required time
                                             -2.232913   data arrival time
---------------------------------------------------------------------------------------------
                                              0.895504   slack (MET)


Startpoint: _1495_ (rising edge-triggered flip-flop clocked by clk_10mhz)
Endpoint: _1548_ (removal check against rising-edge clock clk_10mhz)
Path Group: asynchronous
Path Type: min

Fanout         Cap        Slew       Delay        Time   Description
---------------------------------------------------------------------------------------------
                      0.150000    0.000000    0.000000   clock clk_10mhz (rise edge)
                                  0.000000    0.000000   clock network delay (ideal)
                      0.150000    0.000000    0.000000 ^ _1495_/CLK (sky130_fd_sc_hd__dfrtp_2)
     2    0.034902    0.291560    0.914122    0.914122 ^ _1495_/Q (sky130_fd_sc_hd__dfrtp_2)
                                                         pwr_ctrl (net)
                      0.291560    0.000000    0.914122 ^ _0807_/B (sky130_fd_sc_hd__and2_2)
    54    0.176210    1.395478    1.318791    2.232913 ^ _0807_/X (sky130_fd_sc_hd__and2_2)
                                                         u_max30102_ctrl.rst_n (net)
                      1.395478    0.000000    2.232913 ^ _1548_/RESET_B (sky130_fd_sc_hd__dfrtp_2)
                                              2.232913   data arrival time

                      0.150000    0.000000    0.000000   clock clk_10mhz (rise edge)
                                  0.000000    0.000000   clock network delay (ideal)
                                  0.250000    0.250000   clock uncertainty
                                  0.000000    0.250000   clock reconvergence pessimism
                                              0.250000 ^ _1548_/CLK (sky130_fd_sc_hd__dfrtp_2)
                                  1.087409    1.337409   library removal time
                                              1.337409   data required time
---------------------------------------------------------------------------------------------
                                              1.337409   data required time
                                             -2.232913   data arrival time
---------------------------------------------------------------------------------------------
                                              0.895504   slack (MET)


Startpoint: _1495_ (rising edge-triggered flip-flop clocked by clk_10mhz)
Endpoint: _1549_ (removal check against rising-edge clock clk_10mhz)
Path Group: asynchronous
Path Type: min

Fanout         Cap        Slew       Delay        Time   Description
---------------------------------------------------------------------------------------------
                      0.150000    0.000000    0.000000   clock clk_10mhz (rise edge)
                                  0.000000    0.000000   clock network delay (ideal)
                      0.150000    0.000000    0.000000 ^ _1495_/CLK (sky130_fd_sc_hd__dfrtp_2)
     2    0.034902    0.291560    0.914122    0.914122 ^ _1495_/Q (sky130_fd_sc_hd__dfrtp_2)
                                                         pwr_ctrl (net)
                      0.291560    0.000000    0.914122 ^ _0807_/B (sky130_fd_sc_hd__and2_2)
    54    0.176210    1.395478    1.318791    2.232913 ^ _0807_/X (sky130_fd_sc_hd__and2_2)
                                                         u_max30102_ctrl.rst_n (net)
                      1.395478    0.000000    2.232913 ^ _1549_/RESET_B (sky130_fd_sc_hd__dfrtp_2)
                                              2.232913   data arrival time

                      0.150000    0.000000    0.000000   clock clk_10mhz (rise edge)
                                  0.000000    0.000000   clock network delay (ideal)
                                  0.250000    0.250000   clock uncertainty
                                  0.000000    0.250000   clock reconvergence pessimism
                                              0.250000 ^ _1549_/CLK (sky130_fd_sc_hd__dfrtp_2)
                                  1.087409    1.337409   library removal time
                                              1.337409   data required time
---------------------------------------------------------------------------------------------
                                              1.337409   data required time
                                             -2.232913   data arrival time
---------------------------------------------------------------------------------------------
                                              0.895504   slack (MET)


Startpoint: _1495_ (rising edge-triggered flip-flop clocked by clk_10mhz)
Endpoint: _1550_ (removal check against rising-edge clock clk_10mhz)
Path Group: asynchronous
Path Type: min

Fanout         Cap        Slew       Delay        Time   Description
---------------------------------------------------------------------------------------------
                      0.150000    0.000000    0.000000   clock clk_10mhz (rise edge)
                                  0.000000    0.000000   clock network delay (ideal)
                      0.150000    0.000000    0.000000 ^ _1495_/CLK (sky130_fd_sc_hd__dfrtp_2)
     2    0.034902    0.291560    0.914122    0.914122 ^ _1495_/Q (sky130_fd_sc_hd__dfrtp_2)
                                                         pwr_ctrl (net)
                      0.291560    0.000000    0.914122 ^ _0807_/B (sky130_fd_sc_hd__and2_2)
    54    0.176210    1.395478    1.318791    2.232913 ^ _0807_/X (sky130_fd_sc_hd__and2_2)
                                                         u_max30102_ctrl.rst_n (net)
                      1.395478    0.000000    2.232913 ^ _1550_/RESET_B (sky130_fd_sc_hd__dfrtp_2)
                                              2.232913   data arrival time

                      0.150000    0.000000    0.000000   clock clk_10mhz (rise edge)
                                  0.000000    0.000000   clock network delay (ideal)
                                  0.250000    0.250000   clock uncertainty
                                  0.000000    0.250000   clock reconvergence pessimism
                                              0.250000 ^ _1550_/CLK (sky130_fd_sc_hd__dfrtp_2)
                                  1.087409    1.337409   library removal time
                                              1.337409   data required time
---------------------------------------------------------------------------------------------
                                              1.337409   data required time
                                             -2.232913   data arrival time
---------------------------------------------------------------------------------------------
                                              0.895504   slack (MET)


Startpoint: _1495_ (rising edge-triggered flip-flop clocked by clk_10mhz)
Endpoint: _1551_ (removal check against rising-edge clock clk_10mhz)
Path Group: asynchronous
Path Type: min

Fanout         Cap        Slew       Delay        Time   Description
---------------------------------------------------------------------------------------------
                      0.150000    0.000000    0.000000   clock clk_10mhz (rise edge)
                                  0.000000    0.000000   clock network delay (ideal)
                      0.150000    0.000000    0.000000 ^ _1495_/CLK (sky130_fd_sc_hd__dfrtp_2)
     2    0.034902    0.291560    0.914122    0.914122 ^ _1495_/Q (sky130_fd_sc_hd__dfrtp_2)
                                                         pwr_ctrl (net)
                      0.291560    0.000000    0.914122 ^ _0807_/B (sky130_fd_sc_hd__and2_2)
    54    0.176210    1.395478    1.318791    2.232913 ^ _0807_/X (sky130_fd_sc_hd__and2_2)
                                                         u_max30102_ctrl.rst_n (net)
                      1.395478    0.000000    2.232913 ^ _1551_/RESET_B (sky130_fd_sc_hd__dfrtp_2)
                                              2.232913   data arrival time

                      0.150000    0.000000    0.000000   clock clk_10mhz (rise edge)
                                  0.000000    0.000000   clock network delay (ideal)
                                  0.250000    0.250000   clock uncertainty
                                  0.000000    0.250000   clock reconvergence pessimism
                                              0.250000 ^ _1551_/CLK (sky130_fd_sc_hd__dfrtp_2)
                                  1.087409    1.337409   library removal time
                                              1.337409   data required time
---------------------------------------------------------------------------------------------
                                              1.337409   data required time
                                             -2.232913   data arrival time
---------------------------------------------------------------------------------------------
                                              0.895504   slack (MET)


Startpoint: _1495_ (rising edge-triggered flip-flop clocked by clk_10mhz)
Endpoint: _1552_ (removal check against rising-edge clock clk_10mhz)
Path Group: asynchronous
Path Type: min

Fanout         Cap        Slew       Delay        Time   Description
---------------------------------------------------------------------------------------------
                      0.150000    0.000000    0.000000   clock clk_10mhz (rise edge)
                                  0.000000    0.000000   clock network delay (ideal)
                      0.150000    0.000000    0.000000 ^ _1495_/CLK (sky130_fd_sc_hd__dfrtp_2)
     2    0.034902    0.291560    0.914122    0.914122 ^ _1495_/Q (sky130_fd_sc_hd__dfrtp_2)
                                                         pwr_ctrl (net)
                      0.291560    0.000000    0.914122 ^ _0807_/B (sky130_fd_sc_hd__and2_2)
    54    0.176210    1.395478    1.318791    2.232913 ^ _0807_/X (sky130_fd_sc_hd__and2_2)
                                                         u_max30102_ctrl.rst_n (net)
                      1.395478    0.000000    2.232913 ^ _1552_/RESET_B (sky130_fd_sc_hd__dfrtp_2)
                                              2.232913   data arrival time

                      0.150000    0.000000    0.000000   clock clk_10mhz (rise edge)
                                  0.000000    0.000000   clock network delay (ideal)
                                  0.250000    0.250000   clock uncertainty
                                  0.000000    0.250000   clock reconvergence pessimism
                                              0.250000 ^ _1552_/CLK (sky130_fd_sc_hd__dfrtp_2)
                                  1.087409    1.337409   library removal time
                                              1.337409   data required time
---------------------------------------------------------------------------------------------
                                              1.337409   data required time
                                             -2.232913   data arrival time
---------------------------------------------------------------------------------------------
                                              0.895504   slack (MET)


Startpoint: _1495_ (rising edge-triggered flip-flop clocked by clk_10mhz)
Endpoint: _1553_ (removal check against rising-edge clock clk_10mhz)
Path Group: asynchronous
Path Type: min

Fanout         Cap        Slew       Delay        Time   Description
---------------------------------------------------------------------------------------------
                      0.150000    0.000000    0.000000   clock clk_10mhz (rise edge)
                                  0.000000    0.000000   clock network delay (ideal)
                      0.150000    0.000000    0.000000 ^ _1495_/CLK (sky130_fd_sc_hd__dfrtp_2)
     2    0.034902    0.291560    0.914122    0.914122 ^ _1495_/Q (sky130_fd_sc_hd__dfrtp_2)
                                                         pwr_ctrl (net)
                      0.291560    0.000000    0.914122 ^ _0807_/B (sky130_fd_sc_hd__and2_2)
    54    0.176210    1.395478    1.318791    2.232913 ^ _0807_/X (sky130_fd_sc_hd__and2_2)
                                                         u_max30102_ctrl.rst_n (net)
                      1.395478    0.000000    2.232913 ^ _1553_/RESET_B (sky130_fd_sc_hd__dfrtp_2)
                                              2.232913   data arrival time

                      0.150000    0.000000    0.000000   clock clk_10mhz (rise edge)
                                  0.000000    0.000000   clock network delay (ideal)
                                  0.250000    0.250000   clock uncertainty
                                  0.000000    0.250000   clock reconvergence pessimism
                                              0.250000 ^ _1553_/CLK (sky130_fd_sc_hd__dfrtp_2)
                                  1.087409    1.337409   library removal time
                                              1.337409   data required time
---------------------------------------------------------------------------------------------
                                              1.337409   data required time
                                             -2.232913   data arrival time
---------------------------------------------------------------------------------------------
                                              0.895504   slack (MET)


Startpoint: _1495_ (rising edge-triggered flip-flop clocked by clk_10mhz)
Endpoint: _1554_ (removal check against rising-edge clock clk_10mhz)
Path Group: asynchronous
Path Type: min

Fanout         Cap        Slew       Delay        Time   Description
---------------------------------------------------------------------------------------------
                      0.150000    0.000000    0.000000   clock clk_10mhz (rise edge)
                                  0.000000    0.000000   clock network delay (ideal)
                      0.150000    0.000000    0.000000 ^ _1495_/CLK (sky130_fd_sc_hd__dfrtp_2)
     2    0.034902    0.291560    0.914122    0.914122 ^ _1495_/Q (sky130_fd_sc_hd__dfrtp_2)
                                                         pwr_ctrl (net)
                      0.291560    0.000000    0.914122 ^ _0807_/B (sky130_fd_sc_hd__and2_2)
    54    0.176210    1.395478    1.318791    2.232913 ^ _0807_/X (sky130_fd_sc_hd__and2_2)
                                                         u_max30102_ctrl.rst_n (net)
                      1.395478    0.000000    2.232913 ^ _1554_/RESET_B (sky130_fd_sc_hd__dfrtp_2)
                                              2.232913   data arrival time

                      0.150000    0.000000    0.000000   clock clk_10mhz (rise edge)
                                  0.000000    0.000000   clock network delay (ideal)
                                  0.250000    0.250000   clock uncertainty
                                  0.000000    0.250000   clock reconvergence pessimism
                                              0.250000 ^ _1554_/CLK (sky130_fd_sc_hd__dfrtp_2)
                                  1.087409    1.337409   library removal time
                                              1.337409   data required time
---------------------------------------------------------------------------------------------
                                              1.337409   data required time
                                             -2.232913   data arrival time
---------------------------------------------------------------------------------------------
                                              0.895504   slack (MET)


Startpoint: _1495_ (rising edge-triggered flip-flop clocked by clk_10mhz)
Endpoint: _1555_ (removal check against rising-edge clock clk_10mhz)
Path Group: asynchronous
Path Type: min

Fanout         Cap        Slew       Delay        Time   Description
---------------------------------------------------------------------------------------------
                      0.150000    0.000000    0.000000   clock clk_10mhz (rise edge)
                                  0.000000    0.000000   clock network delay (ideal)
                      0.150000    0.000000    0.000000 ^ _1495_/CLK (sky130_fd_sc_hd__dfrtp_2)
     2    0.034902    0.291560    0.914122    0.914122 ^ _1495_/Q (sky130_fd_sc_hd__dfrtp_2)
                                                         pwr_ctrl (net)
                      0.291560    0.000000    0.914122 ^ _0807_/B (sky130_fd_sc_hd__and2_2)
    54    0.176210    1.395478    1.318791    2.232913 ^ _0807_/X (sky130_fd_sc_hd__and2_2)
                                                         u_max30102_ctrl.rst_n (net)
                      1.395478    0.000000    2.232913 ^ _1555_/RESET_B (sky130_fd_sc_hd__dfrtp_2)
                                              2.232913   data arrival time

                      0.150000    0.000000    0.000000   clock clk_10mhz (rise edge)
                                  0.000000    0.000000   clock network delay (ideal)
                                  0.250000    0.250000   clock uncertainty
                                  0.000000    0.250000   clock reconvergence pessimism
                                              0.250000 ^ _1555_/CLK (sky130_fd_sc_hd__dfrtp_2)
                                  1.087409    1.337409   library removal time
                                              1.337409   data required time
---------------------------------------------------------------------------------------------
                                              1.337409   data required time
                                             -2.232913   data arrival time
---------------------------------------------------------------------------------------------
                                              0.895504   slack (MET)


Startpoint: _1495_ (rising edge-triggered flip-flop clocked by clk_10mhz)
Endpoint: _1556_ (removal check against rising-edge clock clk_10mhz)
Path Group: asynchronous
Path Type: min

Fanout         Cap        Slew       Delay        Time   Description
---------------------------------------------------------------------------------------------
                      0.150000    0.000000    0.000000   clock clk_10mhz (rise edge)
                                  0.000000    0.000000   clock network delay (ideal)
                      0.150000    0.000000    0.000000 ^ _1495_/CLK (sky130_fd_sc_hd__dfrtp_2)
     2    0.034902    0.291560    0.914122    0.914122 ^ _1495_/Q (sky130_fd_sc_hd__dfrtp_2)
                                                         pwr_ctrl (net)
                      0.291560    0.000000    0.914122 ^ _0807_/B (sky130_fd_sc_hd__and2_2)
    54    0.176210    1.395478    1.318791    2.232913 ^ _0807_/X (sky130_fd_sc_hd__and2_2)
                                                         u_max30102_ctrl.rst_n (net)
                      1.395478    0.000000    2.232913 ^ _1556_/RESET_B (sky130_fd_sc_hd__dfrtp_2)
                                              2.232913   data arrival time

                      0.150000    0.000000    0.000000   clock clk_10mhz (rise edge)
                                  0.000000    0.000000   clock network delay (ideal)
                                  0.250000    0.250000   clock uncertainty
                                  0.000000    0.250000   clock reconvergence pessimism
                                              0.250000 ^ _1556_/CLK (sky130_fd_sc_hd__dfrtp_2)
                                  1.087409    1.337409   library removal time
                                              1.337409   data required time
---------------------------------------------------------------------------------------------
                                              1.337409   data required time
                                             -2.232913   data arrival time
---------------------------------------------------------------------------------------------
                                              0.895504   slack (MET)


Startpoint: _1495_ (rising edge-triggered flip-flop clocked by clk_10mhz)
Endpoint: _1557_ (removal check against rising-edge clock clk_10mhz)
Path Group: asynchronous
Path Type: min

Fanout         Cap        Slew       Delay        Time   Description
---------------------------------------------------------------------------------------------
                      0.150000    0.000000    0.000000   clock clk_10mhz (rise edge)
                                  0.000000    0.000000   clock network delay (ideal)
                      0.150000    0.000000    0.000000 ^ _1495_/CLK (sky130_fd_sc_hd__dfrtp_2)
     2    0.034902    0.291560    0.914122    0.914122 ^ _1495_/Q (sky130_fd_sc_hd__dfrtp_2)
                                                         pwr_ctrl (net)
                      0.291560    0.000000    0.914122 ^ _0807_/B (sky130_fd_sc_hd__and2_2)
    54    0.176210    1.395478    1.318791    2.232913 ^ _0807_/X (sky130_fd_sc_hd__and2_2)
                                                         u_max30102_ctrl.rst_n (net)
                      1.395478    0.000000    2.232913 ^ _1557_/RESET_B (sky130_fd_sc_hd__dfrtp_2)
                                              2.232913   data arrival time

                      0.150000    0.000000    0.000000   clock clk_10mhz (rise edge)
                                  0.000000    0.000000   clock network delay (ideal)
                                  0.250000    0.250000   clock uncertainty
                                  0.000000    0.250000   clock reconvergence pessimism
                                              0.250000 ^ _1557_/CLK (sky130_fd_sc_hd__dfrtp_2)
                                  1.087409    1.337409   library removal time
                                              1.337409   data required time
---------------------------------------------------------------------------------------------
                                              1.337409   data required time
                                             -2.232913   data arrival time
---------------------------------------------------------------------------------------------
                                              0.895504   slack (MET)


Startpoint: _1495_ (rising edge-triggered flip-flop clocked by clk_10mhz)
Endpoint: _1558_ (removal check against rising-edge clock clk_10mhz)
Path Group: asynchronous
Path Type: min

Fanout         Cap        Slew       Delay        Time   Description
---------------------------------------------------------------------------------------------
                      0.150000    0.000000    0.000000   clock clk_10mhz (rise edge)
                                  0.000000    0.000000   clock network delay (ideal)
                      0.150000    0.000000    0.000000 ^ _1495_/CLK (sky130_fd_sc_hd__dfrtp_2)
     2    0.034902    0.291560    0.914122    0.914122 ^ _1495_/Q (sky130_fd_sc_hd__dfrtp_2)
                                                         pwr_ctrl (net)
                      0.291560    0.000000    0.914122 ^ _0807_/B (sky130_fd_sc_hd__and2_2)
    54    0.176210    1.395478    1.318791    2.232913 ^ _0807_/X (sky130_fd_sc_hd__and2_2)
                                                         u_max30102_ctrl.rst_n (net)
                      1.395478    0.000000    2.232913 ^ _1558_/RESET_B (sky130_fd_sc_hd__dfrtp_2)
                                              2.232913   data arrival time

                      0.150000    0.000000    0.000000   clock clk_10mhz (rise edge)
                                  0.000000    0.000000   clock network delay (ideal)
                                  0.250000    0.250000   clock uncertainty
                                  0.000000    0.250000   clock reconvergence pessimism
                                              0.250000 ^ _1558_/CLK (sky130_fd_sc_hd__dfrtp_2)
                                  1.087409    1.337409   library removal time
                                              1.337409   data required time
---------------------------------------------------------------------------------------------
                                              1.337409   data required time
                                             -2.232913   data arrival time
---------------------------------------------------------------------------------------------
                                              0.895504   slack (MET)


Startpoint: _1495_ (rising edge-triggered flip-flop clocked by clk_10mhz)
Endpoint: _1559_ (removal check against rising-edge clock clk_10mhz)
Path Group: asynchronous
Path Type: min

Fanout         Cap        Slew       Delay        Time   Description
---------------------------------------------------------------------------------------------
                      0.150000    0.000000    0.000000   clock clk_10mhz (rise edge)
                                  0.000000    0.000000   clock network delay (ideal)
                      0.150000    0.000000    0.000000 ^ _1495_/CLK (sky130_fd_sc_hd__dfrtp_2)
     2    0.034902    0.291560    0.914122    0.914122 ^ _1495_/Q (sky130_fd_sc_hd__dfrtp_2)
                                                         pwr_ctrl (net)
                      0.291560    0.000000    0.914122 ^ _0807_/B (sky130_fd_sc_hd__and2_2)
    54    0.176210    1.395478    1.318791    2.232913 ^ _0807_/X (sky130_fd_sc_hd__and2_2)
                                                         u_max30102_ctrl.rst_n (net)
                      1.395478    0.000000    2.232913 ^ _1559_/RESET_B (sky130_fd_sc_hd__dfrtp_2)
                                              2.232913   data arrival time

                      0.150000    0.000000    0.000000   clock clk_10mhz (rise edge)
                                  0.000000    0.000000   clock network delay (ideal)
                                  0.250000    0.250000   clock uncertainty
                                  0.000000    0.250000   clock reconvergence pessimism
                                              0.250000 ^ _1559_/CLK (sky130_fd_sc_hd__dfrtp_2)
                                  1.087409    1.337409   library removal time
                                              1.337409   data required time
---------------------------------------------------------------------------------------------
                                              1.337409   data required time
                                             -2.232913   data arrival time
---------------------------------------------------------------------------------------------
                                              0.895504   slack (MET)


Startpoint: _1495_ (rising edge-triggered flip-flop clocked by clk_10mhz)
Endpoint: _1560_ (removal check against rising-edge clock clk_10mhz)
Path Group: asynchronous
Path Type: min

Fanout         Cap        Slew       Delay        Time   Description
---------------------------------------------------------------------------------------------
                      0.150000    0.000000    0.000000   clock clk_10mhz (rise edge)
                                  0.000000    0.000000   clock network delay (ideal)
                      0.150000    0.000000    0.000000 ^ _1495_/CLK (sky130_fd_sc_hd__dfrtp_2)
     2    0.034902    0.291560    0.914122    0.914122 ^ _1495_/Q (sky130_fd_sc_hd__dfrtp_2)
                                                         pwr_ctrl (net)
                      0.291560    0.000000    0.914122 ^ _0807_/B (sky130_fd_sc_hd__and2_2)
    54    0.176210    1.395478    1.318791    2.232913 ^ _0807_/X (sky130_fd_sc_hd__and2_2)
                                                         u_max30102_ctrl.rst_n (net)
                      1.395478    0.000000    2.232913 ^ _1560_/RESET_B (sky130_fd_sc_hd__dfrtp_2)
                                              2.232913   data arrival time

                      0.150000    0.000000    0.000000   clock clk_10mhz (rise edge)
                                  0.000000    0.000000   clock network delay (ideal)
                                  0.250000    0.250000   clock uncertainty
                                  0.000000    0.250000   clock reconvergence pessimism
                                              0.250000 ^ _1560_/CLK (sky130_fd_sc_hd__dfrtp_2)
                                  1.087409    1.337409   library removal time
                                              1.337409   data required time
---------------------------------------------------------------------------------------------
                                              1.337409   data required time
                                             -2.232913   data arrival time
---------------------------------------------------------------------------------------------
                                              0.895504   slack (MET)


Startpoint: _1495_ (rising edge-triggered flip-flop clocked by clk_10mhz)
Endpoint: _1582_ (removal check against rising-edge clock clk_10mhz)
Path Group: asynchronous
Path Type: min

Fanout         Cap        Slew       Delay        Time   Description
---------------------------------------------------------------------------------------------
                      0.150000    0.000000    0.000000   clock clk_10mhz (rise edge)
                                  0.000000    0.000000   clock network delay (ideal)
                      0.150000    0.000000    0.000000 ^ _1495_/CLK (sky130_fd_sc_hd__dfrtp_2)
     2    0.034902    0.291560    0.914122    0.914122 ^ _1495_/Q (sky130_fd_sc_hd__dfrtp_2)
                                                         pwr_ctrl (net)
                      0.291560    0.000000    0.914122 ^ _0807_/B (sky130_fd_sc_hd__and2_2)
    54    0.176210    1.395478    1.318791    2.232913 ^ _0807_/X (sky130_fd_sc_hd__and2_2)
                                                         u_max30102_ctrl.rst_n (net)
                      1.395478    0.000000    2.232913 ^ _1582_/RESET_B (sky130_fd_sc_hd__dfrtp_2)
                                              2.232913   data arrival time

                      0.150000    0.000000    0.000000   clock clk_10mhz (rise edge)
                                  0.000000    0.000000   clock network delay (ideal)
                                  0.250000    0.250000   clock uncertainty
                                  0.000000    0.250000   clock reconvergence pessimism
                                              0.250000 ^ _1582_/CLK (sky130_fd_sc_hd__dfrtp_2)
                                  1.087409    1.337409   library removal time
                                              1.337409   data required time
---------------------------------------------------------------------------------------------
                                              1.337409   data required time
                                             -2.232913   data arrival time
---------------------------------------------------------------------------------------------
                                              0.895504   slack (MET)


Startpoint: _1495_ (rising edge-triggered flip-flop clocked by clk_10mhz)
Endpoint: _1583_ (removal check against rising-edge clock clk_10mhz)
Path Group: asynchronous
Path Type: min

Fanout         Cap        Slew       Delay        Time   Description
---------------------------------------------------------------------------------------------
                      0.150000    0.000000    0.000000   clock clk_10mhz (rise edge)
                                  0.000000    0.000000   clock network delay (ideal)
                      0.150000    0.000000    0.000000 ^ _1495_/CLK (sky130_fd_sc_hd__dfrtp_2)
     2    0.034902    0.291560    0.914122    0.914122 ^ _1495_/Q (sky130_fd_sc_hd__dfrtp_2)
                                                         pwr_ctrl (net)
                      0.291560    0.000000    0.914122 ^ _0807_/B (sky130_fd_sc_hd__and2_2)
    54    0.176210    1.395478    1.318791    2.232913 ^ _0807_/X (sky130_fd_sc_hd__and2_2)
                                                         u_max30102_ctrl.rst_n (net)
                      1.395478    0.000000    2.232913 ^ _1583_/RESET_B (sky130_fd_sc_hd__dfrtp_2)
                                              2.232913   data arrival time

                      0.150000    0.000000    0.000000   clock clk_10mhz (rise edge)
                                  0.000000    0.000000   clock network delay (ideal)
                                  0.250000    0.250000   clock uncertainty
                                  0.000000    0.250000   clock reconvergence pessimism
                                              0.250000 ^ _1583_/CLK (sky130_fd_sc_hd__dfrtp_2)
                                  1.087409    1.337409   library removal time
                                              1.337409   data required time
---------------------------------------------------------------------------------------------
                                              1.337409   data required time
                                             -2.232913   data arrival time
---------------------------------------------------------------------------------------------
                                              0.895504   slack (MET)


Startpoint: _1495_ (rising edge-triggered flip-flop clocked by clk_10mhz)
Endpoint: _1584_ (removal check against rising-edge clock clk_10mhz)
Path Group: asynchronous
Path Type: min

Fanout         Cap        Slew       Delay        Time   Description
---------------------------------------------------------------------------------------------
                      0.150000    0.000000    0.000000   clock clk_10mhz (rise edge)
                                  0.000000    0.000000   clock network delay (ideal)
                      0.150000    0.000000    0.000000 ^ _1495_/CLK (sky130_fd_sc_hd__dfrtp_2)
     2    0.034902    0.291560    0.914122    0.914122 ^ _1495_/Q (sky130_fd_sc_hd__dfrtp_2)
                                                         pwr_ctrl (net)
                      0.291560    0.000000    0.914122 ^ _0807_/B (sky130_fd_sc_hd__and2_2)
    54    0.176210    1.395478    1.318791    2.232913 ^ _0807_/X (sky130_fd_sc_hd__and2_2)
                                                         u_max30102_ctrl.rst_n (net)
                      1.395478    0.000000    2.232913 ^ _1584_/RESET_B (sky130_fd_sc_hd__dfrtp_2)
                                              2.232913   data arrival time

                      0.150000    0.000000    0.000000   clock clk_10mhz (rise edge)
                                  0.000000    0.000000   clock network delay (ideal)
                                  0.250000    0.250000   clock uncertainty
                                  0.000000    0.250000   clock reconvergence pessimism
                                              0.250000 ^ _1584_/CLK (sky130_fd_sc_hd__dfrtp_2)
                                  1.087409    1.337409   library removal time
                                              1.337409   data required time
---------------------------------------------------------------------------------------------
                                              1.337409   data required time
                                             -2.232913   data arrival time
---------------------------------------------------------------------------------------------
                                              0.895504   slack (MET)


Startpoint: _1495_ (rising edge-triggered flip-flop clocked by clk_10mhz)
Endpoint: _1585_ (removal check against rising-edge clock clk_10mhz)
Path Group: asynchronous
Path Type: min

Fanout         Cap        Slew       Delay        Time   Description
---------------------------------------------------------------------------------------------
                      0.150000    0.000000    0.000000   clock clk_10mhz (rise edge)
                                  0.000000    0.000000   clock network delay (ideal)
                      0.150000    0.000000    0.000000 ^ _1495_/CLK (sky130_fd_sc_hd__dfrtp_2)
     2    0.034902    0.291560    0.914122    0.914122 ^ _1495_/Q (sky130_fd_sc_hd__dfrtp_2)
                                                         pwr_ctrl (net)
                      0.291560    0.000000    0.914122 ^ _0807_/B (sky130_fd_sc_hd__and2_2)
    54    0.176210    1.395478    1.318791    2.232913 ^ _0807_/X (sky130_fd_sc_hd__and2_2)
                                                         u_max30102_ctrl.rst_n (net)
                      1.395478    0.000000    2.232913 ^ _1585_/RESET_B (sky130_fd_sc_hd__dfrtp_2)
                                              2.232913   data arrival time

                      0.150000    0.000000    0.000000   clock clk_10mhz (rise edge)
                                  0.000000    0.000000   clock network delay (ideal)
                                  0.250000    0.250000   clock uncertainty
                                  0.000000    0.250000   clock reconvergence pessimism
                                              0.250000 ^ _1585_/CLK (sky130_fd_sc_hd__dfrtp_2)
                                  1.087409    1.337409   library removal time
                                              1.337409   data required time
---------------------------------------------------------------------------------------------
                                              1.337409   data required time
                                             -2.232913   data arrival time
---------------------------------------------------------------------------------------------
                                              0.895504   slack (MET)


Startpoint: _1495_ (rising edge-triggered flip-flop clocked by clk_10mhz)
Endpoint: _1586_ (removal check against rising-edge clock clk_10mhz)
Path Group: asynchronous
Path Type: min

Fanout         Cap        Slew       Delay        Time   Description
---------------------------------------------------------------------------------------------
                      0.150000    0.000000    0.000000   clock clk_10mhz (rise edge)
                                  0.000000    0.000000   clock network delay (ideal)
                      0.150000    0.000000    0.000000 ^ _1495_/CLK (sky130_fd_sc_hd__dfrtp_2)
     2    0.034902    0.291560    0.914122    0.914122 ^ _1495_/Q (sky130_fd_sc_hd__dfrtp_2)
                                                         pwr_ctrl (net)
                      0.291560    0.000000    0.914122 ^ _0807_/B (sky130_fd_sc_hd__and2_2)
    54    0.176210    1.395478    1.318791    2.232913 ^ _0807_/X (sky130_fd_sc_hd__and2_2)
                                                         u_max30102_ctrl.rst_n (net)
                      1.395478    0.000000    2.232913 ^ _1586_/RESET_B (sky130_fd_sc_hd__dfrtp_2)
                                              2.232913   data arrival time

                      0.150000    0.000000    0.000000   clock clk_10mhz (rise edge)
                                  0.000000    0.000000   clock network delay (ideal)
                                  0.250000    0.250000   clock uncertainty
                                  0.000000    0.250000   clock reconvergence pessimism
                                              0.250000 ^ _1586_/CLK (sky130_fd_sc_hd__dfrtp_2)
                                  1.087409    1.337409   library removal time
                                              1.337409   data required time
---------------------------------------------------------------------------------------------
                                              1.337409   data required time
                                             -2.232913   data arrival time
---------------------------------------------------------------------------------------------
                                              0.895504   slack (MET)


Startpoint: _1495_ (rising edge-triggered flip-flop clocked by clk_10mhz)
Endpoint: _1587_ (removal check against rising-edge clock clk_10mhz)
Path Group: asynchronous
Path Type: min

Fanout         Cap        Slew       Delay        Time   Description
---------------------------------------------------------------------------------------------
                      0.150000    0.000000    0.000000   clock clk_10mhz (rise edge)
                                  0.000000    0.000000   clock network delay (ideal)
                      0.150000    0.000000    0.000000 ^ _1495_/CLK (sky130_fd_sc_hd__dfrtp_2)
     2    0.034902    0.291560    0.914122    0.914122 ^ _1495_/Q (sky130_fd_sc_hd__dfrtp_2)
                                                         pwr_ctrl (net)
                      0.291560    0.000000    0.914122 ^ _0807_/B (sky130_fd_sc_hd__and2_2)
    54    0.176210    1.395478    1.318791    2.232913 ^ _0807_/X (sky130_fd_sc_hd__and2_2)
                                                         u_max30102_ctrl.rst_n (net)
                      1.395478    0.000000    2.232913 ^ _1587_/RESET_B (sky130_fd_sc_hd__dfrtp_2)
                                              2.232913   data arrival time

                      0.150000    0.000000    0.000000   clock clk_10mhz (rise edge)
                                  0.000000    0.000000   clock network delay (ideal)
                                  0.250000    0.250000   clock uncertainty
                                  0.000000    0.250000   clock reconvergence pessimism
                                              0.250000 ^ _1587_/CLK (sky130_fd_sc_hd__dfrtp_2)
                                  1.087409    1.337409   library removal time
                                              1.337409   data required time
---------------------------------------------------------------------------------------------
                                              1.337409   data required time
                                             -2.232913   data arrival time
---------------------------------------------------------------------------------------------
                                              0.895504   slack (MET)


Startpoint: _1495_ (rising edge-triggered flip-flop clocked by clk_10mhz)
Endpoint: _1588_ (removal check against rising-edge clock clk_10mhz)
Path Group: asynchronous
Path Type: min

Fanout         Cap        Slew       Delay        Time   Description
---------------------------------------------------------------------------------------------
                      0.150000    0.000000    0.000000   clock clk_10mhz (rise edge)
                                  0.000000    0.000000   clock network delay (ideal)
                      0.150000    0.000000    0.000000 ^ _1495_/CLK (sky130_fd_sc_hd__dfrtp_2)
     2    0.034902    0.291560    0.914122    0.914122 ^ _1495_/Q (sky130_fd_sc_hd__dfrtp_2)
                                                         pwr_ctrl (net)
                      0.291560    0.000000    0.914122 ^ _0807_/B (sky130_fd_sc_hd__and2_2)
    54    0.176210    1.395478    1.318791    2.232913 ^ _0807_/X (sky130_fd_sc_hd__and2_2)
                                                         u_max30102_ctrl.rst_n (net)
                      1.395478    0.000000    2.232913 ^ _1588_/RESET_B (sky130_fd_sc_hd__dfrtp_2)
                                              2.232913   data arrival time

                      0.150000    0.000000    0.000000   clock clk_10mhz (rise edge)
                                  0.000000    0.000000   clock network delay (ideal)
                                  0.250000    0.250000   clock uncertainty
                                  0.000000    0.250000   clock reconvergence pessimism
                                              0.250000 ^ _1588_/CLK (sky130_fd_sc_hd__dfrtp_2)
                                  1.087409    1.337409   library removal time
                                              1.337409   data required time
---------------------------------------------------------------------------------------------
                                              1.337409   data required time
                                             -2.232913   data arrival time
---------------------------------------------------------------------------------------------
                                              0.895504   slack (MET)


Startpoint: _1495_ (rising edge-triggered flip-flop clocked by clk_10mhz)
Endpoint: _1589_ (removal check against rising-edge clock clk_10mhz)
Path Group: asynchronous
Path Type: min

Fanout         Cap        Slew       Delay        Time   Description
---------------------------------------------------------------------------------------------
                      0.150000    0.000000    0.000000   clock clk_10mhz (rise edge)
                                  0.000000    0.000000   clock network delay (ideal)
                      0.150000    0.000000    0.000000 ^ _1495_/CLK (sky130_fd_sc_hd__dfrtp_2)
     2    0.034902    0.291560    0.914122    0.914122 ^ _1495_/Q (sky130_fd_sc_hd__dfrtp_2)
                                                         pwr_ctrl (net)
                      0.291560    0.000000    0.914122 ^ _0807_/B (sky130_fd_sc_hd__and2_2)
    54    0.176210    1.395478    1.318791    2.232913 ^ _0807_/X (sky130_fd_sc_hd__and2_2)
                                                         u_max30102_ctrl.rst_n (net)
                      1.395478    0.000000    2.232913 ^ _1589_/RESET_B (sky130_fd_sc_hd__dfrtp_2)
                                              2.232913   data arrival time

                      0.150000    0.000000    0.000000   clock clk_10mhz (rise edge)
                                  0.000000    0.000000   clock network delay (ideal)
                                  0.250000    0.250000   clock uncertainty
                                  0.000000    0.250000   clock reconvergence pessimism
                                              0.250000 ^ _1589_/CLK (sky130_fd_sc_hd__dfrtp_2)
                                  1.087409    1.337409   library removal time
                                              1.337409   data required time
---------------------------------------------------------------------------------------------
                                              1.337409   data required time
                                             -2.232913   data arrival time
---------------------------------------------------------------------------------------------
                                              0.895504   slack (MET)


Startpoint: _1495_ (rising edge-triggered flip-flop clocked by clk_10mhz)
Endpoint: _1590_ (removal check against rising-edge clock clk_10mhz)
Path Group: asynchronous
Path Type: min

Fanout         Cap        Slew       Delay        Time   Description
---------------------------------------------------------------------------------------------
                      0.150000    0.000000    0.000000   clock clk_10mhz (rise edge)
                                  0.000000    0.000000   clock network delay (ideal)
                      0.150000    0.000000    0.000000 ^ _1495_/CLK (sky130_fd_sc_hd__dfrtp_2)
     2    0.034902    0.291560    0.914122    0.914122 ^ _1495_/Q (sky130_fd_sc_hd__dfrtp_2)
                                                         pwr_ctrl (net)
                      0.291560    0.000000    0.914122 ^ _0807_/B (sky130_fd_sc_hd__and2_2)
    54    0.176210    1.395478    1.318791    2.232913 ^ _0807_/X (sky130_fd_sc_hd__and2_2)
                                                         u_max30102_ctrl.rst_n (net)
                      1.395478    0.000000    2.232913 ^ _1590_/RESET_B (sky130_fd_sc_hd__dfrtp_2)
                                              2.232913   data arrival time

                      0.150000    0.000000    0.000000   clock clk_10mhz (rise edge)
                                  0.000000    0.000000   clock network delay (ideal)
                                  0.250000    0.250000   clock uncertainty
                                  0.000000    0.250000   clock reconvergence pessimism
                                              0.250000 ^ _1590_/CLK (sky130_fd_sc_hd__dfrtp_2)
                                  1.087409    1.337409   library removal time
                                              1.337409   data required time
---------------------------------------------------------------------------------------------
                                              1.337409   data required time
                                             -2.232913   data arrival time
---------------------------------------------------------------------------------------------
                                              0.895504   slack (MET)


Startpoint: _1495_ (rising edge-triggered flip-flop clocked by clk_10mhz)
Endpoint: _1591_ (removal check against rising-edge clock clk_10mhz)
Path Group: asynchronous
Path Type: min

Fanout         Cap        Slew       Delay        Time   Description
---------------------------------------------------------------------------------------------
                      0.150000    0.000000    0.000000   clock clk_10mhz (rise edge)
                                  0.000000    0.000000   clock network delay (ideal)
                      0.150000    0.000000    0.000000 ^ _1495_/CLK (sky130_fd_sc_hd__dfrtp_2)
     2    0.034902    0.291560    0.914122    0.914122 ^ _1495_/Q (sky130_fd_sc_hd__dfrtp_2)
                                                         pwr_ctrl (net)
                      0.291560    0.000000    0.914122 ^ _0807_/B (sky130_fd_sc_hd__and2_2)
    54    0.176210    1.395478    1.318791    2.232913 ^ _0807_/X (sky130_fd_sc_hd__and2_2)
                                                         u_max30102_ctrl.rst_n (net)
                      1.395478    0.000000    2.232913 ^ _1591_/RESET_B (sky130_fd_sc_hd__dfrtp_2)
                                              2.232913   data arrival time

                      0.150000    0.000000    0.000000   clock clk_10mhz (rise edge)
                                  0.000000    0.000000   clock network delay (ideal)
                                  0.250000    0.250000   clock uncertainty
                                  0.000000    0.250000   clock reconvergence pessimism
                                              0.250000 ^ _1591_/CLK (sky130_fd_sc_hd__dfrtp_2)
                                  1.087409    1.337409   library removal time
                                              1.337409   data required time
---------------------------------------------------------------------------------------------
                                              1.337409   data required time
                                             -2.232913   data arrival time
---------------------------------------------------------------------------------------------
                                              0.895504   slack (MET)


Startpoint: _1495_ (rising edge-triggered flip-flop clocked by clk_10mhz)
Endpoint: _1592_ (removal check against rising-edge clock clk_10mhz)
Path Group: asynchronous
Path Type: min

Fanout         Cap        Slew       Delay        Time   Description
---------------------------------------------------------------------------------------------
                      0.150000    0.000000    0.000000   clock clk_10mhz (rise edge)
                                  0.000000    0.000000   clock network delay (ideal)
                      0.150000    0.000000    0.000000 ^ _1495_/CLK (sky130_fd_sc_hd__dfrtp_2)
     2    0.034902    0.291560    0.914122    0.914122 ^ _1495_/Q (sky130_fd_sc_hd__dfrtp_2)
                                                         pwr_ctrl (net)
                      0.291560    0.000000    0.914122 ^ _0807_/B (sky130_fd_sc_hd__and2_2)
    54    0.176210    1.395478    1.318791    2.232913 ^ _0807_/X (sky130_fd_sc_hd__and2_2)
                                                         u_max30102_ctrl.rst_n (net)
                      1.395478    0.000000    2.232913 ^ _1592_/RESET_B (sky130_fd_sc_hd__dfrtp_2)
                                              2.232913   data arrival time

                      0.150000    0.000000    0.000000   clock clk_10mhz (rise edge)
                                  0.000000    0.000000   clock network delay (ideal)
                                  0.250000    0.250000   clock uncertainty
                                  0.000000    0.250000   clock reconvergence pessimism
                                              0.250000 ^ _1592_/CLK (sky130_fd_sc_hd__dfrtp_2)
                                  1.087409    1.337409   library removal time
                                              1.337409   data required time
---------------------------------------------------------------------------------------------
                                              1.337409   data required time
                                             -2.232913   data arrival time
---------------------------------------------------------------------------------------------
                                              0.895504   slack (MET)


Startpoint: _1495_ (rising edge-triggered flip-flop clocked by clk_10mhz)
Endpoint: _1593_ (removal check against rising-edge clock clk_10mhz)
Path Group: asynchronous
Path Type: min

Fanout         Cap        Slew       Delay        Time   Description
---------------------------------------------------------------------------------------------
                      0.150000    0.000000    0.000000   clock clk_10mhz (rise edge)
                                  0.000000    0.000000   clock network delay (ideal)
                      0.150000    0.000000    0.000000 ^ _1495_/CLK (sky130_fd_sc_hd__dfrtp_2)
     2    0.034902    0.291560    0.914122    0.914122 ^ _1495_/Q (sky130_fd_sc_hd__dfrtp_2)
                                                         pwr_ctrl (net)
                      0.291560    0.000000    0.914122 ^ _0807_/B (sky130_fd_sc_hd__and2_2)
    54    0.176210    1.395478    1.318791    2.232913 ^ _0807_/X (sky130_fd_sc_hd__and2_2)
                                                         u_max30102_ctrl.rst_n (net)
                      1.395478    0.000000    2.232913 ^ _1593_/RESET_B (sky130_fd_sc_hd__dfrtp_2)
                                              2.232913   data arrival time

                      0.150000    0.000000    0.000000   clock clk_10mhz (rise edge)
                                  0.000000    0.000000   clock network delay (ideal)
                                  0.250000    0.250000   clock uncertainty
                                  0.000000    0.250000   clock reconvergence pessimism
                                              0.250000 ^ _1593_/CLK (sky130_fd_sc_hd__dfrtp_2)
                                  1.087409    1.337409   library removal time
                                              1.337409   data required time
---------------------------------------------------------------------------------------------
                                              1.337409   data required time
                                             -2.232913   data arrival time
---------------------------------------------------------------------------------------------
                                              0.895504   slack (MET)


Startpoint: _1495_ (rising edge-triggered flip-flop clocked by clk_10mhz)
Endpoint: _1594_ (removal check against rising-edge clock clk_10mhz)
Path Group: asynchronous
Path Type: min

Fanout         Cap        Slew       Delay        Time   Description
---------------------------------------------------------------------------------------------
                      0.150000    0.000000    0.000000   clock clk_10mhz (rise edge)
                                  0.000000    0.000000   clock network delay (ideal)
                      0.150000    0.000000    0.000000 ^ _1495_/CLK (sky130_fd_sc_hd__dfrtp_2)
     2    0.034902    0.291560    0.914122    0.914122 ^ _1495_/Q (sky130_fd_sc_hd__dfrtp_2)
                                                         pwr_ctrl (net)
                      0.291560    0.000000    0.914122 ^ _0807_/B (sky130_fd_sc_hd__and2_2)
    54    0.176210    1.395478    1.318791    2.232913 ^ _0807_/X (sky130_fd_sc_hd__and2_2)
                                                         u_max30102_ctrl.rst_n (net)
                      1.395478    0.000000    2.232913 ^ _1594_/RESET_B (sky130_fd_sc_hd__dfrtp_2)
                                              2.232913   data arrival time

                      0.150000    0.000000    0.000000   clock clk_10mhz (rise edge)
                                  0.000000    0.000000   clock network delay (ideal)
                                  0.250000    0.250000   clock uncertainty
                                  0.000000    0.250000   clock reconvergence pessimism
                                              0.250000 ^ _1594_/CLK (sky130_fd_sc_hd__dfrtp_2)
                                  1.087409    1.337409   library removal time
                                              1.337409   data required time
---------------------------------------------------------------------------------------------
                                              1.337409   data required time
                                             -2.232913   data arrival time
---------------------------------------------------------------------------------------------
                                              0.895504   slack (MET)


Startpoint: _1513_ (rising edge-triggered flip-flop clocked by clk_10mhz)
Endpoint: _1513_ (rising edge-triggered flip-flop clocked by clk_10mhz)
Path Group: clk_10mhz
Path Type: min

Fanout         Cap        Slew       Delay        Time   Description
---------------------------------------------------------------------------------------------
                      0.150000    0.000000    0.000000   clock clk_10mhz (rise edge)
                                  0.000000    0.000000   clock network delay (ideal)
                      0.150000    0.000000    0.000000 ^ _1513_/CLK (sky130_fd_sc_hd__dfrtp_2)
     7    0.018676    0.180448    0.827160    0.827160 ^ _1513_/Q (sky130_fd_sc_hd__dfrtp_2)
                                                         u_srf_ctrl.timer[17] (net)
                      0.180448    0.000000    0.827160 ^ _0916_/B2 (sky130_fd_sc_hd__a32o_2)
     1    0.001853    0.066940    0.255900    1.083060 ^ _0916_/X (sky130_fd_sc_hd__a32o_2)
                                                         _0039_ (net)
                      0.066940    0.000000    1.083060 ^ _1513_/D (sky130_fd_sc_hd__dfrtp_2)
                                              1.083060   data arrival time

                      0.150000    0.000000    0.000000   clock clk_10mhz (rise edge)
                                  0.000000    0.000000   clock network delay (ideal)
                                  0.250000    0.250000   clock uncertainty
                                  0.000000    0.250000   clock reconvergence pessimism
                                              0.250000 ^ _1513_/CLK (sky130_fd_sc_hd__dfrtp_2)
                                 -0.063076    0.186924   library hold time
                                              0.186924   data required time
---------------------------------------------------------------------------------------------
                                              0.186924   data required time
                                             -1.083060   data arrival time
---------------------------------------------------------------------------------------------
                                              0.896136   slack (MET)


Startpoint: _1755_ (rising edge-triggered flip-flop clocked by clk_10mhz)
Endpoint: _1755_ (rising edge-triggered flip-flop clocked by clk_10mhz)
Path Group: clk_10mhz
Path Type: min

Fanout         Cap        Slew       Delay        Time   Description
---------------------------------------------------------------------------------------------
                      0.150000    0.000000    0.000000   clock clk_10mhz (rise edge)
                                  0.000000    0.000000   clock network delay (ideal)
                      0.150000    0.000000    0.000000 ^ _1755_/CLK (sky130_fd_sc_hd__dfrtp_2)
     7    0.017130    0.170061    0.816807    0.816807 ^ _1755_/Q (sky130_fd_sc_hd__dfrtp_2)
                                                         u_srf_ctrl.echo_counter[0] (net)
                      0.170061    0.000000    0.816807 ^ _1434_/S (sky130_fd_sc_hd__mux2_1)
     1    0.001853    0.062887    0.269168    1.085974 ^ _1434_/X (sky130_fd_sc_hd__mux2_1)
                                                         _0258_ (net)
                      0.062887    0.000000    1.085974 ^ _1755_/D (sky130_fd_sc_hd__dfrtp_2)
                                              1.085974   data arrival time

                      0.150000    0.000000    0.000000   clock clk_10mhz (rise edge)
                                  0.000000    0.000000   clock network delay (ideal)
                                  0.250000    0.250000   clock uncertainty
                                  0.000000    0.250000   clock reconvergence pessimism
                                              0.250000 ^ _1755_/CLK (sky130_fd_sc_hd__dfrtp_2)
                                 -0.062155    0.187845   library hold time
                                              0.187845   data required time
---------------------------------------------------------------------------------------------
                                              0.187845   data required time
                                             -1.085974   data arrival time
---------------------------------------------------------------------------------------------
                                              0.898130   slack (MET)


Startpoint: _1756_ (rising edge-triggered flip-flop clocked by clk_10mhz)
Endpoint: _1756_ (rising edge-triggered flip-flop clocked by clk_10mhz)
Path Group: clk_10mhz
Path Type: min

Fanout         Cap        Slew       Delay        Time   Description
---------------------------------------------------------------------------------------------
                      0.150000    0.000000    0.000000   clock clk_10mhz (rise edge)
                                  0.000000    0.000000   clock network delay (ideal)
                      0.150000    0.000000    0.000000 ^ _1756_/CLK (sky130_fd_sc_hd__dfrtp_2)
     8    0.019100    0.183351    0.829432    0.829432 ^ _1756_/Q (sky130_fd_sc_hd__dfrtp_2)
                                                         u_srf_ctrl.echo_counter[1] (net)
                      0.183351    0.000000    0.829432 ^ _1436_/B2 (sky130_fd_sc_hd__a32o_2)
     1    0.001853    0.066940    0.256966    1.086398 ^ _1436_/X (sky130_fd_sc_hd__a32o_2)
                                                         _0259_ (net)
                      0.066940    0.000000    1.086398 ^ _1756_/D (sky130_fd_sc_hd__dfrtp_2)
                                              1.086398   data arrival time

                      0.150000    0.000000    0.000000   clock clk_10mhz (rise edge)
                                  0.000000    0.000000   clock network delay (ideal)
                                  0.250000    0.250000   clock uncertainty
                                  0.000000    0.250000   clock reconvergence pessimism
                                              0.250000 ^ _1756_/CLK (sky130_fd_sc_hd__dfrtp_2)
                                 -0.063076    0.186924   library hold time
                                              0.186924   data required time
---------------------------------------------------------------------------------------------
                                              0.186924   data required time
                                             -1.086398   data arrival time
---------------------------------------------------------------------------------------------
                                              0.899474   slack (MET)


Startpoint: _1512_ (rising edge-triggered flip-flop clocked by clk_10mhz)
Endpoint: _1512_ (rising edge-triggered flip-flop clocked by clk_10mhz)
Path Group: clk_10mhz
Path Type: min

Fanout         Cap        Slew       Delay        Time   Description
---------------------------------------------------------------------------------------------
                      0.150000    0.000000    0.000000   clock clk_10mhz (rise edge)
                                  0.000000    0.000000   clock network delay (ideal)
                      0.150000    0.000000    0.000000 ^ _1512_/CLK (sky130_fd_sc_hd__dfrtp_2)
     6    0.013966    0.148851    0.795140    0.795140 ^ _1512_/Q (sky130_fd_sc_hd__dfrtp_2)
                                                         u_srf_ctrl.timer[16] (net)
                      0.148851    0.000000    0.795140 ^ _0913_/A1 (sky130_fd_sc_hd__a22o_2)
     1    0.001853    0.055325    0.297547    1.092687 ^ _0913_/X (sky130_fd_sc_hd__a22o_2)
                                                         _0038_ (net)
                      0.055325    0.000000    1.092687 ^ _1512_/D (sky130_fd_sc_hd__dfrtp_2)
                                              1.092687   data arrival time

                      0.150000    0.000000    0.000000   clock clk_10mhz (rise edge)
                                  0.000000    0.000000   clock network delay (ideal)
                                  0.250000    0.250000   clock uncertainty
                                  0.000000    0.250000   clock reconvergence pessimism
                                              0.250000 ^ _1512_/CLK (sky130_fd_sc_hd__dfrtp_2)
                                 -0.060437    0.189563   library hold time
                                              0.189563   data required time
---------------------------------------------------------------------------------------------
                                              0.189563   data required time
                                             -1.092687   data arrival time
---------------------------------------------------------------------------------------------
                                              0.903124   slack (MET)


Startpoint: _1521_ (rising edge-triggered flip-flop clocked by clk_10mhz)
Endpoint: _1521_ (rising edge-triggered flip-flop clocked by clk_10mhz)
Path Group: clk_10mhz
Path Type: min

Fanout         Cap        Slew       Delay        Time   Description
---------------------------------------------------------------------------------------------
                      0.150000    0.000000    0.000000   clock clk_10mhz (rise edge)
                                  0.000000    0.000000   clock network delay (ideal)
                      0.150000    0.000000    0.000000 ^ _1521_/CLK (sky130_fd_sc_hd__dfrtp_2)
     7    0.019689    0.187385    0.832589    0.832589 ^ _1521_/Q (sky130_fd_sc_hd__dfrtp_2)
                                                         u_packet_assembler.timer[1] (net)
                      0.187385    0.000000    0.832589 ^ _1004_/B2 (sky130_fd_sc_hd__a32o_2)
     1    0.001853    0.066941    0.258445    1.091034 ^ _1004_/X (sky130_fd_sc_hd__a32o_2)
                                                         _0046_ (net)
                      0.066941    0.000000    1.091034 ^ _1521_/D (sky130_fd_sc_hd__dfrtp_2)
                                              1.091034   data arrival time

                      0.150000    0.000000    0.000000   clock clk_10mhz (rise edge)
                                  0.000000    0.000000   clock network delay (ideal)
                                  0.250000    0.250000   clock uncertainty
                                  0.000000    0.250000   clock reconvergence pessimism
                                              0.250000 ^ _1521_/CLK (sky130_fd_sc_hd__dfrtp_2)
                                 -0.063076    0.186924   library hold time
                                              0.186924   data required time
---------------------------------------------------------------------------------------------
                                              0.186924   data required time
                                             -1.091034   data arrival time
---------------------------------------------------------------------------------------------
                                              0.904110   slack (MET)


Startpoint: _1509_ (rising edge-triggered flip-flop clocked by clk_10mhz)
Endpoint: _1509_ (rising edge-triggered flip-flop clocked by clk_10mhz)
Path Group: clk_10mhz
Path Type: min

Fanout         Cap        Slew       Delay        Time   Description
---------------------------------------------------------------------------------------------
                      0.150000    0.000000    0.000000   clock clk_10mhz (rise edge)
                                  0.000000    0.000000   clock network delay (ideal)
                      0.150000    0.000000    0.000000 ^ _1509_/CLK (sky130_fd_sc_hd__dfrtp_2)
     8    0.020139    0.190466    0.835000    0.835000 ^ _1509_/Q (sky130_fd_sc_hd__dfrtp_2)
                                                         u_srf_ctrl.timer[13] (net)
                      0.190466    0.000000    0.835000 ^ _0902_/B2 (sky130_fd_sc_hd__a32o_2)
     1    0.001853    0.066941    0.259576    1.094576 ^ _0902_/X (sky130_fd_sc_hd__a32o_2)
                                                         _0035_ (net)
                      0.066941    0.000000    1.094576 ^ _1509_/D (sky130_fd_sc_hd__dfrtp_2)
                                              1.094576   data arrival time

                      0.150000    0.000000    0.000000   clock clk_10mhz (rise edge)
                                  0.000000    0.000000   clock network delay (ideal)
                                  0.250000    0.250000   clock uncertainty
                                  0.000000    0.250000   clock reconvergence pessimism
                                              0.250000 ^ _1509_/CLK (sky130_fd_sc_hd__dfrtp_2)
                                 -0.063076    0.186924   library hold time
                                              0.186924   data required time
---------------------------------------------------------------------------------------------
                                              0.186924   data required time
                                             -1.094576   data arrival time
---------------------------------------------------------------------------------------------
                                              0.907653   slack (MET)


Startpoint: _1772_ (rising edge-triggered flip-flop clocked by clk_10mhz)
Endpoint: _1772_ (rising edge-triggered flip-flop clocked by clk_10mhz)
Path Group: clk_10mhz
Path Type: min

Fanout         Cap        Slew       Delay        Time   Description
---------------------------------------------------------------------------------------------
                      0.150000    0.000000    0.000000   clock clk_10mhz (rise edge)
                                  0.000000    0.000000   clock network delay (ideal)
                      0.150000    0.000000    0.000000 ^ _1772_/CLK (sky130_fd_sc_hd__dfrtp_2)
     6    0.016682    0.167058    0.813739    0.813739 ^ _1772_/Q (sky130_fd_sc_hd__dfrtp_2)
                                                         u_uart.bit_index[0] (net)
                      0.167058    0.000000    0.813739 ^ _1485_/A1 (sky130_fd_sc_hd__o21ba_2)
     1    0.001853    0.053305    0.299005    1.112744 ^ _1485_/X (sky130_fd_sc_hd__o21ba_2)
                                                         _0274_ (net)
                      0.053305    0.000000    1.112744 ^ _1772_/D (sky130_fd_sc_hd__dfrtp_2)
                                              1.112744   data arrival time

                      0.150000    0.000000    0.000000   clock clk_10mhz (rise edge)
                                  0.000000    0.000000   clock network delay (ideal)
                                  0.250000    0.250000   clock uncertainty
                                  0.000000    0.250000   clock reconvergence pessimism
                                              0.250000 ^ _1772_/CLK (sky130_fd_sc_hd__dfrtp_2)
                                 -0.059978    0.190022   library hold time
                                              0.190022   data required time
---------------------------------------------------------------------------------------------
                                              0.190022   data required time
                                             -1.112744   data arrival time
---------------------------------------------------------------------------------------------
                                              0.922722   slack (MET)


Startpoint: _1520_ (rising edge-triggered flip-flop clocked by clk_10mhz)
Endpoint: _1520_ (rising edge-triggered flip-flop clocked by clk_10mhz)
Path Group: clk_10mhz
Path Type: min

Fanout         Cap        Slew       Delay        Time   Description
---------------------------------------------------------------------------------------------
                      0.150000    0.000000    0.000000   clock clk_10mhz (rise edge)
                                  0.000000    0.000000   clock network delay (ideal)
                      0.150000    0.000000    0.000000 ^ _1520_/CLK (sky130_fd_sc_hd__dfrtp_2)
     7    0.020554    0.193308    0.837225    0.837225 ^ _1520_/Q (sky130_fd_sc_hd__dfrtp_2)
                                                         u_packet_assembler.timer[0] (net)
                      0.193308    0.000000    0.837225 ^ _1001_/S (sky130_fd_sc_hd__mux2_1)
     1    0.001853    0.062867    0.278003    1.115228 ^ _1001_/X (sky130_fd_sc_hd__mux2_1)
                                                         _0045_ (net)
                      0.062867    0.000000    1.115228 ^ _1520_/D (sky130_fd_sc_hd__dfrtp_2)
                                              1.115228   data arrival time

                      0.150000    0.000000    0.000000   clock clk_10mhz (rise edge)
                                  0.000000    0.000000   clock network delay (ideal)
                                  0.250000    0.250000   clock uncertainty
                                  0.000000    0.250000   clock reconvergence pessimism
                                              0.250000 ^ _1520_/CLK (sky130_fd_sc_hd__dfrtp_2)
                                 -0.062151    0.187849   library hold time
                                              0.187849   data required time
---------------------------------------------------------------------------------------------
                                              0.187849   data required time
                                             -1.115228   data arrival time
---------------------------------------------------------------------------------------------
                                              0.927378   slack (MET)


Startpoint: _1592_ (rising edge-triggered flip-flop clocked by clk_10mhz)
Endpoint: _1592_ (rising edge-triggered flip-flop clocked by clk_10mhz)
Path Group: clk_10mhz
Path Type: min

Fanout         Cap        Slew       Delay        Time   Description
---------------------------------------------------------------------------------------------
                      0.150000    0.000000    0.000000   clock clk_10mhz (rise edge)
                                  0.000000    0.000000   clock network delay (ideal)
                      0.150000    0.000000    0.000000 ^ _1592_/CLK (sky130_fd_sc_hd__dfrtp_2)
     8    0.023556    0.213865    0.853314    0.853314 ^ _1592_/Q (sky130_fd_sc_hd__dfrtp_2)
                                                         u_packet_assembler.state[1] (net)
                      0.213865    0.000000    0.853314 ^ _1110_/B2 (sky130_fd_sc_hd__a32o_2)
     1    0.001853    0.066763    0.268160    1.121474 ^ _1110_/X (sky130_fd_sc_hd__a32o_2)
                                                         _0095_ (net)
                      0.066763    0.000000    1.121474 ^ _1592_/D (sky130_fd_sc_hd__dfrtp_2)
                                              1.121474   data arrival time

                      0.150000    0.000000    0.000000   clock clk_10mhz (rise edge)
                                  0.000000    0.000000   clock network delay (ideal)
                                  0.250000    0.250000   clock uncertainty
                                  0.000000    0.250000   clock reconvergence pessimism
                                              0.250000 ^ _1592_/CLK (sky130_fd_sc_hd__dfrtp_2)
                                 -0.063036    0.186964   library hold time
                                              0.186964   data required time
---------------------------------------------------------------------------------------------
                                              0.186964   data required time
                                             -1.121474   data arrival time
---------------------------------------------------------------------------------------------
                                              0.934510   slack (MET)


Startpoint: _1525_ (rising edge-triggered flip-flop clocked by clk_10mhz)
Endpoint: _1525_ (rising edge-triggered flip-flop clocked by clk_10mhz)
Path Group: clk_10mhz
Path Type: min

Fanout         Cap        Slew       Delay        Time   Description
---------------------------------------------------------------------------------------------
                      0.150000    0.000000    0.000000   clock clk_10mhz (rise edge)
                                  0.000000    0.000000   clock network delay (ideal)
                      0.150000    0.000000    0.000000 ^ _1525_/CLK (sky130_fd_sc_hd__dfrtp_2)
     5    0.017987    0.175806    0.822675    0.822675 ^ _1525_/Q (sky130_fd_sc_hd__dfrtp_2)
                                                         u_packet_assembler.timer[5] (net)
                      0.175806    0.000000    0.822675 ^ _1016_/A1 (sky130_fd_sc_hd__a22o_2)
     1    0.001853    0.055261    0.309093    1.131768 ^ _1016_/X (sky130_fd_sc_hd__a22o_2)
                                                         _0050_ (net)
                      0.055261    0.000000    1.131768 ^ _1525_/D (sky130_fd_sc_hd__dfrtp_2)
                                              1.131768   data arrival time

                      0.150000    0.000000    0.000000   clock clk_10mhz (rise edge)
                                  0.000000    0.000000   clock network delay (ideal)
                                  0.250000    0.250000   clock uncertainty
                                  0.000000    0.250000   clock reconvergence pessimism
                                              0.250000 ^ _1525_/CLK (sky130_fd_sc_hd__dfrtp_2)
                                 -0.060422    0.189578   library hold time
                                              0.189578   data required time
---------------------------------------------------------------------------------------------
                                              0.189578   data required time
                                             -1.131768   data arrival time
---------------------------------------------------------------------------------------------
                                              0.942191   slack (MET)


Startpoint: _1761_ (rising edge-triggered flip-flop clocked by clk_10mhz)
Endpoint: _1761_ (rising edge-triggered flip-flop clocked by clk_10mhz)
Path Group: clk_10mhz
Path Type: min

Fanout         Cap        Slew       Delay        Time   Description
---------------------------------------------------------------------------------------------
                      0.150000    0.000000    0.000000   clock clk_10mhz (rise edge)
                                  0.000000    0.000000   clock network delay (ideal)
                      0.150000    0.000000    0.000000 ^ _1761_/CLK (sky130_fd_sc_hd__dfrtp_2)
     8    0.024930    0.223274    0.860678    0.860678 ^ _1761_/Q (sky130_fd_sc_hd__dfrtp_2)
                                                         u_srf_ctrl.echo_counter[6] (net)
                      0.223274    0.000000    0.860678 ^ _1454_/B2 (sky130_fd_sc_hd__a32o_2)
     1    0.001853    0.066945    0.271612    1.132290 ^ _1454_/X (sky130_fd_sc_hd__a32o_2)
                                                         _0264_ (net)
                      0.066945    0.000000    1.132290 ^ _1761_/D (sky130_fd_sc_hd__dfrtp_2)
                                              1.132290   data arrival time

                      0.150000    0.000000    0.000000   clock clk_10mhz (rise edge)
                                  0.000000    0.000000   clock network delay (ideal)
                                  0.250000    0.250000   clock uncertainty
                                  0.000000    0.250000   clock reconvergence pessimism
                                              0.250000 ^ _1761_/CLK (sky130_fd_sc_hd__dfrtp_2)
                                 -0.063077    0.186923   library hold time
                                              0.186923   data required time
---------------------------------------------------------------------------------------------
                                              0.186923   data required time
                                             -1.132290   data arrival time
---------------------------------------------------------------------------------------------
                                              0.945367   slack (MET)


Startpoint: _1551_ (rising edge-triggered flip-flop clocked by clk_10mhz)
Endpoint: _1551_ (rising edge-triggered flip-flop clocked by clk_10mhz)
Path Group: clk_10mhz
Path Type: min

Fanout         Cap        Slew       Delay        Time   Description
---------------------------------------------------------------------------------------------
                      0.150000    0.000000    0.000000   clock clk_10mhz (rise edge)
                                  0.000000    0.000000   clock network delay (ideal)
                      0.150000    0.000000    0.000000 ^ _1551_/CLK (sky130_fd_sc_hd__dfrtp_2)
     3    0.005346    0.090880    0.735453    0.735453 ^ _1551_/Q (sky130_fd_sc_hd__dfrtp_2)
                                                         u_max30102_ctrl.clk_div[6] (net)
                      0.090880    0.000000    0.735453 ^ _0827_/B1 (sky130_fd_sc_hd__a31o_2)
     1    0.001604    0.046478    0.162176    0.897629 ^ _0827_/X (sky130_fd_sc_hd__a31o_2)
                                                         _0533_ (net)
                      0.046478    0.000000    0.897629 ^ _0828_/B (sky130_fd_sc_hd__and2b_2)
     1    0.001853    0.057673    0.244147    1.141776 ^ _0828_/X (sky130_fd_sc_hd__and2b_2)
                                                         _0017_ (net)
                      0.057673    0.000000    1.141776 ^ _1551_/D (sky130_fd_sc_hd__dfrtp_2)
                                              1.141776   data arrival time

                      0.150000    0.000000    0.000000   clock clk_10mhz (rise edge)
                                  0.000000    0.000000   clock network delay (ideal)
                                  0.250000    0.250000   clock uncertainty
                                  0.000000    0.250000   clock reconvergence pessimism
                                              0.250000 ^ _1551_/CLK (sky130_fd_sc_hd__dfrtp_2)
                                 -0.060971    0.189029   library hold time
                                              0.189029   data required time
---------------------------------------------------------------------------------------------
                                              0.189029   data required time
                                             -1.141776   data arrival time
---------------------------------------------------------------------------------------------
                                              0.952747   slack (MET)


Startpoint: _1501_ (rising edge-triggered flip-flop clocked by clk_10mhz)
Endpoint: _1501_ (rising edge-triggered flip-flop clocked by clk_10mhz)
Path Group: clk_10mhz
Path Type: min

Fanout         Cap        Slew       Delay        Time   Description
---------------------------------------------------------------------------------------------
                      0.150000    0.000000    0.000000   clock clk_10mhz (rise edge)
                                  0.000000    0.000000   clock network delay (ideal)
                      0.150000    0.000000    0.000000 ^ _1501_/CLK (sky130_fd_sc_hd__dfrtp_2)
     6    0.019340    0.184995    0.830718    0.830718 ^ _1501_/Q (sky130_fd_sc_hd__dfrtp_2)
                                                         u_srf_ctrl.timer[5] (net)
                      0.184995    0.000000    0.830718 ^ _0877_/A1 (sky130_fd_sc_hd__a22o_2)
     1    0.001853    0.055239    0.313029    1.143747 ^ _0877_/X (sky130_fd_sc_hd__a22o_2)
                                                         _0027_ (net)
                      0.055239    0.000000    1.143747 ^ _1501_/D (sky130_fd_sc_hd__dfrtp_2)
                                              1.143747   data arrival time

                      0.150000    0.000000    0.000000   clock clk_10mhz (rise edge)
                                  0.000000    0.000000   clock network delay (ideal)
                                  0.250000    0.250000   clock uncertainty
                                  0.000000    0.250000   clock reconvergence pessimism
                                              0.250000 ^ _1501_/CLK (sky130_fd_sc_hd__dfrtp_2)
                                 -0.060417    0.189583   library hold time
                                              0.189583   data required time
---------------------------------------------------------------------------------------------
                                              0.189583   data required time
                                             -1.143747   data arrival time
---------------------------------------------------------------------------------------------
                                              0.954164   slack (MET)


Startpoint: _1760_ (rising edge-triggered flip-flop clocked by clk_10mhz)
Endpoint: _1760_ (rising edge-triggered flip-flop clocked by clk_10mhz)
Path Group: clk_10mhz
Path Type: min

Fanout         Cap        Slew       Delay        Time   Description
---------------------------------------------------------------------------------------------
                      0.150000    0.000000    0.000000   clock clk_10mhz (rise edge)
                                  0.000000    0.000000   clock network delay (ideal)
                      0.150000    0.000000    0.000000 ^ _1760_/CLK (sky130_fd_sc_hd__dfrtp_2)
     8    0.026146    0.231601    0.867195    0.867195 ^ _1760_/Q (sky130_fd_sc_hd__dfrtp_2)
                                                         u_srf_ctrl.echo_counter[5] (net)
                      0.231601    0.000000    0.867195 ^ _1450_/B2 (sky130_fd_sc_hd__a32o_2)
     1    0.001853    0.067128    0.274203    1.141398 ^ _1450_/X (sky130_fd_sc_hd__a32o_2)
                                                         _0263_ (net)
                      0.067128    0.000000    1.141398 ^ _1760_/D (sky130_fd_sc_hd__dfrtp_2)
                                              1.141398   data arrival time

                      0.150000    0.000000    0.000000   clock clk_10mhz (rise edge)
                                  0.000000    0.000000   clock network delay (ideal)
                                  0.250000    0.250000   clock uncertainty
                                  0.000000    0.250000   clock reconvergence pessimism
                                              0.250000 ^ _1760_/CLK (sky130_fd_sc_hd__dfrtp_2)
                                 -0.063119    0.186881   library hold time
                                              0.186881   data required time
---------------------------------------------------------------------------------------------
                                              0.186881   data required time
                                             -1.141398   data arrival time
---------------------------------------------------------------------------------------------
                                              0.954516   slack (MET)


Startpoint: _1504_ (rising edge-triggered flip-flop clocked by clk_10mhz)
Endpoint: _1504_ (rising edge-triggered flip-flop clocked by clk_10mhz)
Path Group: clk_10mhz
Path Type: min

Fanout         Cap        Slew       Delay        Time   Description
---------------------------------------------------------------------------------------------
                      0.150000    0.000000    0.000000   clock clk_10mhz (rise edge)
                                  0.000000    0.000000   clock network delay (ideal)
                      0.150000    0.000000    0.000000 ^ _1504_/CLK (sky130_fd_sc_hd__dfrtp_2)
     6    0.019459    0.185810    0.831356    0.831356 ^ _1504_/Q (sky130_fd_sc_hd__dfrtp_2)
                                                         u_srf_ctrl.timer[8] (net)
                      0.185810    0.000000    0.831356 ^ _0886_/A1 (sky130_fd_sc_hd__a22o_2)
     1    0.001853    0.055237    0.313378    1.144734 ^ _0886_/X (sky130_fd_sc_hd__a22o_2)
                                                         _0030_ (net)
                      0.055237    0.000000    1.144734 ^ _1504_/D (sky130_fd_sc_hd__dfrtp_2)
                                              1.144734   data arrival time

                      0.150000    0.000000    0.000000   clock clk_10mhz (rise edge)
                                  0.000000    0.000000   clock network delay (ideal)
                                  0.250000    0.250000   clock uncertainty
                                  0.000000    0.250000   clock reconvergence pessimism
                                              0.250000 ^ _1504_/CLK (sky130_fd_sc_hd__dfrtp_2)
                                 -0.060417    0.189583   library hold time
                                              0.189583   data required time
---------------------------------------------------------------------------------------------
                                              0.189583   data required time
                                             -1.144734   data arrival time
---------------------------------------------------------------------------------------------
                                              0.955151   slack (MET)


Startpoint: _1544_ (rising edge-triggered flip-flop clocked by clk_10mhz)
Endpoint: _1578_ (rising edge-triggered flip-flop clocked by clk_10mhz)
Path Group: clk_10mhz
Path Type: min

Fanout         Cap        Slew       Delay        Time   Description
---------------------------------------------------------------------------------------------
                      0.150000    0.000000    0.000000   clock clk_10mhz (rise edge)
                                  0.000000    0.000000   clock network delay (ideal)
                      0.150000    0.000000    0.000000 ^ _1544_/CLK (sky130_fd_sc_hd__dfrtp_2)
     2    0.007902    0.108199    0.753614    0.753614 ^ _1544_/Q (sky130_fd_sc_hd__dfrtp_2)
                                                         u_srf_ctrl.echo_sync_1 (net)
                      0.108199    0.000000    0.753614 ^ _0796_/S (sky130_fd_sc_hd__mux2_1)
     2    0.006151    0.117199    0.295521    1.049135 ^ _0796_/X (sky130_fd_sc_hd__mux2_1)
                                                         _0511_ (net)
                      0.117199    0.000000    1.049135 ^ _0806_/A2 (sky130_fd_sc_hd__o21ai_2)
     1    0.001838    0.041381    0.101606    1.150741 v _0806_/Y (sky130_fd_sc_hd__o21ai_2)
                                                         _0001_ (net)
                      0.041381    0.000000    1.150741 v _1578_/D (sky130_fd_sc_hd__dfrtp_2)
                                              1.150741   data arrival time

                      0.150000    0.000000    0.000000   clock clk_10mhz (rise edge)
                                  0.000000    0.000000   clock network delay (ideal)
                                  0.250000    0.250000   clock uncertainty
                                  0.000000    0.250000   clock reconvergence pessimism
                                              0.250000 ^ _1578_/CLK (sky130_fd_sc_hd__dfrtp_2)
                                 -0.059775    0.190225   library hold time
                                              0.190225   data required time
---------------------------------------------------------------------------------------------
                                              0.190225   data required time
                                             -1.150741   data arrival time
---------------------------------------------------------------------------------------------
                                              0.960516   slack (MET)


Startpoint: _1579_ (rising edge-triggered flip-flop clocked by clk_10mhz)
Endpoint: _1579_ (rising edge-triggered flip-flop clocked by clk_10mhz)
Path Group: clk_10mhz
Path Type: min

Fanout         Cap        Slew       Delay        Time   Description
---------------------------------------------------------------------------------------------
                      0.150000    0.000000    0.000000   clock clk_10mhz (rise edge)
                                  0.000000    0.000000   clock network delay (ideal)
                      0.150000    0.000000    0.000000 ^ _1579_/CLK (sky130_fd_sc_hd__dfrtp_2)
     7    0.026086    0.231190    0.866873    0.866873 ^ _1579_/Q (sky130_fd_sc_hd__dfrtp_2)
                                                         u_srf_ctrl.state[2] (net)
                      0.231190    0.000000    0.866873 ^ _0804_/A1 (sky130_fd_sc_hd__a21bo_2)
     1    0.001853    0.047069    0.291042    1.157915 ^ _0804_/X (sky130_fd_sc_hd__a21bo_2)
                                                         _0002_ (net)
                      0.047069    0.000000    1.157915 ^ _1579_/D (sky130_fd_sc_hd__dfrtp_2)
                                              1.157915   data arrival time

                      0.150000    0.000000    0.000000   clock clk_10mhz (rise edge)
                                  0.000000    0.000000   clock network delay (ideal)
                                  0.250000    0.250000   clock uncertainty
                                  0.000000    0.250000   clock reconvergence pessimism
                                              0.250000 ^ _1579_/CLK (sky130_fd_sc_hd__dfrtp_2)
                                 -0.058561    0.191439   library hold time
                                              0.191439   data required time
---------------------------------------------------------------------------------------------
                                              0.191439   data required time
                                             -1.157915   data arrival time
---------------------------------------------------------------------------------------------
                                              0.966476   slack (MET)


Startpoint: _1709_ (rising edge-triggered flip-flop clocked by clk_10mhz)
Endpoint: _1709_ (rising edge-triggered flip-flop clocked by clk_10mhz)
Path Group: clk_10mhz
Path Type: min

Fanout         Cap        Slew       Delay        Time   Description
---------------------------------------------------------------------------------------------
                      0.150000    0.000000    0.000000   clock clk_10mhz (rise edge)
                                  0.000000    0.000000   clock network delay (ideal)
                      0.150000    0.000000    0.000000 ^ _1709_/CLK (sky130_fd_sc_hd__dfrtp_2)
    16    0.035388    0.294888    0.916727    0.916727 ^ _1709_/Q (sky130_fd_sc_hd__dfrtp_2)
                                                         u_fifo.rd_ptr[2] (net)
                      0.294888    0.000000    0.916727 ^ _1250_/B1 (sky130_fd_sc_hd__a21oi_2)
     1    0.004181    0.078206    0.126073    1.042800 v _1250_/Y (sky130_fd_sc_hd__a21oi_2)
                                                         _0290_ (net)
                      0.078206    0.000000    1.042800 v _1251_/B (sky130_fd_sc_hd__nor2_2)
     1    0.001853    0.086026    0.109286    1.152086 ^ _1251_/Y (sky130_fd_sc_hd__nor2_2)
                                                         _0212_ (net)
                      0.086026    0.000000    1.152086 ^ _1709_/D (sky130_fd_sc_hd__dfrtp_2)
                                              1.152086   data arrival time

                      0.150000    0.000000    0.000000   clock clk_10mhz (rise edge)
                                  0.000000    0.000000   clock network delay (ideal)
                                  0.250000    0.250000   clock uncertainty
                                  0.000000    0.250000   clock reconvergence pessimism
                                              0.250000 ^ _1709_/CLK (sky130_fd_sc_hd__dfrtp_2)
                                 -0.067413    0.182587   library hold time
                                              0.182587   data required time
---------------------------------------------------------------------------------------------
                                              0.182587   data required time
                                             -1.152086   data arrival time
---------------------------------------------------------------------------------------------
                                              0.969499   slack (MET)


Startpoint: _1712_ (rising edge-triggered flip-flop clocked by clk_10mhz)
Endpoint: _1712_ (rising edge-triggered flip-flop clocked by clk_10mhz)
Path Group: clk_10mhz
Path Type: min

Fanout         Cap        Slew       Delay        Time   Description
---------------------------------------------------------------------------------------------
                      0.150000    0.000000    0.000000   clock clk_10mhz (rise edge)
                                  0.000000    0.000000   clock network delay (ideal)
                      0.150000    0.000000    0.000000 ^ _1712_/CLK (sky130_fd_sc_hd__dfrtp_2)
    14    0.042841    0.345925    0.956671    0.956671 ^ _1712_/Q (sky130_fd_sc_hd__dfrtp_2)
                                                         u_fifo.wr_ptr[0] (net)
                      0.345925    0.000000    0.956671 ^ _1256_/A (sky130_fd_sc_hd__xor2_2)
     1    0.001838    0.049847    0.203896    1.160566 v _1256_/X (sky130_fd_sc_hd__xor2_2)
                                                         _0215_ (net)
                      0.049847    0.000000    1.160566 v _1712_/D (sky130_fd_sc_hd__dfrtp_2)
                                              1.160566   data arrival time

                      0.150000    0.000000    0.000000   clock clk_10mhz (rise edge)
                                  0.000000    0.000000   clock network delay (ideal)
                                  0.250000    0.250000   clock uncertainty
                                  0.000000    0.250000   clock reconvergence pessimism
                                              0.250000 ^ _1712_/CLK (sky130_fd_sc_hd__dfrtp_2)
                                 -0.062877    0.187123   library hold time
                                              0.187123   data required time
---------------------------------------------------------------------------------------------
                                              0.187123   data required time
                                             -1.160566   data arrival time
---------------------------------------------------------------------------------------------
                                              0.973444   slack (MET)


Startpoint: _1707_ (rising edge-triggered flip-flop clocked by clk_10mhz)
Endpoint: _1707_ (rising edge-triggered flip-flop clocked by clk_10mhz)
Path Group: clk_10mhz
Path Type: min

Fanout         Cap        Slew       Delay        Time   Description
---------------------------------------------------------------------------------------------
                      0.150000    0.000000    0.000000   clock clk_10mhz (rise edge)
                                  0.000000    0.000000   clock network delay (ideal)
                      0.150000    0.000000    0.000000 ^ _1707_/CLK (sky130_fd_sc_hd__dfrtp_2)
    16    0.033972    0.285192    0.909138    0.909138 ^ _1707_/Q (sky130_fd_sc_hd__dfrtp_2)
                                                         u_fifo.rd_ptr[0] (net)
                      0.285192    0.000000    0.909138 ^ _1246_/A (sky130_fd_sc_hd__nor2_2)
     1    0.004181    0.048238    0.148973    1.058111 v _1246_/Y (sky130_fd_sc_hd__nor2_2)
                                                         _0288_ (net)
                      0.048238    0.000000    1.058111 v _1247_/B (sky130_fd_sc_hd__nor2_2)
     1    0.001853    0.086445    0.098882    1.156993 ^ _1247_/Y (sky130_fd_sc_hd__nor2_2)
                                                         _0210_ (net)
                      0.086445    0.000000    1.156993 ^ _1707_/D (sky130_fd_sc_hd__dfrtp_2)
                                              1.156993   data arrival time

                      0.150000    0.000000    0.000000   clock clk_10mhz (rise edge)
                                  0.000000    0.000000   clock network delay (ideal)
                                  0.250000    0.250000   clock uncertainty
                                  0.000000    0.250000   clock reconvergence pessimism
                                              0.250000 ^ _1707_/CLK (sky130_fd_sc_hd__dfrtp_2)
                                 -0.067508    0.182492   library hold time
                                              0.182492   data required time
---------------------------------------------------------------------------------------------
                                              0.182492   data required time
                                             -1.156993   data arrival time
---------------------------------------------------------------------------------------------
                                              0.974502   slack (MET)


Startpoint: _1594_ (rising edge-triggered flip-flop clocked by clk_10mhz)
Endpoint: _1594_ (rising edge-triggered flip-flop clocked by clk_10mhz)
Path Group: clk_10mhz
Path Type: min

Fanout         Cap        Slew       Delay        Time   Description
---------------------------------------------------------------------------------------------
                      0.150000    0.000000    0.000000   clock clk_10mhz (rise edge)
                                  0.000000    0.000000   clock network delay (ideal)
                      0.150000    0.000000    0.000000 ^ _1594_/CLK (sky130_fd_sc_hd__dfrtp_2)
     8    0.021938    0.202785    0.844642    0.844642 ^ _1594_/Q (sky130_fd_sc_hd__dfrtp_2)
                                                         u_packet_assembler.state[3] (net)
                      0.202785    0.000000    0.844642 ^ _1112_/A1 (sky130_fd_sc_hd__a22o_2)
     1    0.001853    0.055196    0.320649    1.165291 ^ _1112_/X (sky130_fd_sc_hd__a22o_2)
                                                         _0097_ (net)
                      0.055196    0.000000    1.165291 ^ _1594_/D (sky130_fd_sc_hd__dfrtp_2)
                                              1.165291   data arrival time

                      0.150000    0.000000    0.000000   clock clk_10mhz (rise edge)
                                  0.000000    0.000000   clock network delay (ideal)
                                  0.250000    0.250000   clock uncertainty
                                  0.000000    0.250000   clock reconvergence pessimism
                                              0.250000 ^ _1594_/CLK (sky130_fd_sc_hd__dfrtp_2)
                                 -0.060408    0.189592   library hold time
                                              0.189592   data required time
---------------------------------------------------------------------------------------------
                                              0.189592   data required time
                                             -1.165291   data arrival time
---------------------------------------------------------------------------------------------
                                              0.975699   slack (MET)


Startpoint: _1758_ (rising edge-triggered flip-flop clocked by clk_10mhz)
Endpoint: _1758_ (rising edge-triggered flip-flop clocked by clk_10mhz)
Path Group: clk_10mhz
Path Type: min

Fanout         Cap        Slew       Delay        Time   Description
---------------------------------------------------------------------------------------------
                      0.150000    0.000000    0.000000   clock clk_10mhz (rise edge)
                                  0.000000    0.000000   clock network delay (ideal)
                      0.150000    0.000000    0.000000 ^ _1758_/CLK (sky130_fd_sc_hd__dfrtp_2)
    11    0.029815    0.256725    0.886858    0.886858 ^ _1758_/Q (sky130_fd_sc_hd__dfrtp_2)
                                                         u_srf_ctrl.echo_counter[3] (net)
                      0.256725    0.000000    0.886858 ^ _1443_/B2 (sky130_fd_sc_hd__a32o_2)
     1    0.001853    0.067703    0.281962    1.168821 ^ _1443_/X (sky130_fd_sc_hd__a32o_2)
                                                         _0261_ (net)
                      0.067703    0.000000    1.168821 ^ _1758_/D (sky130_fd_sc_hd__dfrtp_2)
                                              1.168821   data arrival time

                      0.150000    0.000000    0.000000   clock clk_10mhz (rise edge)
                                  0.000000    0.000000   clock network delay (ideal)
                                  0.250000    0.250000   clock uncertainty
                                  0.000000    0.250000   clock reconvergence pessimism
                                              0.250000 ^ _1758_/CLK (sky130_fd_sc_hd__dfrtp_2)
                                 -0.063250    0.186750   library hold time
                                              0.186750   data required time
---------------------------------------------------------------------------------------------
                                              0.186750   data required time
                                             -1.168821   data arrival time
---------------------------------------------------------------------------------------------
                                              0.982070   slack (MET)


Startpoint: _1766_ (rising edge-triggered flip-flop clocked by clk_10mhz)
Endpoint: _1766_ (rising edge-triggered flip-flop clocked by clk_10mhz)
Path Group: clk_10mhz
Path Type: min

Fanout         Cap        Slew       Delay        Time   Description
---------------------------------------------------------------------------------------------
                      0.150000    0.000000    0.000000   clock clk_10mhz (rise edge)
                                  0.000000    0.000000   clock network delay (ideal)
                      0.150000    0.000000    0.000000 ^ _1766_/CLK (sky130_fd_sc_hd__dfrtp_2)
     7    0.030007    0.258040    0.887887    0.887887 ^ _1766_/Q (sky130_fd_sc_hd__dfrtp_2)
                                                         u_srf_ctrl.echo_counter[11] (net)
                      0.258040    0.000000    0.887887 ^ _1469_/A1 (sky130_fd_sc_hd__a21o_2)
     1    0.001853    0.039624    0.289221    1.177109 ^ _1469_/X (sky130_fd_sc_hd__a21o_2)
                                                         _0269_ (net)
                      0.039624    0.000000    1.177109 ^ _1766_/D (sky130_fd_sc_hd__dfrtp_2)
                                              1.177109   data arrival time

                      0.150000    0.000000    0.000000   clock clk_10mhz (rise edge)
                                  0.000000    0.000000   clock network delay (ideal)
                                  0.250000    0.250000   clock uncertainty
                                  0.000000    0.250000   clock reconvergence pessimism
                                              0.250000 ^ _1766_/CLK (sky130_fd_sc_hd__dfrtp_2)
                                 -0.056869    0.193131   library hold time
                                              0.193131   data required time
---------------------------------------------------------------------------------------------
                                              0.193131   data required time
                                             -1.177109   data arrival time
---------------------------------------------------------------------------------------------
                                              0.983978   slack (MET)


Startpoint: _1738_ (rising edge-triggered flip-flop clocked by clk_10mhz)
Endpoint: _1587_ (rising edge-triggered flip-flop clocked by clk_10mhz)
Path Group: clk_10mhz
Path Type: min

Fanout         Cap        Slew       Delay        Time   Description
---------------------------------------------------------------------------------------------
                      0.150000    0.000000    0.000000   clock clk_10mhz (rise edge)
                                  0.000000    0.000000   clock network delay (ideal)
                      0.150000    0.000000    0.000000 ^ _1738_/CLK (sky130_fd_sc_hd__dfrtp_2)
     2    0.004398    0.083695    0.725988    0.725988 ^ _1738_/Q (sky130_fd_sc_hd__dfrtp_2)
                                                         distance_out[5] (net)
                      0.083695    0.000000    0.725988 ^ _1101_/B2 (sky130_fd_sc_hd__a32o_2)
     1    0.002476    0.072347    0.226803    0.952790 ^ _1101_/X (sky130_fd_sc_hd__a32o_2)
                                                         _0727_ (net)
                      0.072347    0.000000    0.952790 ^ _1102_/B2 (sky130_fd_sc_hd__o22a_2)
     1    0.001853    0.050569    0.224003    1.176793 ^ _1102_/X (sky130_fd_sc_hd__o22a_2)
                                                         _0091_ (net)
                      0.050569    0.000000    1.176793 ^ _1587_/D (sky130_fd_sc_hd__dfrtp_2)
                                              1.176793   data arrival time

                      0.150000    0.000000    0.000000   clock clk_10mhz (rise edge)
                                  0.000000    0.000000   clock network delay (ideal)
                                  0.250000    0.250000   clock uncertainty
                                  0.000000    0.250000   clock reconvergence pessimism
                                              0.250000 ^ _1587_/CLK (sky130_fd_sc_hd__dfrtp_2)
                                 -0.059356    0.190644   library hold time
                                              0.190644   data required time
---------------------------------------------------------------------------------------------
                                              0.190644   data required time
                                             -1.176793   data arrival time
---------------------------------------------------------------------------------------------
                                              0.986149   slack (MET)


Startpoint: _1578_ (rising edge-triggered flip-flop clocked by clk_10mhz)
Endpoint: _1580_ (rising edge-triggered flip-flop clocked by clk_10mhz)
Path Group: clk_10mhz
Path Type: min

Fanout         Cap        Slew       Delay        Time   Description
---------------------------------------------------------------------------------------------
                      0.150000    0.000000    0.000000   clock clk_10mhz (rise edge)
                                  0.000000    0.000000   clock network delay (ideal)
                      0.150000    0.000000    0.000000 ^ _1578_/CLK (sky130_fd_sc_hd__dfrtp_2)
     8    0.026216    0.232080    0.867570    0.867570 ^ _1578_/Q (sky130_fd_sc_hd__dfrtp_2)
                                                         u_srf_ctrl.state[1] (net)
                      0.232080    0.000000    0.867570 ^ _0797_/A (sky130_fd_sc_hd__and2_2)
     1    0.001853    0.061302    0.309365    1.176935 ^ _0797_/X (sky130_fd_sc_hd__and2_2)
                                                         _0003_ (net)
                      0.061302    0.000000    1.176935 ^ _1580_/D (sky130_fd_sc_hd__dfrtp_2)
                                              1.176935   data arrival time

                      0.150000    0.000000    0.000000   clock clk_10mhz (rise edge)
                                  0.000000    0.000000   clock network delay (ideal)
                                  0.250000    0.250000   clock uncertainty
                                  0.000000    0.250000   clock reconvergence pessimism
                                              0.250000 ^ _1580_/CLK (sky130_fd_sc_hd__dfrtp_2)
                                 -0.061795    0.188205   library hold time
                                              0.188205   data required time
---------------------------------------------------------------------------------------------
                                              0.188205   data required time
                                             -1.176935   data arrival time
---------------------------------------------------------------------------------------------
                                              0.988730   slack (MET)


Startpoint: _1759_ (rising edge-triggered flip-flop clocked by clk_10mhz)
Endpoint: _1759_ (rising edge-triggered flip-flop clocked by clk_10mhz)
Path Group: clk_10mhz
Path Type: min

Fanout         Cap        Slew       Delay        Time   Description
---------------------------------------------------------------------------------------------
                      0.150000    0.000000    0.000000   clock clk_10mhz (rise edge)
                                  0.000000    0.000000   clock network delay (ideal)
                      0.150000    0.000000    0.000000 ^ _1759_/CLK (sky130_fd_sc_hd__dfrtp_2)
     9    0.030916    0.264265    0.892759    0.892759 ^ _1759_/Q (sky130_fd_sc_hd__dfrtp_2)
                                                         u_srf_ctrl.echo_counter[4] (net)
                      0.264265    0.000000    0.892759 ^ _1446_/B2 (sky130_fd_sc_hd__a32o_2)
     1    0.001853    0.067875    0.284290    1.177050 ^ _1446_/X (sky130_fd_sc_hd__a32o_2)
                                                         _0262_ (net)
                      0.067875    0.000000    1.177050 ^ _1759_/D (sky130_fd_sc_hd__dfrtp_2)
                                              1.177050   data arrival time

                      0.150000    0.000000    0.000000   clock clk_10mhz (rise edge)
                                  0.000000    0.000000   clock network delay (ideal)
                                  0.250000    0.250000   clock uncertainty
                                  0.000000    0.250000   clock reconvergence pessimism
                                              0.250000 ^ _1759_/CLK (sky130_fd_sc_hd__dfrtp_2)
                                 -0.063289    0.186711   library hold time
                                              0.186711   data required time
---------------------------------------------------------------------------------------------
                                              0.186711   data required time
                                             -1.177050   data arrival time
---------------------------------------------------------------------------------------------
                                              0.990338   slack (MET)


Startpoint: _1733_ (rising edge-triggered flip-flop clocked by clk_10mhz)
Endpoint: _1582_ (rising edge-triggered flip-flop clocked by clk_10mhz)
Path Group: clk_10mhz
Path Type: min

Fanout         Cap        Slew       Delay        Time   Description
---------------------------------------------------------------------------------------------
                      0.150000    0.000000    0.000000   clock clk_10mhz (rise edge)
                                  0.000000    0.000000   clock network delay (ideal)
                      0.150000    0.000000    0.000000 ^ _1733_/CLK (sky130_fd_sc_hd__dfrtp_2)
     2    0.007131    0.103030    0.748335    0.748335 ^ _1733_/Q (sky130_fd_sc_hd__dfrtp_2)
                                                         distance_out[0] (net)
                      0.103030    0.000000    0.748335 ^ _1085_/A1 (sky130_fd_sc_hd__a21o_2)
     1    0.001892    0.039872    0.226401    0.974735 ^ _1085_/X (sky130_fd_sc_hd__a21o_2)
                                                         _0716_ (net)
                      0.039872    0.000000    0.974735 ^ _1086_/A1 (sky130_fd_sc_hd__mux2_1)
     1    0.001853    0.062995    0.204202    1.178937 ^ _1086_/X (sky130_fd_sc_hd__mux2_1)
                                                         _0086_ (net)
                      0.062995    0.000000    1.178937 ^ _1582_/D (sky130_fd_sc_hd__dfrtp_2)
                                              1.178937   data arrival time

                      0.150000    0.000000    0.000000   clock clk_10mhz (rise edge)
                                  0.000000    0.000000   clock network delay (ideal)
                                  0.250000    0.250000   clock uncertainty
                                  0.000000    0.250000   clock reconvergence pessimism
                                              0.250000 ^ _1582_/CLK (sky130_fd_sc_hd__dfrtp_2)
                                 -0.062180    0.187820   library hold time
                                              0.187820   data required time
---------------------------------------------------------------------------------------------
                                              0.187820   data required time
                                             -1.178937   data arrival time
---------------------------------------------------------------------------------------------
                                              0.991117   slack (MET)


Startpoint: _1584_ (rising edge-triggered flip-flop clocked by clk_10mhz)
Endpoint: _1584_ (rising edge-triggered flip-flop clocked by clk_10mhz)
Path Group: clk_10mhz
Path Type: min

Fanout         Cap        Slew       Delay        Time   Description
---------------------------------------------------------------------------------------------
                      0.150000    0.000000    0.000000   clock clk_10mhz (rise edge)
                                  0.000000    0.000000   clock network delay (ideal)
                      0.150000    0.000000    0.000000 ^ _1584_/CLK (sky130_fd_sc_hd__dfrtp_2)
    17    0.030449    0.261067    0.890256    0.890256 ^ _1584_/Q (sky130_fd_sc_hd__dfrtp_2)
                                                         fifo_din[2] (net)
                      0.261067    0.000000    0.890256 ^ _1094_/A0 (sky130_fd_sc_hd__mux2_1)
     1    0.001853    0.062995    0.289158    1.179415 ^ _1094_/X (sky130_fd_sc_hd__mux2_1)
                                                         _0088_ (net)
                      0.062995    0.000000    1.179415 ^ _1584_/D (sky130_fd_sc_hd__dfrtp_2)
                                              1.179415   data arrival time

                      0.150000    0.000000    0.000000   clock clk_10mhz (rise edge)
                                  0.000000    0.000000   clock network delay (ideal)
                                  0.250000    0.250000   clock uncertainty
                                  0.000000    0.250000   clock reconvergence pessimism
                                              0.250000 ^ _1584_/CLK (sky130_fd_sc_hd__dfrtp_2)
                                 -0.062180    0.187820   library hold time
                                              0.187820   data required time
---------------------------------------------------------------------------------------------
                                              0.187820   data required time
                                             -1.179415   data arrival time
---------------------------------------------------------------------------------------------
                                              0.991594   slack (MET)


Startpoint: _1586_ (rising edge-triggered flip-flop clocked by clk_10mhz)
Endpoint: _1586_ (rising edge-triggered flip-flop clocked by clk_10mhz)
Path Group: clk_10mhz
Path Type: min

Fanout         Cap        Slew       Delay        Time   Description
---------------------------------------------------------------------------------------------
                      0.150000    0.000000    0.000000   clock clk_10mhz (rise edge)
                                  0.000000    0.000000   clock network delay (ideal)
                      0.150000    0.000000    0.000000 ^ _1586_/CLK (sky130_fd_sc_hd__dfrtp_2)
    17    0.030449    0.261067    0.890256    0.890256 ^ _1586_/Q (sky130_fd_sc_hd__dfrtp_2)
                                                         fifo_din[4] (net)
                      0.261067    0.000000    0.890256 ^ _1100_/A0 (sky130_fd_sc_hd__mux2_1)
     1    0.001853    0.062995    0.289158    1.179415 ^ _1100_/X (sky130_fd_sc_hd__mux2_1)
                                                         _0090_ (net)
                      0.062995    0.000000    1.179415 ^ _1586_/D (sky130_fd_sc_hd__dfrtp_2)
                                              1.179415   data arrival time

                      0.150000    0.000000    0.000000   clock clk_10mhz (rise edge)
                                  0.000000    0.000000   clock network delay (ideal)
                                  0.250000    0.250000   clock uncertainty
                                  0.000000    0.250000   clock reconvergence pessimism
                                              0.250000 ^ _1586_/CLK (sky130_fd_sc_hd__dfrtp_2)
                                 -0.062180    0.187820   library hold time
                                              0.187820   data required time
---------------------------------------------------------------------------------------------
                                              0.187820   data required time
                                             -1.179415   data arrival time
---------------------------------------------------------------------------------------------
                                              0.991594   slack (MET)


Startpoint: _1588_ (rising edge-triggered flip-flop clocked by clk_10mhz)
Endpoint: _1588_ (rising edge-triggered flip-flop clocked by clk_10mhz)
Path Group: clk_10mhz
Path Type: min

Fanout         Cap        Slew       Delay        Time   Description
---------------------------------------------------------------------------------------------
                      0.150000    0.000000    0.000000   clock clk_10mhz (rise edge)
                                  0.000000    0.000000   clock network delay (ideal)
                      0.150000    0.000000    0.000000 ^ _1588_/CLK (sky130_fd_sc_hd__dfrtp_2)
    17    0.030449    0.261067    0.890256    0.890256 ^ _1588_/Q (sky130_fd_sc_hd__dfrtp_2)
                                                         fifo_din[6] (net)
                      0.261067    0.000000    0.890256 ^ _1104_/A0 (sky130_fd_sc_hd__mux2_1)
     1    0.001853    0.062995    0.289158    1.179415 ^ _1104_/X (sky130_fd_sc_hd__mux2_1)
                                                         _0092_ (net)
                      0.062995    0.000000    1.179415 ^ _1588_/D (sky130_fd_sc_hd__dfrtp_2)
                                              1.179415   data arrival time

                      0.150000    0.000000    0.000000   clock clk_10mhz (rise edge)
                                  0.000000    0.000000   clock network delay (ideal)
                                  0.250000    0.250000   clock uncertainty
                                  0.000000    0.250000   clock reconvergence pessimism
                                              0.250000 ^ _1588_/CLK (sky130_fd_sc_hd__dfrtp_2)
                                 -0.062180    0.187820   library hold time
                                              0.187820   data required time
---------------------------------------------------------------------------------------------
                                              0.187820   data required time
                                             -1.179415   data arrival time
---------------------------------------------------------------------------------------------
                                              0.991594   slack (MET)


Startpoint: _1736_ (rising edge-triggered flip-flop clocked by clk_10mhz)
Endpoint: _1585_ (rising edge-triggered flip-flop clocked by clk_10mhz)
Path Group: clk_10mhz
Path Type: min

Fanout         Cap        Slew       Delay        Time   Description
---------------------------------------------------------------------------------------------
                      0.150000    0.000000    0.000000   clock clk_10mhz (rise edge)
                                  0.000000    0.000000   clock network delay (ideal)
                      0.150000    0.000000    0.000000 ^ _1736_/CLK (sky130_fd_sc_hd__dfrtp_2)
     2    0.003946    0.080268    0.721474    0.721474 ^ _1736_/Q (sky130_fd_sc_hd__dfrtp_2)
                                                         distance_out[3] (net)
                      0.080268    0.000000    0.721474 ^ _1095_/A (sky130_fd_sc_hd__and2_2)
     1    0.002476    0.066308    0.249431    0.970906 ^ _1095_/X (sky130_fd_sc_hd__and2_2)
                                                         _0723_ (net)
                      0.066308    0.000000    0.970906 ^ _1096_/B2 (sky130_fd_sc_hd__o22a_2)
     1    0.001853    0.050573    0.221476    1.192382 ^ _1096_/X (sky130_fd_sc_hd__o22a_2)
                                                         _0089_ (net)
                      0.050573    0.000000    1.192382 ^ _1585_/D (sky130_fd_sc_hd__dfrtp_2)
                                              1.192382   data arrival time

                      0.150000    0.000000    0.000000   clock clk_10mhz (rise edge)
                                  0.000000    0.000000   clock network delay (ideal)
                                  0.250000    0.250000   clock uncertainty
                                  0.000000    0.250000   clock reconvergence pessimism
                                              0.250000 ^ _1585_/CLK (sky130_fd_sc_hd__dfrtp_2)
                                 -0.059357    0.190643   library hold time
                                              0.190643   data required time
---------------------------------------------------------------------------------------------
                                              0.190643   data required time
                                             -1.192382   data arrival time
---------------------------------------------------------------------------------------------
                                              1.001739   slack (MET)


Startpoint: _1765_ (rising edge-triggered flip-flop clocked by clk_10mhz)
Endpoint: _1765_ (rising edge-triggered flip-flop clocked by clk_10mhz)
Path Group: clk_10mhz
Path Type: min

Fanout         Cap        Slew       Delay        Time   Description
---------------------------------------------------------------------------------------------
                      0.150000    0.000000    0.000000   clock clk_10mhz (rise edge)
                                  0.000000    0.000000   clock network delay (ideal)
                      0.150000    0.000000    0.000000 ^ _1765_/CLK (sky130_fd_sc_hd__dfrtp_2)
     8    0.029508    0.254623    0.885213    0.885213 ^ _1765_/Q (sky130_fd_sc_hd__dfrtp_2)
                                                         u_srf_ctrl.echo_counter[10] (net)
                      0.254623    0.000000    0.885213 ^ _1467_/A1 (sky130_fd_sc_hd__o21a_2)
     1    0.001853    0.048197    0.310648    1.195861 ^ _1467_/X (sky130_fd_sc_hd__o21a_2)
                                                         _0268_ (net)
                      0.048197    0.000000    1.195861 ^ _1765_/D (sky130_fd_sc_hd__dfrtp_2)
                                              1.195861   data arrival time

                      0.150000    0.000000    0.000000   clock clk_10mhz (rise edge)
                                  0.000000    0.000000   clock network delay (ideal)
                                  0.250000    0.250000   clock uncertainty
                                  0.000000    0.250000   clock reconvergence pessimism
                                              0.250000 ^ _1765_/CLK (sky130_fd_sc_hd__dfrtp_2)
                                 -0.058818    0.191182   library hold time
                                              0.191182   data required time
---------------------------------------------------------------------------------------------
                                              0.191182   data required time
                                             -1.195861   data arrival time
---------------------------------------------------------------------------------------------
                                              1.004678   slack (MET)


Startpoint: _1506_ (rising edge-triggered flip-flop clocked by clk_10mhz)
Endpoint: _1506_ (rising edge-triggered flip-flop clocked by clk_10mhz)
Path Group: clk_10mhz
Path Type: min

Fanout         Cap        Slew       Delay        Time   Description
---------------------------------------------------------------------------------------------
                      0.150000    0.000000    0.000000   clock clk_10mhz (rise edge)
                                  0.000000    0.000000   clock network delay (ideal)
                      0.150000    0.000000    0.000000 ^ _1506_/CLK (sky130_fd_sc_hd__dfrtp_2)
     8    0.025688    0.228465    0.864740    0.864740 ^ _1506_/Q (sky130_fd_sc_hd__dfrtp_2)
                                                         u_srf_ctrl.timer[10] (net)
                      0.228465    0.000000    0.864740 ^ _0892_/A1 (sky130_fd_sc_hd__a22o_2)
     1    0.001853    0.055186    0.331593    1.196333 ^ _0892_/X (sky130_fd_sc_hd__a22o_2)
                                                         _0032_ (net)
                      0.055186    0.000000    1.196333 ^ _1506_/D (sky130_fd_sc_hd__dfrtp_2)
                                              1.196333   data arrival time

                      0.150000    0.000000    0.000000   clock clk_10mhz (rise edge)
                                  0.000000    0.000000   clock network delay (ideal)
                                  0.250000    0.250000   clock uncertainty
                                  0.000000    0.250000   clock reconvergence pessimism
                                              0.250000 ^ _1506_/CLK (sky130_fd_sc_hd__dfrtp_2)
                                 -0.060406    0.189594   library hold time
                                              0.189594   data required time
---------------------------------------------------------------------------------------------
                                              0.189594   data required time
                                             -1.196333   data arrival time
---------------------------------------------------------------------------------------------
                                              1.006739   slack (MET)


Startpoint: _1579_ (rising edge-triggered flip-flop clocked by clk_10mhz)
Endpoint: _1518_ (rising edge-triggered flip-flop clocked by clk_10mhz)
Path Group: clk_10mhz
Path Type: min

Fanout         Cap        Slew       Delay        Time   Description
---------------------------------------------------------------------------------------------
                      0.150000    0.000000    0.000000   clock clk_10mhz (rise edge)
                                  0.000000    0.000000   clock network delay (ideal)
                      0.150000    0.000000    0.000000 ^ _1579_/CLK (sky130_fd_sc_hd__dfrtp_2)
     7    0.026086    0.231190    0.866873    0.866873 ^ _1579_/Q (sky130_fd_sc_hd__dfrtp_2)
                                                         u_srf_ctrl.state[2] (net)
                      0.231190    0.000000    0.866873 ^ _0990_/A1 (sky130_fd_sc_hd__a22o_2)
     1    0.001853    0.055208    0.332730    1.199603 ^ _0990_/X (sky130_fd_sc_hd__a22o_2)
                                                         _0044_ (net)
                      0.055208    0.000000    1.199603 ^ _1518_/D (sky130_fd_sc_hd__dfrtp_2)
                                              1.199603   data arrival time

                      0.150000    0.000000    0.000000   clock clk_10mhz (rise edge)
                                  0.000000    0.000000   clock network delay (ideal)
                                  0.250000    0.250000   clock uncertainty
                                  0.000000    0.250000   clock reconvergence pessimism
                                              0.250000 ^ _1518_/CLK (sky130_fd_sc_hd__dfrtp_2)
                                 -0.060411    0.189589   library hold time
                                              0.189589   data required time
---------------------------------------------------------------------------------------------
                                              0.189589   data required time
                                             -1.199603   data arrival time
---------------------------------------------------------------------------------------------
                                              1.010013   slack (MET)


Startpoint: _1514_ (rising edge-triggered flip-flop clocked by clk_10mhz)
Endpoint: _1514_ (rising edge-triggered flip-flop clocked by clk_10mhz)
Path Group: clk_10mhz
Path Type: min

Fanout         Cap        Slew       Delay        Time   Description
---------------------------------------------------------------------------------------------
                      0.150000    0.000000    0.000000   clock clk_10mhz (rise edge)
                                  0.000000    0.000000   clock network delay (ideal)
                      0.150000    0.000000    0.000000 ^ _1514_/CLK (sky130_fd_sc_hd__dfrtp_2)
     5    0.008404    0.111564    0.757052    0.757052 ^ _1514_/Q (sky130_fd_sc_hd__dfrtp_2)
                                                         u_srf_ctrl.timer[18] (net)
                      0.111564    0.000000    0.757052 ^ _0917_/B1 (sky130_fd_sc_hd__a21o_2)
     1    0.002452    0.044087    0.161686    0.918738 ^ _0917_/X (sky130_fd_sc_hd__a21o_2)
                                                         _0594_ (net)
                      0.044087    0.000000    0.918738 ^ _0921_/A2 (sky130_fd_sc_hd__a31o_2)
     1    0.001853    0.048476    0.288851    1.207589 ^ _0921_/X (sky130_fd_sc_hd__a31o_2)
                                                         _0040_ (net)
                      0.048476    0.000000    1.207589 ^ _1514_/D (sky130_fd_sc_hd__dfrtp_2)
                                              1.207589   data arrival time

                      0.150000    0.000000    0.000000   clock clk_10mhz (rise edge)
                                  0.000000    0.000000   clock network delay (ideal)
                                  0.250000    0.250000   clock uncertainty
                                  0.000000    0.250000   clock reconvergence pessimism
                                              0.250000 ^ _1514_/CLK (sky130_fd_sc_hd__dfrtp_2)
                                 -0.058881    0.191119   library hold time
                                              0.191119   data required time
---------------------------------------------------------------------------------------------
                                              0.191119   data required time
                                             -1.207589   data arrival time
---------------------------------------------------------------------------------------------
                                              1.016470   slack (MET)


Startpoint: _1734_ (rising edge-triggered flip-flop clocked by clk_10mhz)
Endpoint: _1583_ (rising edge-triggered flip-flop clocked by clk_10mhz)
Path Group: clk_10mhz
Path Type: min

Fanout         Cap        Slew       Delay        Time   Description
---------------------------------------------------------------------------------------------
                      0.150000    0.000000    0.000000   clock clk_10mhz (rise edge)
                                  0.000000    0.000000   clock network delay (ideal)
                      0.150000    0.000000    0.000000 ^ _1734_/CLK (sky130_fd_sc_hd__dfrtp_2)
     2    0.007259    0.103888    0.749211    0.749211 ^ _1734_/Q (sky130_fd_sc_hd__dfrtp_2)
                                                         distance_out[1] (net)
                      0.103888    0.000000    0.749211 ^ _1089_/B2 (sky130_fd_sc_hd__a32o_2)
     1    0.002476    0.072351    0.234207    0.983418 ^ _1089_/X (sky130_fd_sc_hd__a32o_2)
                                                         _0719_ (net)
                      0.072351    0.000000    0.983418 ^ _1090_/B2 (sky130_fd_sc_hd__o22a_2)
     1    0.001853    0.050569    0.224004    1.207422 ^ _1090_/X (sky130_fd_sc_hd__o22a_2)
                                                         _0087_ (net)
                      0.050569    0.000000    1.207422 ^ _1583_/D (sky130_fd_sc_hd__dfrtp_2)
                                              1.207422   data arrival time

                      0.150000    0.000000    0.000000   clock clk_10mhz (rise edge)
                                  0.000000    0.000000   clock network delay (ideal)
                                  0.250000    0.250000   clock uncertainty
                                  0.000000    0.250000   clock reconvergence pessimism
                                              0.250000 ^ _1583_/CLK (sky130_fd_sc_hd__dfrtp_2)
                                 -0.059356    0.190644   library hold time
                                              0.190644   data required time
---------------------------------------------------------------------------------------------
                                              0.190644   data required time
                                             -1.207422   data arrival time
---------------------------------------------------------------------------------------------
                                              1.016779   slack (MET)


Startpoint: _1589_ (rising edge-triggered flip-flop clocked by clk_10mhz)
Endpoint: _1589_ (rising edge-triggered flip-flop clocked by clk_10mhz)
Path Group: clk_10mhz
Path Type: min

Fanout         Cap        Slew       Delay        Time   Description
---------------------------------------------------------------------------------------------
                      0.150000    0.000000    0.000000   clock clk_10mhz (rise edge)
                                  0.000000    0.000000   clock network delay (ideal)
                      0.150000    0.000000    0.000000 ^ _1589_/CLK (sky130_fd_sc_hd__dfrtp_2)
    17    0.031336    0.267141    0.895010    0.895010 ^ _1589_/Q (sky130_fd_sc_hd__dfrtp_2)
                                                         fifo_din[7] (net)
                      0.267141    0.000000    0.895010 ^ _1105_/A1 (sky130_fd_sc_hd__o21a_2)
     1    0.001853    0.048831    0.315028    1.210038 ^ _1105_/X (sky130_fd_sc_hd__o21a_2)
                                                         _0093_ (net)
                      0.048831    0.000000    1.210038 ^ _1589_/D (sky130_fd_sc_hd__dfrtp_2)
                                              1.210038   data arrival time

                      0.150000    0.000000    0.000000   clock clk_10mhz (rise edge)
                                  0.000000    0.000000   clock network delay (ideal)
                                  0.250000    0.250000   clock uncertainty
                                  0.000000    0.250000   clock reconvergence pessimism
                                              0.250000 ^ _1589_/CLK (sky130_fd_sc_hd__dfrtp_2)
                                 -0.058962    0.191038   library hold time
                                              0.191038   data required time
---------------------------------------------------------------------------------------------
                                              0.191038   data required time
                                             -1.210038   data arrival time
---------------------------------------------------------------------------------------------
                                              1.019000   slack (MET)


Startpoint: _1549_ (rising edge-triggered flip-flop clocked by clk_10mhz)
Endpoint: _1549_ (rising edge-triggered flip-flop clocked by clk_10mhz)
Path Group: clk_10mhz
Path Type: min

Fanout         Cap        Slew       Delay        Time   Description
---------------------------------------------------------------------------------------------
                      0.150000    0.000000    0.000000   clock clk_10mhz (rise edge)
                                  0.000000    0.000000   clock network delay (ideal)
                      0.150000    0.000000    0.000000 ^ _1549_/CLK (sky130_fd_sc_hd__dfrtp_2)
     5    0.011707    0.133707    0.779671    0.779671 ^ _1549_/Q (sky130_fd_sc_hd__dfrtp_2)
                                                         u_max30102_ctrl.clk_div[4] (net)
                      0.133707    0.000000    0.779671 ^ _0823_/A (sky130_fd_sc_hd__or2_2)
     1    0.001460    0.040410    0.193391    0.973062 ^ _0823_/X (sky130_fd_sc_hd__or2_2)
                                                         _0531_ (net)
                      0.040410    0.000000    0.973062 ^ _0824_/B (sky130_fd_sc_hd__and2_2)
     1    0.001853    0.061083    0.238179    1.211241 ^ _0824_/X (sky130_fd_sc_hd__and2_2)
                                                         _0015_ (net)
                      0.061083    0.000000    1.211241 ^ _1549_/D (sky130_fd_sc_hd__dfrtp_2)
                                              1.211241   data arrival time

                      0.150000    0.000000    0.000000   clock clk_10mhz (rise edge)
                                  0.000000    0.000000   clock network delay (ideal)
                                  0.250000    0.250000   clock uncertainty
                                  0.000000    0.250000   clock reconvergence pessimism
                                              0.250000 ^ _1549_/CLK (sky130_fd_sc_hd__dfrtp_2)
                                 -0.061745    0.188255   library hold time
                                              0.188255   data required time
---------------------------------------------------------------------------------------------
                                              0.188255   data required time
                                             -1.211241   data arrival time
---------------------------------------------------------------------------------------------
                                              1.022986   slack (MET)


Startpoint: _1497_ (rising edge-triggered flip-flop clocked by clk_10mhz)
Endpoint: _1497_ (rising edge-triggered flip-flop clocked by clk_10mhz)
Path Group: clk_10mhz
Path Type: min

Fanout         Cap        Slew       Delay        Time   Description
---------------------------------------------------------------------------------------------
                      0.150000    0.000000    0.000000   clock clk_10mhz (rise edge)
                                  0.000000    0.000000   clock network delay (ideal)
                      0.150000    0.000000    0.000000 ^ _1497_/CLK (sky130_fd_sc_hd__dfrtp_2)
     5    0.009253    0.117256    0.762866    0.762866 ^ _1497_/Q (sky130_fd_sc_hd__dfrtp_2)
                                                         u_srf_ctrl.timer[1] (net)
                      0.117256    0.000000    0.762866 ^ _0864_/B1 (sky130_fd_sc_hd__a21o_2)
     1    0.001471    0.037351    0.157057    0.919922 ^ _0864_/X (sky130_fd_sc_hd__a21o_2)
                                                         _0558_ (net)
                      0.037351    0.000000    0.919922 ^ _0865_/B (sky130_fd_sc_hd__and3b_2)
     1    0.001853    0.073958    0.323317    1.243239 ^ _0865_/X (sky130_fd_sc_hd__and3b_2)
                                                         _0023_ (net)
                      0.073958    0.000000    1.243239 ^ _1497_/D (sky130_fd_sc_hd__dfrtp_2)
                                              1.243239   data arrival time

                      0.150000    0.000000    0.000000   clock clk_10mhz (rise edge)
                                  0.000000    0.000000   clock network delay (ideal)
                                  0.250000    0.250000   clock uncertainty
                                  0.000000    0.250000   clock reconvergence pessimism
                                              0.250000 ^ _1497_/CLK (sky130_fd_sc_hd__dfrtp_2)
                                 -0.064671    0.185329   library hold time
                                              0.185329   data required time
---------------------------------------------------------------------------------------------
                                              0.185329   data required time
                                             -1.243239   data arrival time
---------------------------------------------------------------------------------------------
                                              1.057910   slack (MET)


Startpoint: _1499_ (rising edge-triggered flip-flop clocked by clk_10mhz)
Endpoint: _1499_ (rising edge-triggered flip-flop clocked by clk_10mhz)
Path Group: clk_10mhz
Path Type: min

Fanout         Cap        Slew       Delay        Time   Description
---------------------------------------------------------------------------------------------
                      0.150000    0.000000    0.000000   clock clk_10mhz (rise edge)
                                  0.000000    0.000000   clock network delay (ideal)
                      0.150000    0.000000    0.000000 ^ _1499_/CLK (sky130_fd_sc_hd__dfrtp_2)
     4    0.014568    0.152886    0.799262    0.799262 ^ _1499_/Q (sky130_fd_sc_hd__dfrtp_2)
                                                         u_srf_ctrl.timer[3] (net)
                      0.152886    0.000000    0.799262 ^ _0870_/A (sky130_fd_sc_hd__xnor2_2)
     1    0.001460    0.049203    0.213976    1.013238 ^ _0870_/Y (sky130_fd_sc_hd__xnor2_2)
                                                         _0562_ (net)
                      0.049203    0.000000    1.013238 ^ _0871_/B (sky130_fd_sc_hd__and2_2)
     1    0.001853    0.061123    0.241725    1.254963 ^ _0871_/X (sky130_fd_sc_hd__and2_2)
                                                         _0025_ (net)
                      0.061123    0.000000    1.254963 ^ _1499_/D (sky130_fd_sc_hd__dfrtp_2)
                                              1.254963   data arrival time

                      0.150000    0.000000    0.000000   clock clk_10mhz (rise edge)
                                  0.000000    0.000000   clock network delay (ideal)
                                  0.250000    0.250000   clock uncertainty
                                  0.000000    0.250000   clock reconvergence pessimism
                                              0.250000 ^ _1499_/CLK (sky130_fd_sc_hd__dfrtp_2)
                                 -0.061755    0.188245   library hold time
                                              0.188245   data required time
---------------------------------------------------------------------------------------------
                                              0.188245   data required time
                                             -1.254963   data arrival time
---------------------------------------------------------------------------------------------
                                              1.066718   slack (MET)


Startpoint: _1763_ (rising edge-triggered flip-flop clocked by clk_10mhz)
Endpoint: _1763_ (rising edge-triggered flip-flop clocked by clk_10mhz)
Path Group: clk_10mhz
Path Type: min

Fanout         Cap        Slew       Delay        Time   Description
---------------------------------------------------------------------------------------------
                      0.150000    0.000000    0.000000   clock clk_10mhz (rise edge)
                                  0.000000    0.000000   clock network delay (ideal)
                      0.150000    0.000000    0.000000 ^ _1763_/CLK (sky130_fd_sc_hd__dfrtp_2)
     8    0.029179    0.252370    0.883450    0.883450 ^ _1763_/Q (sky130_fd_sc_hd__dfrtp_2)
                                                         u_srf_ctrl.echo_counter[8] (net)
                      0.252370    0.000000    0.883450 ^ _1460_/A (sky130_fd_sc_hd__nor2_2)
     1    0.004151    0.047404    0.140442    1.023892 v _1460_/Y (sky130_fd_sc_hd__nor2_2)
                                                         _0446_ (net)
                      0.047404    0.000000    1.023892 v _1462_/B (sky130_fd_sc_hd__nor3_2)
     1    0.001853    0.162379    0.214581    1.238473 ^ _1462_/Y (sky130_fd_sc_hd__nor3_2)
                                                         _0266_ (net)
                      0.162379    0.000000    1.238473 ^ _1763_/D (sky130_fd_sc_hd__dfrtp_2)
                                              1.238473   data arrival time

                      0.150000    0.000000    0.000000   clock clk_10mhz (rise edge)
                                  0.000000    0.000000   clock network delay (ideal)
                                  0.250000    0.250000   clock uncertainty
                                  0.000000    0.250000   clock reconvergence pessimism
                                              0.250000 ^ _1763_/CLK (sky130_fd_sc_hd__dfrtp_2)
                                 -0.084762    0.165238   library hold time
                                              0.165238   data required time
---------------------------------------------------------------------------------------------
                                              0.165238   data required time
                                             -1.238473   data arrival time
---------------------------------------------------------------------------------------------
                                              1.073235   slack (MET)


Startpoint: _1548_ (rising edge-triggered flip-flop clocked by clk_10mhz)
Endpoint: _1548_ (rising edge-triggered flip-flop clocked by clk_10mhz)
Path Group: clk_10mhz
Path Type: min

Fanout         Cap        Slew       Delay        Time   Description
---------------------------------------------------------------------------------------------
                      0.150000    0.000000    0.000000   clock clk_10mhz (rise edge)
                                  0.000000    0.000000   clock network delay (ideal)
                      0.150000    0.000000    0.000000 ^ _1548_/CLK (sky130_fd_sc_hd__dfrtp_2)
     3    0.008630    0.113079    0.758600    0.758600 ^ _1548_/Q (sky130_fd_sc_hd__dfrtp_2)
                                                         u_max30102_ctrl.clk_div[3] (net)
                      0.113079    0.000000    0.758600 ^ _0820_/B1 (sky130_fd_sc_hd__a31o_2)
     1    0.001516    0.045780    0.171282    0.929881 ^ _0820_/X (sky130_fd_sc_hd__a31o_2)
                                                         _0529_ (net)
                      0.045780    0.000000    0.929881 ^ _0821_/C (sky130_fd_sc_hd__and3_2)
     1    0.001853    0.073098    0.334522    1.264403 ^ _0821_/X (sky130_fd_sc_hd__and3_2)
                                                         _0014_ (net)
                      0.073098    0.000000    1.264403 ^ _1548_/D (sky130_fd_sc_hd__dfrtp_2)
                                              1.264403   data arrival time

                      0.150000    0.000000    0.000000   clock clk_10mhz (rise edge)
                                  0.000000    0.000000   clock network delay (ideal)
                                  0.250000    0.250000   clock uncertainty
                                  0.000000    0.250000   clock reconvergence pessimism
                                              0.250000 ^ _1548_/CLK (sky130_fd_sc_hd__dfrtp_2)
                                 -0.064475    0.185525   library hold time
                                              0.185525   data required time
---------------------------------------------------------------------------------------------
                                              0.185525   data required time
                                             -1.264403   data arrival time
---------------------------------------------------------------------------------------------
                                              1.078879   slack (MET)


Startpoint: _1745_ (rising edge-triggered flip-flop clocked by clk_10mhz)
Endpoint: _1745_ (rising edge-triggered flip-flop clocked by clk_10mhz)
Path Group: clk_10mhz
Path Type: min

Fanout         Cap        Slew       Delay        Time   Description
---------------------------------------------------------------------------------------------
                      0.150000    0.000000    0.000000   clock clk_10mhz (rise edge)
                                  0.000000    0.000000   clock network delay (ideal)
                      0.150000    0.000000    0.000000 ^ _1745_/CLK (sky130_fd_sc_hd__dfrtp_2)
     3    0.008581    0.112751    0.758264    0.758264 ^ _1745_/Q (sky130_fd_sc_hd__dfrtp_2)
                                                         u_uart.clk_count[5] (net)
                      0.112751    0.000000    0.758264 ^ _1411_/A (sky130_fd_sc_hd__nand2_2)
     2    0.006094    0.077536    0.113771    0.872035 v _1411_/Y (sky130_fd_sc_hd__nand2_2)
                                                         _0415_ (net)
                      0.077536    0.000000    0.872035 v _1413_/B (sky130_fd_sc_hd__and3_2)
     1    0.001838    0.061835    0.392132    1.264166 v _1413_/X (sky130_fd_sc_hd__and3_2)
                                                         _0248_ (net)
                      0.061835    0.000000    1.264166 v _1745_/D (sky130_fd_sc_hd__dfrtp_2)
                                              1.264166   data arrival time

                      0.150000    0.000000    0.000000   clock clk_10mhz (rise edge)
                                  0.000000    0.000000   clock network delay (ideal)
                                  0.250000    0.250000   clock uncertainty
                                  0.000000    0.250000   clock reconvergence pessimism
                                              0.250000 ^ _1745_/CLK (sky130_fd_sc_hd__dfrtp_2)
                                 -0.067269    0.182731   library hold time
                                              0.182731   data required time
---------------------------------------------------------------------------------------------
                                              0.182731   data required time
                                             -1.264166   data arrival time
---------------------------------------------------------------------------------------------
                                              1.081435   slack (MET)


Startpoint: _1764_ (rising edge-triggered flip-flop clocked by clk_10mhz)
Endpoint: _1764_ (rising edge-triggered flip-flop clocked by clk_10mhz)
Path Group: clk_10mhz
Path Type: min

Fanout         Cap        Slew       Delay        Time   Description
---------------------------------------------------------------------------------------------
                      0.150000    0.000000    0.000000   clock clk_10mhz (rise edge)
                                  0.000000    0.000000   clock network delay (ideal)
                      0.150000    0.000000    0.000000 ^ _1764_/CLK (sky130_fd_sc_hd__dfrtp_2)
     8    0.031575    0.268777    0.896291    0.896291 ^ _1764_/Q (sky130_fd_sc_hd__dfrtp_2)
                                                         u_srf_ctrl.echo_counter[9] (net)
                      0.268777    0.000000    0.896291 ^ _1463_/A (sky130_fd_sc_hd__nor2_2)
     1    0.004151    0.044980    0.144610    1.040901 v _1463_/Y (sky130_fd_sc_hd__nor2_2)
                                                         _0448_ (net)
                      0.044980    0.000000    1.040901 v _1465_/B (sky130_fd_sc_hd__nor3_2)
     1    0.001853    0.161803    0.213758    1.254659 ^ _1465_/Y (sky130_fd_sc_hd__nor3_2)
                                                         _0267_ (net)
                      0.161803    0.000000    1.254659 ^ _1764_/D (sky130_fd_sc_hd__dfrtp_2)
                                              1.254659   data arrival time

                      0.150000    0.000000    0.000000   clock clk_10mhz (rise edge)
                                  0.000000    0.000000   clock network delay (ideal)
                                  0.250000    0.250000   clock uncertainty
                                  0.000000    0.250000   clock reconvergence pessimism
                                              0.250000 ^ _1764_/CLK (sky130_fd_sc_hd__dfrtp_2)
                                 -0.084631    0.165369   library hold time
                                              0.165369   data required time
---------------------------------------------------------------------------------------------
                                              0.165369   data required time
                                             -1.254659   data arrival time
---------------------------------------------------------------------------------------------
                                              1.089290   slack (MET)


Startpoint: _1715_ (rising edge-triggered flip-flop clocked by clk_10mhz)
Endpoint: _1715_ (rising edge-triggered flip-flop clocked by clk_10mhz)
Path Group: clk_10mhz
Path Type: min

Fanout         Cap        Slew       Delay        Time   Description
---------------------------------------------------------------------------------------------
                      0.150000    0.000000    0.000000   clock clk_10mhz (rise edge)
                                  0.000000    0.000000   clock network delay (ideal)
                      0.150000    0.000000    0.000000 ^ _1715_/CLK (sky130_fd_sc_hd__dfrtp_2)
     7    0.021620    0.200608    0.842938    0.842938 ^ _1715_/Q (sky130_fd_sc_hd__dfrtp_2)
                                                         u_fifo.wr_ptr[3] (net)
                      0.200608    0.000000    0.842938 ^ _1261_/B1 (sky130_fd_sc_hd__a21o_2)
     1    0.001604    0.039304    0.194891    1.037829 ^ _1261_/X (sky130_fd_sc_hd__a21o_2)
                                                         _0295_ (net)
                      0.039304    0.000000    1.037829 ^ _1262_/B (sky130_fd_sc_hd__and2b_2)
     1    0.001853    0.057625    0.241271    1.279100 ^ _1262_/X (sky130_fd_sc_hd__and2b_2)
                                                         _0218_ (net)
                      0.057625    0.000000    1.279100 ^ _1715_/D (sky130_fd_sc_hd__dfrtp_2)
                                              1.279100   data arrival time

                      0.150000    0.000000    0.000000   clock clk_10mhz (rise edge)
                                  0.000000    0.000000   clock network delay (ideal)
                                  0.250000    0.250000   clock uncertainty
                                  0.000000    0.250000   clock reconvergence pessimism
                                              0.250000 ^ _1715_/CLK (sky130_fd_sc_hd__dfrtp_2)
                                 -0.060960    0.189040   library hold time
                                              0.189040   data required time
---------------------------------------------------------------------------------------------
                                              0.189040   data required time
                                             -1.279100   data arrival time
---------------------------------------------------------------------------------------------
                                              1.090059   slack (MET)


Startpoint: _1591_ (rising edge-triggered flip-flop clocked by clk_10mhz)
Endpoint: _1591_ (rising edge-triggered flip-flop clocked by clk_10mhz)
Path Group: clk_10mhz
Path Type: min

Fanout         Cap        Slew       Delay        Time   Description
---------------------------------------------------------------------------------------------
                      0.150000    0.000000    0.000000   clock clk_10mhz (rise edge)
                                  0.000000    0.000000   clock network delay (ideal)
                      0.150000    0.000000    0.000000 ^ _1591_/CLK (sky130_fd_sc_hd__dfrtp_2)
     5    0.015480    0.159000    0.805508    0.805508 ^ _1591_/Q (sky130_fd_sc_hd__dfrtp_2)
                                                         u_packet_assembler.state[0] (net)
                      0.159000    0.000000    0.805508 ^ _0759_/A (sky130_fd_sc_hd__inv_2)
     4    0.011016    0.067201    0.117308    0.922815 v _0759_/Y (sky130_fd_sc_hd__inv_2)
                                                         _0477_ (net)
                      0.067201    0.000000    0.922815 v _1109_/S (sky130_fd_sc_hd__mux2_1)
     1    0.001853    0.062875    0.363011    1.285827 ^ _1109_/X (sky130_fd_sc_hd__mux2_1)
                                                         _0094_ (net)
                      0.062875    0.000000    1.285827 ^ _1591_/D (sky130_fd_sc_hd__dfrtp_2)
                                              1.285827   data arrival time

                      0.150000    0.000000    0.000000   clock clk_10mhz (rise edge)
                                  0.000000    0.000000   clock network delay (ideal)
                                  0.250000    0.250000   clock uncertainty
                                  0.000000    0.250000   clock reconvergence pessimism
                                              0.250000 ^ _1591_/CLK (sky130_fd_sc_hd__dfrtp_2)
                                 -0.062153    0.187847   library hold time
                                              0.187847   data required time
---------------------------------------------------------------------------------------------
                                              0.187847   data required time
                                             -1.285827   data arrival time
---------------------------------------------------------------------------------------------
                                              1.097980   slack (MET)


Startpoint: _1710_ (rising edge-triggered flip-flop clocked by clk_10mhz)
Endpoint: _1710_ (rising edge-triggered flip-flop clocked by clk_10mhz)
Path Group: clk_10mhz
Path Type: min

Fanout         Cap        Slew       Delay        Time   Description
---------------------------------------------------------------------------------------------
                      0.150000    0.000000    0.000000   clock clk_10mhz (rise edge)
                                  0.000000    0.000000   clock network delay (ideal)
                      0.150000    0.000000    0.000000 ^ _1710_/CLK (sky130_fd_sc_hd__dfrtp_2)
     9    0.027648    0.241886    0.875244    0.875244 ^ _1710_/Q (sky130_fd_sc_hd__dfrtp_2)
                                                         u_fifo.rd_ptr[3] (net)
                      0.241886    0.000000    0.875244 ^ _0756_/A (sky130_fd_sc_hd__inv_2)
     8    0.021163    0.112582    0.191116    1.066360 v _0756_/Y (sky130_fd_sc_hd__inv_2)
                                                         _0475_ (net)
                      0.112582    0.000000    1.066360 v _1254_/A (sky130_fd_sc_hd__xnor2_2)
     1    0.001853    0.052092    0.222555    1.288915 ^ _1254_/Y (sky130_fd_sc_hd__xnor2_2)
                                                         _0213_ (net)
                      0.052092    0.000000    1.288915 ^ _1710_/D (sky130_fd_sc_hd__dfrtp_2)
                                              1.288915   data arrival time

                      0.150000    0.000000    0.000000   clock clk_10mhz (rise edge)
                                  0.000000    0.000000   clock network delay (ideal)
                                  0.250000    0.250000   clock uncertainty
                                  0.000000    0.250000   clock reconvergence pessimism
                                              0.250000 ^ _1710_/CLK (sky130_fd_sc_hd__dfrtp_2)
                                 -0.059703    0.190297   library hold time
                                              0.190297   data required time
---------------------------------------------------------------------------------------------
                                              0.190297   data required time
                                             -1.288915   data arrival time
---------------------------------------------------------------------------------------------
                                              1.098618   slack (MET)


Startpoint: _1546_ (rising edge-triggered flip-flop clocked by clk_10mhz)
Endpoint: _1546_ (rising edge-triggered flip-flop clocked by clk_10mhz)
Path Group: clk_10mhz
Path Type: min

Fanout         Cap        Slew       Delay        Time   Description
---------------------------------------------------------------------------------------------
                      0.150000    0.000000    0.000000   clock clk_10mhz (rise edge)
                                  0.000000    0.000000   clock network delay (ideal)
                      0.150000    0.000000    0.000000 ^ _1546_/CLK (sky130_fd_sc_hd__dfrtp_2)
     5    0.011379    0.131508    0.777424    0.777424 ^ _1546_/Q (sky130_fd_sc_hd__dfrtp_2)
                                                         u_max30102_ctrl.clk_div[1] (net)
                      0.131508    0.000000    0.777424 ^ _0811_/A (sky130_fd_sc_hd__nand2_2)
     2    0.009578    0.106353    0.142946    0.920370 v _0811_/Y (sky130_fd_sc_hd__nand2_2)
                                                         _0522_ (net)
                      0.106353    0.000000    0.920370 v _0816_/A (sky130_fd_sc_hd__and3_2)
     1    0.001838    0.062357    0.363814    1.284185 v _0816_/X (sky130_fd_sc_hd__and3_2)
                                                         _0012_ (net)
                      0.062357    0.000000    1.284185 v _1546_/D (sky130_fd_sc_hd__dfrtp_2)
                                              1.284185   data arrival time

                      0.150000    0.000000    0.000000   clock clk_10mhz (rise edge)
                                  0.000000    0.000000   clock network delay (ideal)
                                  0.250000    0.250000   clock uncertainty
                                  0.000000    0.250000   clock reconvergence pessimism
                                              0.250000 ^ _1546_/CLK (sky130_fd_sc_hd__dfrtp_2)
                                 -0.067460    0.182540   library hold time
                                              0.182540   data required time
---------------------------------------------------------------------------------------------
                                              0.182540   data required time
                                             -1.284185   data arrival time
---------------------------------------------------------------------------------------------
                                              1.101645   slack (MET)


Startpoint: _1498_ (rising edge-triggered flip-flop clocked by clk_10mhz)
Endpoint: _1498_ (rising edge-triggered flip-flop clocked by clk_10mhz)
Path Group: clk_10mhz
Path Type: min

Fanout         Cap        Slew       Delay        Time   Description
---------------------------------------------------------------------------------------------
                      0.150000    0.000000    0.000000   clock clk_10mhz (rise edge)
                                  0.000000    0.000000   clock network delay (ideal)
                      0.150000    0.000000    0.000000 ^ _1498_/CLK (sky130_fd_sc_hd__dfrtp_2)
     5    0.011471    0.132125    0.778054    0.778054 ^ _1498_/Q (sky130_fd_sc_hd__dfrtp_2)
                                                         u_srf_ctrl.timer[2] (net)
                      0.132125    0.000000    0.778054 ^ _0867_/A (sky130_fd_sc_hd__or2_2)
     1    0.001516    0.040854    0.193146    0.971201 ^ _0867_/X (sky130_fd_sc_hd__or2_2)
                                                         _0560_ (net)
                      0.040854    0.000000    0.971201 ^ _0868_/C (sky130_fd_sc_hd__and3_2)
     1    0.001853    0.073107    0.332609    1.303810 ^ _0868_/X (sky130_fd_sc_hd__and3_2)
                                                         _0024_ (net)
                      0.073107    0.000000    1.303810 ^ _1498_/D (sky130_fd_sc_hd__dfrtp_2)
                                              1.303810   data arrival time

                      0.150000    0.000000    0.000000   clock clk_10mhz (rise edge)
                                  0.000000    0.000000   clock network delay (ideal)
                                  0.250000    0.250000   clock uncertainty
                                  0.000000    0.250000   clock reconvergence pessimism
                                              0.250000 ^ _1498_/CLK (sky130_fd_sc_hd__dfrtp_2)
                                 -0.064477    0.185523   library hold time
                                              0.185523   data required time
---------------------------------------------------------------------------------------------
                                              0.185523   data required time
                                             -1.303810   data arrival time
---------------------------------------------------------------------------------------------
                                              1.118287   slack (MET)


Startpoint: _1771_ (rising edge-triggered flip-flop clocked by clk_10mhz)
Endpoint: _1708_ (rising edge-triggered flip-flop clocked by clk_10mhz)
Path Group: clk_10mhz
Path Type: min

Fanout         Cap        Slew       Delay        Time   Description
---------------------------------------------------------------------------------------------
                      0.150000    0.000000    0.000000   clock clk_10mhz (rise edge)
                                  0.000000    0.000000   clock network delay (ideal)
                      0.150000    0.000000    0.000000 ^ _1771_/CLK (sky130_fd_sc_hd__dfrtp_2)
     2    0.002888    0.072249    0.710910    0.710910 ^ _1771_/Q (sky130_fd_sc_hd__dfrtp_2)
                                                         fifo_rd_en (net)
                      0.072249    0.000000    0.710910 ^ _1245_/B (sky130_fd_sc_hd__and3_2)
     4    0.019646    0.204093    0.472287    1.183197 ^ _1245_/X (sky130_fd_sc_hd__and3_2)
                                                         _0287_ (net)
                      0.204093    0.000000    1.183197 ^ _1248_/B (sky130_fd_sc_hd__xnor2_2)
     1    0.001838    0.056961    0.142275    1.325472 v _1248_/Y (sky130_fd_sc_hd__xnor2_2)
                                                         _0211_ (net)
                      0.056961    0.000000    1.325472 v _1708_/D (sky130_fd_sc_hd__dfrtp_2)
                                              1.325472   data arrival time

                      0.150000    0.000000    0.000000   clock clk_10mhz (rise edge)
                                  0.000000    0.000000   clock network delay (ideal)
                                  0.250000    0.250000   clock uncertainty
                                  0.000000    0.250000   clock reconvergence pessimism
                                              0.250000 ^ _1708_/CLK (sky130_fd_sc_hd__dfrtp_2)
                                 -0.065483    0.184517   library hold time
                                              0.184517   data required time
---------------------------------------------------------------------------------------------
                                              0.184517   data required time
                                             -1.325472   data arrival time
---------------------------------------------------------------------------------------------
                                              1.140956   slack (MET)


Startpoint: _1762_ (rising edge-triggered flip-flop clocked by clk_10mhz)
Endpoint: _1762_ (rising edge-triggered flip-flop clocked by clk_10mhz)
Path Group: clk_10mhz
Path Type: min

Fanout         Cap        Slew       Delay        Time   Description
---------------------------------------------------------------------------------------------
                      0.150000    0.000000    0.000000   clock clk_10mhz (rise edge)
                                  0.000000    0.000000   clock network delay (ideal)
                      0.150000    0.000000    0.000000 ^ _1762_/CLK (sky130_fd_sc_hd__dfrtp_2)
    11    0.033175    0.279734    0.904866    0.904866 ^ _1762_/Q (sky130_fd_sc_hd__dfrtp_2)
                                                         u_srf_ctrl.echo_counter[7] (net)
                      0.279734    0.000000    0.904866 ^ _1459_/A1 (sky130_fd_sc_hd__o211a_2)
     1    0.001853    0.071472    0.432136    1.337002 ^ _1459_/X (sky130_fd_sc_hd__o211a_2)
                                                         _0265_ (net)
                      0.071472    0.000000    1.337002 ^ _1762_/D (sky130_fd_sc_hd__dfrtp_2)
                                              1.337002   data arrival time

                      0.150000    0.000000    0.000000   clock clk_10mhz (rise edge)
                                  0.000000    0.000000   clock network delay (ideal)
                                  0.250000    0.250000   clock uncertainty
                                  0.000000    0.250000   clock reconvergence pessimism
                                              0.250000 ^ _1762_/CLK (sky130_fd_sc_hd__dfrtp_2)
                                 -0.064106    0.185894   library hold time
                                              0.185894   data required time
---------------------------------------------------------------------------------------------
                                              0.185894   data required time
                                             -1.337002   data arrival time
---------------------------------------------------------------------------------------------
                                              1.151108   slack (MET)


Startpoint: _1713_ (rising edge-triggered flip-flop clocked by clk_10mhz)
Endpoint: _1713_ (rising edge-triggered flip-flop clocked by clk_10mhz)
Path Group: clk_10mhz
Path Type: min

Fanout         Cap        Slew       Delay        Time   Description
---------------------------------------------------------------------------------------------
                      0.150000    0.000000    0.000000   clock clk_10mhz (rise edge)
                                  0.000000    0.000000   clock network delay (ideal)
                      0.150000    0.000000    0.000000 ^ _1713_/CLK (sky130_fd_sc_hd__dfrtp_2)
    13    0.029670    0.255733    0.886081    0.886081 ^ _1713_/Q (sky130_fd_sc_hd__dfrtp_2)
                                                         u_fifo.wr_ptr[1] (net)
                      0.255733    0.000000    0.886081 ^ _1257_/B1_N (sky130_fd_sc_hd__a21boi_2)
     1    0.001417    0.090381    0.308776    1.194858 ^ _1257_/Y (sky130_fd_sc_hd__a21boi_2)
                                                         _0293_ (net)
                      0.090381    0.000000    1.194858 ^ _1258_/B (sky130_fd_sc_hd__or2_2)
     1    0.001853    0.043294    0.173871    1.368729 ^ _1258_/X (sky130_fd_sc_hd__or2_2)
                                                         _0216_ (net)
                      0.043294    0.000000    1.368729 ^ _1713_/D (sky130_fd_sc_hd__dfrtp_2)
                                              1.368729   data arrival time

                      0.150000    0.000000    0.000000   clock clk_10mhz (rise edge)
                                  0.000000    0.000000   clock network delay (ideal)
                                  0.250000    0.250000   clock uncertainty
                                  0.000000    0.250000   clock reconvergence pessimism
                                              0.250000 ^ _1713_/CLK (sky130_fd_sc_hd__dfrtp_2)
                                 -0.057703    0.192297   library hold time
                                              0.192297   data required time
---------------------------------------------------------------------------------------------
                                              0.192297   data required time
                                             -1.368729   data arrival time
---------------------------------------------------------------------------------------------
                                              1.176432   slack (MET)


Startpoint: _1776_ (rising edge-triggered flip-flop clocked by clk_10mhz)
Endpoint: _1771_ (rising edge-triggered flip-flop clocked by clk_10mhz)
Path Group: clk_10mhz
Path Type: min

Fanout         Cap        Slew       Delay        Time   Description
---------------------------------------------------------------------------------------------
                      0.150000    0.000000    0.000000   clock clk_10mhz (rise edge)
                                  0.000000    0.000000   clock network delay (ideal)
                      0.150000    0.000000    0.000000 ^ _1776_/CLK (sky130_fd_sc_hd__dfrtp_2)
     5    0.014556    0.152806    0.799180    0.799180 ^ _1776_/Q (sky130_fd_sc_hd__dfrtp_2)
                                                         u_uart.state[1] (net)
                      0.152806    0.000000    0.799180 ^ _0777_/A (sky130_fd_sc_hd__nor2_2)
     9    0.012193    0.078072    0.133916    0.933097 v _0777_/Y (sky130_fd_sc_hd__nor2_2)
                                                         _0493_ (net)
                      0.078072    0.000000    0.933097 v _0779_/B (sky130_fd_sc_hd__and2_2)
    11    0.034146    0.192099    0.538950    1.472046 v _0779_/X (sky130_fd_sc_hd__and2_2)
                                                         _0004_ (net)
                      0.192099    0.000000    1.472046 v _1771_/D (sky130_fd_sc_hd__dfrtp_2)
                                              1.472046   data arrival time

                      0.150000    0.000000    0.000000   clock clk_10mhz (rise edge)
                                  0.000000    0.000000   clock network delay (ideal)
                                  0.250000    0.250000   clock uncertainty
                                  0.000000    0.250000   clock reconvergence pessimism
                                              0.250000 ^ _1771_/CLK (sky130_fd_sc_hd__dfrtp_2)
                                 -0.114995    0.135005   library hold time
                                              0.135005   data required time
---------------------------------------------------------------------------------------------
                                              0.135005   data required time
                                             -1.472046   data arrival time
---------------------------------------------------------------------------------------------
                                              1.337041   slack (MET)


Startpoint: _1594_ (rising edge-triggered flip-flop clocked by clk_10mhz)
Endpoint: _1590_ (rising edge-triggered flip-flop clocked by clk_10mhz)
Path Group: clk_10mhz
Path Type: min

Fanout         Cap        Slew       Delay        Time   Description
---------------------------------------------------------------------------------------------
                      0.150000    0.000000    0.000000   clock clk_10mhz (rise edge)
                                  0.000000    0.000000   clock network delay (ideal)
                      0.150000    0.000000    0.000000 ^ _1594_/CLK (sky130_fd_sc_hd__dfrtp_2)
     8    0.021938    0.202785    0.844642    0.844642 ^ _1594_/Q (sky130_fd_sc_hd__dfrtp_2)
                                                         u_packet_assembler.state[3] (net)
                      0.202785    0.000000    0.844642 ^ _0853_/A2 (sky130_fd_sc_hd__o21bai_2)
     2    0.006160    0.089181    0.173796    1.018438 v _0853_/Y (sky130_fd_sc_hd__o21bai_2)
                                                         _0549_ (net)
                      0.089181    0.000000    1.018438 v _0854_/B (sky130_fd_sc_hd__and2b_2)
    10    0.027787    0.174313    0.533938    1.552376 v _0854_/X (sky130_fd_sc_hd__and2b_2)
                                                         _0021_ (net)
                      0.174313    0.000000    1.552376 v _1590_/D (sky130_fd_sc_hd__dfrtp_2)
                                              1.552376   data arrival time

                      0.150000    0.000000    0.000000   clock clk_10mhz (rise edge)
                                  0.000000    0.000000   clock network delay (ideal)
                                  0.250000    0.250000   clock uncertainty
                                  0.000000    0.250000   clock reconvergence pessimism
                                              0.250000 ^ _1590_/CLK (sky130_fd_sc_hd__dfrtp_2)
                                 -0.108478    0.141522   library hold time
                                              0.141522   data required time
---------------------------------------------------------------------------------------------
                                              0.141522   data required time
                                             -1.552376   data arrival time
---------------------------------------------------------------------------------------------
                                              1.410854   slack (MET)


Startpoint: _1495_ (rising edge-triggered flip-flop clocked by clk_10mhz)
Endpoint: _1581_ (removal check against rising-edge clock clk_10mhz)
Path Group: asynchronous
Path Type: min

Fanout         Cap        Slew       Delay        Time   Description
---------------------------------------------------------------------------------------------
                      0.150000    0.000000    0.000000   clock clk_10mhz (rise edge)
                                  0.000000    0.000000   clock network delay (ideal)
                      0.150000    0.000000    0.000000 ^ _1495_/CLK (sky130_fd_sc_hd__dfrtp_2)
     2    0.034902    0.291560    0.914122    0.914122 ^ _1495_/Q (sky130_fd_sc_hd__dfrtp_2)
                                                         pwr_ctrl (net)
                      0.291560    0.000000    0.914122 ^ _0807_/B (sky130_fd_sc_hd__and2_2)
    54    0.176210    1.395478    1.318791    2.232913 ^ _0807_/X (sky130_fd_sc_hd__and2_2)
                                                         u_max30102_ctrl.rst_n (net)
                      1.395478    0.000000    2.232913 ^ _1581_/SET_B (sky130_fd_sc_hd__dfstp_2)
                                              2.232913   data arrival time

                      0.150000    0.000000    0.000000   clock clk_10mhz (rise edge)
                                  0.000000    0.000000   clock network delay (ideal)
                                  0.250000    0.250000   clock uncertainty
                                  0.000000    0.250000   clock reconvergence pessimism
                                              0.250000 ^ _1581_/CLK (sky130_fd_sc_hd__dfstp_2)
                                  0.171524    0.421524   library removal time
                                              0.421524   data required time
---------------------------------------------------------------------------------------------
                                              0.421524   data required time
                                             -2.232913   data arrival time
---------------------------------------------------------------------------------------------
                                              1.811390   slack (MET)


Startpoint: srf_echo (input port clocked by clk_10mhz)
Endpoint: _1519_ (rising edge-triggered flip-flop clocked by clk_10mhz)
Path Group: clk_10mhz
Path Type: min

Fanout         Cap        Slew       Delay        Time   Description
---------------------------------------------------------------------------------------------
                      0.150000    0.000000    0.000000   clock clk_10mhz (rise edge)
                                  0.000000    0.000000   clock network delay (ideal)
                                 20.000000   20.000000 v input external delay
     1    0.001838    0.015196    0.006182   20.006182 v srf_echo (in)
                                                         srf_echo (net)
                      0.015196    0.000000   20.006182 v _1519_/D (sky130_fd_sc_hd__dfrtp_2)
                                             20.006182   data arrival time

                      0.150000    0.000000    0.000000   clock clk_10mhz (rise edge)
                                  0.000000    0.000000   clock network delay (ideal)
                                  0.250000    0.250000   clock uncertainty
                                  0.000000    0.250000   clock reconvergence pessimism
                                              0.250000 ^ _1519_/CLK (sky130_fd_sc_hd__dfrtp_2)
                                 -0.050182    0.199818   library hold time
                                              0.199818   data required time
---------------------------------------------------------------------------------------------
                                              0.199818   data required time
                                            -20.006182   data arrival time
---------------------------------------------------------------------------------------------
                                             19.806364   slack (MET)


Startpoint: rst_n (input port clocked by clk_10mhz)
Endpoint: _1495_ (removal check against rising-edge clock clk_10mhz)
Path Group: asynchronous
Path Type: min

Fanout         Cap        Slew       Delay        Time   Description
---------------------------------------------------------------------------------------------
                      0.150000    0.000000    0.000000   clock clk_10mhz (rise edge)
                                  0.000000    0.000000   clock network delay (ideal)
                                 20.000000   20.000000 ^ input external delay
   105    0.323480    2.299909    1.616595   21.616596 ^ rst_n (in)
                                                         rst_n (net)
                      2.299909    0.000000   21.616596 ^ _1495_/RESET_B (sky130_fd_sc_hd__dfrtp_2)
                                             21.616596   data arrival time

                      0.150000    0.000000    0.000000   clock clk_10mhz (rise edge)
                                  0.000000    0.000000   clock network delay (ideal)
                                  0.250000    0.250000   clock uncertainty
                                  0.000000    0.250000   clock reconvergence pessimism
                                              0.250000 ^ _1495_/CLK (sky130_fd_sc_hd__dfrtp_2)
                                  1.364340    1.614340   library removal time
                                              1.614340   data required time
---------------------------------------------------------------------------------------------
                                              1.614340   data required time
                                            -21.616596   data arrival time
---------------------------------------------------------------------------------------------
                                             20.002254   slack (MET)


Startpoint: rst_n (input port clocked by clk_10mhz)
Endpoint: _1496_ (removal check against rising-edge clock clk_10mhz)
Path Group: asynchronous
Path Type: min

Fanout         Cap        Slew       Delay        Time   Description
---------------------------------------------------------------------------------------------
                      0.150000    0.000000    0.000000   clock clk_10mhz (rise edge)
                                  0.000000    0.000000   clock network delay (ideal)
                                 20.000000   20.000000 ^ input external delay
   105    0.323480    2.299909    1.616595   21.616596 ^ rst_n (in)
                                                         rst_n (net)
                      2.299909    0.000000   21.616596 ^ _1496_/RESET_B (sky130_fd_sc_hd__dfrtp_2)
                                             21.616596   data arrival time

                      0.150000    0.000000    0.000000   clock clk_10mhz (rise edge)
                                  0.000000    0.000000   clock network delay (ideal)
                                  0.250000    0.250000   clock uncertainty
                                  0.000000    0.250000   clock reconvergence pessimism
                                              0.250000 ^ _1496_/CLK (sky130_fd_sc_hd__dfrtp_2)
                                  1.364340    1.614340   library removal time
                                              1.614340   data required time
---------------------------------------------------------------------------------------------
                                              1.614340   data required time
                                            -21.616596   data arrival time
---------------------------------------------------------------------------------------------
                                             20.002254   slack (MET)


Startpoint: rst_n (input port clocked by clk_10mhz)
Endpoint: _1497_ (removal check against rising-edge clock clk_10mhz)
Path Group: asynchronous
Path Type: min

Fanout         Cap        Slew       Delay        Time   Description
---------------------------------------------------------------------------------------------
                      0.150000    0.000000    0.000000   clock clk_10mhz (rise edge)
                                  0.000000    0.000000   clock network delay (ideal)
                                 20.000000   20.000000 ^ input external delay
   105    0.323480    2.299909    1.616595   21.616596 ^ rst_n (in)
                                                         rst_n (net)
                      2.299909    0.000000   21.616596 ^ _1497_/RESET_B (sky130_fd_sc_hd__dfrtp_2)
                                             21.616596   data arrival time

                      0.150000    0.000000    0.000000   clock clk_10mhz (rise edge)
                                  0.000000    0.000000   clock network delay (ideal)
                                  0.250000    0.250000   clock uncertainty
                                  0.000000    0.250000   clock reconvergence pessimism
                                              0.250000 ^ _1497_/CLK (sky130_fd_sc_hd__dfrtp_2)
                                  1.364340    1.614340   library removal time
                                              1.614340   data required time
---------------------------------------------------------------------------------------------
                                              1.614340   data required time
                                            -21.616596   data arrival time
---------------------------------------------------------------------------------------------
                                             20.002254   slack (MET)


Startpoint: rst_n (input port clocked by clk_10mhz)
Endpoint: _1498_ (removal check against rising-edge clock clk_10mhz)
Path Group: asynchronous
Path Type: min

Fanout         Cap        Slew       Delay        Time   Description
---------------------------------------------------------------------------------------------
                      0.150000    0.000000    0.000000   clock clk_10mhz (rise edge)
                                  0.000000    0.000000   clock network delay (ideal)
                                 20.000000   20.000000 ^ input external delay
   105    0.323480    2.299909    1.616595   21.616596 ^ rst_n (in)
                                                         rst_n (net)
                      2.299909    0.000000   21.616596 ^ _1498_/RESET_B (sky130_fd_sc_hd__dfrtp_2)
                                             21.616596   data arrival time

                      0.150000    0.000000    0.000000   clock clk_10mhz (rise edge)
                                  0.000000    0.000000   clock network delay (ideal)
                                  0.250000    0.250000   clock uncertainty
                                  0.000000    0.250000   clock reconvergence pessimism
                                              0.250000 ^ _1498_/CLK (sky130_fd_sc_hd__dfrtp_2)
                                  1.364340    1.614340   library removal time
                                              1.614340   data required time
---------------------------------------------------------------------------------------------
                                              1.614340   data required time
                                            -21.616596   data arrival time
---------------------------------------------------------------------------------------------
                                             20.002254   slack (MET)


Startpoint: rst_n (input port clocked by clk_10mhz)
Endpoint: _1499_ (removal check against rising-edge clock clk_10mhz)
Path Group: asynchronous
Path Type: min

Fanout         Cap        Slew       Delay        Time   Description
---------------------------------------------------------------------------------------------
                      0.150000    0.000000    0.000000   clock clk_10mhz (rise edge)
                                  0.000000    0.000000   clock network delay (ideal)
                                 20.000000   20.000000 ^ input external delay
   105    0.323480    2.299909    1.616595   21.616596 ^ rst_n (in)
                                                         rst_n (net)
                      2.299909    0.000000   21.616596 ^ _1499_/RESET_B (sky130_fd_sc_hd__dfrtp_2)
                                             21.616596   data arrival time

                      0.150000    0.000000    0.000000   clock clk_10mhz (rise edge)
                                  0.000000    0.000000   clock network delay (ideal)
                                  0.250000    0.250000   clock uncertainty
                                  0.000000    0.250000   clock reconvergence pessimism
                                              0.250000 ^ _1499_/CLK (sky130_fd_sc_hd__dfrtp_2)
                                  1.364340    1.614340   library removal time
                                              1.614340   data required time
---------------------------------------------------------------------------------------------
                                              1.614340   data required time
                                            -21.616596   data arrival time
---------------------------------------------------------------------------------------------
                                             20.002254   slack (MET)


Startpoint: rst_n (input port clocked by clk_10mhz)
Endpoint: _1500_ (removal check against rising-edge clock clk_10mhz)
Path Group: asynchronous
Path Type: min

Fanout         Cap        Slew       Delay        Time   Description
---------------------------------------------------------------------------------------------
                      0.150000    0.000000    0.000000   clock clk_10mhz (rise edge)
                                  0.000000    0.000000   clock network delay (ideal)
                                 20.000000   20.000000 ^ input external delay
   105    0.323480    2.299909    1.616595   21.616596 ^ rst_n (in)
                                                         rst_n (net)
                      2.299909    0.000000   21.616596 ^ _1500_/RESET_B (sky130_fd_sc_hd__dfrtp_2)
                                             21.616596   data arrival time

                      0.150000    0.000000    0.000000   clock clk_10mhz (rise edge)
                                  0.000000    0.000000   clock network delay (ideal)
                                  0.250000    0.250000   clock uncertainty
                                  0.000000    0.250000   clock reconvergence pessimism
                                              0.250000 ^ _1500_/CLK (sky130_fd_sc_hd__dfrtp_2)
                                  1.364340    1.614340   library removal time
                                              1.614340   data required time
---------------------------------------------------------------------------------------------
                                              1.614340   data required time
                                            -21.616596   data arrival time
---------------------------------------------------------------------------------------------
                                             20.002254   slack (MET)


Startpoint: rst_n (input port clocked by clk_10mhz)
Endpoint: _1501_ (removal check against rising-edge clock clk_10mhz)
Path Group: asynchronous
Path Type: min

Fanout         Cap        Slew       Delay        Time   Description
---------------------------------------------------------------------------------------------
                      0.150000    0.000000    0.000000   clock clk_10mhz (rise edge)
                                  0.000000    0.000000   clock network delay (ideal)
                                 20.000000   20.000000 ^ input external delay
   105    0.323480    2.299909    1.616595   21.616596 ^ rst_n (in)
                                                         rst_n (net)
                      2.299909    0.000000   21.616596 ^ _1501_/RESET_B (sky130_fd_sc_hd__dfrtp_2)
                                             21.616596   data arrival time

                      0.150000    0.000000    0.000000   clock clk_10mhz (rise edge)
                                  0.000000    0.000000   clock network delay (ideal)
                                  0.250000    0.250000   clock uncertainty
                                  0.000000    0.250000   clock reconvergence pessimism
                                              0.250000 ^ _1501_/CLK (sky130_fd_sc_hd__dfrtp_2)
                                  1.364340    1.614340   library removal time
                                              1.614340   data required time
---------------------------------------------------------------------------------------------
                                              1.614340   data required time
                                            -21.616596   data arrival time
---------------------------------------------------------------------------------------------
                                             20.002254   slack (MET)


Startpoint: rst_n (input port clocked by clk_10mhz)
Endpoint: _1502_ (removal check against rising-edge clock clk_10mhz)
Path Group: asynchronous
Path Type: min

Fanout         Cap        Slew       Delay        Time   Description
---------------------------------------------------------------------------------------------
                      0.150000    0.000000    0.000000   clock clk_10mhz (rise edge)
                                  0.000000    0.000000   clock network delay (ideal)
                                 20.000000   20.000000 ^ input external delay
   105    0.323480    2.299909    1.616595   21.616596 ^ rst_n (in)
                                                         rst_n (net)
                      2.299909    0.000000   21.616596 ^ _1502_/RESET_B (sky130_fd_sc_hd__dfrtp_2)
                                             21.616596   data arrival time

                      0.150000    0.000000    0.000000   clock clk_10mhz (rise edge)
                                  0.000000    0.000000   clock network delay (ideal)
                                  0.250000    0.250000   clock uncertainty
                                  0.000000    0.250000   clock reconvergence pessimism
                                              0.250000 ^ _1502_/CLK (sky130_fd_sc_hd__dfrtp_2)
                                  1.364340    1.614340   library removal time
                                              1.614340   data required time
---------------------------------------------------------------------------------------------
                                              1.614340   data required time
                                            -21.616596   data arrival time
---------------------------------------------------------------------------------------------
                                             20.002254   slack (MET)


Startpoint: rst_n (input port clocked by clk_10mhz)
Endpoint: _1503_ (removal check against rising-edge clock clk_10mhz)
Path Group: asynchronous
Path Type: min

Fanout         Cap        Slew       Delay        Time   Description
---------------------------------------------------------------------------------------------
                      0.150000    0.000000    0.000000   clock clk_10mhz (rise edge)
                                  0.000000    0.000000   clock network delay (ideal)
                                 20.000000   20.000000 ^ input external delay
   105    0.323480    2.299909    1.616595   21.616596 ^ rst_n (in)
                                                         rst_n (net)
                      2.299909    0.000000   21.616596 ^ _1503_/RESET_B (sky130_fd_sc_hd__dfrtp_2)
                                             21.616596   data arrival time

                      0.150000    0.000000    0.000000   clock clk_10mhz (rise edge)
                                  0.000000    0.000000   clock network delay (ideal)
                                  0.250000    0.250000   clock uncertainty
                                  0.000000    0.250000   clock reconvergence pessimism
                                              0.250000 ^ _1503_/CLK (sky130_fd_sc_hd__dfrtp_2)
                                  1.364340    1.614340   library removal time
                                              1.614340   data required time
---------------------------------------------------------------------------------------------
                                              1.614340   data required time
                                            -21.616596   data arrival time
---------------------------------------------------------------------------------------------
                                             20.002254   slack (MET)


Startpoint: rst_n (input port clocked by clk_10mhz)
Endpoint: _1504_ (removal check against rising-edge clock clk_10mhz)
Path Group: asynchronous
Path Type: min

Fanout         Cap        Slew       Delay        Time   Description
---------------------------------------------------------------------------------------------
                      0.150000    0.000000    0.000000   clock clk_10mhz (rise edge)
                                  0.000000    0.000000   clock network delay (ideal)
                                 20.000000   20.000000 ^ input external delay
   105    0.323480    2.299909    1.616595   21.616596 ^ rst_n (in)
                                                         rst_n (net)
                      2.299909    0.000000   21.616596 ^ _1504_/RESET_B (sky130_fd_sc_hd__dfrtp_2)
                                             21.616596   data arrival time

                      0.150000    0.000000    0.000000   clock clk_10mhz (rise edge)
                                  0.000000    0.000000   clock network delay (ideal)
                                  0.250000    0.250000   clock uncertainty
                                  0.000000    0.250000   clock reconvergence pessimism
                                              0.250000 ^ _1504_/CLK (sky130_fd_sc_hd__dfrtp_2)
                                  1.364340    1.614340   library removal time
                                              1.614340   data required time
---------------------------------------------------------------------------------------------
                                              1.614340   data required time
                                            -21.616596   data arrival time
---------------------------------------------------------------------------------------------
                                             20.002254   slack (MET)


Startpoint: rst_n (input port clocked by clk_10mhz)
Endpoint: _1505_ (removal check against rising-edge clock clk_10mhz)
Path Group: asynchronous
Path Type: min

Fanout         Cap        Slew       Delay        Time   Description
---------------------------------------------------------------------------------------------
                      0.150000    0.000000    0.000000   clock clk_10mhz (rise edge)
                                  0.000000    0.000000   clock network delay (ideal)
                                 20.000000   20.000000 ^ input external delay
   105    0.323480    2.299909    1.616595   21.616596 ^ rst_n (in)
                                                         rst_n (net)
                      2.299909    0.000000   21.616596 ^ _1505_/RESET_B (sky130_fd_sc_hd__dfrtp_2)
                                             21.616596   data arrival time

                      0.150000    0.000000    0.000000   clock clk_10mhz (rise edge)
                                  0.000000    0.000000   clock network delay (ideal)
                                  0.250000    0.250000   clock uncertainty
                                  0.000000    0.250000   clock reconvergence pessimism
                                              0.250000 ^ _1505_/CLK (sky130_fd_sc_hd__dfrtp_2)
                                  1.364340    1.614340   library removal time
                                              1.614340   data required time
---------------------------------------------------------------------------------------------
                                              1.614340   data required time
                                            -21.616596   data arrival time
---------------------------------------------------------------------------------------------
                                             20.002254   slack (MET)


Startpoint: rst_n (input port clocked by clk_10mhz)
Endpoint: _1506_ (removal check against rising-edge clock clk_10mhz)
Path Group: asynchronous
Path Type: min

Fanout         Cap        Slew       Delay        Time   Description
---------------------------------------------------------------------------------------------
                      0.150000    0.000000    0.000000   clock clk_10mhz (rise edge)
                                  0.000000    0.000000   clock network delay (ideal)
                                 20.000000   20.000000 ^ input external delay
   105    0.323480    2.299909    1.616595   21.616596 ^ rst_n (in)
                                                         rst_n (net)
                      2.299909    0.000000   21.616596 ^ _1506_/RESET_B (sky130_fd_sc_hd__dfrtp_2)
                                             21.616596   data arrival time

                      0.150000    0.000000    0.000000   clock clk_10mhz (rise edge)
                                  0.000000    0.000000   clock network delay (ideal)
                                  0.250000    0.250000   clock uncertainty
                                  0.000000    0.250000   clock reconvergence pessimism
                                              0.250000 ^ _1506_/CLK (sky130_fd_sc_hd__dfrtp_2)
                                  1.364340    1.614340   library removal time
                                              1.614340   data required time
---------------------------------------------------------------------------------------------
                                              1.614340   data required time
                                            -21.616596   data arrival time
---------------------------------------------------------------------------------------------
                                             20.002254   slack (MET)


Startpoint: rst_n (input port clocked by clk_10mhz)
Endpoint: _1507_ (removal check against rising-edge clock clk_10mhz)
Path Group: asynchronous
Path Type: min

Fanout         Cap        Slew       Delay        Time   Description
---------------------------------------------------------------------------------------------
                      0.150000    0.000000    0.000000   clock clk_10mhz (rise edge)
                                  0.000000    0.000000   clock network delay (ideal)
                                 20.000000   20.000000 ^ input external delay
   105    0.323480    2.299909    1.616595   21.616596 ^ rst_n (in)
                                                         rst_n (net)
                      2.299909    0.000000   21.616596 ^ _1507_/RESET_B (sky130_fd_sc_hd__dfrtp_2)
                                             21.616596   data arrival time

                      0.150000    0.000000    0.000000   clock clk_10mhz (rise edge)
                                  0.000000    0.000000   clock network delay (ideal)
                                  0.250000    0.250000   clock uncertainty
                                  0.000000    0.250000   clock reconvergence pessimism
                                              0.250000 ^ _1507_/CLK (sky130_fd_sc_hd__dfrtp_2)
                                  1.364340    1.614340   library removal time
                                              1.614340   data required time
---------------------------------------------------------------------------------------------
                                              1.614340   data required time
                                            -21.616596   data arrival time
---------------------------------------------------------------------------------------------
                                             20.002254   slack (MET)


Startpoint: rst_n (input port clocked by clk_10mhz)
Endpoint: _1508_ (removal check against rising-edge clock clk_10mhz)
Path Group: asynchronous
Path Type: min

Fanout         Cap        Slew       Delay        Time   Description
---------------------------------------------------------------------------------------------
                      0.150000    0.000000    0.000000   clock clk_10mhz (rise edge)
                                  0.000000    0.000000   clock network delay (ideal)
                                 20.000000   20.000000 ^ input external delay
   105    0.323480    2.299909    1.616595   21.616596 ^ rst_n (in)
                                                         rst_n (net)
                      2.299909    0.000000   21.616596 ^ _1508_/RESET_B (sky130_fd_sc_hd__dfrtp_2)
                                             21.616596   data arrival time

                      0.150000    0.000000    0.000000   clock clk_10mhz (rise edge)
                                  0.000000    0.000000   clock network delay (ideal)
                                  0.250000    0.250000   clock uncertainty
                                  0.000000    0.250000   clock reconvergence pessimism
                                              0.250000 ^ _1508_/CLK (sky130_fd_sc_hd__dfrtp_2)
                                  1.364340    1.614340   library removal time
                                              1.614340   data required time
---------------------------------------------------------------------------------------------
                                              1.614340   data required time
                                            -21.616596   data arrival time
---------------------------------------------------------------------------------------------
                                             20.002254   slack (MET)


Startpoint: rst_n (input port clocked by clk_10mhz)
Endpoint: _1509_ (removal check against rising-edge clock clk_10mhz)
Path Group: asynchronous
Path Type: min

Fanout         Cap        Slew       Delay        Time   Description
---------------------------------------------------------------------------------------------
                      0.150000    0.000000    0.000000   clock clk_10mhz (rise edge)
                                  0.000000    0.000000   clock network delay (ideal)
                                 20.000000   20.000000 ^ input external delay
   105    0.323480    2.299909    1.616595   21.616596 ^ rst_n (in)
                                                         rst_n (net)
                      2.299909    0.000000   21.616596 ^ _1509_/RESET_B (sky130_fd_sc_hd__dfrtp_2)
                                             21.616596   data arrival time

                      0.150000    0.000000    0.000000   clock clk_10mhz (rise edge)
                                  0.000000    0.000000   clock network delay (ideal)
                                  0.250000    0.250000   clock uncertainty
                                  0.000000    0.250000   clock reconvergence pessimism
                                              0.250000 ^ _1509_/CLK (sky130_fd_sc_hd__dfrtp_2)
                                  1.364340    1.614340   library removal time
                                              1.614340   data required time
---------------------------------------------------------------------------------------------
                                              1.614340   data required time
                                            -21.616596   data arrival time
---------------------------------------------------------------------------------------------
                                             20.002254   slack (MET)


Startpoint: rst_n (input port clocked by clk_10mhz)
Endpoint: _1510_ (removal check against rising-edge clock clk_10mhz)
Path Group: asynchronous
Path Type: min

Fanout         Cap        Slew       Delay        Time   Description
---------------------------------------------------------------------------------------------
                      0.150000    0.000000    0.000000   clock clk_10mhz (rise edge)
                                  0.000000    0.000000   clock network delay (ideal)
                                 20.000000   20.000000 ^ input external delay
   105    0.323480    2.299909    1.616595   21.616596 ^ rst_n (in)
                                                         rst_n (net)
                      2.299909    0.000000   21.616596 ^ _1510_/RESET_B (sky130_fd_sc_hd__dfrtp_2)
                                             21.616596   data arrival time

                      0.150000    0.000000    0.000000   clock clk_10mhz (rise edge)
                                  0.000000    0.000000   clock network delay (ideal)
                                  0.250000    0.250000   clock uncertainty
                                  0.000000    0.250000   clock reconvergence pessimism
                                              0.250000 ^ _1510_/CLK (sky130_fd_sc_hd__dfrtp_2)
                                  1.364340    1.614340   library removal time
                                              1.614340   data required time
---------------------------------------------------------------------------------------------
                                              1.614340   data required time
                                            -21.616596   data arrival time
---------------------------------------------------------------------------------------------
                                             20.002254   slack (MET)


Startpoint: rst_n (input port clocked by clk_10mhz)
Endpoint: _1511_ (removal check against rising-edge clock clk_10mhz)
Path Group: asynchronous
Path Type: min

Fanout         Cap        Slew       Delay        Time   Description
---------------------------------------------------------------------------------------------
                      0.150000    0.000000    0.000000   clock clk_10mhz (rise edge)
                                  0.000000    0.000000   clock network delay (ideal)
                                 20.000000   20.000000 ^ input external delay
   105    0.323480    2.299909    1.616595   21.616596 ^ rst_n (in)
                                                         rst_n (net)
                      2.299909    0.000000   21.616596 ^ _1511_/RESET_B (sky130_fd_sc_hd__dfrtp_2)
                                             21.616596   data arrival time

                      0.150000    0.000000    0.000000   clock clk_10mhz (rise edge)
                                  0.000000    0.000000   clock network delay (ideal)
                                  0.250000    0.250000   clock uncertainty
                                  0.000000    0.250000   clock reconvergence pessimism
                                              0.250000 ^ _1511_/CLK (sky130_fd_sc_hd__dfrtp_2)
                                  1.364340    1.614340   library removal time
                                              1.614340   data required time
---------------------------------------------------------------------------------------------
                                              1.614340   data required time
                                            -21.616596   data arrival time
---------------------------------------------------------------------------------------------
                                             20.002254   slack (MET)


Startpoint: rst_n (input port clocked by clk_10mhz)
Endpoint: _1512_ (removal check against rising-edge clock clk_10mhz)
Path Group: asynchronous
Path Type: min

Fanout         Cap        Slew       Delay        Time   Description
---------------------------------------------------------------------------------------------
                      0.150000    0.000000    0.000000   clock clk_10mhz (rise edge)
                                  0.000000    0.000000   clock network delay (ideal)
                                 20.000000   20.000000 ^ input external delay
   105    0.323480    2.299909    1.616595   21.616596 ^ rst_n (in)
                                                         rst_n (net)
                      2.299909    0.000000   21.616596 ^ _1512_/RESET_B (sky130_fd_sc_hd__dfrtp_2)
                                             21.616596   data arrival time

                      0.150000    0.000000    0.000000   clock clk_10mhz (rise edge)
                                  0.000000    0.000000   clock network delay (ideal)
                                  0.250000    0.250000   clock uncertainty
                                  0.000000    0.250000   clock reconvergence pessimism
                                              0.250000 ^ _1512_/CLK (sky130_fd_sc_hd__dfrtp_2)
                                  1.364340    1.614340   library removal time
                                              1.614340   data required time
---------------------------------------------------------------------------------------------
                                              1.614340   data required time
                                            -21.616596   data arrival time
---------------------------------------------------------------------------------------------
                                             20.002254   slack (MET)


Startpoint: rst_n (input port clocked by clk_10mhz)
Endpoint: _1513_ (removal check against rising-edge clock clk_10mhz)
Path Group: asynchronous
Path Type: min

Fanout         Cap        Slew       Delay        Time   Description
---------------------------------------------------------------------------------------------
                      0.150000    0.000000    0.000000   clock clk_10mhz (rise edge)
                                  0.000000    0.000000   clock network delay (ideal)
                                 20.000000   20.000000 ^ input external delay
   105    0.323480    2.299909    1.616595   21.616596 ^ rst_n (in)
                                                         rst_n (net)
                      2.299909    0.000000   21.616596 ^ _1513_/RESET_B (sky130_fd_sc_hd__dfrtp_2)
                                             21.616596   data arrival time

                      0.150000    0.000000    0.000000   clock clk_10mhz (rise edge)
                                  0.000000    0.000000   clock network delay (ideal)
                                  0.250000    0.250000   clock uncertainty
                                  0.000000    0.250000   clock reconvergence pessimism
                                              0.250000 ^ _1513_/CLK (sky130_fd_sc_hd__dfrtp_2)
                                  1.364340    1.614340   library removal time
                                              1.614340   data required time
---------------------------------------------------------------------------------------------
                                              1.614340   data required time
                                            -21.616596   data arrival time
---------------------------------------------------------------------------------------------
                                             20.002254   slack (MET)


Startpoint: rst_n (input port clocked by clk_10mhz)
Endpoint: _1514_ (removal check against rising-edge clock clk_10mhz)
Path Group: asynchronous
Path Type: min

Fanout         Cap        Slew       Delay        Time   Description
---------------------------------------------------------------------------------------------
                      0.150000    0.000000    0.000000   clock clk_10mhz (rise edge)
                                  0.000000    0.000000   clock network delay (ideal)
                                 20.000000   20.000000 ^ input external delay
   105    0.323480    2.299909    1.616595   21.616596 ^ rst_n (in)
                                                         rst_n (net)
                      2.299909    0.000000   21.616596 ^ _1514_/RESET_B (sky130_fd_sc_hd__dfrtp_2)
                                             21.616596   data arrival time

                      0.150000    0.000000    0.000000   clock clk_10mhz (rise edge)
                                  0.000000    0.000000   clock network delay (ideal)
                                  0.250000    0.250000   clock uncertainty
                                  0.000000    0.250000   clock reconvergence pessimism
                                              0.250000 ^ _1514_/CLK (sky130_fd_sc_hd__dfrtp_2)
                                  1.364340    1.614340   library removal time
                                              1.614340   data required time
---------------------------------------------------------------------------------------------
                                              1.614340   data required time
                                            -21.616596   data arrival time
---------------------------------------------------------------------------------------------
                                             20.002254   slack (MET)


Startpoint: rst_n (input port clocked by clk_10mhz)
Endpoint: _1515_ (removal check against rising-edge clock clk_10mhz)
Path Group: asynchronous
Path Type: min

Fanout         Cap        Slew       Delay        Time   Description
---------------------------------------------------------------------------------------------
                      0.150000    0.000000    0.000000   clock clk_10mhz (rise edge)
                                  0.000000    0.000000   clock network delay (ideal)
                                 20.000000   20.000000 ^ input external delay
   105    0.323480    2.299909    1.616595   21.616596 ^ rst_n (in)
                                                         rst_n (net)
                      2.299909    0.000000   21.616596 ^ _1515_/RESET_B (sky130_fd_sc_hd__dfrtp_2)
                                             21.616596   data arrival time

                      0.150000    0.000000    0.000000   clock clk_10mhz (rise edge)
                                  0.000000    0.000000   clock network delay (ideal)
                                  0.250000    0.250000   clock uncertainty
                                  0.000000    0.250000   clock reconvergence pessimism
                                              0.250000 ^ _1515_/CLK (sky130_fd_sc_hd__dfrtp_2)
                                  1.364340    1.614340   library removal time
                                              1.614340   data required time
---------------------------------------------------------------------------------------------
                                              1.614340   data required time
                                            -21.616596   data arrival time
---------------------------------------------------------------------------------------------
                                             20.002254   slack (MET)


Startpoint: rst_n (input port clocked by clk_10mhz)
Endpoint: _1516_ (removal check against rising-edge clock clk_10mhz)
Path Group: asynchronous
Path Type: min

Fanout         Cap        Slew       Delay        Time   Description
---------------------------------------------------------------------------------------------
                      0.150000    0.000000    0.000000   clock clk_10mhz (rise edge)
                                  0.000000    0.000000   clock network delay (ideal)
                                 20.000000   20.000000 ^ input external delay
   105    0.323480    2.299909    1.616595   21.616596 ^ rst_n (in)
                                                         rst_n (net)
                      2.299909    0.000000   21.616596 ^ _1516_/RESET_B (sky130_fd_sc_hd__dfrtp_2)
                                             21.616596   data arrival time

                      0.150000    0.000000    0.000000   clock clk_10mhz (rise edge)
                                  0.000000    0.000000   clock network delay (ideal)
                                  0.250000    0.250000   clock uncertainty
                                  0.000000    0.250000   clock reconvergence pessimism
                                              0.250000 ^ _1516_/CLK (sky130_fd_sc_hd__dfrtp_2)
                                  1.364340    1.614340   library removal time
                                              1.614340   data required time
---------------------------------------------------------------------------------------------
                                              1.614340   data required time
                                            -21.616596   data arrival time
---------------------------------------------------------------------------------------------
                                             20.002254   slack (MET)


Startpoint: rst_n (input port clocked by clk_10mhz)
Endpoint: _1517_ (removal check against rising-edge clock clk_10mhz)
Path Group: asynchronous
Path Type: min

Fanout         Cap        Slew       Delay        Time   Description
---------------------------------------------------------------------------------------------
                      0.150000    0.000000    0.000000   clock clk_10mhz (rise edge)
                                  0.000000    0.000000   clock network delay (ideal)
                                 20.000000   20.000000 ^ input external delay
   105    0.323480    2.299909    1.616595   21.616596 ^ rst_n (in)
                                                         rst_n (net)
                      2.299909    0.000000   21.616596 ^ _1517_/RESET_B (sky130_fd_sc_hd__dfrtp_2)
                                             21.616596   data arrival time

                      0.150000    0.000000    0.000000   clock clk_10mhz (rise edge)
                                  0.000000    0.000000   clock network delay (ideal)
                                  0.250000    0.250000   clock uncertainty
                                  0.000000    0.250000   clock reconvergence pessimism
                                              0.250000 ^ _1517_/CLK (sky130_fd_sc_hd__dfrtp_2)
                                  1.364340    1.614340   library removal time
                                              1.614340   data required time
---------------------------------------------------------------------------------------------
                                              1.614340   data required time
                                            -21.616596   data arrival time
---------------------------------------------------------------------------------------------
                                             20.002254   slack (MET)


Startpoint: rst_n (input port clocked by clk_10mhz)
Endpoint: _1518_ (removal check against rising-edge clock clk_10mhz)
Path Group: asynchronous
Path Type: min

Fanout         Cap        Slew       Delay        Time   Description
---------------------------------------------------------------------------------------------
                      0.150000    0.000000    0.000000   clock clk_10mhz (rise edge)
                                  0.000000    0.000000   clock network delay (ideal)
                                 20.000000   20.000000 ^ input external delay
   105    0.323480    2.299909    1.616595   21.616596 ^ rst_n (in)
                                                         rst_n (net)
                      2.299909    0.000000   21.616596 ^ _1518_/RESET_B (sky130_fd_sc_hd__dfrtp_2)
                                             21.616596   data arrival time

                      0.150000    0.000000    0.000000   clock clk_10mhz (rise edge)
                                  0.000000    0.000000   clock network delay (ideal)
                                  0.250000    0.250000   clock uncertainty
                                  0.000000    0.250000   clock reconvergence pessimism
                                              0.250000 ^ _1518_/CLK (sky130_fd_sc_hd__dfrtp_2)
                                  1.364340    1.614340   library removal time
                                              1.614340   data required time
---------------------------------------------------------------------------------------------
                                              1.614340   data required time
                                            -21.616596   data arrival time
---------------------------------------------------------------------------------------------
                                             20.002254   slack (MET)


Startpoint: rst_n (input port clocked by clk_10mhz)
Endpoint: _1519_ (removal check against rising-edge clock clk_10mhz)
Path Group: asynchronous
Path Type: min

Fanout         Cap        Slew       Delay        Time   Description
---------------------------------------------------------------------------------------------
                      0.150000    0.000000    0.000000   clock clk_10mhz (rise edge)
                                  0.000000    0.000000   clock network delay (ideal)
                                 20.000000   20.000000 ^ input external delay
   105    0.323480    2.299909    1.616595   21.616596 ^ rst_n (in)
                                                         rst_n (net)
                      2.299909    0.000000   21.616596 ^ _1519_/RESET_B (sky130_fd_sc_hd__dfrtp_2)
                                             21.616596   data arrival time

                      0.150000    0.000000    0.000000   clock clk_10mhz (rise edge)
                                  0.000000    0.000000   clock network delay (ideal)
                                  0.250000    0.250000   clock uncertainty
                                  0.000000    0.250000   clock reconvergence pessimism
                                              0.250000 ^ _1519_/CLK (sky130_fd_sc_hd__dfrtp_2)
                                  1.364340    1.614340   library removal time
                                              1.614340   data required time
---------------------------------------------------------------------------------------------
                                              1.614340   data required time
                                            -21.616596   data arrival time
---------------------------------------------------------------------------------------------
                                             20.002254   slack (MET)


Startpoint: rst_n (input port clocked by clk_10mhz)
Endpoint: _1544_ (removal check against rising-edge clock clk_10mhz)
Path Group: asynchronous
Path Type: min

Fanout         Cap        Slew       Delay        Time   Description
---------------------------------------------------------------------------------------------
                      0.150000    0.000000    0.000000   clock clk_10mhz (rise edge)
                                  0.000000    0.000000   clock network delay (ideal)
                                 20.000000   20.000000 ^ input external delay
   105    0.323480    2.299909    1.616595   21.616596 ^ rst_n (in)
                                                         rst_n (net)
                      2.299909    0.000000   21.616596 ^ _1544_/RESET_B (sky130_fd_sc_hd__dfrtp_2)
                                             21.616596   data arrival time

                      0.150000    0.000000    0.000000   clock clk_10mhz (rise edge)
                                  0.000000    0.000000   clock network delay (ideal)
                                  0.250000    0.250000   clock uncertainty
                                  0.000000    0.250000   clock reconvergence pessimism
                                              0.250000 ^ _1544_/CLK (sky130_fd_sc_hd__dfrtp_2)
                                  1.364340    1.614340   library removal time
                                              1.614340   data required time
---------------------------------------------------------------------------------------------
                                              1.614340   data required time
                                            -21.616596   data arrival time
---------------------------------------------------------------------------------------------
                                             20.002254   slack (MET)


Startpoint: rst_n (input port clocked by clk_10mhz)
Endpoint: _1569_ (removal check against rising-edge clock clk_10mhz)
Path Group: asynchronous
Path Type: min

Fanout         Cap        Slew       Delay        Time   Description
---------------------------------------------------------------------------------------------
                      0.150000    0.000000    0.000000   clock clk_10mhz (rise edge)
                                  0.000000    0.000000   clock network delay (ideal)
                                 20.000000   20.000000 ^ input external delay
   105    0.323480    2.299909    1.616595   21.616596 ^ rst_n (in)
                                                         rst_n (net)
                      2.299909    0.000000   21.616596 ^ _1569_/RESET_B (sky130_fd_sc_hd__dfrtp_2)
                                             21.616596   data arrival time

                      0.150000    0.000000    0.000000   clock clk_10mhz (rise edge)
                                  0.000000    0.000000   clock network delay (ideal)
                                  0.250000    0.250000   clock uncertainty
                                  0.000000    0.250000   clock reconvergence pessimism
                                              0.250000 ^ _1569_/CLK (sky130_fd_sc_hd__dfrtp_2)
                                  1.364340    1.614340   library removal time
                                              1.614340   data required time
---------------------------------------------------------------------------------------------
                                              1.614340   data required time
                                            -21.616596   data arrival time
---------------------------------------------------------------------------------------------
                                             20.002254   slack (MET)


Startpoint: rst_n (input port clocked by clk_10mhz)
Endpoint: _1570_ (removal check against rising-edge clock clk_10mhz)
Path Group: asynchronous
Path Type: min

Fanout         Cap        Slew       Delay        Time   Description
---------------------------------------------------------------------------------------------
                      0.150000    0.000000    0.000000   clock clk_10mhz (rise edge)
                                  0.000000    0.000000   clock network delay (ideal)
                                 20.000000   20.000000 ^ input external delay
   105    0.323480    2.299909    1.616595   21.616596 ^ rst_n (in)
                                                         rst_n (net)
                      2.299909    0.000000   21.616596 ^ _1570_/RESET_B (sky130_fd_sc_hd__dfrtp_2)
                                             21.616596   data arrival time

                      0.150000    0.000000    0.000000   clock clk_10mhz (rise edge)
                                  0.000000    0.000000   clock network delay (ideal)
                                  0.250000    0.250000   clock uncertainty
                                  0.000000    0.250000   clock reconvergence pessimism
                                              0.250000 ^ _1570_/CLK (sky130_fd_sc_hd__dfrtp_2)
                                  1.364340    1.614340   library removal time
                                              1.614340   data required time
---------------------------------------------------------------------------------------------
                                              1.614340   data required time
                                            -21.616596   data arrival time
---------------------------------------------------------------------------------------------
                                             20.002254   slack (MET)


Startpoint: rst_n (input port clocked by clk_10mhz)
Endpoint: _1571_ (removal check against rising-edge clock clk_10mhz)
Path Group: asynchronous
Path Type: min

Fanout         Cap        Slew       Delay        Time   Description
---------------------------------------------------------------------------------------------
                      0.150000    0.000000    0.000000   clock clk_10mhz (rise edge)
                                  0.000000    0.000000   clock network delay (ideal)
                                 20.000000   20.000000 ^ input external delay
   105    0.323480    2.299909    1.616595   21.616596 ^ rst_n (in)
                                                         rst_n (net)
                      2.299909    0.000000   21.616596 ^ _1571_/RESET_B (sky130_fd_sc_hd__dfrtp_2)
                                             21.616596   data arrival time

                      0.150000    0.000000    0.000000   clock clk_10mhz (rise edge)
                                  0.000000    0.000000   clock network delay (ideal)
                                  0.250000    0.250000   clock uncertainty
                                  0.000000    0.250000   clock reconvergence pessimism
                                              0.250000 ^ _1571_/CLK (sky130_fd_sc_hd__dfrtp_2)
                                  1.364340    1.614340   library removal time
                                              1.614340   data required time
---------------------------------------------------------------------------------------------
                                              1.614340   data required time
                                            -21.616596   data arrival time
---------------------------------------------------------------------------------------------
                                             20.002254   slack (MET)


Startpoint: rst_n (input port clocked by clk_10mhz)
Endpoint: _1572_ (removal check against rising-edge clock clk_10mhz)
Path Group: asynchronous
Path Type: min

Fanout         Cap        Slew       Delay        Time   Description
---------------------------------------------------------------------------------------------
                      0.150000    0.000000    0.000000   clock clk_10mhz (rise edge)
                                  0.000000    0.000000   clock network delay (ideal)
                                 20.000000   20.000000 ^ input external delay
   105    0.323480    2.299909    1.616595   21.616596 ^ rst_n (in)
                                                         rst_n (net)
                      2.299909    0.000000   21.616596 ^ _1572_/RESET_B (sky130_fd_sc_hd__dfrtp_2)
                                             21.616596   data arrival time

                      0.150000    0.000000    0.000000   clock clk_10mhz (rise edge)
                                  0.000000    0.000000   clock network delay (ideal)
                                  0.250000    0.250000   clock uncertainty
                                  0.000000    0.250000   clock reconvergence pessimism
                                              0.250000 ^ _1572_/CLK (sky130_fd_sc_hd__dfrtp_2)
                                  1.364340    1.614340   library removal time
                                              1.614340   data required time
---------------------------------------------------------------------------------------------
                                              1.614340   data required time
                                            -21.616596   data arrival time
---------------------------------------------------------------------------------------------
                                             20.002254   slack (MET)


Startpoint: rst_n (input port clocked by clk_10mhz)
Endpoint: _1573_ (removal check against rising-edge clock clk_10mhz)
Path Group: asynchronous
Path Type: min

Fanout         Cap        Slew       Delay        Time   Description
---------------------------------------------------------------------------------------------
                      0.150000    0.000000    0.000000   clock clk_10mhz (rise edge)
                                  0.000000    0.000000   clock network delay (ideal)
                                 20.000000   20.000000 ^ input external delay
   105    0.323480    2.299909    1.616595   21.616596 ^ rst_n (in)
                                                         rst_n (net)
                      2.299909    0.000000   21.616596 ^ _1573_/RESET_B (sky130_fd_sc_hd__dfrtp_2)
                                             21.616596   data arrival time

                      0.150000    0.000000    0.000000   clock clk_10mhz (rise edge)
                                  0.000000    0.000000   clock network delay (ideal)
                                  0.250000    0.250000   clock uncertainty
                                  0.000000    0.250000   clock reconvergence pessimism
                                              0.250000 ^ _1573_/CLK (sky130_fd_sc_hd__dfrtp_2)
                                  1.364340    1.614340   library removal time
                                              1.614340   data required time
---------------------------------------------------------------------------------------------
                                              1.614340   data required time
                                            -21.616596   data arrival time
---------------------------------------------------------------------------------------------
                                             20.002254   slack (MET)


Startpoint: rst_n (input port clocked by clk_10mhz)
Endpoint: _1574_ (removal check against rising-edge clock clk_10mhz)
Path Group: asynchronous
Path Type: min

Fanout         Cap        Slew       Delay        Time   Description
---------------------------------------------------------------------------------------------
                      0.150000    0.000000    0.000000   clock clk_10mhz (rise edge)
                                  0.000000    0.000000   clock network delay (ideal)
                                 20.000000   20.000000 ^ input external delay
   105    0.323480    2.299909    1.616595   21.616596 ^ rst_n (in)
                                                         rst_n (net)
                      2.299909    0.000000   21.616596 ^ _1574_/RESET_B (sky130_fd_sc_hd__dfrtp_2)
                                             21.616596   data arrival time

                      0.150000    0.000000    0.000000   clock clk_10mhz (rise edge)
                                  0.000000    0.000000   clock network delay (ideal)
                                  0.250000    0.250000   clock uncertainty
                                  0.000000    0.250000   clock reconvergence pessimism
                                              0.250000 ^ _1574_/CLK (sky130_fd_sc_hd__dfrtp_2)
                                  1.364340    1.614340   library removal time
                                              1.614340   data required time
---------------------------------------------------------------------------------------------
                                              1.614340   data required time
                                            -21.616596   data arrival time
---------------------------------------------------------------------------------------------
                                             20.002254   slack (MET)


Startpoint: rst_n (input port clocked by clk_10mhz)
Endpoint: _1575_ (removal check against rising-edge clock clk_10mhz)
Path Group: asynchronous
Path Type: min

Fanout         Cap        Slew       Delay        Time   Description
---------------------------------------------------------------------------------------------
                      0.150000    0.000000    0.000000   clock clk_10mhz (rise edge)
                                  0.000000    0.000000   clock network delay (ideal)
                                 20.000000   20.000000 ^ input external delay
   105    0.323480    2.299909    1.616595   21.616596 ^ rst_n (in)
                                                         rst_n (net)
                      2.299909    0.000000   21.616596 ^ _1575_/RESET_B (sky130_fd_sc_hd__dfrtp_2)
                                             21.616596   data arrival time

                      0.150000    0.000000    0.000000   clock clk_10mhz (rise edge)
                                  0.000000    0.000000   clock network delay (ideal)
                                  0.250000    0.250000   clock uncertainty
                                  0.000000    0.250000   clock reconvergence pessimism
                                              0.250000 ^ _1575_/CLK (sky130_fd_sc_hd__dfrtp_2)
                                  1.364340    1.614340   library removal time
                                              1.614340   data required time
---------------------------------------------------------------------------------------------
                                              1.614340   data required time
                                            -21.616596   data arrival time
---------------------------------------------------------------------------------------------
                                             20.002254   slack (MET)


Startpoint: rst_n (input port clocked by clk_10mhz)
Endpoint: _1576_ (removal check against rising-edge clock clk_10mhz)
Path Group: asynchronous
Path Type: min

Fanout         Cap        Slew       Delay        Time   Description
---------------------------------------------------------------------------------------------
                      0.150000    0.000000    0.000000   clock clk_10mhz (rise edge)
                                  0.000000    0.000000   clock network delay (ideal)
                                 20.000000   20.000000 ^ input external delay
   105    0.323480    2.299909    1.616595   21.616596 ^ rst_n (in)
                                                         rst_n (net)
                      2.299909    0.000000   21.616596 ^ _1576_/RESET_B (sky130_fd_sc_hd__dfrtp_2)
                                             21.616596   data arrival time

                      0.150000    0.000000    0.000000   clock clk_10mhz (rise edge)
                                  0.000000    0.000000   clock network delay (ideal)
                                  0.250000    0.250000   clock uncertainty
                                  0.000000    0.250000   clock reconvergence pessimism
                                              0.250000 ^ _1576_/CLK (sky130_fd_sc_hd__dfrtp_2)
                                  1.364340    1.614340   library removal time
                                              1.614340   data required time
---------------------------------------------------------------------------------------------
                                              1.614340   data required time
                                            -21.616596   data arrival time
---------------------------------------------------------------------------------------------
                                             20.002254   slack (MET)


Startpoint: rst_n (input port clocked by clk_10mhz)
Endpoint: _1578_ (removal check against rising-edge clock clk_10mhz)
Path Group: asynchronous
Path Type: min

Fanout         Cap        Slew       Delay        Time   Description
---------------------------------------------------------------------------------------------
                      0.150000    0.000000    0.000000   clock clk_10mhz (rise edge)
                                  0.000000    0.000000   clock network delay (ideal)
                                 20.000000   20.000000 ^ input external delay
   105    0.323480    2.299909    1.616595   21.616596 ^ rst_n (in)
                                                         rst_n (net)
                      2.299909    0.000000   21.616596 ^ _1578_/RESET_B (sky130_fd_sc_hd__dfrtp_2)
                                             21.616596   data arrival time

                      0.150000    0.000000    0.000000   clock clk_10mhz (rise edge)
                                  0.000000    0.000000   clock network delay (ideal)
                                  0.250000    0.250000   clock uncertainty
                                  0.000000    0.250000   clock reconvergence pessimism
                                              0.250000 ^ _1578_/CLK (sky130_fd_sc_hd__dfrtp_2)
                                  1.364340    1.614340   library removal time
                                              1.614340   data required time
---------------------------------------------------------------------------------------------
                                              1.614340   data required time
                                            -21.616596   data arrival time
---------------------------------------------------------------------------------------------
                                             20.002254   slack (MET)


Startpoint: rst_n (input port clocked by clk_10mhz)
Endpoint: _1579_ (removal check against rising-edge clock clk_10mhz)
Path Group: asynchronous
Path Type: min

Fanout         Cap        Slew       Delay        Time   Description
---------------------------------------------------------------------------------------------
                      0.150000    0.000000    0.000000   clock clk_10mhz (rise edge)
                                  0.000000    0.000000   clock network delay (ideal)
                                 20.000000   20.000000 ^ input external delay
   105    0.323480    2.299909    1.616595   21.616596 ^ rst_n (in)
                                                         rst_n (net)
                      2.299909    0.000000   21.616596 ^ _1579_/RESET_B (sky130_fd_sc_hd__dfrtp_2)
                                             21.616596   data arrival time

                      0.150000    0.000000    0.000000   clock clk_10mhz (rise edge)
                                  0.000000    0.000000   clock network delay (ideal)
                                  0.250000    0.250000   clock uncertainty
                                  0.000000    0.250000   clock reconvergence pessimism
                                              0.250000 ^ _1579_/CLK (sky130_fd_sc_hd__dfrtp_2)
                                  1.364340    1.614340   library removal time
                                              1.614340   data required time
---------------------------------------------------------------------------------------------
                                              1.614340   data required time
                                            -21.616596   data arrival time
---------------------------------------------------------------------------------------------
                                             20.002254   slack (MET)


Startpoint: rst_n (input port clocked by clk_10mhz)
Endpoint: _1580_ (removal check against rising-edge clock clk_10mhz)
Path Group: asynchronous
Path Type: min

Fanout         Cap        Slew       Delay        Time   Description
---------------------------------------------------------------------------------------------
                      0.150000    0.000000    0.000000   clock clk_10mhz (rise edge)
                                  0.000000    0.000000   clock network delay (ideal)
                                 20.000000   20.000000 ^ input external delay
   105    0.323480    2.299909    1.616595   21.616596 ^ rst_n (in)
                                                         rst_n (net)
                      2.299909    0.000000   21.616596 ^ _1580_/RESET_B (sky130_fd_sc_hd__dfrtp_2)
                                             21.616596   data arrival time

                      0.150000    0.000000    0.000000   clock clk_10mhz (rise edge)
                                  0.000000    0.000000   clock network delay (ideal)
                                  0.250000    0.250000   clock uncertainty
                                  0.000000    0.250000   clock reconvergence pessimism
                                              0.250000 ^ _1580_/CLK (sky130_fd_sc_hd__dfrtp_2)
                                  1.364340    1.614340   library removal time
                                              1.614340   data required time
---------------------------------------------------------------------------------------------
                                              1.614340   data required time
                                            -21.616596   data arrival time
---------------------------------------------------------------------------------------------
                                             20.002254   slack (MET)


Startpoint: rst_n (input port clocked by clk_10mhz)
Endpoint: _1707_ (removal check against rising-edge clock clk_10mhz)
Path Group: asynchronous
Path Type: min

Fanout         Cap        Slew       Delay        Time   Description
---------------------------------------------------------------------------------------------
                      0.150000    0.000000    0.000000   clock clk_10mhz (rise edge)
                                  0.000000    0.000000   clock network delay (ideal)
                                 20.000000   20.000000 ^ input external delay
   105    0.323480    2.299909    1.616595   21.616596 ^ rst_n (in)
                                                         rst_n (net)
                      2.299909    0.000000   21.616596 ^ _1707_/RESET_B (sky130_fd_sc_hd__dfrtp_2)
                                             21.616596   data arrival time

                      0.150000    0.000000    0.000000   clock clk_10mhz (rise edge)
                                  0.000000    0.000000   clock network delay (ideal)
                                  0.250000    0.250000   clock uncertainty
                                  0.000000    0.250000   clock reconvergence pessimism
                                              0.250000 ^ _1707_/CLK (sky130_fd_sc_hd__dfrtp_2)
                                  1.364340    1.614340   library removal time
                                              1.614340   data required time
---------------------------------------------------------------------------------------------
                                              1.614340   data required time
                                            -21.616596   data arrival time
---------------------------------------------------------------------------------------------
                                             20.002254   slack (MET)


Startpoint: rst_n (input port clocked by clk_10mhz)
Endpoint: _1708_ (removal check against rising-edge clock clk_10mhz)
Path Group: asynchronous
Path Type: min

Fanout         Cap        Slew       Delay        Time   Description
---------------------------------------------------------------------------------------------
                      0.150000    0.000000    0.000000   clock clk_10mhz (rise edge)
                                  0.000000    0.000000   clock network delay (ideal)
                                 20.000000   20.000000 ^ input external delay
   105    0.323480    2.299909    1.616595   21.616596 ^ rst_n (in)
                                                         rst_n (net)
                      2.299909    0.000000   21.616596 ^ _1708_/RESET_B (sky130_fd_sc_hd__dfrtp_2)
                                             21.616596   data arrival time

                      0.150000    0.000000    0.000000   clock clk_10mhz (rise edge)
                                  0.000000    0.000000   clock network delay (ideal)
                                  0.250000    0.250000   clock uncertainty
                                  0.000000    0.250000   clock reconvergence pessimism
                                              0.250000 ^ _1708_/CLK (sky130_fd_sc_hd__dfrtp_2)
                                  1.364340    1.614340   library removal time
                                              1.614340   data required time
---------------------------------------------------------------------------------------------
                                              1.614340   data required time
                                            -21.616596   data arrival time
---------------------------------------------------------------------------------------------
                                             20.002254   slack (MET)


Startpoint: rst_n (input port clocked by clk_10mhz)
Endpoint: _1709_ (removal check against rising-edge clock clk_10mhz)
Path Group: asynchronous
Path Type: min

Fanout         Cap        Slew       Delay        Time   Description
---------------------------------------------------------------------------------------------
                      0.150000    0.000000    0.000000   clock clk_10mhz (rise edge)
                                  0.000000    0.000000   clock network delay (ideal)
                                 20.000000   20.000000 ^ input external delay
   105    0.323480    2.299909    1.616595   21.616596 ^ rst_n (in)
                                                         rst_n (net)
                      2.299909    0.000000   21.616596 ^ _1709_/RESET_B (sky130_fd_sc_hd__dfrtp_2)
                                             21.616596   data arrival time

                      0.150000    0.000000    0.000000   clock clk_10mhz (rise edge)
                                  0.000000    0.000000   clock network delay (ideal)
                                  0.250000    0.250000   clock uncertainty
                                  0.000000    0.250000   clock reconvergence pessimism
                                              0.250000 ^ _1709_/CLK (sky130_fd_sc_hd__dfrtp_2)
                                  1.364340    1.614340   library removal time
                                              1.614340   data required time
---------------------------------------------------------------------------------------------
                                              1.614340   data required time
                                            -21.616596   data arrival time
---------------------------------------------------------------------------------------------
                                             20.002254   slack (MET)


Startpoint: rst_n (input port clocked by clk_10mhz)
Endpoint: _1710_ (removal check against rising-edge clock clk_10mhz)
Path Group: asynchronous
Path Type: min

Fanout         Cap        Slew       Delay        Time   Description
---------------------------------------------------------------------------------------------
                      0.150000    0.000000    0.000000   clock clk_10mhz (rise edge)
                                  0.000000    0.000000   clock network delay (ideal)
                                 20.000000   20.000000 ^ input external delay
   105    0.323480    2.299909    1.616595   21.616596 ^ rst_n (in)
                                                         rst_n (net)
                      2.299909    0.000000   21.616596 ^ _1710_/RESET_B (sky130_fd_sc_hd__dfrtp_2)
                                             21.616596   data arrival time

                      0.150000    0.000000    0.000000   clock clk_10mhz (rise edge)
                                  0.000000    0.000000   clock network delay (ideal)
                                  0.250000    0.250000   clock uncertainty
                                  0.000000    0.250000   clock reconvergence pessimism
                                              0.250000 ^ _1710_/CLK (sky130_fd_sc_hd__dfrtp_2)
                                  1.364340    1.614340   library removal time
                                              1.614340   data required time
---------------------------------------------------------------------------------------------
                                              1.614340   data required time
                                            -21.616596   data arrival time
---------------------------------------------------------------------------------------------
                                             20.002254   slack (MET)


Startpoint: rst_n (input port clocked by clk_10mhz)
Endpoint: _1711_ (removal check against rising-edge clock clk_10mhz)
Path Group: asynchronous
Path Type: min

Fanout         Cap        Slew       Delay        Time   Description
---------------------------------------------------------------------------------------------
                      0.150000    0.000000    0.000000   clock clk_10mhz (rise edge)
                                  0.000000    0.000000   clock network delay (ideal)
                                 20.000000   20.000000 ^ input external delay
   105    0.323480    2.299909    1.616595   21.616596 ^ rst_n (in)
                                                         rst_n (net)
                      2.299909    0.000000   21.616596 ^ _1711_/RESET_B (sky130_fd_sc_hd__dfrtp_2)
                                             21.616596   data arrival time

                      0.150000    0.000000    0.000000   clock clk_10mhz (rise edge)
                                  0.000000    0.000000   clock network delay (ideal)
                                  0.250000    0.250000   clock uncertainty
                                  0.000000    0.250000   clock reconvergence pessimism
                                              0.250000 ^ _1711_/CLK (sky130_fd_sc_hd__dfrtp_2)
                                  1.364340    1.614340   library removal time
                                              1.614340   data required time
---------------------------------------------------------------------------------------------
                                              1.614340   data required time
                                            -21.616596   data arrival time
---------------------------------------------------------------------------------------------
                                             20.002254   slack (MET)


Startpoint: rst_n (input port clocked by clk_10mhz)
Endpoint: _1712_ (removal check against rising-edge clock clk_10mhz)
Path Group: asynchronous
Path Type: min

Fanout         Cap        Slew       Delay        Time   Description
---------------------------------------------------------------------------------------------
                      0.150000    0.000000    0.000000   clock clk_10mhz (rise edge)
                                  0.000000    0.000000   clock network delay (ideal)
                                 20.000000   20.000000 ^ input external delay
   105    0.323480    2.299909    1.616595   21.616596 ^ rst_n (in)
                                                         rst_n (net)
                      2.299909    0.000000   21.616596 ^ _1712_/RESET_B (sky130_fd_sc_hd__dfrtp_2)
                                             21.616596   data arrival time

                      0.150000    0.000000    0.000000   clock clk_10mhz (rise edge)
                                  0.000000    0.000000   clock network delay (ideal)
                                  0.250000    0.250000   clock uncertainty
                                  0.000000    0.250000   clock reconvergence pessimism
                                              0.250000 ^ _1712_/CLK (sky130_fd_sc_hd__dfrtp_2)
                                  1.364340    1.614340   library removal time
                                              1.614340   data required time
---------------------------------------------------------------------------------------------
                                              1.614340   data required time
                                            -21.616596   data arrival time
---------------------------------------------------------------------------------------------
                                             20.002254   slack (MET)


Startpoint: rst_n (input port clocked by clk_10mhz)
Endpoint: _1713_ (removal check against rising-edge clock clk_10mhz)
Path Group: asynchronous
Path Type: min

Fanout         Cap        Slew       Delay        Time   Description
---------------------------------------------------------------------------------------------
                      0.150000    0.000000    0.000000   clock clk_10mhz (rise edge)
                                  0.000000    0.000000   clock network delay (ideal)
                                 20.000000   20.000000 ^ input external delay
   105    0.323480    2.299909    1.616595   21.616596 ^ rst_n (in)
                                                         rst_n (net)
                      2.299909    0.000000   21.616596 ^ _1713_/RESET_B (sky130_fd_sc_hd__dfrtp_2)
                                             21.616596   data arrival time

                      0.150000    0.000000    0.000000   clock clk_10mhz (rise edge)
                                  0.000000    0.000000   clock network delay (ideal)
                                  0.250000    0.250000   clock uncertainty
                                  0.000000    0.250000   clock reconvergence pessimism
                                              0.250000 ^ _1713_/CLK (sky130_fd_sc_hd__dfrtp_2)
                                  1.364340    1.614340   library removal time
                                              1.614340   data required time
---------------------------------------------------------------------------------------------
                                              1.614340   data required time
                                            -21.616596   data arrival time
---------------------------------------------------------------------------------------------
                                             20.002254   slack (MET)


Startpoint: rst_n (input port clocked by clk_10mhz)
Endpoint: _1714_ (removal check against rising-edge clock clk_10mhz)
Path Group: asynchronous
Path Type: min

Fanout         Cap        Slew       Delay        Time   Description
---------------------------------------------------------------------------------------------
                      0.150000    0.000000    0.000000   clock clk_10mhz (rise edge)
                                  0.000000    0.000000   clock network delay (ideal)
                                 20.000000   20.000000 ^ input external delay
   105    0.323480    2.299909    1.616595   21.616596 ^ rst_n (in)
                                                         rst_n (net)
                      2.299909    0.000000   21.616596 ^ _1714_/RESET_B (sky130_fd_sc_hd__dfrtp_2)
                                             21.616596   data arrival time

                      0.150000    0.000000    0.000000   clock clk_10mhz (rise edge)
                                  0.000000    0.000000   clock network delay (ideal)
                                  0.250000    0.250000   clock uncertainty
                                  0.000000    0.250000   clock reconvergence pessimism
                                              0.250000 ^ _1714_/CLK (sky130_fd_sc_hd__dfrtp_2)
                                  1.364340    1.614340   library removal time
                                              1.614340   data required time
---------------------------------------------------------------------------------------------
                                              1.614340   data required time
                                            -21.616596   data arrival time
---------------------------------------------------------------------------------------------
                                             20.002254   slack (MET)


Startpoint: rst_n (input port clocked by clk_10mhz)
Endpoint: _1715_ (removal check against rising-edge clock clk_10mhz)
Path Group: asynchronous
Path Type: min

Fanout         Cap        Slew       Delay        Time   Description
---------------------------------------------------------------------------------------------
                      0.150000    0.000000    0.000000   clock clk_10mhz (rise edge)
                                  0.000000    0.000000   clock network delay (ideal)
                                 20.000000   20.000000 ^ input external delay
   105    0.323480    2.299909    1.616595   21.616596 ^ rst_n (in)
                                                         rst_n (net)
                      2.299909    0.000000   21.616596 ^ _1715_/RESET_B (sky130_fd_sc_hd__dfrtp_2)
                                             21.616596   data arrival time

                      0.150000    0.000000    0.000000   clock clk_10mhz (rise edge)
                                  0.000000    0.000000   clock network delay (ideal)
                                  0.250000    0.250000   clock uncertainty
                                  0.000000    0.250000   clock reconvergence pessimism
                                              0.250000 ^ _1715_/CLK (sky130_fd_sc_hd__dfrtp_2)
                                  1.364340    1.614340   library removal time
                                              1.614340   data required time
---------------------------------------------------------------------------------------------
                                              1.614340   data required time
                                            -21.616596   data arrival time
---------------------------------------------------------------------------------------------
                                             20.002254   slack (MET)


Startpoint: rst_n (input port clocked by clk_10mhz)
Endpoint: _1716_ (removal check against rising-edge clock clk_10mhz)
Path Group: asynchronous
Path Type: min

Fanout         Cap        Slew       Delay        Time   Description
---------------------------------------------------------------------------------------------
                      0.150000    0.000000    0.000000   clock clk_10mhz (rise edge)
                                  0.000000    0.000000   clock network delay (ideal)
                                 20.000000   20.000000 ^ input external delay
   105    0.323480    2.299909    1.616595   21.616596 ^ rst_n (in)
                                                         rst_n (net)
                      2.299909    0.000000   21.616596 ^ _1716_/RESET_B (sky130_fd_sc_hd__dfrtp_2)
                                             21.616596   data arrival time

                      0.150000    0.000000    0.000000   clock clk_10mhz (rise edge)
                                  0.000000    0.000000   clock network delay (ideal)
                                  0.250000    0.250000   clock uncertainty
                                  0.000000    0.250000   clock reconvergence pessimism
                                              0.250000 ^ _1716_/CLK (sky130_fd_sc_hd__dfrtp_2)
                                  1.364340    1.614340   library removal time
                                              1.614340   data required time
---------------------------------------------------------------------------------------------
                                              1.614340   data required time
                                            -21.616596   data arrival time
---------------------------------------------------------------------------------------------
                                             20.002254   slack (MET)


Startpoint: rst_n (input port clocked by clk_10mhz)
Endpoint: _1733_ (removal check against rising-edge clock clk_10mhz)
Path Group: asynchronous
Path Type: min

Fanout         Cap        Slew       Delay        Time   Description
---------------------------------------------------------------------------------------------
                      0.150000    0.000000    0.000000   clock clk_10mhz (rise edge)
                                  0.000000    0.000000   clock network delay (ideal)
                                 20.000000   20.000000 ^ input external delay
   105    0.323480    2.299909    1.616595   21.616596 ^ rst_n (in)
                                                         rst_n (net)
                      2.299909    0.000000   21.616596 ^ _1733_/RESET_B (sky130_fd_sc_hd__dfrtp_2)
                                             21.616596   data arrival time

                      0.150000    0.000000    0.000000   clock clk_10mhz (rise edge)
                                  0.000000    0.000000   clock network delay (ideal)
                                  0.250000    0.250000   clock uncertainty
                                  0.000000    0.250000   clock reconvergence pessimism
                                              0.250000 ^ _1733_/CLK (sky130_fd_sc_hd__dfrtp_2)
                                  1.364340    1.614340   library removal time
                                              1.614340   data required time
---------------------------------------------------------------------------------------------
                                              1.614340   data required time
                                            -21.616596   data arrival time
---------------------------------------------------------------------------------------------
                                             20.002254   slack (MET)


Startpoint: rst_n (input port clocked by clk_10mhz)
Endpoint: _1734_ (removal check against rising-edge clock clk_10mhz)
Path Group: asynchronous
Path Type: min

Fanout         Cap        Slew       Delay        Time   Description
---------------------------------------------------------------------------------------------
                      0.150000    0.000000    0.000000   clock clk_10mhz (rise edge)
                                  0.000000    0.000000   clock network delay (ideal)
                                 20.000000   20.000000 ^ input external delay
   105    0.323480    2.299909    1.616595   21.616596 ^ rst_n (in)
                                                         rst_n (net)
                      2.299909    0.000000   21.616596 ^ _1734_/RESET_B (sky130_fd_sc_hd__dfrtp_2)
                                             21.616596   data arrival time

                      0.150000    0.000000    0.000000   clock clk_10mhz (rise edge)
                                  0.000000    0.000000   clock network delay (ideal)
                                  0.250000    0.250000   clock uncertainty
                                  0.000000    0.250000   clock reconvergence pessimism
                                              0.250000 ^ _1734_/CLK (sky130_fd_sc_hd__dfrtp_2)
                                  1.364340    1.614340   library removal time
                                              1.614340   data required time
---------------------------------------------------------------------------------------------
                                              1.614340   data required time
                                            -21.616596   data arrival time
---------------------------------------------------------------------------------------------
                                             20.002254   slack (MET)


Startpoint: rst_n (input port clocked by clk_10mhz)
Endpoint: _1735_ (removal check against rising-edge clock clk_10mhz)
Path Group: asynchronous
Path Type: min

Fanout         Cap        Slew       Delay        Time   Description
---------------------------------------------------------------------------------------------
                      0.150000    0.000000    0.000000   clock clk_10mhz (rise edge)
                                  0.000000    0.000000   clock network delay (ideal)
                                 20.000000   20.000000 ^ input external delay
   105    0.323480    2.299909    1.616595   21.616596 ^ rst_n (in)
                                                         rst_n (net)
                      2.299909    0.000000   21.616596 ^ _1735_/RESET_B (sky130_fd_sc_hd__dfrtp_2)
                                             21.616596   data arrival time

                      0.150000    0.000000    0.000000   clock clk_10mhz (rise edge)
                                  0.000000    0.000000   clock network delay (ideal)
                                  0.250000    0.250000   clock uncertainty
                                  0.000000    0.250000   clock reconvergence pessimism
                                              0.250000 ^ _1735_/CLK (sky130_fd_sc_hd__dfrtp_2)
                                  1.364340    1.614340   library removal time
                                              1.614340   data required time
---------------------------------------------------------------------------------------------
                                              1.614340   data required time
                                            -21.616596   data arrival time
---------------------------------------------------------------------------------------------
                                             20.002254   slack (MET)


Startpoint: rst_n (input port clocked by clk_10mhz)
Endpoint: _1736_ (removal check against rising-edge clock clk_10mhz)
Path Group: asynchronous
Path Type: min

Fanout         Cap        Slew       Delay        Time   Description
---------------------------------------------------------------------------------------------
                      0.150000    0.000000    0.000000   clock clk_10mhz (rise edge)
                                  0.000000    0.000000   clock network delay (ideal)
                                 20.000000   20.000000 ^ input external delay
   105    0.323480    2.299909    1.616595   21.616596 ^ rst_n (in)
                                                         rst_n (net)
                      2.299909    0.000000   21.616596 ^ _1736_/RESET_B (sky130_fd_sc_hd__dfrtp_2)
                                             21.616596   data arrival time

                      0.150000    0.000000    0.000000   clock clk_10mhz (rise edge)
                                  0.000000    0.000000   clock network delay (ideal)
                                  0.250000    0.250000   clock uncertainty
                                  0.000000    0.250000   clock reconvergence pessimism
                                              0.250000 ^ _1736_/CLK (sky130_fd_sc_hd__dfrtp_2)
                                  1.364340    1.614340   library removal time
                                              1.614340   data required time
---------------------------------------------------------------------------------------------
                                              1.614340   data required time
                                            -21.616596   data arrival time
---------------------------------------------------------------------------------------------
                                             20.002254   slack (MET)


Startpoint: rst_n (input port clocked by clk_10mhz)
Endpoint: _1737_ (removal check against rising-edge clock clk_10mhz)
Path Group: asynchronous
Path Type: min

Fanout         Cap        Slew       Delay        Time   Description
---------------------------------------------------------------------------------------------
                      0.150000    0.000000    0.000000   clock clk_10mhz (rise edge)
                                  0.000000    0.000000   clock network delay (ideal)
                                 20.000000   20.000000 ^ input external delay
   105    0.323480    2.299909    1.616595   21.616596 ^ rst_n (in)
                                                         rst_n (net)
                      2.299909    0.000000   21.616596 ^ _1737_/RESET_B (sky130_fd_sc_hd__dfrtp_2)
                                             21.616596   data arrival time

                      0.150000    0.000000    0.000000   clock clk_10mhz (rise edge)
                                  0.000000    0.000000   clock network delay (ideal)
                                  0.250000    0.250000   clock uncertainty
                                  0.000000    0.250000   clock reconvergence pessimism
                                              0.250000 ^ _1737_/CLK (sky130_fd_sc_hd__dfrtp_2)
                                  1.364340    1.614340   library removal time
                                              1.614340   data required time
---------------------------------------------------------------------------------------------
                                              1.614340   data required time
                                            -21.616596   data arrival time
---------------------------------------------------------------------------------------------
                                             20.002254   slack (MET)


Startpoint: rst_n (input port clocked by clk_10mhz)
Endpoint: _1738_ (removal check against rising-edge clock clk_10mhz)
Path Group: asynchronous
Path Type: min

Fanout         Cap        Slew       Delay        Time   Description
---------------------------------------------------------------------------------------------
                      0.150000    0.000000    0.000000   clock clk_10mhz (rise edge)
                                  0.000000    0.000000   clock network delay (ideal)
                                 20.000000   20.000000 ^ input external delay
   105    0.323480    2.299909    1.616595   21.616596 ^ rst_n (in)
                                                         rst_n (net)
                      2.299909    0.000000   21.616596 ^ _1738_/RESET_B (sky130_fd_sc_hd__dfrtp_2)
                                             21.616596   data arrival time

                      0.150000    0.000000    0.000000   clock clk_10mhz (rise edge)
                                  0.000000    0.000000   clock network delay (ideal)
                                  0.250000    0.250000   clock uncertainty
                                  0.000000    0.250000   clock reconvergence pessimism
                                              0.250000 ^ _1738_/CLK (sky130_fd_sc_hd__dfrtp_2)
                                  1.364340    1.614340   library removal time
                                              1.614340   data required time
---------------------------------------------------------------------------------------------
                                              1.614340   data required time
                                            -21.616596   data arrival time
---------------------------------------------------------------------------------------------
                                             20.002254   slack (MET)


Startpoint: rst_n (input port clocked by clk_10mhz)
Endpoint: _1739_ (removal check against rising-edge clock clk_10mhz)
Path Group: asynchronous
Path Type: min

Fanout         Cap        Slew       Delay        Time   Description
---------------------------------------------------------------------------------------------
                      0.150000    0.000000    0.000000   clock clk_10mhz (rise edge)
                                  0.000000    0.000000   clock network delay (ideal)
                                 20.000000   20.000000 ^ input external delay
   105    0.323480    2.299909    1.616595   21.616596 ^ rst_n (in)
                                                         rst_n (net)
                      2.299909    0.000000   21.616596 ^ _1739_/RESET_B (sky130_fd_sc_hd__dfrtp_2)
                                             21.616596   data arrival time

                      0.150000    0.000000    0.000000   clock clk_10mhz (rise edge)
                                  0.000000    0.000000   clock network delay (ideal)
                                  0.250000    0.250000   clock uncertainty
                                  0.000000    0.250000   clock reconvergence pessimism
                                              0.250000 ^ _1739_/CLK (sky130_fd_sc_hd__dfrtp_2)
                                  1.364340    1.614340   library removal time
                                              1.614340   data required time
---------------------------------------------------------------------------------------------
                                              1.614340   data required time
                                            -21.616596   data arrival time
---------------------------------------------------------------------------------------------
                                             20.002254   slack (MET)


Startpoint: rst_n (input port clocked by clk_10mhz)
Endpoint: _1740_ (removal check against rising-edge clock clk_10mhz)
Path Group: asynchronous
Path Type: min

Fanout         Cap        Slew       Delay        Time   Description
---------------------------------------------------------------------------------------------
                      0.150000    0.000000    0.000000   clock clk_10mhz (rise edge)
                                  0.000000    0.000000   clock network delay (ideal)
                                 20.000000   20.000000 ^ input external delay
   105    0.323480    2.299909    1.616595   21.616596 ^ rst_n (in)
                                                         rst_n (net)
                      2.299909    0.000000   21.616596 ^ _1740_/RESET_B (sky130_fd_sc_hd__dfrtp_2)
                                             21.616596   data arrival time

                      0.150000    0.000000    0.000000   clock clk_10mhz (rise edge)
                                  0.000000    0.000000   clock network delay (ideal)
                                  0.250000    0.250000   clock uncertainty
                                  0.000000    0.250000   clock reconvergence pessimism
                                              0.250000 ^ _1740_/CLK (sky130_fd_sc_hd__dfrtp_2)
                                  1.364340    1.614340   library removal time
                                              1.614340   data required time
---------------------------------------------------------------------------------------------
                                              1.614340   data required time
                                            -21.616596   data arrival time
---------------------------------------------------------------------------------------------
                                             20.002254   slack (MET)


Startpoint: rst_n (input port clocked by clk_10mhz)
Endpoint: _1741_ (removal check against rising-edge clock clk_10mhz)
Path Group: asynchronous
Path Type: min

Fanout         Cap        Slew       Delay        Time   Description
---------------------------------------------------------------------------------------------
                      0.150000    0.000000    0.000000   clock clk_10mhz (rise edge)
                                  0.000000    0.000000   clock network delay (ideal)
                                 20.000000   20.000000 ^ input external delay
   105    0.323480    2.299909    1.616595   21.616596 ^ rst_n (in)
                                                         rst_n (net)
                      2.299909    0.000000   21.616596 ^ _1741_/RESET_B (sky130_fd_sc_hd__dfrtp_2)
                                             21.616596   data arrival time

                      0.150000    0.000000    0.000000   clock clk_10mhz (rise edge)
                                  0.000000    0.000000   clock network delay (ideal)
                                  0.250000    0.250000   clock uncertainty
                                  0.000000    0.250000   clock reconvergence pessimism
                                              0.250000 ^ _1741_/CLK (sky130_fd_sc_hd__dfrtp_2)
                                  1.364340    1.614340   library removal time
                                              1.614340   data required time
---------------------------------------------------------------------------------------------
                                              1.614340   data required time
                                            -21.616596   data arrival time
---------------------------------------------------------------------------------------------
                                             20.002254   slack (MET)


Startpoint: rst_n (input port clocked by clk_10mhz)
Endpoint: _1742_ (removal check against rising-edge clock clk_10mhz)
Path Group: asynchronous
Path Type: min

Fanout         Cap        Slew       Delay        Time   Description
---------------------------------------------------------------------------------------------
                      0.150000    0.000000    0.000000   clock clk_10mhz (rise edge)
                                  0.000000    0.000000   clock network delay (ideal)
                                 20.000000   20.000000 ^ input external delay
   105    0.323480    2.299909    1.616595   21.616596 ^ rst_n (in)
                                                         rst_n (net)
                      2.299909    0.000000   21.616596 ^ _1742_/RESET_B (sky130_fd_sc_hd__dfrtp_2)
                                             21.616596   data arrival time

                      0.150000    0.000000    0.000000   clock clk_10mhz (rise edge)
                                  0.000000    0.000000   clock network delay (ideal)
                                  0.250000    0.250000   clock uncertainty
                                  0.000000    0.250000   clock reconvergence pessimism
                                              0.250000 ^ _1742_/CLK (sky130_fd_sc_hd__dfrtp_2)
                                  1.364340    1.614340   library removal time
                                              1.614340   data required time
---------------------------------------------------------------------------------------------
                                              1.614340   data required time
                                            -21.616596   data arrival time
---------------------------------------------------------------------------------------------
                                             20.002254   slack (MET)


Startpoint: rst_n (input port clocked by clk_10mhz)
Endpoint: _1743_ (removal check against rising-edge clock clk_10mhz)
Path Group: asynchronous
Path Type: min

Fanout         Cap        Slew       Delay        Time   Description
---------------------------------------------------------------------------------------------
                      0.150000    0.000000    0.000000   clock clk_10mhz (rise edge)
                                  0.000000    0.000000   clock network delay (ideal)
                                 20.000000   20.000000 ^ input external delay
   105    0.323480    2.299909    1.616595   21.616596 ^ rst_n (in)
                                                         rst_n (net)
                      2.299909    0.000000   21.616596 ^ _1743_/RESET_B (sky130_fd_sc_hd__dfrtp_2)
                                             21.616596   data arrival time

                      0.150000    0.000000    0.000000   clock clk_10mhz (rise edge)
                                  0.000000    0.000000   clock network delay (ideal)
                                  0.250000    0.250000   clock uncertainty
                                  0.000000    0.250000   clock reconvergence pessimism
                                              0.250000 ^ _1743_/CLK (sky130_fd_sc_hd__dfrtp_2)
                                  1.364340    1.614340   library removal time
                                              1.614340   data required time
---------------------------------------------------------------------------------------------
                                              1.614340   data required time
                                            -21.616596   data arrival time
---------------------------------------------------------------------------------------------
                                             20.002254   slack (MET)


Startpoint: rst_n (input port clocked by clk_10mhz)
Endpoint: _1744_ (removal check against rising-edge clock clk_10mhz)
Path Group: asynchronous
Path Type: min

Fanout         Cap        Slew       Delay        Time   Description
---------------------------------------------------------------------------------------------
                      0.150000    0.000000    0.000000   clock clk_10mhz (rise edge)
                                  0.000000    0.000000   clock network delay (ideal)
                                 20.000000   20.000000 ^ input external delay
   105    0.323480    2.299909    1.616595   21.616596 ^ rst_n (in)
                                                         rst_n (net)
                      2.299909    0.000000   21.616596 ^ _1744_/RESET_B (sky130_fd_sc_hd__dfrtp_2)
                                             21.616596   data arrival time

                      0.150000    0.000000    0.000000   clock clk_10mhz (rise edge)
                                  0.000000    0.000000   clock network delay (ideal)
                                  0.250000    0.250000   clock uncertainty
                                  0.000000    0.250000   clock reconvergence pessimism
                                              0.250000 ^ _1744_/CLK (sky130_fd_sc_hd__dfrtp_2)
                                  1.364340    1.614340   library removal time
                                              1.614340   data required time
---------------------------------------------------------------------------------------------
                                              1.614340   data required time
                                            -21.616596   data arrival time
---------------------------------------------------------------------------------------------
                                             20.002254   slack (MET)


Startpoint: rst_n (input port clocked by clk_10mhz)
Endpoint: _1745_ (removal check against rising-edge clock clk_10mhz)
Path Group: asynchronous
Path Type: min

Fanout         Cap        Slew       Delay        Time   Description
---------------------------------------------------------------------------------------------
                      0.150000    0.000000    0.000000   clock clk_10mhz (rise edge)
                                  0.000000    0.000000   clock network delay (ideal)
                                 20.000000   20.000000 ^ input external delay
   105    0.323480    2.299909    1.616595   21.616596 ^ rst_n (in)
                                                         rst_n (net)
                      2.299909    0.000000   21.616596 ^ _1745_/RESET_B (sky130_fd_sc_hd__dfrtp_2)
                                             21.616596   data arrival time

                      0.150000    0.000000    0.000000   clock clk_10mhz (rise edge)
                                  0.000000    0.000000   clock network delay (ideal)
                                  0.250000    0.250000   clock uncertainty
                                  0.000000    0.250000   clock reconvergence pessimism
                                              0.250000 ^ _1745_/CLK (sky130_fd_sc_hd__dfrtp_2)
                                  1.364340    1.614340   library removal time
                                              1.614340   data required time
---------------------------------------------------------------------------------------------
                                              1.614340   data required time
                                            -21.616596   data arrival time
---------------------------------------------------------------------------------------------
                                             20.002254   slack (MET)


Startpoint: rst_n (input port clocked by clk_10mhz)
Endpoint: _1746_ (removal check against rising-edge clock clk_10mhz)
Path Group: asynchronous
Path Type: min

Fanout         Cap        Slew       Delay        Time   Description
---------------------------------------------------------------------------------------------
                      0.150000    0.000000    0.000000   clock clk_10mhz (rise edge)
                                  0.000000    0.000000   clock network delay (ideal)
                                 20.000000   20.000000 ^ input external delay
   105    0.323480    2.299909    1.616595   21.616596 ^ rst_n (in)
                                                         rst_n (net)
                      2.299909    0.000000   21.616596 ^ _1746_/RESET_B (sky130_fd_sc_hd__dfrtp_2)
                                             21.616596   data arrival time

                      0.150000    0.000000    0.000000   clock clk_10mhz (rise edge)
                                  0.000000    0.000000   clock network delay (ideal)
                                  0.250000    0.250000   clock uncertainty
                                  0.000000    0.250000   clock reconvergence pessimism
                                              0.250000 ^ _1746_/CLK (sky130_fd_sc_hd__dfrtp_2)
                                  1.364340    1.614340   library removal time
                                              1.614340   data required time
---------------------------------------------------------------------------------------------
                                              1.614340   data required time
                                            -21.616596   data arrival time
---------------------------------------------------------------------------------------------
                                             20.002254   slack (MET)


Startpoint: rst_n (input port clocked by clk_10mhz)
Endpoint: _1747_ (removal check against rising-edge clock clk_10mhz)
Path Group: asynchronous
Path Type: min

Fanout         Cap        Slew       Delay        Time   Description
---------------------------------------------------------------------------------------------
                      0.150000    0.000000    0.000000   clock clk_10mhz (rise edge)
                                  0.000000    0.000000   clock network delay (ideal)
                                 20.000000   20.000000 ^ input external delay
   105    0.323480    2.299909    1.616595   21.616596 ^ rst_n (in)
                                                         rst_n (net)
                      2.299909    0.000000   21.616596 ^ _1747_/RESET_B (sky130_fd_sc_hd__dfrtp_2)
                                             21.616596   data arrival time

                      0.150000    0.000000    0.000000   clock clk_10mhz (rise edge)
                                  0.000000    0.000000   clock network delay (ideal)
                                  0.250000    0.250000   clock uncertainty
                                  0.000000    0.250000   clock reconvergence pessimism
                                              0.250000 ^ _1747_/CLK (sky130_fd_sc_hd__dfrtp_2)
                                  1.364340    1.614340   library removal time
                                              1.614340   data required time
---------------------------------------------------------------------------------------------
                                              1.614340   data required time
                                            -21.616596   data arrival time
---------------------------------------------------------------------------------------------
                                             20.002254   slack (MET)


Startpoint: rst_n (input port clocked by clk_10mhz)
Endpoint: _1748_ (removal check against rising-edge clock clk_10mhz)
Path Group: asynchronous
Path Type: min

Fanout         Cap        Slew       Delay        Time   Description
---------------------------------------------------------------------------------------------
                      0.150000    0.000000    0.000000   clock clk_10mhz (rise edge)
                                  0.000000    0.000000   clock network delay (ideal)
                                 20.000000   20.000000 ^ input external delay
   105    0.323480    2.299909    1.616595   21.616596 ^ rst_n (in)
                                                         rst_n (net)
                      2.299909    0.000000   21.616596 ^ _1748_/RESET_B (sky130_fd_sc_hd__dfrtp_2)
                                             21.616596   data arrival time

                      0.150000    0.000000    0.000000   clock clk_10mhz (rise edge)
                                  0.000000    0.000000   clock network delay (ideal)
                                  0.250000    0.250000   clock uncertainty
                                  0.000000    0.250000   clock reconvergence pessimism
                                              0.250000 ^ _1748_/CLK (sky130_fd_sc_hd__dfrtp_2)
                                  1.364340    1.614340   library removal time
                                              1.614340   data required time
---------------------------------------------------------------------------------------------
                                              1.614340   data required time
                                            -21.616596   data arrival time
---------------------------------------------------------------------------------------------
                                             20.002254   slack (MET)


Startpoint: rst_n (input port clocked by clk_10mhz)
Endpoint: _1749_ (removal check against rising-edge clock clk_10mhz)
Path Group: asynchronous
Path Type: min

Fanout         Cap        Slew       Delay        Time   Description
---------------------------------------------------------------------------------------------
                      0.150000    0.000000    0.000000   clock clk_10mhz (rise edge)
                                  0.000000    0.000000   clock network delay (ideal)
                                 20.000000   20.000000 ^ input external delay
   105    0.323480    2.299909    1.616595   21.616596 ^ rst_n (in)
                                                         rst_n (net)
                      2.299909    0.000000   21.616596 ^ _1749_/RESET_B (sky130_fd_sc_hd__dfrtp_2)
                                             21.616596   data arrival time

                      0.150000    0.000000    0.000000   clock clk_10mhz (rise edge)
                                  0.000000    0.000000   clock network delay (ideal)
                                  0.250000    0.250000   clock uncertainty
                                  0.000000    0.250000   clock reconvergence pessimism
                                              0.250000 ^ _1749_/CLK (sky130_fd_sc_hd__dfrtp_2)
                                  1.364340    1.614340   library removal time
                                              1.614340   data required time
---------------------------------------------------------------------------------------------
                                              1.614340   data required time
                                            -21.616596   data arrival time
---------------------------------------------------------------------------------------------
                                             20.002254   slack (MET)


Startpoint: rst_n (input port clocked by clk_10mhz)
Endpoint: _1750_ (removal check against rising-edge clock clk_10mhz)
Path Group: asynchronous
Path Type: min

Fanout         Cap        Slew       Delay        Time   Description
---------------------------------------------------------------------------------------------
                      0.150000    0.000000    0.000000   clock clk_10mhz (rise edge)
                                  0.000000    0.000000   clock network delay (ideal)
                                 20.000000   20.000000 ^ input external delay
   105    0.323480    2.299909    1.616595   21.616596 ^ rst_n (in)
                                                         rst_n (net)
                      2.299909    0.000000   21.616596 ^ _1750_/RESET_B (sky130_fd_sc_hd__dfrtp_2)
                                             21.616596   data arrival time

                      0.150000    0.000000    0.000000   clock clk_10mhz (rise edge)
                                  0.000000    0.000000   clock network delay (ideal)
                                  0.250000    0.250000   clock uncertainty
                                  0.000000    0.250000   clock reconvergence pessimism
                                              0.250000 ^ _1750_/CLK (sky130_fd_sc_hd__dfrtp_2)
                                  1.364340    1.614340   library removal time
                                              1.614340   data required time
---------------------------------------------------------------------------------------------
                                              1.614340   data required time
                                            -21.616596   data arrival time
---------------------------------------------------------------------------------------------
                                             20.002254   slack (MET)


Startpoint: rst_n (input port clocked by clk_10mhz)
Endpoint: _1751_ (removal check against rising-edge clock clk_10mhz)
Path Group: asynchronous
Path Type: min

Fanout         Cap        Slew       Delay        Time   Description
---------------------------------------------------------------------------------------------
                      0.150000    0.000000    0.000000   clock clk_10mhz (rise edge)
                                  0.000000    0.000000   clock network delay (ideal)
                                 20.000000   20.000000 ^ input external delay
   105    0.323480    2.299909    1.616595   21.616596 ^ rst_n (in)
                                                         rst_n (net)
                      2.299909    0.000000   21.616596 ^ _1751_/RESET_B (sky130_fd_sc_hd__dfrtp_2)
                                             21.616596   data arrival time

                      0.150000    0.000000    0.000000   clock clk_10mhz (rise edge)
                                  0.000000    0.000000   clock network delay (ideal)
                                  0.250000    0.250000   clock uncertainty
                                  0.000000    0.250000   clock reconvergence pessimism
                                              0.250000 ^ _1751_/CLK (sky130_fd_sc_hd__dfrtp_2)
                                  1.364340    1.614340   library removal time
                                              1.614340   data required time
---------------------------------------------------------------------------------------------
                                              1.614340   data required time
                                            -21.616596   data arrival time
---------------------------------------------------------------------------------------------
                                             20.002254   slack (MET)


Startpoint: rst_n (input port clocked by clk_10mhz)
Endpoint: _1752_ (removal check against rising-edge clock clk_10mhz)
Path Group: asynchronous
Path Type: min

Fanout         Cap        Slew       Delay        Time   Description
---------------------------------------------------------------------------------------------
                      0.150000    0.000000    0.000000   clock clk_10mhz (rise edge)
                                  0.000000    0.000000   clock network delay (ideal)
                                 20.000000   20.000000 ^ input external delay
   105    0.323480    2.299909    1.616595   21.616596 ^ rst_n (in)
                                                         rst_n (net)
                      2.299909    0.000000   21.616596 ^ _1752_/RESET_B (sky130_fd_sc_hd__dfrtp_2)
                                             21.616596   data arrival time

                      0.150000    0.000000    0.000000   clock clk_10mhz (rise edge)
                                  0.000000    0.000000   clock network delay (ideal)
                                  0.250000    0.250000   clock uncertainty
                                  0.000000    0.250000   clock reconvergence pessimism
                                              0.250000 ^ _1752_/CLK (sky130_fd_sc_hd__dfrtp_2)
                                  1.364340    1.614340   library removal time
                                              1.614340   data required time
---------------------------------------------------------------------------------------------
                                              1.614340   data required time
                                            -21.616596   data arrival time
---------------------------------------------------------------------------------------------
                                             20.002254   slack (MET)


Startpoint: rst_n (input port clocked by clk_10mhz)
Endpoint: _1753_ (removal check against rising-edge clock clk_10mhz)
Path Group: asynchronous
Path Type: min

Fanout         Cap        Slew       Delay        Time   Description
---------------------------------------------------------------------------------------------
                      0.150000    0.000000    0.000000   clock clk_10mhz (rise edge)
                                  0.000000    0.000000   clock network delay (ideal)
                                 20.000000   20.000000 ^ input external delay
   105    0.323480    2.299909    1.616595   21.616596 ^ rst_n (in)
                                                         rst_n (net)
                      2.299909    0.000000   21.616596 ^ _1753_/RESET_B (sky130_fd_sc_hd__dfrtp_2)
                                             21.616596   data arrival time

                      0.150000    0.000000    0.000000   clock clk_10mhz (rise edge)
                                  0.000000    0.000000   clock network delay (ideal)
                                  0.250000    0.250000   clock uncertainty
                                  0.000000    0.250000   clock reconvergence pessimism
                                              0.250000 ^ _1753_/CLK (sky130_fd_sc_hd__dfrtp_2)
                                  1.364340    1.614340   library removal time
                                              1.614340   data required time
---------------------------------------------------------------------------------------------
                                              1.614340   data required time
                                            -21.616596   data arrival time
---------------------------------------------------------------------------------------------
                                             20.002254   slack (MET)


Startpoint: rst_n (input port clocked by clk_10mhz)
Endpoint: _1755_ (removal check against rising-edge clock clk_10mhz)
Path Group: asynchronous
Path Type: min

Fanout         Cap        Slew       Delay        Time   Description
---------------------------------------------------------------------------------------------
                      0.150000    0.000000    0.000000   clock clk_10mhz (rise edge)
                                  0.000000    0.000000   clock network delay (ideal)
                                 20.000000   20.000000 ^ input external delay
   105    0.323480    2.299909    1.616595   21.616596 ^ rst_n (in)
                                                         rst_n (net)
                      2.299909    0.000000   21.616596 ^ _1755_/RESET_B (sky130_fd_sc_hd__dfrtp_2)
                                             21.616596   data arrival time

                      0.150000    0.000000    0.000000   clock clk_10mhz (rise edge)
                                  0.000000    0.000000   clock network delay (ideal)
                                  0.250000    0.250000   clock uncertainty
                                  0.000000    0.250000   clock reconvergence pessimism
                                              0.250000 ^ _1755_/CLK (sky130_fd_sc_hd__dfrtp_2)
                                  1.364340    1.614340   library removal time
                                              1.614340   data required time
---------------------------------------------------------------------------------------------
                                              1.614340   data required time
                                            -21.616596   data arrival time
---------------------------------------------------------------------------------------------
                                             20.002254   slack (MET)


Startpoint: rst_n (input port clocked by clk_10mhz)
Endpoint: _1756_ (removal check against rising-edge clock clk_10mhz)
Path Group: asynchronous
Path Type: min

Fanout         Cap        Slew       Delay        Time   Description
---------------------------------------------------------------------------------------------
                      0.150000    0.000000    0.000000   clock clk_10mhz (rise edge)
                                  0.000000    0.000000   clock network delay (ideal)
                                 20.000000   20.000000 ^ input external delay
   105    0.323480    2.299909    1.616595   21.616596 ^ rst_n (in)
                                                         rst_n (net)
                      2.299909    0.000000   21.616596 ^ _1756_/RESET_B (sky130_fd_sc_hd__dfrtp_2)
                                             21.616596   data arrival time

                      0.150000    0.000000    0.000000   clock clk_10mhz (rise edge)
                                  0.000000    0.000000   clock network delay (ideal)
                                  0.250000    0.250000   clock uncertainty
                                  0.000000    0.250000   clock reconvergence pessimism
                                              0.250000 ^ _1756_/CLK (sky130_fd_sc_hd__dfrtp_2)
                                  1.364340    1.614340   library removal time
                                              1.614340   data required time
---------------------------------------------------------------------------------------------
                                              1.614340   data required time
                                            -21.616596   data arrival time
---------------------------------------------------------------------------------------------
                                             20.002254   slack (MET)


Startpoint: rst_n (input port clocked by clk_10mhz)
Endpoint: _1757_ (removal check against rising-edge clock clk_10mhz)
Path Group: asynchronous
Path Type: min

Fanout         Cap        Slew       Delay        Time   Description
---------------------------------------------------------------------------------------------
                      0.150000    0.000000    0.000000   clock clk_10mhz (rise edge)
                                  0.000000    0.000000   clock network delay (ideal)
                                 20.000000   20.000000 ^ input external delay
   105    0.323480    2.299909    1.616595   21.616596 ^ rst_n (in)
                                                         rst_n (net)
                      2.299909    0.000000   21.616596 ^ _1757_/RESET_B (sky130_fd_sc_hd__dfrtp_2)
                                             21.616596   data arrival time

                      0.150000    0.000000    0.000000   clock clk_10mhz (rise edge)
                                  0.000000    0.000000   clock network delay (ideal)
                                  0.250000    0.250000   clock uncertainty
                                  0.000000    0.250000   clock reconvergence pessimism
                                              0.250000 ^ _1757_/CLK (sky130_fd_sc_hd__dfrtp_2)
                                  1.364340    1.614340   library removal time
                                              1.614340   data required time
---------------------------------------------------------------------------------------------
                                              1.614340   data required time
                                            -21.616596   data arrival time
---------------------------------------------------------------------------------------------
                                             20.002254   slack (MET)


Startpoint: rst_n (input port clocked by clk_10mhz)
Endpoint: _1758_ (removal check against rising-edge clock clk_10mhz)
Path Group: asynchronous
Path Type: min

Fanout         Cap        Slew       Delay        Time   Description
---------------------------------------------------------------------------------------------
                      0.150000    0.000000    0.000000   clock clk_10mhz (rise edge)
                                  0.000000    0.000000   clock network delay (ideal)
                                 20.000000   20.000000 ^ input external delay
   105    0.323480    2.299909    1.616595   21.616596 ^ rst_n (in)
                                                         rst_n (net)
                      2.299909    0.000000   21.616596 ^ _1758_/RESET_B (sky130_fd_sc_hd__dfrtp_2)
                                             21.616596   data arrival time

                      0.150000    0.000000    0.000000   clock clk_10mhz (rise edge)
                                  0.000000    0.000000   clock network delay (ideal)
                                  0.250000    0.250000   clock uncertainty
                                  0.000000    0.250000   clock reconvergence pessimism
                                              0.250000 ^ _1758_/CLK (sky130_fd_sc_hd__dfrtp_2)
                                  1.364340    1.614340   library removal time
                                              1.614340   data required time
---------------------------------------------------------------------------------------------
                                              1.614340   data required time
                                            -21.616596   data arrival time
---------------------------------------------------------------------------------------------
                                             20.002254   slack (MET)


Startpoint: rst_n (input port clocked by clk_10mhz)
Endpoint: _1759_ (removal check against rising-edge clock clk_10mhz)
Path Group: asynchronous
Path Type: min

Fanout         Cap        Slew       Delay        Time   Description
---------------------------------------------------------------------------------------------
                      0.150000    0.000000    0.000000   clock clk_10mhz (rise edge)
                                  0.000000    0.000000   clock network delay (ideal)
                                 20.000000   20.000000 ^ input external delay
   105    0.323480    2.299909    1.616595   21.616596 ^ rst_n (in)
                                                         rst_n (net)
                      2.299909    0.000000   21.616596 ^ _1759_/RESET_B (sky130_fd_sc_hd__dfrtp_2)
                                             21.616596   data arrival time

                      0.150000    0.000000    0.000000   clock clk_10mhz (rise edge)
                                  0.000000    0.000000   clock network delay (ideal)
                                  0.250000    0.250000   clock uncertainty
                                  0.000000    0.250000   clock reconvergence pessimism
                                              0.250000 ^ _1759_/CLK (sky130_fd_sc_hd__dfrtp_2)
                                  1.364340    1.614340   library removal time
                                              1.614340   data required time
---------------------------------------------------------------------------------------------
                                              1.614340   data required time
                                            -21.616596   data arrival time
---------------------------------------------------------------------------------------------
                                             20.002254   slack (MET)


Startpoint: rst_n (input port clocked by clk_10mhz)
Endpoint: _1760_ (removal check against rising-edge clock clk_10mhz)
Path Group: asynchronous
Path Type: min

Fanout         Cap        Slew       Delay        Time   Description
---------------------------------------------------------------------------------------------
                      0.150000    0.000000    0.000000   clock clk_10mhz (rise edge)
                                  0.000000    0.000000   clock network delay (ideal)
                                 20.000000   20.000000 ^ input external delay
   105    0.323480    2.299909    1.616595   21.616596 ^ rst_n (in)
                                                         rst_n (net)
                      2.299909    0.000000   21.616596 ^ _1760_/RESET_B (sky130_fd_sc_hd__dfrtp_2)
                                             21.616596   data arrival time

                      0.150000    0.000000    0.000000   clock clk_10mhz (rise edge)
                                  0.000000    0.000000   clock network delay (ideal)
                                  0.250000    0.250000   clock uncertainty
                                  0.000000    0.250000   clock reconvergence pessimism
                                              0.250000 ^ _1760_/CLK (sky130_fd_sc_hd__dfrtp_2)
                                  1.364340    1.614340   library removal time
                                              1.614340   data required time
---------------------------------------------------------------------------------------------
                                              1.614340   data required time
                                            -21.616596   data arrival time
---------------------------------------------------------------------------------------------
                                             20.002254   slack (MET)


Startpoint: rst_n (input port clocked by clk_10mhz)
Endpoint: _1761_ (removal check against rising-edge clock clk_10mhz)
Path Group: asynchronous
Path Type: min

Fanout         Cap        Slew       Delay        Time   Description
---------------------------------------------------------------------------------------------
                      0.150000    0.000000    0.000000   clock clk_10mhz (rise edge)
                                  0.000000    0.000000   clock network delay (ideal)
                                 20.000000   20.000000 ^ input external delay
   105    0.323480    2.299909    1.616595   21.616596 ^ rst_n (in)
                                                         rst_n (net)
                      2.299909    0.000000   21.616596 ^ _1761_/RESET_B (sky130_fd_sc_hd__dfrtp_2)
                                             21.616596   data arrival time

                      0.150000    0.000000    0.000000   clock clk_10mhz (rise edge)
                                  0.000000    0.000000   clock network delay (ideal)
                                  0.250000    0.250000   clock uncertainty
                                  0.000000    0.250000   clock reconvergence pessimism
                                              0.250000 ^ _1761_/CLK (sky130_fd_sc_hd__dfrtp_2)
                                  1.364340    1.614340   library removal time
                                              1.614340   data required time
---------------------------------------------------------------------------------------------
                                              1.614340   data required time
                                            -21.616596   data arrival time
---------------------------------------------------------------------------------------------
                                             20.002254   slack (MET)


Startpoint: rst_n (input port clocked by clk_10mhz)
Endpoint: _1762_ (removal check against rising-edge clock clk_10mhz)
Path Group: asynchronous
Path Type: min

Fanout         Cap        Slew       Delay        Time   Description
---------------------------------------------------------------------------------------------
                      0.150000    0.000000    0.000000   clock clk_10mhz (rise edge)
                                  0.000000    0.000000   clock network delay (ideal)
                                 20.000000   20.000000 ^ input external delay
   105    0.323480    2.299909    1.616595   21.616596 ^ rst_n (in)
                                                         rst_n (net)
                      2.299909    0.000000   21.616596 ^ _1762_/RESET_B (sky130_fd_sc_hd__dfrtp_2)
                                             21.616596   data arrival time

                      0.150000    0.000000    0.000000   clock clk_10mhz (rise edge)
                                  0.000000    0.000000   clock network delay (ideal)
                                  0.250000    0.250000   clock uncertainty
                                  0.000000    0.250000   clock reconvergence pessimism
                                              0.250000 ^ _1762_/CLK (sky130_fd_sc_hd__dfrtp_2)
                                  1.364340    1.614340   library removal time
                                              1.614340   data required time
---------------------------------------------------------------------------------------------
                                              1.614340   data required time
                                            -21.616596   data arrival time
---------------------------------------------------------------------------------------------
                                             20.002254   slack (MET)


Startpoint: rst_n (input port clocked by clk_10mhz)
Endpoint: _1763_ (removal check against rising-edge clock clk_10mhz)
Path Group: asynchronous
Path Type: min

Fanout         Cap        Slew       Delay        Time   Description
---------------------------------------------------------------------------------------------
                      0.150000    0.000000    0.000000   clock clk_10mhz (rise edge)
                                  0.000000    0.000000   clock network delay (ideal)
                                 20.000000   20.000000 ^ input external delay
   105    0.323480    2.299909    1.616595   21.616596 ^ rst_n (in)
                                                         rst_n (net)
                      2.299909    0.000000   21.616596 ^ _1763_/RESET_B (sky130_fd_sc_hd__dfrtp_2)
                                             21.616596   data arrival time

                      0.150000    0.000000    0.000000   clock clk_10mhz (rise edge)
                                  0.000000    0.000000   clock network delay (ideal)
                                  0.250000    0.250000   clock uncertainty
                                  0.000000    0.250000   clock reconvergence pessimism
                                              0.250000 ^ _1763_/CLK (sky130_fd_sc_hd__dfrtp_2)
                                  1.364340    1.614340   library removal time
                                              1.614340   data required time
---------------------------------------------------------------------------------------------
                                              1.614340   data required time
                                            -21.616596   data arrival time
---------------------------------------------------------------------------------------------
                                             20.002254   slack (MET)


Startpoint: rst_n (input port clocked by clk_10mhz)
Endpoint: _1764_ (removal check against rising-edge clock clk_10mhz)
Path Group: asynchronous
Path Type: min

Fanout         Cap        Slew       Delay        Time   Description
---------------------------------------------------------------------------------------------
                      0.150000    0.000000    0.000000   clock clk_10mhz (rise edge)
                                  0.000000    0.000000   clock network delay (ideal)
                                 20.000000   20.000000 ^ input external delay
   105    0.323480    2.299909    1.616595   21.616596 ^ rst_n (in)
                                                         rst_n (net)
                      2.299909    0.000000   21.616596 ^ _1764_/RESET_B (sky130_fd_sc_hd__dfrtp_2)
                                             21.616596   data arrival time

                      0.150000    0.000000    0.000000   clock clk_10mhz (rise edge)
                                  0.000000    0.000000   clock network delay (ideal)
                                  0.250000    0.250000   clock uncertainty
                                  0.000000    0.250000   clock reconvergence pessimism
                                              0.250000 ^ _1764_/CLK (sky130_fd_sc_hd__dfrtp_2)
                                  1.364340    1.614340   library removal time
                                              1.614340   data required time
---------------------------------------------------------------------------------------------
                                              1.614340   data required time
                                            -21.616596   data arrival time
---------------------------------------------------------------------------------------------
                                             20.002254   slack (MET)


Startpoint: rst_n (input port clocked by clk_10mhz)
Endpoint: _1765_ (removal check against rising-edge clock clk_10mhz)
Path Group: asynchronous
Path Type: min

Fanout         Cap        Slew       Delay        Time   Description
---------------------------------------------------------------------------------------------
                      0.150000    0.000000    0.000000   clock clk_10mhz (rise edge)
                                  0.000000    0.000000   clock network delay (ideal)
                                 20.000000   20.000000 ^ input external delay
   105    0.323480    2.299909    1.616595   21.616596 ^ rst_n (in)
                                                         rst_n (net)
                      2.299909    0.000000   21.616596 ^ _1765_/RESET_B (sky130_fd_sc_hd__dfrtp_2)
                                             21.616596   data arrival time

                      0.150000    0.000000    0.000000   clock clk_10mhz (rise edge)
                                  0.000000    0.000000   clock network delay (ideal)
                                  0.250000    0.250000   clock uncertainty
                                  0.000000    0.250000   clock reconvergence pessimism
                                              0.250000 ^ _1765_/CLK (sky130_fd_sc_hd__dfrtp_2)
                                  1.364340    1.614340   library removal time
                                              1.614340   data required time
---------------------------------------------------------------------------------------------
                                              1.614340   data required time
                                            -21.616596   data arrival time
---------------------------------------------------------------------------------------------
                                             20.002254   slack (MET)


Startpoint: rst_n (input port clocked by clk_10mhz)
Endpoint: _1766_ (removal check against rising-edge clock clk_10mhz)
Path Group: asynchronous
Path Type: min

Fanout         Cap        Slew       Delay        Time   Description
---------------------------------------------------------------------------------------------
                      0.150000    0.000000    0.000000   clock clk_10mhz (rise edge)
                                  0.000000    0.000000   clock network delay (ideal)
                                 20.000000   20.000000 ^ input external delay
   105    0.323480    2.299909    1.616595   21.616596 ^ rst_n (in)
                                                         rst_n (net)
                      2.299909    0.000000   21.616596 ^ _1766_/RESET_B (sky130_fd_sc_hd__dfrtp_2)
                                             21.616596   data arrival time

                      0.150000    0.000000    0.000000   clock clk_10mhz (rise edge)
                                  0.000000    0.000000   clock network delay (ideal)
                                  0.250000    0.250000   clock uncertainty
                                  0.000000    0.250000   clock reconvergence pessimism
                                              0.250000 ^ _1766_/CLK (sky130_fd_sc_hd__dfrtp_2)
                                  1.364340    1.614340   library removal time
                                              1.614340   data required time
---------------------------------------------------------------------------------------------
                                              1.614340   data required time
                                            -21.616596   data arrival time
---------------------------------------------------------------------------------------------
                                             20.002254   slack (MET)


Startpoint: rst_n (input port clocked by clk_10mhz)
Endpoint: _1767_ (removal check against rising-edge clock clk_10mhz)
Path Group: asynchronous
Path Type: min

Fanout         Cap        Slew       Delay        Time   Description
---------------------------------------------------------------------------------------------
                      0.150000    0.000000    0.000000   clock clk_10mhz (rise edge)
                                  0.000000    0.000000   clock network delay (ideal)
                                 20.000000   20.000000 ^ input external delay
   105    0.323480    2.299909    1.616595   21.616596 ^ rst_n (in)
                                                         rst_n (net)
                      2.299909    0.000000   21.616596 ^ _1767_/RESET_B (sky130_fd_sc_hd__dfrtp_2)
                                             21.616596   data arrival time

                      0.150000    0.000000    0.000000   clock clk_10mhz (rise edge)
                                  0.000000    0.000000   clock network delay (ideal)
                                  0.250000    0.250000   clock uncertainty
                                  0.000000    0.250000   clock reconvergence pessimism
                                              0.250000 ^ _1767_/CLK (sky130_fd_sc_hd__dfrtp_2)
                                  1.364340    1.614340   library removal time
                                              1.614340   data required time
---------------------------------------------------------------------------------------------
                                              1.614340   data required time
                                            -21.616596   data arrival time
---------------------------------------------------------------------------------------------
                                             20.002254   slack (MET)


Startpoint: rst_n (input port clocked by clk_10mhz)
Endpoint: _1768_ (removal check against rising-edge clock clk_10mhz)
Path Group: asynchronous
Path Type: min

Fanout         Cap        Slew       Delay        Time   Description
---------------------------------------------------------------------------------------------
                      0.150000    0.000000    0.000000   clock clk_10mhz (rise edge)
                                  0.000000    0.000000   clock network delay (ideal)
                                 20.000000   20.000000 ^ input external delay
   105    0.323480    2.299909    1.616595   21.616596 ^ rst_n (in)
                                                         rst_n (net)
                      2.299909    0.000000   21.616596 ^ _1768_/RESET_B (sky130_fd_sc_hd__dfrtp_2)
                                             21.616596   data arrival time

                      0.150000    0.000000    0.000000   clock clk_10mhz (rise edge)
                                  0.000000    0.000000   clock network delay (ideal)
                                  0.250000    0.250000   clock uncertainty
                                  0.000000    0.250000   clock reconvergence pessimism
                                              0.250000 ^ _1768_/CLK (sky130_fd_sc_hd__dfrtp_2)
                                  1.364340    1.614340   library removal time
                                              1.614340   data required time
---------------------------------------------------------------------------------------------
                                              1.614340   data required time
                                            -21.616596   data arrival time
---------------------------------------------------------------------------------------------
                                             20.002254   slack (MET)


Startpoint: rst_n (input port clocked by clk_10mhz)
Endpoint: _1769_ (removal check against rising-edge clock clk_10mhz)
Path Group: asynchronous
Path Type: min

Fanout         Cap        Slew       Delay        Time   Description
---------------------------------------------------------------------------------------------
                      0.150000    0.000000    0.000000   clock clk_10mhz (rise edge)
                                  0.000000    0.000000   clock network delay (ideal)
                                 20.000000   20.000000 ^ input external delay
   105    0.323480    2.299909    1.616595   21.616596 ^ rst_n (in)
                                                         rst_n (net)
                      2.299909    0.000000   21.616596 ^ _1769_/RESET_B (sky130_fd_sc_hd__dfrtp_2)
                                             21.616596   data arrival time

                      0.150000    0.000000    0.000000   clock clk_10mhz (rise edge)
                                  0.000000    0.000000   clock network delay (ideal)
                                  0.250000    0.250000   clock uncertainty
                                  0.000000    0.250000   clock reconvergence pessimism
                                              0.250000 ^ _1769_/CLK (sky130_fd_sc_hd__dfrtp_2)
                                  1.364340    1.614340   library removal time
                                              1.614340   data required time
---------------------------------------------------------------------------------------------
                                              1.614340   data required time
                                            -21.616596   data arrival time
---------------------------------------------------------------------------------------------
                                             20.002254   slack (MET)


Startpoint: rst_n (input port clocked by clk_10mhz)
Endpoint: _1770_ (removal check against rising-edge clock clk_10mhz)
Path Group: asynchronous
Path Type: min

Fanout         Cap        Slew       Delay        Time   Description
---------------------------------------------------------------------------------------------
                      0.150000    0.000000    0.000000   clock clk_10mhz (rise edge)
                                  0.000000    0.000000   clock network delay (ideal)
                                 20.000000   20.000000 ^ input external delay
   105    0.323480    2.299909    1.616595   21.616596 ^ rst_n (in)
                                                         rst_n (net)
                      2.299909    0.000000   21.616596 ^ _1770_/RESET_B (sky130_fd_sc_hd__dfrtp_2)
                                             21.616596   data arrival time

                      0.150000    0.000000    0.000000   clock clk_10mhz (rise edge)
                                  0.000000    0.000000   clock network delay (ideal)
                                  0.250000    0.250000   clock uncertainty
                                  0.000000    0.250000   clock reconvergence pessimism
                                              0.250000 ^ _1770_/CLK (sky130_fd_sc_hd__dfrtp_2)
                                  1.364340    1.614340   library removal time
                                              1.614340   data required time
---------------------------------------------------------------------------------------------
                                              1.614340   data required time
                                            -21.616596   data arrival time
---------------------------------------------------------------------------------------------
                                             20.002254   slack (MET)


Startpoint: rst_n (input port clocked by clk_10mhz)
Endpoint: _1771_ (removal check against rising-edge clock clk_10mhz)
Path Group: asynchronous
Path Type: min

Fanout         Cap        Slew       Delay        Time   Description
---------------------------------------------------------------------------------------------
                      0.150000    0.000000    0.000000   clock clk_10mhz (rise edge)
                                  0.000000    0.000000   clock network delay (ideal)
                                 20.000000   20.000000 ^ input external delay
   105    0.323480    2.299909    1.616595   21.616596 ^ rst_n (in)
                                                         rst_n (net)
                      2.299909    0.000000   21.616596 ^ _1771_/RESET_B (sky130_fd_sc_hd__dfrtp_2)
                                             21.616596   data arrival time

                      0.150000    0.000000    0.000000   clock clk_10mhz (rise edge)
                                  0.000000    0.000000   clock network delay (ideal)
                                  0.250000    0.250000   clock uncertainty
                                  0.000000    0.250000   clock reconvergence pessimism
                                              0.250000 ^ _1771_/CLK (sky130_fd_sc_hd__dfrtp_2)
                                  1.364340    1.614340   library removal time
                                              1.614340   data required time
---------------------------------------------------------------------------------------------
                                              1.614340   data required time
                                            -21.616596   data arrival time
---------------------------------------------------------------------------------------------
                                             20.002254   slack (MET)


Startpoint: rst_n (input port clocked by clk_10mhz)
Endpoint: _1772_ (removal check against rising-edge clock clk_10mhz)
Path Group: asynchronous
Path Type: min

Fanout         Cap        Slew       Delay        Time   Description
---------------------------------------------------------------------------------------------
                      0.150000    0.000000    0.000000   clock clk_10mhz (rise edge)
                                  0.000000    0.000000   clock network delay (ideal)
                                 20.000000   20.000000 ^ input external delay
   105    0.323480    2.299909    1.616595   21.616596 ^ rst_n (in)
                                                         rst_n (net)
                      2.299909    0.000000   21.616596 ^ _1772_/RESET_B (sky130_fd_sc_hd__dfrtp_2)
                                             21.616596   data arrival time

                      0.150000    0.000000    0.000000   clock clk_10mhz (rise edge)
                                  0.000000    0.000000   clock network delay (ideal)
                                  0.250000    0.250000   clock uncertainty
                                  0.000000    0.250000   clock reconvergence pessimism
                                              0.250000 ^ _1772_/CLK (sky130_fd_sc_hd__dfrtp_2)
                                  1.364340    1.614340   library removal time
                                              1.614340   data required time
---------------------------------------------------------------------------------------------
                                              1.614340   data required time
                                            -21.616596   data arrival time
---------------------------------------------------------------------------------------------
                                             20.002254   slack (MET)


Startpoint: rst_n (input port clocked by clk_10mhz)
Endpoint: _1773_ (removal check against rising-edge clock clk_10mhz)
Path Group: asynchronous
Path Type: min

Fanout         Cap        Slew       Delay        Time   Description
---------------------------------------------------------------------------------------------
                      0.150000    0.000000    0.000000   clock clk_10mhz (rise edge)
                                  0.000000    0.000000   clock network delay (ideal)
                                 20.000000   20.000000 ^ input external delay
   105    0.323480    2.299909    1.616595   21.616596 ^ rst_n (in)
                                                         rst_n (net)
                      2.299909    0.000000   21.616596 ^ _1773_/RESET_B (sky130_fd_sc_hd__dfrtp_2)
                                             21.616596   data arrival time

                      0.150000    0.000000    0.000000   clock clk_10mhz (rise edge)
                                  0.000000    0.000000   clock network delay (ideal)
                                  0.250000    0.250000   clock uncertainty
                                  0.000000    0.250000   clock reconvergence pessimism
                                              0.250000 ^ _1773_/CLK (sky130_fd_sc_hd__dfrtp_2)
                                  1.364340    1.614340   library removal time
                                              1.614340   data required time
---------------------------------------------------------------------------------------------
                                              1.614340   data required time
                                            -21.616596   data arrival time
---------------------------------------------------------------------------------------------
                                             20.002254   slack (MET)


Startpoint: rst_n (input port clocked by clk_10mhz)
Endpoint: _1774_ (removal check against rising-edge clock clk_10mhz)
Path Group: asynchronous
Path Type: min

Fanout         Cap        Slew       Delay        Time   Description
---------------------------------------------------------------------------------------------
                      0.150000    0.000000    0.000000   clock clk_10mhz (rise edge)
                                  0.000000    0.000000   clock network delay (ideal)
                                 20.000000   20.000000 ^ input external delay
   105    0.323480    2.299909    1.616595   21.616596 ^ rst_n (in)
                                                         rst_n (net)
                      2.299909    0.000000   21.616596 ^ _1774_/RESET_B (sky130_fd_sc_hd__dfrtp_2)
                                             21.616596   data arrival time

                      0.150000    0.000000    0.000000   clock clk_10mhz (rise edge)
                                  0.000000    0.000000   clock network delay (ideal)
                                  0.250000    0.250000   clock uncertainty
                                  0.000000    0.250000   clock reconvergence pessimism
                                              0.250000 ^ _1774_/CLK (sky130_fd_sc_hd__dfrtp_2)
                                  1.364340    1.614340   library removal time
                                              1.614340   data required time
---------------------------------------------------------------------------------------------
                                              1.614340   data required time
                                            -21.616596   data arrival time
---------------------------------------------------------------------------------------------
                                             20.002254   slack (MET)


Startpoint: rst_n (input port clocked by clk_10mhz)
Endpoint: _1775_ (removal check against rising-edge clock clk_10mhz)
Path Group: asynchronous
Path Type: min

Fanout         Cap        Slew       Delay        Time   Description
---------------------------------------------------------------------------------------------
                      0.150000    0.000000    0.000000   clock clk_10mhz (rise edge)
                                  0.000000    0.000000   clock network delay (ideal)
                                 20.000000   20.000000 ^ input external delay
   105    0.323480    2.299909    1.616595   21.616596 ^ rst_n (in)
                                                         rst_n (net)
                      2.299909    0.000000   21.616596 ^ _1775_/RESET_B (sky130_fd_sc_hd__dfrtp_2)
                                             21.616596   data arrival time

                      0.150000    0.000000    0.000000   clock clk_10mhz (rise edge)
                                  0.000000    0.000000   clock network delay (ideal)
                                  0.250000    0.250000   clock uncertainty
                                  0.000000    0.250000   clock reconvergence pessimism
                                              0.250000 ^ _1775_/CLK (sky130_fd_sc_hd__dfrtp_2)
                                  1.364340    1.614340   library removal time
                                              1.614340   data required time
---------------------------------------------------------------------------------------------
                                              1.614340   data required time
                                            -21.616596   data arrival time
---------------------------------------------------------------------------------------------
                                             20.002254   slack (MET)


Startpoint: rst_n (input port clocked by clk_10mhz)
Endpoint: _1776_ (removal check against rising-edge clock clk_10mhz)
Path Group: asynchronous
Path Type: min

Fanout         Cap        Slew       Delay        Time   Description
---------------------------------------------------------------------------------------------
                      0.150000    0.000000    0.000000   clock clk_10mhz (rise edge)
                                  0.000000    0.000000   clock network delay (ideal)
                                 20.000000   20.000000 ^ input external delay
   105    0.323480    2.299909    1.616595   21.616596 ^ rst_n (in)
                                                         rst_n (net)
                      2.299909    0.000000   21.616596 ^ _1776_/RESET_B (sky130_fd_sc_hd__dfrtp_2)
                                             21.616596   data arrival time

                      0.150000    0.000000    0.000000   clock clk_10mhz (rise edge)
                                  0.000000    0.000000   clock network delay (ideal)
                                  0.250000    0.250000   clock uncertainty
                                  0.000000    0.250000   clock reconvergence pessimism
                                              0.250000 ^ _1776_/CLK (sky130_fd_sc_hd__dfrtp_2)
                                  1.364340    1.614340   library removal time
                                              1.614340   data required time
---------------------------------------------------------------------------------------------
                                              1.614340   data required time
                                            -21.616596   data arrival time
---------------------------------------------------------------------------------------------
                                             20.002254   slack (MET)


Startpoint: _1754_ (rising edge-triggered flip-flop clocked by clk_10mhz)
Endpoint: uart_tx_pin (output port clocked by clk_10mhz)
Path Group: clk_10mhz
Path Type: min

Fanout         Cap        Slew       Delay        Time   Description
---------------------------------------------------------------------------------------------
                      0.150000    0.000000    0.000000   clock clk_10mhz (rise edge)
                                  0.000000    0.000000   clock network delay (ideal)
                      0.150000    0.000000    0.000000 ^ _1754_/CLK (sky130_fd_sc_hd__dfstp_2)
     1    0.033442    0.157351    0.849287    0.849287 v _1754_/Q (sky130_fd_sc_hd__dfstp_2)
                                                         uart_tx_pin (net)
                      0.157351    0.000000    0.849287 v uart_tx_pin (out)
                                              0.849287   data arrival time

                      0.150000    0.000000    0.000000   clock clk_10mhz (rise edge)
                                  0.000000    0.000000   clock network delay (ideal)
                                  0.250000    0.250000   clock uncertainty
                                  0.000000    0.250000   clock reconvergence pessimism
                                -20.000000  -19.750002   output external delay
                                            -19.750002   data required time
---------------------------------------------------------------------------------------------
                                            -19.750002   data required time
                                             -0.849287   data arrival time
---------------------------------------------------------------------------------------------
                                             20.599289   slack (MET)


Startpoint: _1495_ (rising edge-triggered flip-flop clocked by clk_10mhz)
Endpoint: pwr_ctrl (output port clocked by clk_10mhz)
Path Group: clk_10mhz
Path Type: min

Fanout         Cap        Slew       Delay        Time   Description
---------------------------------------------------------------------------------------------
                      0.150000    0.000000    0.000000   clock clk_10mhz (rise edge)
                                  0.000000    0.000000   clock network delay (ideal)
                      0.150000    0.000000    0.000000 ^ _1495_/CLK (sky130_fd_sc_hd__dfrtp_2)
     2    0.034902    0.291560    0.914122    0.914122 ^ _1495_/Q (sky130_fd_sc_hd__dfrtp_2)
                                                         pwr_ctrl (net)
                      0.291560    0.000000    0.914122 ^ pwr_ctrl (out)
                                              0.914122   data arrival time

                      0.150000    0.000000    0.000000   clock clk_10mhz (rise edge)
                                  0.000000    0.000000   clock network delay (ideal)
                                  0.250000    0.250000   clock uncertainty
                                  0.000000    0.250000   clock reconvergence pessimism
                                -20.000000  -19.750002   output external delay
                                            -19.750002   data required time
---------------------------------------------------------------------------------------------
                                            -19.750002   data required time
                                             -0.914122   data arrival time
---------------------------------------------------------------------------------------------
                                             20.664124   slack (MET)


Startpoint: _1518_ (rising edge-triggered flip-flop clocked by clk_10mhz)
Endpoint: srf_trig (output port clocked by clk_10mhz)
Path Group: clk_10mhz
Path Type: min

Fanout         Cap        Slew       Delay        Time   Description
---------------------------------------------------------------------------------------------
                      0.150000    0.000000    0.000000   clock clk_10mhz (rise edge)
                                  0.000000    0.000000   clock network delay (ideal)
                      0.150000    0.000000    0.000000 ^ _1518_/CLK (sky130_fd_sc_hd__dfrtp_2)
     2    0.035932    0.298613    0.919642    0.919642 ^ _1518_/Q (sky130_fd_sc_hd__dfrtp_2)
                                                         srf_trig (net)
                      0.298613    0.000000    0.919642 ^ srf_trig (out)
                                              0.919642   data arrival time

                      0.150000    0.000000    0.000000   clock clk_10mhz (rise edge)
                                  0.000000    0.000000   clock network delay (ideal)
                                  0.250000    0.250000   clock uncertainty
                                  0.000000    0.250000   clock reconvergence pessimism
                                -20.000000  -19.750002   output external delay
                                            -19.750002   data required time
---------------------------------------------------------------------------------------------
                                            -19.750002   data required time
                                             -0.919642   data arrival time
---------------------------------------------------------------------------------------------
                                             20.669645   slack (MET)


Startpoint: _1739_ (rising edge-triggered flip-flop clocked by clk_10mhz)
Endpoint: led_status[0] (output port clocked by clk_10mhz)
Path Group: clk_10mhz
Path Type: min

Fanout         Cap        Slew       Delay        Time   Description
---------------------------------------------------------------------------------------------
                      0.150000    0.000000    0.000000   clock clk_10mhz (rise edge)
                                  0.000000    0.000000   clock network delay (ideal)
                      0.150000    0.000000    0.000000 ^ _1739_/CLK (sky130_fd_sc_hd__dfrtp_2)
     2    0.004202    0.082209    0.724031    0.724031 ^ _1739_/Q (sky130_fd_sc_hd__dfrtp_2)
                                                         u_uart.busy (net)
                      0.082209    0.000000    0.724031 ^ _1780_/A (sky130_fd_sc_hd__buf_2)
     1    0.033442    0.269971    0.345219    1.069250 ^ _1780_/X (sky130_fd_sc_hd__buf_2)
                                                         led_status[0] (net)
                      0.269971    0.000000    1.069250 ^ led_status[0] (out)
                                              1.069250   data arrival time

                      0.150000    0.000000    0.000000   clock clk_10mhz (rise edge)
                                  0.000000    0.000000   clock network delay (ideal)
                                  0.250000    0.250000   clock uncertainty
                                  0.000000    0.250000   clock reconvergence pessimism
                                -20.000000  -19.750002   output external delay
                                            -19.750002   data required time
---------------------------------------------------------------------------------------------
                                            -19.750002   data required time
                                             -1.069250   data arrival time
---------------------------------------------------------------------------------------------
                                             20.819250   slack (MET)


Startpoint: _1517_ (rising edge-triggered flip-flop clocked by clk_10mhz)
Endpoint: led_status[2] (output port clocked by clk_10mhz)
Path Group: clk_10mhz
Path Type: min

Fanout         Cap        Slew       Delay        Time   Description
---------------------------------------------------------------------------------------------
                      0.150000    0.000000    0.000000   clock clk_10mhz (rise edge)
                                  0.000000    0.000000   clock network delay (ideal)
                      0.150000    0.000000    0.000000 ^ _1517_/CLK (sky130_fd_sc_hd__dfrtp_2)
     3    0.005966    0.095220    0.740357    0.740357 ^ _1517_/Q (sky130_fd_sc_hd__dfrtp_2)
                                                         u_pmu.user_detected (net)
                      0.095220    0.000000    0.740357 ^ _1781_/A (sky130_fd_sc_hd__buf_2)
     1    0.033442    0.269988    0.351321    1.091678 ^ _1781_/X (sky130_fd_sc_hd__buf_2)
                                                         led_status[2] (net)
                      0.269988    0.000000    1.091678 ^ led_status[2] (out)
                                              1.091678   data arrival time

                      0.150000    0.000000    0.000000   clock clk_10mhz (rise edge)
                                  0.000000    0.000000   clock network delay (ideal)
                                  0.250000    0.250000   clock uncertainty
                                  0.000000    0.250000   clock reconvergence pessimism
                                -20.000000  -19.750002   output external delay
                                            -19.750002   data required time
---------------------------------------------------------------------------------------------
                                            -19.750002   data required time
                                             -1.091678   data arrival time
---------------------------------------------------------------------------------------------
                                             20.841679   slack (MET)


Startpoint: _1716_ (rising edge-triggered flip-flop clocked by clk_10mhz)
Endpoint: led_status[1] (output port clocked by clk_10mhz)
Path Group: clk_10mhz
Path Type: min

Fanout         Cap        Slew       Delay        Time   Description
---------------------------------------------------------------------------------------------
                      0.150000    0.000000    0.000000   clock clk_10mhz (rise edge)
                                  0.000000    0.000000   clock network delay (ideal)
                      0.150000    0.000000    0.000000 ^ _1716_/CLK (sky130_fd_sc_hd__dfrtp_2)
     2    0.017884    0.175116    0.821970    0.821970 ^ _1716_/Q (sky130_fd_sc_hd__dfrtp_2)
                                                         u_fifo.wr_ptr[4] (net)
                      0.175116    0.000000    0.821970 ^ _0775_/B (sky130_fd_sc_hd__xnor2_2)
     3    0.010713    0.129793    0.197625    1.019595 v _0775_/Y (sky130_fd_sc_hd__xnor2_2)
                                                         _0492_ (net)
                      0.129793    0.000000    1.019595 v _0776_/B (sky130_fd_sc_hd__nand2b_2)
     4    0.037834    0.319510    0.308063    1.327658 ^ _0776_/Y (sky130_fd_sc_hd__nand2b_2)
                                                         led_status[1] (net)
                      0.319510    0.000000    1.327658 ^ led_status[1] (out)
                                              1.327658   data arrival time

                      0.150000    0.000000    0.000000   clock clk_10mhz (rise edge)
                                  0.000000    0.000000   clock network delay (ideal)
                                  0.250000    0.250000   clock uncertainty
                                  0.000000    0.250000   clock reconvergence pessimism
                                -20.000000  -19.750002   output external delay
                                            -19.750002   data required time
---------------------------------------------------------------------------------------------
                                            -19.750002   data required time
                                             -1.327658   data arrival time
---------------------------------------------------------------------------------------------
                                             21.077660   slack (MET)


Startpoint: _1581_ (rising edge-triggered flip-flop clocked by clk_10mhz)
Endpoint: i2c_scl (output port clocked by clk_10mhz)
Path Group: clk_10mhz
Path Type: min

Fanout         Cap        Slew       Delay        Time   Description
---------------------------------------------------------------------------------------------
                      0.150000    0.000000    0.000000   clock clk_10mhz (rise edge)
                                  0.000000    0.000000   clock network delay (ideal)
                      0.150000    0.000000    0.000000 ^ _1581_/CLK (sky130_fd_sc_hd__dfstp_2)
     2    0.010427    0.069248    0.772209    0.772209 v _1581_/Q (sky130_fd_sc_hd__dfstp_2)
                                                         u_max30102_ctrl.scl_internal (net)
                      0.069248    0.000000    0.772209 v _1494_/A (sky130_fd_sc_hd__buf_1)
     1    0.003866    0.063154    0.170094    0.942303 v _1494_/X (sky130_fd_sc_hd__buf_1)
                                                         _0745_ (net)
                      0.063154    0.000000    0.942303 v _1783_/TE_B (sky130_fd_sc_hd__ebufn_2)
     1    0.036047    0.000000    0.394722    1.337025 v _1783_/Z (sky130_fd_sc_hd__ebufn_2)
                                                         i2c_scl (net)
     0    0.036047    0.000000    0.000000    1.337025 v i2c_scl (inout)
                                                         i2c_scl (net)
                                              1.337025   data arrival time

                      0.150000    0.000000    0.000000   clock clk_10mhz (rise edge)
                                  0.000000    0.000000   clock network delay (ideal)
                                  0.250000    0.250000   clock uncertainty
                                  0.000000    0.250000   clock reconvergence pessimism
                                -20.000000  -19.750002   output external delay
                                            -19.750002   data required time
---------------------------------------------------------------------------------------------
                                            -19.750002   data required time
                                             -1.337025   data arrival time
---------------------------------------------------------------------------------------------
                                             21.087027   slack (MET)


Startpoint: rst_n (input port clocked by clk_10mhz)
Endpoint: _1577_ (removal check against rising-edge clock clk_10mhz)
Path Group: asynchronous
Path Type: min

Fanout         Cap        Slew       Delay        Time   Description
---------------------------------------------------------------------------------------------
                      0.150000    0.000000    0.000000   clock clk_10mhz (rise edge)
                                  0.000000    0.000000   clock network delay (ideal)
                                 20.000000   20.000000 ^ input external delay
   105    0.323480    2.299909    1.616595   21.616596 ^ rst_n (in)
                                                         rst_n (net)
                      2.299909    0.000000   21.616596 ^ _1577_/SET_B (sky130_fd_sc_hd__dfstp_2)
                                             21.616596   data arrival time

                      0.150000    0.000000    0.000000   clock clk_10mhz (rise edge)
                                  0.000000    0.000000   clock network delay (ideal)
                                  0.250000    0.250000   clock uncertainty
                                  0.000000    0.250000   clock reconvergence pessimism
                                              0.250000 ^ _1577_/CLK (sky130_fd_sc_hd__dfstp_2)
                                  0.064999    0.314999   library removal time
                                              0.314999   data required time
---------------------------------------------------------------------------------------------
                                              0.314999   data required time
                                            -21.616596   data arrival time
---------------------------------------------------------------------------------------------
                                             21.301596   slack (MET)


Startpoint: rst_n (input port clocked by clk_10mhz)
Endpoint: _1754_ (removal check against rising-edge clock clk_10mhz)
Path Group: asynchronous
Path Type: min

Fanout         Cap        Slew       Delay        Time   Description
---------------------------------------------------------------------------------------------
                      0.150000    0.000000    0.000000   clock clk_10mhz (rise edge)
                                  0.000000    0.000000   clock network delay (ideal)
                                 20.000000   20.000000 ^ input external delay
   105    0.323480    2.299909    1.616595   21.616596 ^ rst_n (in)
                                                         rst_n (net)
                      2.299909    0.000000   21.616596 ^ _1754_/SET_B (sky130_fd_sc_hd__dfstp_2)
                                             21.616596   data arrival time

                      0.150000    0.000000    0.000000   clock clk_10mhz (rise edge)
                                  0.000000    0.000000   clock network delay (ideal)
                                  0.250000    0.250000   clock uncertainty
                                  0.000000    0.250000   clock reconvergence pessimism
                                              0.250000 ^ _1754_/CLK (sky130_fd_sc_hd__dfstp_2)
                                  0.064999    0.314999   library removal time
                                              0.314999   data required time
---------------------------------------------------------------------------------------------
                                              0.314999   data required time
                                            -21.616596   data arrival time
---------------------------------------------------------------------------------------------
                                             21.301596   slack (MET)



