
Cell sky130_fd_sc_hd__fill_2 (0) disconnected node: VGND
Cell sky130_fd_sc_hd__fill_2 (0) disconnected node: VNB
Cell sky130_fd_sc_hd__fill_2 (0) disconnected node: VPB
Cell sky130_fd_sc_hd__fill_2 (0) disconnected node: VPWR
Cell sky130_fd_sc_hd__fill_2 (1) disconnected node: VGND
Cell sky130_fd_sc_hd__fill_2 (1) disconnected node: VNB
Cell sky130_fd_sc_hd__fill_2 (1) disconnected node: VPB
Cell sky130_fd_sc_hd__fill_2 (1) disconnected node: VPWR

Subcircuit pins:
Circuit 1: sky130_fd_sc_hd__fill_2         |Circuit 2: sky130_fd_sc_hd__fill_2         
-------------------------------------------|-------------------------------------------
VGND                                       |VGND                                       
VNB                                        |VNB                                        
VPB                                        |VPB                                        
VPWR                                       |VPWR                                       
---------------------------------------------------------------------------------------
Cell pin lists are equivalent.
Device classes sky130_fd_sc_hd__fill_2 and sky130_fd_sc_hd__fill_2 are equivalent.

Cell sky130_fd_sc_hd__decap_3 (0) disconnected node: VGND
Cell sky130_fd_sc_hd__decap_3 (0) disconnected node: VNB
Cell sky130_fd_sc_hd__decap_3 (0) disconnected node: VPB
Cell sky130_fd_sc_hd__decap_3 (0) disconnected node: VPWR

Subcircuit pins:
Circuit 1: sky130_fd_sc_hd__decap_3        |Circuit 2: sky130_fd_sc_hd__decap_3        
-------------------------------------------|-------------------------------------------
VGND                                       |VGND                                       
VNB                                        |VNB                                        
VPB                                        |VPB                                        
VPWR                                       |VPWR                                       
---------------------------------------------------------------------------------------
Cell pin lists are equivalent.
Device classes sky130_fd_sc_hd__decap_3 and sky130_fd_sc_hd__decap_3 are equivalent.

Cell sky130_fd_sc_hd__tapvpwrvgnd_1 (0) disconnected node: VGND
Cell sky130_fd_sc_hd__tapvpwrvgnd_1 (0) disconnected node: VPWR
Cell sky130_fd_sc_hd__tapvpwrvgnd_1 (1) disconnected node: VGND
Cell sky130_fd_sc_hd__tapvpwrvgnd_1 (1) disconnected node: VPWR

Subcircuit pins:
Circuit 1: sky130_fd_sc_hd__tapvpwrvgnd_1  |Circuit 2: sky130_fd_sc_hd__tapvpwrvgnd_1  
-------------------------------------------|-------------------------------------------
VGND                                       |VGND                                       
VPWR                                       |VPWR                                       
---------------------------------------------------------------------------------------
Cell pin lists are equivalent.
Device classes sky130_fd_sc_hd__tapvpwrvgnd_1 and sky130_fd_sc_hd__tapvpwrvgnd_1 are equivalent.

Cell sky130_ef_sc_hd__decap_12 (0) disconnected node: VPWR
Cell sky130_ef_sc_hd__decap_12 (0) disconnected node: VGND
Cell sky130_ef_sc_hd__decap_12 (0) disconnected node: VPB
Cell sky130_ef_sc_hd__decap_12 (0) disconnected node: VNB

Subcircuit pins:
Circuit 1: sky130_ef_sc_hd__decap_12       |Circuit 2: sky130_ef_sc_hd__decap_12       
-------------------------------------------|-------------------------------------------
VPWR                                       |VPWR                                       
VGND                                       |VGND                                       
VPB                                        |VPB                                        
VNB                                        |VNB                                        
---------------------------------------------------------------------------------------
Cell pin lists are equivalent.
Device classes sky130_ef_sc_hd__decap_12 and sky130_ef_sc_hd__decap_12 are equivalent.

Cell sky130_fd_sc_hd__decap_4 (0) disconnected node: VGND
Cell sky130_fd_sc_hd__decap_4 (0) disconnected node: VNB
Cell sky130_fd_sc_hd__decap_4 (0) disconnected node: VPB
Cell sky130_fd_sc_hd__decap_4 (0) disconnected node: VPWR

Subcircuit pins:
Circuit 1: sky130_fd_sc_hd__decap_4        |Circuit 2: sky130_fd_sc_hd__decap_4        
-------------------------------------------|-------------------------------------------
VGND                                       |VGND                                       
VNB                                        |VNB                                        
VPB                                        |VPB                                        
VPWR                                       |VPWR                                       
---------------------------------------------------------------------------------------
Cell pin lists are equivalent.
Device classes sky130_fd_sc_hd__decap_4 and sky130_fd_sc_hd__decap_4 are equivalent.

Cell sky130_fd_sc_hd__nor2_4 (0) disconnected node: A
Cell sky130_fd_sc_hd__nor2_4 (0) disconnected node: B
Cell sky130_fd_sc_hd__nor2_4 (0) disconnected node: VGND
Cell sky130_fd_sc_hd__nor2_4 (0) disconnected node: VNB
Cell sky130_fd_sc_hd__nor2_4 (0) disconnected node: VPB
Cell sky130_fd_sc_hd__nor2_4 (0) disconnected node: VPWR
Cell sky130_fd_sc_hd__nor2_4 (0) disconnected node: Y

Subcircuit pins:
Circuit 1: sky130_fd_sc_hd__nor2_4         |Circuit 2: sky130_fd_sc_hd__nor2_4         
-------------------------------------------|-------------------------------------------
A                                          |A                                          
B                                          |B                                          
VGND                                       |VGND                                       
VNB                                        |VNB                                        
VPB                                        |VPB                                        
VPWR                                       |VPWR                                       
Y                                          |Y                                          
---------------------------------------------------------------------------------------
Cell pin lists are equivalent.
Device classes sky130_fd_sc_hd__nor2_4 and sky130_fd_sc_hd__nor2_4 are equivalent.

Cell sky130_fd_sc_hd__dfxtp_1 (0) disconnected node: CLK
Cell sky130_fd_sc_hd__dfxtp_1 (0) disconnected node: D
Cell sky130_fd_sc_hd__dfxtp_1 (0) disconnected node: VGND
Cell sky130_fd_sc_hd__dfxtp_1 (0) disconnected node: VNB
Cell sky130_fd_sc_hd__dfxtp_1 (0) disconnected node: VPB
Cell sky130_fd_sc_hd__dfxtp_1 (0) disconnected node: VPWR
Cell sky130_fd_sc_hd__dfxtp_1 (0) disconnected node: Q

Subcircuit pins:
Circuit 1: sky130_fd_sc_hd__dfxtp_1        |Circuit 2: sky130_fd_sc_hd__dfxtp_1        
-------------------------------------------|-------------------------------------------
CLK                                        |CLK                                        
D                                          |D                                          
VGND                                       |VGND                                       
VNB                                        |VNB                                        
VPB                                        |VPB                                        
VPWR                                       |VPWR                                       
Q                                          |Q                                          
---------------------------------------------------------------------------------------
Cell pin lists are equivalent.
Device classes sky130_fd_sc_hd__dfxtp_1 and sky130_fd_sc_hd__dfxtp_1 are equivalent.

Cell sky130_fd_sc_hd__xor2_1 (0) disconnected node: A
Cell sky130_fd_sc_hd__xor2_1 (0) disconnected node: B
Cell sky130_fd_sc_hd__xor2_1 (0) disconnected node: VGND
Cell sky130_fd_sc_hd__xor2_1 (0) disconnected node: VNB
Cell sky130_fd_sc_hd__xor2_1 (0) disconnected node: VPB
Cell sky130_fd_sc_hd__xor2_1 (0) disconnected node: VPWR
Cell sky130_fd_sc_hd__xor2_1 (0) disconnected node: X

Subcircuit pins:
Circuit 1: sky130_fd_sc_hd__xor2_1         |Circuit 2: sky130_fd_sc_hd__xor2_1         
-------------------------------------------|-------------------------------------------
A                                          |A                                          
B                                          |B                                          
VGND                                       |VGND                                       
VNB                                        |VNB                                        
VPB                                        |VPB                                        
VPWR                                       |VPWR                                       
X                                          |X                                          
---------------------------------------------------------------------------------------
Cell pin lists are equivalent.
Device classes sky130_fd_sc_hd__xor2_1 and sky130_fd_sc_hd__xor2_1 are equivalent.

Cell sky130_fd_sc_hd__a21oi_1 (0) disconnected node: A1
Cell sky130_fd_sc_hd__a21oi_1 (0) disconnected node: A2
Cell sky130_fd_sc_hd__a21oi_1 (0) disconnected node: B1
Cell sky130_fd_sc_hd__a21oi_1 (0) disconnected node: VGND
Cell sky130_fd_sc_hd__a21oi_1 (0) disconnected node: VNB
Cell sky130_fd_sc_hd__a21oi_1 (0) disconnected node: VPB
Cell sky130_fd_sc_hd__a21oi_1 (0) disconnected node: VPWR
Cell sky130_fd_sc_hd__a21oi_1 (0) disconnected node: Y

Subcircuit pins:
Circuit 1: sky130_fd_sc_hd__a21oi_1        |Circuit 2: sky130_fd_sc_hd__a21oi_1        
-------------------------------------------|-------------------------------------------
A1                                         |A1                                         
A2                                         |A2                                         
B1                                         |B1                                         
VGND                                       |VGND                                       
VNB                                        |VNB                                        
VPB                                        |VPB                                        
VPWR                                       |VPWR                                       
Y                                          |Y                                          
---------------------------------------------------------------------------------------
Cell pin lists are equivalent.
Device classes sky130_fd_sc_hd__a21oi_1 and sky130_fd_sc_hd__a21oi_1 are equivalent.

Cell sky130_fd_sc_hd__and3b_1 (0) disconnected node: A_N
Cell sky130_fd_sc_hd__and3b_1 (0) disconnected node: B
Cell sky130_fd_sc_hd__and3b_1 (0) disconnected node: C
Cell sky130_fd_sc_hd__and3b_1 (0) disconnected node: VGND
Cell sky130_fd_sc_hd__and3b_1 (0) disconnected node: VNB
Cell sky130_fd_sc_hd__and3b_1 (0) disconnected node: VPB
Cell sky130_fd_sc_hd__and3b_1 (0) disconnected node: VPWR
Cell sky130_fd_sc_hd__and3b_1 (0) disconnected node: X

Subcircuit pins:
Circuit 1: sky130_fd_sc_hd__and3b_1        |Circuit 2: sky130_fd_sc_hd__and3b_1        
-------------------------------------------|-------------------------------------------
A_N                                        |A_N                                        
B                                          |B                                          
C                                          |C                                          
VGND                                       |VGND                                       
VNB                                        |VNB                                        
VPB                                        |VPB                                        
VPWR                                       |VPWR                                       
X                                          |X                                          
---------------------------------------------------------------------------------------
Cell pin lists are equivalent.
Device classes sky130_fd_sc_hd__and3b_1 and sky130_fd_sc_hd__and3b_1 are equivalent.

Cell sky130_fd_sc_hd__dfrtp_1 (0) disconnected node: CLK
Cell sky130_fd_sc_hd__dfrtp_1 (0) disconnected node: D
Cell sky130_fd_sc_hd__dfrtp_1 (0) disconnected node: RESET_B
Cell sky130_fd_sc_hd__dfrtp_1 (0) disconnected node: VGND
Cell sky130_fd_sc_hd__dfrtp_1 (0) disconnected node: VNB
Cell sky130_fd_sc_hd__dfrtp_1 (0) disconnected node: VPB
Cell sky130_fd_sc_hd__dfrtp_1 (0) disconnected node: VPWR
Cell sky130_fd_sc_hd__dfrtp_1 (0) disconnected node: Q

Subcircuit pins:
Circuit 1: sky130_fd_sc_hd__dfrtp_1        |Circuit 2: sky130_fd_sc_hd__dfrtp_1        
-------------------------------------------|-------------------------------------------
CLK                                        |CLK                                        
D                                          |D                                          
RESET_B                                    |RESET_B                                    
VGND                                       |VGND                                       
VNB                                        |VNB                                        
VPB                                        |VPB                                        
VPWR                                       |VPWR                                       
Q                                          |Q                                          
---------------------------------------------------------------------------------------
Cell pin lists are equivalent.
Device classes sky130_fd_sc_hd__dfrtp_1 and sky130_fd_sc_hd__dfrtp_1 are equivalent.

Cell sky130_fd_sc_hd__decap_8 (0) disconnected node: VGND
Cell sky130_fd_sc_hd__decap_8 (0) disconnected node: VNB
Cell sky130_fd_sc_hd__decap_8 (0) disconnected node: VPB
Cell sky130_fd_sc_hd__decap_8 (0) disconnected node: VPWR

Subcircuit pins:
Circuit 1: sky130_fd_sc_hd__decap_8        |Circuit 2: sky130_fd_sc_hd__decap_8        
-------------------------------------------|-------------------------------------------
VGND                                       |VGND                                       
VNB                                        |VNB                                        
VPB                                        |VPB                                        
VPWR                                       |VPWR                                       
---------------------------------------------------------------------------------------
Cell pin lists are equivalent.
Device classes sky130_fd_sc_hd__decap_8 and sky130_fd_sc_hd__decap_8 are equivalent.

Cell sky130_fd_sc_hd__dlygate4sd3_1 (0) disconnected node: A
Cell sky130_fd_sc_hd__dlygate4sd3_1 (0) disconnected node: VGND
Cell sky130_fd_sc_hd__dlygate4sd3_1 (0) disconnected node: VNB
Cell sky130_fd_sc_hd__dlygate4sd3_1 (0) disconnected node: VPB
Cell sky130_fd_sc_hd__dlygate4sd3_1 (0) disconnected node: VPWR
Cell sky130_fd_sc_hd__dlygate4sd3_1 (0) disconnected node: X

Subcircuit pins:
Circuit 1: sky130_fd_sc_hd__dlygate4sd3_1  |Circuit 2: sky130_fd_sc_hd__dlygate4sd3_1  
-------------------------------------------|-------------------------------------------
A                                          |A                                          
VGND                                       |VGND                                       
VNB                                        |VNB                                        
VPB                                        |VPB                                        
VPWR                                       |VPWR                                       
X                                          |X                                          
---------------------------------------------------------------------------------------
Cell pin lists are equivalent.
Device classes sky130_fd_sc_hd__dlygate4sd3_1 and sky130_fd_sc_hd__dlygate4sd3_1 are equivalent.

Cell sky130_fd_sc_hd__decap_6 (0) disconnected node: VGND
Cell sky130_fd_sc_hd__decap_6 (0) disconnected node: VNB
Cell sky130_fd_sc_hd__decap_6 (0) disconnected node: VPB
Cell sky130_fd_sc_hd__decap_6 (0) disconnected node: VPWR

Subcircuit pins:
Circuit 1: sky130_fd_sc_hd__decap_6        |Circuit 2: sky130_fd_sc_hd__decap_6        
-------------------------------------------|-------------------------------------------
VGND                                       |VGND                                       
VNB                                        |VNB                                        
VPB                                        |VPB                                        
VPWR                                       |VPWR                                       
---------------------------------------------------------------------------------------
Cell pin lists are equivalent.
Device classes sky130_fd_sc_hd__decap_6 and sky130_fd_sc_hd__decap_6 are equivalent.

Cell sky130_fd_sc_hd__a2111o_1 (0) disconnected node: A1
Cell sky130_fd_sc_hd__a2111o_1 (0) disconnected node: A2
Cell sky130_fd_sc_hd__a2111o_1 (0) disconnected node: B1
Cell sky130_fd_sc_hd__a2111o_1 (0) disconnected node: C1
Cell sky130_fd_sc_hd__a2111o_1 (0) disconnected node: D1
Cell sky130_fd_sc_hd__a2111o_1 (0) disconnected node: VGND
Cell sky130_fd_sc_hd__a2111o_1 (0) disconnected node: VNB
Cell sky130_fd_sc_hd__a2111o_1 (0) disconnected node: VPB
Cell sky130_fd_sc_hd__a2111o_1 (0) disconnected node: VPWR
Cell sky130_fd_sc_hd__a2111o_1 (0) disconnected node: X

Subcircuit pins:
Circuit 1: sky130_fd_sc_hd__a2111o_1       |Circuit 2: sky130_fd_sc_hd__a2111o_1       
-------------------------------------------|-------------------------------------------
A1                                         |A1                                         
A2                                         |A2                                         
B1                                         |B1                                         
C1                                         |C1                                         
D1                                         |D1                                         
VGND                                       |VGND                                       
VNB                                        |VNB                                        
VPB                                        |VPB                                        
VPWR                                       |VPWR                                       
X                                          |X                                          
---------------------------------------------------------------------------------------
Cell pin lists are equivalent.
Device classes sky130_fd_sc_hd__a2111o_1 and sky130_fd_sc_hd__a2111o_1 are equivalent.

Cell sky130_fd_sc_hd__nand2_1 (0) disconnected node: A
Cell sky130_fd_sc_hd__nand2_1 (0) disconnected node: B
Cell sky130_fd_sc_hd__nand2_1 (0) disconnected node: VGND
Cell sky130_fd_sc_hd__nand2_1 (0) disconnected node: VNB
Cell sky130_fd_sc_hd__nand2_1 (0) disconnected node: VPB
Cell sky130_fd_sc_hd__nand2_1 (0) disconnected node: VPWR
Cell sky130_fd_sc_hd__nand2_1 (0) disconnected node: Y

Subcircuit pins:
Circuit 1: sky130_fd_sc_hd__nand2_1        |Circuit 2: sky130_fd_sc_hd__nand2_1        
-------------------------------------------|-------------------------------------------
A                                          |A                                          
B                                          |B                                          
VGND                                       |VGND                                       
VNB                                        |VNB                                        
VPB                                        |VPB                                        
VPWR                                       |VPWR                                       
Y                                          |Y                                          
---------------------------------------------------------------------------------------
Cell pin lists are equivalent.
Device classes sky130_fd_sc_hd__nand2_1 and sky130_fd_sc_hd__nand2_1 are equivalent.

Cell sky130_fd_sc_hd__clkbuf_8 (0) disconnected node: A
Cell sky130_fd_sc_hd__clkbuf_8 (0) disconnected node: VGND
Cell sky130_fd_sc_hd__clkbuf_8 (0) disconnected node: VNB
Cell sky130_fd_sc_hd__clkbuf_8 (0) disconnected node: VPB
Cell sky130_fd_sc_hd__clkbuf_8 (0) disconnected node: VPWR
Cell sky130_fd_sc_hd__clkbuf_8 (0) disconnected node: X

Subcircuit pins:
Circuit 1: sky130_fd_sc_hd__clkbuf_8       |Circuit 2: sky130_fd_sc_hd__clkbuf_8       
-------------------------------------------|-------------------------------------------
A                                          |A                                          
VGND                                       |VGND                                       
VNB                                        |VNB                                        
VPB                                        |VPB                                        
VPWR                                       |VPWR                                       
X                                          |X                                          
---------------------------------------------------------------------------------------
Cell pin lists are equivalent.
Device classes sky130_fd_sc_hd__clkbuf_8 and sky130_fd_sc_hd__clkbuf_8 are equivalent.

Cell sky130_fd_sc_hd__mux2_1 (0) disconnected node: A0
Cell sky130_fd_sc_hd__mux2_1 (0) disconnected node: A1
Cell sky130_fd_sc_hd__mux2_1 (0) disconnected node: S
Cell sky130_fd_sc_hd__mux2_1 (0) disconnected node: VGND
Cell sky130_fd_sc_hd__mux2_1 (0) disconnected node: VNB
Cell sky130_fd_sc_hd__mux2_1 (0) disconnected node: VPB
Cell sky130_fd_sc_hd__mux2_1 (0) disconnected node: VPWR
Cell sky130_fd_sc_hd__mux2_1 (0) disconnected node: X

Subcircuit pins:
Circuit 1: sky130_fd_sc_hd__mux2_1         |Circuit 2: sky130_fd_sc_hd__mux2_1         
-------------------------------------------|-------------------------------------------
A0                                         |A0                                         
A1                                         |A1                                         
S                                          |S                                          
VGND                                       |VGND                                       
VNB                                        |VNB                                        
VPB                                        |VPB                                        
VPWR                                       |VPWR                                       
X                                          |X                                          
---------------------------------------------------------------------------------------
Cell pin lists are equivalent.
Device classes sky130_fd_sc_hd__mux2_1 and sky130_fd_sc_hd__mux2_1 are equivalent.

Cell sky130_fd_sc_hd__inv_2 (0) disconnected node: A
Cell sky130_fd_sc_hd__inv_2 (0) disconnected node: VGND
Cell sky130_fd_sc_hd__inv_2 (0) disconnected node: VNB
Cell sky130_fd_sc_hd__inv_2 (0) disconnected node: VPB
Cell sky130_fd_sc_hd__inv_2 (0) disconnected node: VPWR
Cell sky130_fd_sc_hd__inv_2 (0) disconnected node: Y

Subcircuit pins:
Circuit 1: sky130_fd_sc_hd__inv_2          |Circuit 2: sky130_fd_sc_hd__inv_2          
-------------------------------------------|-------------------------------------------
A                                          |A                                          
VGND                                       |VGND                                       
VNB                                        |VNB                                        
VPB                                        |VPB                                        
VPWR                                       |VPWR                                       
Y                                          |Y                                          
---------------------------------------------------------------------------------------
Cell pin lists are equivalent.
Device classes sky130_fd_sc_hd__inv_2 and sky130_fd_sc_hd__inv_2 are equivalent.

Cell sky130_fd_sc_hd__a22o_1 (0) disconnected node: A1
Cell sky130_fd_sc_hd__a22o_1 (0) disconnected node: A2
Cell sky130_fd_sc_hd__a22o_1 (0) disconnected node: B1
Cell sky130_fd_sc_hd__a22o_1 (0) disconnected node: B2
Cell sky130_fd_sc_hd__a22o_1 (0) disconnected node: VGND
Cell sky130_fd_sc_hd__a22o_1 (0) disconnected node: VNB
Cell sky130_fd_sc_hd__a22o_1 (0) disconnected node: VPB
Cell sky130_fd_sc_hd__a22o_1 (0) disconnected node: VPWR
Cell sky130_fd_sc_hd__a22o_1 (0) disconnected node: X

Subcircuit pins:
Circuit 1: sky130_fd_sc_hd__a22o_1         |Circuit 2: sky130_fd_sc_hd__a22o_1         
-------------------------------------------|-------------------------------------------
A1                                         |A1                                         
A2                                         |A2                                         
B1                                         |B1                                         
B2                                         |B2                                         
VGND                                       |VGND                                       
VNB                                        |VNB                                        
VPB                                        |VPB                                        
VPWR                                       |VPWR                                       
X                                          |X                                          
---------------------------------------------------------------------------------------
Cell pin lists are equivalent.
Device classes sky130_fd_sc_hd__a22o_1 and sky130_fd_sc_hd__a22o_1 are equivalent.

Cell sky130_fd_sc_hd__or2_1 (0) disconnected node: A
Cell sky130_fd_sc_hd__or2_1 (0) disconnected node: B
Cell sky130_fd_sc_hd__or2_1 (0) disconnected node: VGND
Cell sky130_fd_sc_hd__or2_1 (0) disconnected node: VNB
Cell sky130_fd_sc_hd__or2_1 (0) disconnected node: VPB
Cell sky130_fd_sc_hd__or2_1 (0) disconnected node: VPWR
Cell sky130_fd_sc_hd__or2_1 (0) disconnected node: X

Subcircuit pins:
Circuit 1: sky130_fd_sc_hd__or2_1          |Circuit 2: sky130_fd_sc_hd__or2_1          
-------------------------------------------|-------------------------------------------
A                                          |A                                          
B                                          |B                                          
VGND                                       |VGND                                       
VNB                                        |VNB                                        
VPB                                        |VPB                                        
VPWR                                       |VPWR                                       
X                                          |X                                          
---------------------------------------------------------------------------------------
Cell pin lists are equivalent.
Device classes sky130_fd_sc_hd__or2_1 and sky130_fd_sc_hd__or2_1 are equivalent.

Cell sky130_fd_sc_hd__nand2b_1 (0) disconnected node: A_N
Cell sky130_fd_sc_hd__nand2b_1 (0) disconnected node: B
Cell sky130_fd_sc_hd__nand2b_1 (0) disconnected node: VGND
Cell sky130_fd_sc_hd__nand2b_1 (0) disconnected node: VNB
Cell sky130_fd_sc_hd__nand2b_1 (0) disconnected node: VPB
Cell sky130_fd_sc_hd__nand2b_1 (0) disconnected node: VPWR
Cell sky130_fd_sc_hd__nand2b_1 (0) disconnected node: Y

Subcircuit pins:
Circuit 1: sky130_fd_sc_hd__nand2b_1       |Circuit 2: sky130_fd_sc_hd__nand2b_1       
-------------------------------------------|-------------------------------------------
A_N                                        |A_N                                        
B                                          |B                                          
VGND                                       |VGND                                       
VNB                                        |VNB                                        
VPB                                        |VPB                                        
VPWR                                       |VPWR                                       
Y                                          |Y                                          
---------------------------------------------------------------------------------------
Cell pin lists are equivalent.
Device classes sky130_fd_sc_hd__nand2b_1 and sky130_fd_sc_hd__nand2b_1 are equivalent.

Cell sky130_fd_sc_hd__fill_1 (0) disconnected node: VGND
Cell sky130_fd_sc_hd__fill_1 (0) disconnected node: VNB
Cell sky130_fd_sc_hd__fill_1 (0) disconnected node: VPB
Cell sky130_fd_sc_hd__fill_1 (0) disconnected node: VPWR
Cell sky130_fd_sc_hd__fill_1 (1) disconnected node: VGND
Cell sky130_fd_sc_hd__fill_1 (1) disconnected node: VNB
Cell sky130_fd_sc_hd__fill_1 (1) disconnected node: VPB
Cell sky130_fd_sc_hd__fill_1 (1) disconnected node: VPWR

Subcircuit pins:
Circuit 1: sky130_fd_sc_hd__fill_1         |Circuit 2: sky130_fd_sc_hd__fill_1         
-------------------------------------------|-------------------------------------------
VGND                                       |VGND                                       
VNB                                        |VNB                                        
VPB                                        |VPB                                        
VPWR                                       |VPWR                                       
---------------------------------------------------------------------------------------
Cell pin lists are equivalent.
Device classes sky130_fd_sc_hd__fill_1 and sky130_fd_sc_hd__fill_1 are equivalent.

Cell sky130_fd_sc_hd__a32o_1 (0) disconnected node: A1
Cell sky130_fd_sc_hd__a32o_1 (0) disconnected node: A2
Cell sky130_fd_sc_hd__a32o_1 (0) disconnected node: A3
Cell sky130_fd_sc_hd__a32o_1 (0) disconnected node: B1
Cell sky130_fd_sc_hd__a32o_1 (0) disconnected node: B2
Cell sky130_fd_sc_hd__a32o_1 (0) disconnected node: VGND
Cell sky130_fd_sc_hd__a32o_1 (0) disconnected node: VNB
Cell sky130_fd_sc_hd__a32o_1 (0) disconnected node: VPB
Cell sky130_fd_sc_hd__a32o_1 (0) disconnected node: VPWR
Cell sky130_fd_sc_hd__a32o_1 (0) disconnected node: X

Subcircuit pins:
Circuit 1: sky130_fd_sc_hd__a32o_1         |Circuit 2: sky130_fd_sc_hd__a32o_1         
-------------------------------------------|-------------------------------------------
A1                                         |A1                                         
A2                                         |A2                                         
A3                                         |A3                                         
B1                                         |B1                                         
B2                                         |B2                                         
VGND                                       |VGND                                       
VNB                                        |VNB                                        
VPB                                        |VPB                                        
VPWR                                       |VPWR                                       
X                                          |X                                          
---------------------------------------------------------------------------------------
Cell pin lists are equivalent.
Device classes sky130_fd_sc_hd__a32o_1 and sky130_fd_sc_hd__a32o_1 are equivalent.

Cell sky130_fd_sc_hd__buf_2 (0) disconnected node: A
Cell sky130_fd_sc_hd__buf_2 (0) disconnected node: VGND
Cell sky130_fd_sc_hd__buf_2 (0) disconnected node: VNB
Cell sky130_fd_sc_hd__buf_2 (0) disconnected node: VPB
Cell sky130_fd_sc_hd__buf_2 (0) disconnected node: VPWR
Cell sky130_fd_sc_hd__buf_2 (0) disconnected node: X

Subcircuit pins:
Circuit 1: sky130_fd_sc_hd__buf_2          |Circuit 2: sky130_fd_sc_hd__buf_2          
-------------------------------------------|-------------------------------------------
A                                          |A                                          
VGND                                       |VGND                                       
VNB                                        |VNB                                        
VPB                                        |VPB                                        
VPWR                                       |VPWR                                       
X                                          |X                                          
---------------------------------------------------------------------------------------
Cell pin lists are equivalent.
Device classes sky130_fd_sc_hd__buf_2 and sky130_fd_sc_hd__buf_2 are equivalent.

Cell sky130_fd_sc_hd__o21a_1 (0) disconnected node: A1
Cell sky130_fd_sc_hd__o21a_1 (0) disconnected node: A2
Cell sky130_fd_sc_hd__o21a_1 (0) disconnected node: B1
Cell sky130_fd_sc_hd__o21a_1 (0) disconnected node: VGND
Cell sky130_fd_sc_hd__o21a_1 (0) disconnected node: VNB
Cell sky130_fd_sc_hd__o21a_1 (0) disconnected node: VPB
Cell sky130_fd_sc_hd__o21a_1 (0) disconnected node: VPWR
Cell sky130_fd_sc_hd__o21a_1 (0) disconnected node: X

Subcircuit pins:
Circuit 1: sky130_fd_sc_hd__o21a_1         |Circuit 2: sky130_fd_sc_hd__o21a_1         
-------------------------------------------|-------------------------------------------
A1                                         |A1                                         
A2                                         |A2                                         
B1                                         |B1                                         
VGND                                       |VGND                                       
VNB                                        |VNB                                        
VPB                                        |VPB                                        
VPWR                                       |VPWR                                       
X                                          |X                                          
---------------------------------------------------------------------------------------
Cell pin lists are equivalent.
Device classes sky130_fd_sc_hd__o21a_1 and sky130_fd_sc_hd__o21a_1 are equivalent.

Cell sky130_fd_sc_hd__a311o_1 (0) disconnected node: A1
Cell sky130_fd_sc_hd__a311o_1 (0) disconnected node: A2
Cell sky130_fd_sc_hd__a311o_1 (0) disconnected node: A3
Cell sky130_fd_sc_hd__a311o_1 (0) disconnected node: B1
Cell sky130_fd_sc_hd__a311o_1 (0) disconnected node: C1
Cell sky130_fd_sc_hd__a311o_1 (0) disconnected node: VGND
Cell sky130_fd_sc_hd__a311o_1 (0) disconnected node: VNB
Cell sky130_fd_sc_hd__a311o_1 (0) disconnected node: VPB
Cell sky130_fd_sc_hd__a311o_1 (0) disconnected node: VPWR
Cell sky130_fd_sc_hd__a311o_1 (0) disconnected node: X

Subcircuit pins:
Circuit 1: sky130_fd_sc_hd__a311o_1        |Circuit 2: sky130_fd_sc_hd__a311o_1        
-------------------------------------------|-------------------------------------------
A1                                         |A1                                         
A2                                         |A2                                         
A3                                         |A3                                         
B1                                         |B1                                         
C1                                         |C1                                         
VGND                                       |VGND                                       
VNB                                        |VNB                                        
VPB                                        |VPB                                        
VPWR                                       |VPWR                                       
X                                          |X                                          
---------------------------------------------------------------------------------------
Cell pin lists are equivalent.
Device classes sky130_fd_sc_hd__a311o_1 and sky130_fd_sc_hd__a311o_1 are equivalent.

Cell sky130_fd_sc_hd__a221o_1 (0) disconnected node: A1
Cell sky130_fd_sc_hd__a221o_1 (0) disconnected node: A2
Cell sky130_fd_sc_hd__a221o_1 (0) disconnected node: B1
Cell sky130_fd_sc_hd__a221o_1 (0) disconnected node: B2
Cell sky130_fd_sc_hd__a221o_1 (0) disconnected node: C1
Cell sky130_fd_sc_hd__a221o_1 (0) disconnected node: VGND
Cell sky130_fd_sc_hd__a221o_1 (0) disconnected node: VNB
Cell sky130_fd_sc_hd__a221o_1 (0) disconnected node: VPB
Cell sky130_fd_sc_hd__a221o_1 (0) disconnected node: VPWR
Cell sky130_fd_sc_hd__a221o_1 (0) disconnected node: X

Subcircuit pins:
Circuit 1: sky130_fd_sc_hd__a221o_1        |Circuit 2: sky130_fd_sc_hd__a221o_1        
-------------------------------------------|-------------------------------------------
A1                                         |A1                                         
A2                                         |A2                                         
B1                                         |B1                                         
B2                                         |B2                                         
C1                                         |C1                                         
VGND                                       |VGND                                       
VNB                                        |VNB                                        
VPB                                        |VPB                                        
VPWR                                       |VPWR                                       
X                                          |X                                          
---------------------------------------------------------------------------------------
Cell pin lists are equivalent.
Device classes sky130_fd_sc_hd__a221o_1 and sky130_fd_sc_hd__a221o_1 are equivalent.

Cell sky130_fd_sc_hd__and4_4 (0) disconnected node: A
Cell sky130_fd_sc_hd__and4_4 (0) disconnected node: B
Cell sky130_fd_sc_hd__and4_4 (0) disconnected node: C
Cell sky130_fd_sc_hd__and4_4 (0) disconnected node: D
Cell sky130_fd_sc_hd__and4_4 (0) disconnected node: VGND
Cell sky130_fd_sc_hd__and4_4 (0) disconnected node: VNB
Cell sky130_fd_sc_hd__and4_4 (0) disconnected node: VPB
Cell sky130_fd_sc_hd__and4_4 (0) disconnected node: VPWR
Cell sky130_fd_sc_hd__and4_4 (0) disconnected node: X

Subcircuit pins:
Circuit 1: sky130_fd_sc_hd__and4_4         |Circuit 2: sky130_fd_sc_hd__and4_4         
-------------------------------------------|-------------------------------------------
A                                          |A                                          
B                                          |B                                          
C                                          |C                                          
D                                          |D                                          
VGND                                       |VGND                                       
VNB                                        |VNB                                        
VPB                                        |VPB                                        
VPWR                                       |VPWR                                       
X                                          |X                                          
---------------------------------------------------------------------------------------
Cell pin lists are equivalent.
Device classes sky130_fd_sc_hd__and4_4 and sky130_fd_sc_hd__and4_4 are equivalent.

Cell sky130_fd_sc_hd__o2bb2a_1 (0) disconnected node: A1_N
Cell sky130_fd_sc_hd__o2bb2a_1 (0) disconnected node: A2_N
Cell sky130_fd_sc_hd__o2bb2a_1 (0) disconnected node: B1
Cell sky130_fd_sc_hd__o2bb2a_1 (0) disconnected node: B2
Cell sky130_fd_sc_hd__o2bb2a_1 (0) disconnected node: VGND
Cell sky130_fd_sc_hd__o2bb2a_1 (0) disconnected node: VNB
Cell sky130_fd_sc_hd__o2bb2a_1 (0) disconnected node: VPB
Cell sky130_fd_sc_hd__o2bb2a_1 (0) disconnected node: VPWR
Cell sky130_fd_sc_hd__o2bb2a_1 (0) disconnected node: X

Subcircuit pins:
Circuit 1: sky130_fd_sc_hd__o2bb2a_1       |Circuit 2: sky130_fd_sc_hd__o2bb2a_1       
-------------------------------------------|-------------------------------------------
A1_N                                       |A1_N                                       
A2_N                                       |A2_N                                       
B1                                         |B1                                         
B2                                         |B2                                         
VGND                                       |VGND                                       
VNB                                        |VNB                                        
VPB                                        |VPB                                        
VPWR                                       |VPWR                                       
X                                          |X                                          
---------------------------------------------------------------------------------------
Cell pin lists are equivalent.
Device classes sky130_fd_sc_hd__o2bb2a_1 and sky130_fd_sc_hd__o2bb2a_1 are equivalent.

Cell sky130_fd_sc_hd__and3_1 (0) disconnected node: A
Cell sky130_fd_sc_hd__and3_1 (0) disconnected node: B
Cell sky130_fd_sc_hd__and3_1 (0) disconnected node: C
Cell sky130_fd_sc_hd__and3_1 (0) disconnected node: VGND
Cell sky130_fd_sc_hd__and3_1 (0) disconnected node: VNB
Cell sky130_fd_sc_hd__and3_1 (0) disconnected node: VPB
Cell sky130_fd_sc_hd__and3_1 (0) disconnected node: VPWR
Cell sky130_fd_sc_hd__and3_1 (0) disconnected node: X

Subcircuit pins:
Circuit 1: sky130_fd_sc_hd__and3_1         |Circuit 2: sky130_fd_sc_hd__and3_1         
-------------------------------------------|-------------------------------------------
A                                          |A                                          
B                                          |B                                          
C                                          |C                                          
VGND                                       |VGND                                       
VNB                                        |VNB                                        
VPB                                        |VPB                                        
VPWR                                       |VPWR                                       
X                                          |X                                          
---------------------------------------------------------------------------------------
Cell pin lists are equivalent.
Device classes sky130_fd_sc_hd__and3_1 and sky130_fd_sc_hd__and3_1 are equivalent.

Cell sky130_fd_sc_hd__and3_4 (0) disconnected node: A
Cell sky130_fd_sc_hd__and3_4 (0) disconnected node: B
Cell sky130_fd_sc_hd__and3_4 (0) disconnected node: C
Cell sky130_fd_sc_hd__and3_4 (0) disconnected node: VGND
Cell sky130_fd_sc_hd__and3_4 (0) disconnected node: VNB
Cell sky130_fd_sc_hd__and3_4 (0) disconnected node: VPB
Cell sky130_fd_sc_hd__and3_4 (0) disconnected node: VPWR
Cell sky130_fd_sc_hd__and3_4 (0) disconnected node: X

Subcircuit pins:
Circuit 1: sky130_fd_sc_hd__and3_4         |Circuit 2: sky130_fd_sc_hd__and3_4         
-------------------------------------------|-------------------------------------------
A                                          |A                                          
B                                          |B                                          
C                                          |C                                          
VGND                                       |VGND                                       
VNB                                        |VNB                                        
VPB                                        |VPB                                        
VPWR                                       |VPWR                                       
X                                          |X                                          
---------------------------------------------------------------------------------------
Cell pin lists are equivalent.
Device classes sky130_fd_sc_hd__and3_4 and sky130_fd_sc_hd__and3_4 are equivalent.

Cell sky130_fd_sc_hd__o21ba_1 (0) disconnected node: A1
Cell sky130_fd_sc_hd__o21ba_1 (0) disconnected node: A2
Cell sky130_fd_sc_hd__o21ba_1 (0) disconnected node: B1_N
Cell sky130_fd_sc_hd__o21ba_1 (0) disconnected node: VGND
Cell sky130_fd_sc_hd__o21ba_1 (0) disconnected node: VNB
Cell sky130_fd_sc_hd__o21ba_1 (0) disconnected node: VPB
Cell sky130_fd_sc_hd__o21ba_1 (0) disconnected node: VPWR
Cell sky130_fd_sc_hd__o21ba_1 (0) disconnected node: X

Subcircuit pins:
Circuit 1: sky130_fd_sc_hd__o21ba_1        |Circuit 2: sky130_fd_sc_hd__o21ba_1        
-------------------------------------------|-------------------------------------------
A1                                         |A1                                         
A2                                         |A2                                         
B1_N                                       |B1_N                                       
VGND                                       |VGND                                       
VNB                                        |VNB                                        
VPB                                        |VPB                                        
VPWR                                       |VPWR                                       
X                                          |X                                          
---------------------------------------------------------------------------------------
Cell pin lists are equivalent.
Device classes sky130_fd_sc_hd__o21ba_1 and sky130_fd_sc_hd__o21ba_1 are equivalent.

Cell sky130_fd_sc_hd__a21o_1 (0) disconnected node: A1
Cell sky130_fd_sc_hd__a21o_1 (0) disconnected node: A2
Cell sky130_fd_sc_hd__a21o_1 (0) disconnected node: B1
Cell sky130_fd_sc_hd__a21o_1 (0) disconnected node: VGND
Cell sky130_fd_sc_hd__a21o_1 (0) disconnected node: VNB
Cell sky130_fd_sc_hd__a21o_1 (0) disconnected node: VPB
Cell sky130_fd_sc_hd__a21o_1 (0) disconnected node: VPWR
Cell sky130_fd_sc_hd__a21o_1 (0) disconnected node: X

Subcircuit pins:
Circuit 1: sky130_fd_sc_hd__a21o_1         |Circuit 2: sky130_fd_sc_hd__a21o_1         
-------------------------------------------|-------------------------------------------
A1                                         |A1                                         
A2                                         |A2                                         
B1                                         |B1                                         
VGND                                       |VGND                                       
VNB                                        |VNB                                        
VPB                                        |VPB                                        
VPWR                                       |VPWR                                       
X                                          |X                                          
---------------------------------------------------------------------------------------
Cell pin lists are equivalent.
Device classes sky130_fd_sc_hd__a21o_1 and sky130_fd_sc_hd__a21o_1 are equivalent.

Cell sky130_fd_sc_hd__a21bo_1 (0) disconnected node: A1
Cell sky130_fd_sc_hd__a21bo_1 (0) disconnected node: A2
Cell sky130_fd_sc_hd__a21bo_1 (0) disconnected node: B1_N
Cell sky130_fd_sc_hd__a21bo_1 (0) disconnected node: VGND
Cell sky130_fd_sc_hd__a21bo_1 (0) disconnected node: VNB
Cell sky130_fd_sc_hd__a21bo_1 (0) disconnected node: VPB
Cell sky130_fd_sc_hd__a21bo_1 (0) disconnected node: VPWR
Cell sky130_fd_sc_hd__a21bo_1 (0) disconnected node: X

Subcircuit pins:
Circuit 1: sky130_fd_sc_hd__a21bo_1        |Circuit 2: sky130_fd_sc_hd__a21bo_1        
-------------------------------------------|-------------------------------------------
A1                                         |A1                                         
A2                                         |A2                                         
B1_N                                       |B1_N                                       
VGND                                       |VGND                                       
VNB                                        |VNB                                        
VPB                                        |VPB                                        
VPWR                                       |VPWR                                       
X                                          |X                                          
---------------------------------------------------------------------------------------
Cell pin lists are equivalent.
Device classes sky130_fd_sc_hd__a21bo_1 and sky130_fd_sc_hd__a21bo_1 are equivalent.

Cell sky130_fd_sc_hd__nor2_1 (0) disconnected node: A
Cell sky130_fd_sc_hd__nor2_1 (0) disconnected node: B
Cell sky130_fd_sc_hd__nor2_1 (0) disconnected node: VGND
Cell sky130_fd_sc_hd__nor2_1 (0) disconnected node: VNB
Cell sky130_fd_sc_hd__nor2_1 (0) disconnected node: VPB
Cell sky130_fd_sc_hd__nor2_1 (0) disconnected node: VPWR
Cell sky130_fd_sc_hd__nor2_1 (0) disconnected node: Y

Subcircuit pins:
Circuit 1: sky130_fd_sc_hd__nor2_1         |Circuit 2: sky130_fd_sc_hd__nor2_1         
-------------------------------------------|-------------------------------------------
A                                          |A                                          
B                                          |B                                          
VGND                                       |VGND                                       
VNB                                        |VNB                                        
VPB                                        |VPB                                        
VPWR                                       |VPWR                                       
Y                                          |Y                                          
---------------------------------------------------------------------------------------
Cell pin lists are equivalent.
Device classes sky130_fd_sc_hd__nor2_1 and sky130_fd_sc_hd__nor2_1 are equivalent.

Cell sky130_fd_sc_hd__o32a_1 (0) disconnected node: A1
Cell sky130_fd_sc_hd__o32a_1 (0) disconnected node: A2
Cell sky130_fd_sc_hd__o32a_1 (0) disconnected node: A3
Cell sky130_fd_sc_hd__o32a_1 (0) disconnected node: B1
Cell sky130_fd_sc_hd__o32a_1 (0) disconnected node: B2
Cell sky130_fd_sc_hd__o32a_1 (0) disconnected node: VGND
Cell sky130_fd_sc_hd__o32a_1 (0) disconnected node: VNB
Cell sky130_fd_sc_hd__o32a_1 (0) disconnected node: VPB
Cell sky130_fd_sc_hd__o32a_1 (0) disconnected node: VPWR
Cell sky130_fd_sc_hd__o32a_1 (0) disconnected node: X

Subcircuit pins:
Circuit 1: sky130_fd_sc_hd__o32a_1         |Circuit 2: sky130_fd_sc_hd__o32a_1         
-------------------------------------------|-------------------------------------------
A1                                         |A1                                         
A2                                         |A2                                         
A3                                         |A3                                         
B1                                         |B1                                         
B2                                         |B2                                         
VGND                                       |VGND                                       
VNB                                        |VNB                                        
VPB                                        |VPB                                        
VPWR                                       |VPWR                                       
X                                          |X                                          
---------------------------------------------------------------------------------------
Cell pin lists are equivalent.
Device classes sky130_fd_sc_hd__o32a_1 and sky130_fd_sc_hd__o32a_1 are equivalent.

Cell sky130_fd_sc_hd__a31oi_1 (0) disconnected node: A1
Cell sky130_fd_sc_hd__a31oi_1 (0) disconnected node: A2
Cell sky130_fd_sc_hd__a31oi_1 (0) disconnected node: A3
Cell sky130_fd_sc_hd__a31oi_1 (0) disconnected node: B1
Cell sky130_fd_sc_hd__a31oi_1 (0) disconnected node: VGND
Cell sky130_fd_sc_hd__a31oi_1 (0) disconnected node: VNB
Cell sky130_fd_sc_hd__a31oi_1 (0) disconnected node: VPB
Cell sky130_fd_sc_hd__a31oi_1 (0) disconnected node: VPWR
Cell sky130_fd_sc_hd__a31oi_1 (0) disconnected node: Y

Subcircuit pins:
Circuit 1: sky130_fd_sc_hd__a31oi_1        |Circuit 2: sky130_fd_sc_hd__a31oi_1        
-------------------------------------------|-------------------------------------------
A1                                         |A1                                         
A2                                         |A2                                         
A3                                         |A3                                         
B1                                         |B1                                         
VGND                                       |VGND                                       
VNB                                        |VNB                                        
VPB                                        |VPB                                        
VPWR                                       |VPWR                                       
Y                                          |Y                                          
---------------------------------------------------------------------------------------
Cell pin lists are equivalent.
Device classes sky130_fd_sc_hd__a31oi_1 and sky130_fd_sc_hd__a31oi_1 are equivalent.

Cell sky130_fd_sc_hd__a31o_1 (0) disconnected node: A1
Cell sky130_fd_sc_hd__a31o_1 (0) disconnected node: A2
Cell sky130_fd_sc_hd__a31o_1 (0) disconnected node: A3
Cell sky130_fd_sc_hd__a31o_1 (0) disconnected node: B1
Cell sky130_fd_sc_hd__a31o_1 (0) disconnected node: VGND
Cell sky130_fd_sc_hd__a31o_1 (0) disconnected node: VNB
Cell sky130_fd_sc_hd__a31o_1 (0) disconnected node: VPB
Cell sky130_fd_sc_hd__a31o_1 (0) disconnected node: VPWR
Cell sky130_fd_sc_hd__a31o_1 (0) disconnected node: X

Subcircuit pins:
Circuit 1: sky130_fd_sc_hd__a31o_1         |Circuit 2: sky130_fd_sc_hd__a31o_1         
-------------------------------------------|-------------------------------------------
A1                                         |A1                                         
A2                                         |A2                                         
A3                                         |A3                                         
B1                                         |B1                                         
VGND                                       |VGND                                       
VNB                                        |VNB                                        
VPB                                        |VPB                                        
VPWR                                       |VPWR                                       
X                                          |X                                          
---------------------------------------------------------------------------------------
Cell pin lists are equivalent.
Device classes sky130_fd_sc_hd__a31o_1 and sky130_fd_sc_hd__a31o_1 are equivalent.

Cell sky130_fd_sc_hd__o22a_1 (0) disconnected node: A1
Cell sky130_fd_sc_hd__o22a_1 (0) disconnected node: A2
Cell sky130_fd_sc_hd__o22a_1 (0) disconnected node: B1
Cell sky130_fd_sc_hd__o22a_1 (0) disconnected node: B2
Cell sky130_fd_sc_hd__o22a_1 (0) disconnected node: VGND
Cell sky130_fd_sc_hd__o22a_1 (0) disconnected node: VNB
Cell sky130_fd_sc_hd__o22a_1 (0) disconnected node: VPB
Cell sky130_fd_sc_hd__o22a_1 (0) disconnected node: VPWR
Cell sky130_fd_sc_hd__o22a_1 (0) disconnected node: X

Subcircuit pins:
Circuit 1: sky130_fd_sc_hd__o22a_1         |Circuit 2: sky130_fd_sc_hd__o22a_1         
-------------------------------------------|-------------------------------------------
A1                                         |A1                                         
A2                                         |A2                                         
B1                                         |B1                                         
B2                                         |B2                                         
VGND                                       |VGND                                       
VNB                                        |VNB                                        
VPB                                        |VPB                                        
VPWR                                       |VPWR                                       
X                                          |X                                          
---------------------------------------------------------------------------------------
Cell pin lists are equivalent.
Device classes sky130_fd_sc_hd__o22a_1 and sky130_fd_sc_hd__o22a_1 are equivalent.

Cell sky130_fd_sc_hd__or3b_1 (0) disconnected node: A
Cell sky130_fd_sc_hd__or3b_1 (0) disconnected node: B
Cell sky130_fd_sc_hd__or3b_1 (0) disconnected node: C_N
Cell sky130_fd_sc_hd__or3b_1 (0) disconnected node: VGND
Cell sky130_fd_sc_hd__or3b_1 (0) disconnected node: VNB
Cell sky130_fd_sc_hd__or3b_1 (0) disconnected node: VPB
Cell sky130_fd_sc_hd__or3b_1 (0) disconnected node: VPWR
Cell sky130_fd_sc_hd__or3b_1 (0) disconnected node: X

Subcircuit pins:
Circuit 1: sky130_fd_sc_hd__or3b_1         |Circuit 2: sky130_fd_sc_hd__or3b_1         
-------------------------------------------|-------------------------------------------
A                                          |A                                          
B                                          |B                                          
C_N                                        |C_N                                        
VGND                                       |VGND                                       
VNB                                        |VNB                                        
VPB                                        |VPB                                        
VPWR                                       |VPWR                                       
X                                          |X                                          
---------------------------------------------------------------------------------------
Cell pin lists are equivalent.
Device classes sky130_fd_sc_hd__or3b_1 and sky130_fd_sc_hd__or3b_1 are equivalent.

Cell sky130_fd_sc_hd__ebufn_8 (0) disconnected node: A
Cell sky130_fd_sc_hd__ebufn_8 (0) disconnected node: TE_B
Cell sky130_fd_sc_hd__ebufn_8 (0) disconnected node: VGND
Cell sky130_fd_sc_hd__ebufn_8 (0) disconnected node: VNB
Cell sky130_fd_sc_hd__ebufn_8 (0) disconnected node: VPB
Cell sky130_fd_sc_hd__ebufn_8 (0) disconnected node: VPWR
Cell sky130_fd_sc_hd__ebufn_8 (0) disconnected node: Z

Subcircuit pins:
Circuit 1: sky130_fd_sc_hd__ebufn_8        |Circuit 2: sky130_fd_sc_hd__ebufn_8        
-------------------------------------------|-------------------------------------------
A                                          |A                                          
TE_B                                       |TE_B                                       
VGND                                       |VGND                                       
VNB                                        |VNB                                        
VPB                                        |VPB                                        
VPWR                                       |VPWR                                       
Z                                          |Z                                          
---------------------------------------------------------------------------------------
Cell pin lists are equivalent.
Device classes sky130_fd_sc_hd__ebufn_8 and sky130_fd_sc_hd__ebufn_8 are equivalent.

Cell sky130_fd_sc_hd__clkbuf_16 (0) disconnected node: A
Cell sky130_fd_sc_hd__clkbuf_16 (0) disconnected node: VGND
Cell sky130_fd_sc_hd__clkbuf_16 (0) disconnected node: VNB
Cell sky130_fd_sc_hd__clkbuf_16 (0) disconnected node: VPB
Cell sky130_fd_sc_hd__clkbuf_16 (0) disconnected node: VPWR
Cell sky130_fd_sc_hd__clkbuf_16 (0) disconnected node: X

Subcircuit pins:
Circuit 1: sky130_fd_sc_hd__clkbuf_16      |Circuit 2: sky130_fd_sc_hd__clkbuf_16      
-------------------------------------------|-------------------------------------------
A                                          |A                                          
VGND                                       |VGND                                       
VNB                                        |VNB                                        
VPB                                        |VPB                                        
VPWR                                       |VPWR                                       
X                                          |X                                          
---------------------------------------------------------------------------------------
Cell pin lists are equivalent.
Device classes sky130_fd_sc_hd__clkbuf_16 and sky130_fd_sc_hd__clkbuf_16 are equivalent.

Cell sky130_fd_sc_hd__and4b_4 (0) disconnected node: A_N
Cell sky130_fd_sc_hd__and4b_4 (0) disconnected node: B
Cell sky130_fd_sc_hd__and4b_4 (0) disconnected node: C
Cell sky130_fd_sc_hd__and4b_4 (0) disconnected node: D
Cell sky130_fd_sc_hd__and4b_4 (0) disconnected node: VGND
Cell sky130_fd_sc_hd__and4b_4 (0) disconnected node: VNB
Cell sky130_fd_sc_hd__and4b_4 (0) disconnected node: VPB
Cell sky130_fd_sc_hd__and4b_4 (0) disconnected node: VPWR
Cell sky130_fd_sc_hd__and4b_4 (0) disconnected node: X

Subcircuit pins:
Circuit 1: sky130_fd_sc_hd__and4b_4        |Circuit 2: sky130_fd_sc_hd__and4b_4        
-------------------------------------------|-------------------------------------------
A_N                                        |A_N                                        
B                                          |B                                          
C                                          |C                                          
D                                          |D                                          
VGND                                       |VGND                                       
VNB                                        |VNB                                        
VPB                                        |VPB                                        
VPWR                                       |VPWR                                       
X                                          |X                                          
---------------------------------------------------------------------------------------
Cell pin lists are equivalent.
Device classes sky130_fd_sc_hd__and4b_4 and sky130_fd_sc_hd__and4b_4 are equivalent.

Cell sky130_fd_sc_hd__dfrtp_4 (0) disconnected node: CLK
Cell sky130_fd_sc_hd__dfrtp_4 (0) disconnected node: D
Cell sky130_fd_sc_hd__dfrtp_4 (0) disconnected node: RESET_B
Cell sky130_fd_sc_hd__dfrtp_4 (0) disconnected node: VGND
Cell sky130_fd_sc_hd__dfrtp_4 (0) disconnected node: VNB
Cell sky130_fd_sc_hd__dfrtp_4 (0) disconnected node: VPB
Cell sky130_fd_sc_hd__dfrtp_4 (0) disconnected node: VPWR
Cell sky130_fd_sc_hd__dfrtp_4 (0) disconnected node: Q

Subcircuit pins:
Circuit 1: sky130_fd_sc_hd__dfrtp_4        |Circuit 2: sky130_fd_sc_hd__dfrtp_4        
-------------------------------------------|-------------------------------------------
CLK                                        |CLK                                        
D                                          |D                                          
RESET_B                                    |RESET_B                                    
VGND                                       |VGND                                       
VNB                                        |VNB                                        
VPB                                        |VPB                                        
VPWR                                       |VPWR                                       
Q                                          |Q                                          
---------------------------------------------------------------------------------------
Cell pin lists are equivalent.
Device classes sky130_fd_sc_hd__dfrtp_4 and sky130_fd_sc_hd__dfrtp_4 are equivalent.

Cell sky130_fd_sc_hd__nor3_1 (0) disconnected node: A
Cell sky130_fd_sc_hd__nor3_1 (0) disconnected node: B
Cell sky130_fd_sc_hd__nor3_1 (0) disconnected node: C
Cell sky130_fd_sc_hd__nor3_1 (0) disconnected node: VGND
Cell sky130_fd_sc_hd__nor3_1 (0) disconnected node: VNB
Cell sky130_fd_sc_hd__nor3_1 (0) disconnected node: VPB
Cell sky130_fd_sc_hd__nor3_1 (0) disconnected node: VPWR
Cell sky130_fd_sc_hd__nor3_1 (0) disconnected node: Y

Subcircuit pins:
Circuit 1: sky130_fd_sc_hd__nor3_1         |Circuit 2: sky130_fd_sc_hd__nor3_1         
-------------------------------------------|-------------------------------------------
A                                          |A                                          
B                                          |B                                          
C                                          |C                                          
VGND                                       |VGND                                       
VNB                                        |VNB                                        
VPB                                        |VPB                                        
VPWR                                       |VPWR                                       
Y                                          |Y                                          
---------------------------------------------------------------------------------------
Cell pin lists are equivalent.
Device classes sky130_fd_sc_hd__nor3_1 and sky130_fd_sc_hd__nor3_1 are equivalent.

Cell sky130_fd_sc_hd__and4_2 (0) disconnected node: A
Cell sky130_fd_sc_hd__and4_2 (0) disconnected node: B
Cell sky130_fd_sc_hd__and4_2 (0) disconnected node: C
Cell sky130_fd_sc_hd__and4_2 (0) disconnected node: D
Cell sky130_fd_sc_hd__and4_2 (0) disconnected node: VGND
Cell sky130_fd_sc_hd__and4_2 (0) disconnected node: VNB
Cell sky130_fd_sc_hd__and4_2 (0) disconnected node: VPB
Cell sky130_fd_sc_hd__and4_2 (0) disconnected node: VPWR
Cell sky130_fd_sc_hd__and4_2 (0) disconnected node: X

Subcircuit pins:
Circuit 1: sky130_fd_sc_hd__and4_2         |Circuit 2: sky130_fd_sc_hd__and4_2         
-------------------------------------------|-------------------------------------------
A                                          |A                                          
B                                          |B                                          
C                                          |C                                          
D                                          |D                                          
VGND                                       |VGND                                       
VNB                                        |VNB                                        
VPB                                        |VPB                                        
VPWR                                       |VPWR                                       
X                                          |X                                          
---------------------------------------------------------------------------------------
Cell pin lists are equivalent.
Device classes sky130_fd_sc_hd__and4_2 and sky130_fd_sc_hd__and4_2 are equivalent.

Cell sky130_fd_sc_hd__and4_1 (0) disconnected node: A
Cell sky130_fd_sc_hd__and4_1 (0) disconnected node: B
Cell sky130_fd_sc_hd__and4_1 (0) disconnected node: C
Cell sky130_fd_sc_hd__and4_1 (0) disconnected node: D
Cell sky130_fd_sc_hd__and4_1 (0) disconnected node: VGND
Cell sky130_fd_sc_hd__and4_1 (0) disconnected node: VNB
Cell sky130_fd_sc_hd__and4_1 (0) disconnected node: VPB
Cell sky130_fd_sc_hd__and4_1 (0) disconnected node: VPWR
Cell sky130_fd_sc_hd__and4_1 (0) disconnected node: X

Subcircuit pins:
Circuit 1: sky130_fd_sc_hd__and4_1         |Circuit 2: sky130_fd_sc_hd__and4_1         
-------------------------------------------|-------------------------------------------
A                                          |A                                          
B                                          |B                                          
C                                          |C                                          
D                                          |D                                          
VGND                                       |VGND                                       
VNB                                        |VNB                                        
VPB                                        |VPB                                        
VPWR                                       |VPWR                                       
X                                          |X                                          
---------------------------------------------------------------------------------------
Cell pin lists are equivalent.
Device classes sky130_fd_sc_hd__and4_1 and sky130_fd_sc_hd__and4_1 are equivalent.

Cell sky130_fd_sc_hd__and2_1 (0) disconnected node: A
Cell sky130_fd_sc_hd__and2_1 (0) disconnected node: B
Cell sky130_fd_sc_hd__and2_1 (0) disconnected node: VGND
Cell sky130_fd_sc_hd__and2_1 (0) disconnected node: VNB
Cell sky130_fd_sc_hd__and2_1 (0) disconnected node: VPB
Cell sky130_fd_sc_hd__and2_1 (0) disconnected node: VPWR
Cell sky130_fd_sc_hd__and2_1 (0) disconnected node: X

Subcircuit pins:
Circuit 1: sky130_fd_sc_hd__and2_1         |Circuit 2: sky130_fd_sc_hd__and2_1         
-------------------------------------------|-------------------------------------------
A                                          |A                                          
B                                          |B                                          
VGND                                       |VGND                                       
VNB                                        |VNB                                        
VPB                                        |VPB                                        
VPWR                                       |VPWR                                       
X                                          |X                                          
---------------------------------------------------------------------------------------
Cell pin lists are equivalent.
Device classes sky130_fd_sc_hd__and2_1 and sky130_fd_sc_hd__and2_1 are equivalent.

Cell sky130_fd_sc_hd__o211a_1 (0) disconnected node: A1
Cell sky130_fd_sc_hd__o211a_1 (0) disconnected node: A2
Cell sky130_fd_sc_hd__o211a_1 (0) disconnected node: B1
Cell sky130_fd_sc_hd__o211a_1 (0) disconnected node: C1
Cell sky130_fd_sc_hd__o211a_1 (0) disconnected node: VGND
Cell sky130_fd_sc_hd__o211a_1 (0) disconnected node: VNB
Cell sky130_fd_sc_hd__o211a_1 (0) disconnected node: VPB
Cell sky130_fd_sc_hd__o211a_1 (0) disconnected node: VPWR
Cell sky130_fd_sc_hd__o211a_1 (0) disconnected node: X

Subcircuit pins:
Circuit 1: sky130_fd_sc_hd__o211a_1        |Circuit 2: sky130_fd_sc_hd__o211a_1        
-------------------------------------------|-------------------------------------------
A1                                         |A1                                         
A2                                         |A2                                         
B1                                         |B1                                         
C1                                         |C1                                         
VGND                                       |VGND                                       
VNB                                        |VNB                                        
VPB                                        |VPB                                        
VPWR                                       |VPWR                                       
X                                          |X                                          
---------------------------------------------------------------------------------------
Cell pin lists are equivalent.
Device classes sky130_fd_sc_hd__o211a_1 and sky130_fd_sc_hd__o211a_1 are equivalent.

Cell sky130_fd_sc_hd__a21oi_2 (0) disconnected node: A1
Cell sky130_fd_sc_hd__a21oi_2 (0) disconnected node: A2
Cell sky130_fd_sc_hd__a21oi_2 (0) disconnected node: B1
Cell sky130_fd_sc_hd__a21oi_2 (0) disconnected node: VGND
Cell sky130_fd_sc_hd__a21oi_2 (0) disconnected node: VNB
Cell sky130_fd_sc_hd__a21oi_2 (0) disconnected node: VPB
Cell sky130_fd_sc_hd__a21oi_2 (0) disconnected node: VPWR
Cell sky130_fd_sc_hd__a21oi_2 (0) disconnected node: Y

Subcircuit pins:
Circuit 1: sky130_fd_sc_hd__a21oi_2        |Circuit 2: sky130_fd_sc_hd__a21oi_2        
-------------------------------------------|-------------------------------------------
A1                                         |A1                                         
A2                                         |A2                                         
B1                                         |B1                                         
VGND                                       |VGND                                       
VNB                                        |VNB                                        
VPB                                        |VPB                                        
VPWR                                       |VPWR                                       
Y                                          |Y                                          
---------------------------------------------------------------------------------------
Cell pin lists are equivalent.
Device classes sky130_fd_sc_hd__a21oi_2 and sky130_fd_sc_hd__a21oi_2 are equivalent.

Cell sky130_fd_sc_hd__clkbuf_1 (0) disconnected node: A
Cell sky130_fd_sc_hd__clkbuf_1 (0) disconnected node: VGND
Cell sky130_fd_sc_hd__clkbuf_1 (0) disconnected node: VNB
Cell sky130_fd_sc_hd__clkbuf_1 (0) disconnected node: VPB
Cell sky130_fd_sc_hd__clkbuf_1 (0) disconnected node: VPWR
Cell sky130_fd_sc_hd__clkbuf_1 (0) disconnected node: X

Subcircuit pins:
Circuit 1: sky130_fd_sc_hd__clkbuf_1       |Circuit 2: sky130_fd_sc_hd__clkbuf_1       
-------------------------------------------|-------------------------------------------
A                                          |A                                          
VGND                                       |VGND                                       
VNB                                        |VNB                                        
VPB                                        |VPB                                        
VPWR                                       |VPWR                                       
X                                          |X                                          
---------------------------------------------------------------------------------------
Cell pin lists are equivalent.
Device classes sky130_fd_sc_hd__clkbuf_1 and sky130_fd_sc_hd__clkbuf_1 are equivalent.

Cell sky130_fd_sc_hd__conb_1 (0) disconnected node: VGND
Cell sky130_fd_sc_hd__conb_1 (0) disconnected node: VNB
Cell sky130_fd_sc_hd__conb_1 (0) disconnected node: VPB
Cell sky130_fd_sc_hd__conb_1 (0) disconnected node: VPWR
Cell sky130_fd_sc_hd__conb_1 (0) disconnected node: HI
Cell sky130_fd_sc_hd__conb_1 (0) disconnected node: LO
Cell sky130_fd_sc_hd__conb_1 (1) disconnected node: VNB
Cell sky130_fd_sc_hd__conb_1 (1) disconnected node: VPB

Subcircuit pins:
Circuit 1: sky130_fd_sc_hd__conb_1         |Circuit 2: sky130_fd_sc_hd__conb_1         
-------------------------------------------|-------------------------------------------
VGND                                       |VGND                                       
VNB                                        |VNB                                        
VPB                                        |VPB                                        
VPWR                                       |VPWR                                       
HI                                         |HI                                         
LO                                         |LO                                         
---------------------------------------------------------------------------------------
Cell pin lists are equivalent.
Device classes sky130_fd_sc_hd__conb_1 and sky130_fd_sc_hd__conb_1 are equivalent.

Cell sky130_fd_sc_hd__or4_1 (0) disconnected node: A
Cell sky130_fd_sc_hd__or4_1 (0) disconnected node: B
Cell sky130_fd_sc_hd__or4_1 (0) disconnected node: C
Cell sky130_fd_sc_hd__or4_1 (0) disconnected node: D
Cell sky130_fd_sc_hd__or4_1 (0) disconnected node: VGND
Cell sky130_fd_sc_hd__or4_1 (0) disconnected node: VNB
Cell sky130_fd_sc_hd__or4_1 (0) disconnected node: VPB
Cell sky130_fd_sc_hd__or4_1 (0) disconnected node: VPWR
Cell sky130_fd_sc_hd__or4_1 (0) disconnected node: X

Subcircuit pins:
Circuit 1: sky130_fd_sc_hd__or4_1          |Circuit 2: sky130_fd_sc_hd__or4_1          
-------------------------------------------|-------------------------------------------
A                                          |A                                          
B                                          |B                                          
C                                          |C                                          
D                                          |D                                          
VGND                                       |VGND                                       
VNB                                        |VNB                                        
VPB                                        |VPB                                        
VPWR                                       |VPWR                                       
X                                          |X                                          
---------------------------------------------------------------------------------------
Cell pin lists are equivalent.
Device classes sky130_fd_sc_hd__or4_1 and sky130_fd_sc_hd__or4_1 are equivalent.

Cell sky130_fd_sc_hd__nand4_2 (0) disconnected node: A
Cell sky130_fd_sc_hd__nand4_2 (0) disconnected node: B
Cell sky130_fd_sc_hd__nand4_2 (0) disconnected node: C
Cell sky130_fd_sc_hd__nand4_2 (0) disconnected node: D
Cell sky130_fd_sc_hd__nand4_2 (0) disconnected node: VGND
Cell sky130_fd_sc_hd__nand4_2 (0) disconnected node: VNB
Cell sky130_fd_sc_hd__nand4_2 (0) disconnected node: VPB
Cell sky130_fd_sc_hd__nand4_2 (0) disconnected node: VPWR
Cell sky130_fd_sc_hd__nand4_2 (0) disconnected node: Y

Subcircuit pins:
Circuit 1: sky130_fd_sc_hd__nand4_2        |Circuit 2: sky130_fd_sc_hd__nand4_2        
-------------------------------------------|-------------------------------------------
A                                          |A                                          
B                                          |B                                          
C                                          |C                                          
D                                          |D                                          
VGND                                       |VGND                                       
VNB                                        |VNB                                        
VPB                                        |VPB                                        
VPWR                                       |VPWR                                       
Y                                          |Y                                          
---------------------------------------------------------------------------------------
Cell pin lists are equivalent.
Device classes sky130_fd_sc_hd__nand4_2 and sky130_fd_sc_hd__nand4_2 are equivalent.

Cell sky130_fd_sc_hd__o31a_1 (0) disconnected node: A1
Cell sky130_fd_sc_hd__o31a_1 (0) disconnected node: A2
Cell sky130_fd_sc_hd__o31a_1 (0) disconnected node: A3
Cell sky130_fd_sc_hd__o31a_1 (0) disconnected node: B1
Cell sky130_fd_sc_hd__o31a_1 (0) disconnected node: VGND
Cell sky130_fd_sc_hd__o31a_1 (0) disconnected node: VNB
Cell sky130_fd_sc_hd__o31a_1 (0) disconnected node: VPB
Cell sky130_fd_sc_hd__o31a_1 (0) disconnected node: VPWR
Cell sky130_fd_sc_hd__o31a_1 (0) disconnected node: X

Subcircuit pins:
Circuit 1: sky130_fd_sc_hd__o31a_1         |Circuit 2: sky130_fd_sc_hd__o31a_1         
-------------------------------------------|-------------------------------------------
A1                                         |A1                                         
A2                                         |A2                                         
A3                                         |A3                                         
B1                                         |B1                                         
VGND                                       |VGND                                       
VNB                                        |VNB                                        
VPB                                        |VPB                                        
VPWR                                       |VPWR                                       
X                                          |X                                          
---------------------------------------------------------------------------------------
Cell pin lists are equivalent.
Device classes sky130_fd_sc_hd__o31a_1 and sky130_fd_sc_hd__o31a_1 are equivalent.

Cell sky130_fd_sc_hd__dfrtp_2 (0) disconnected node: CLK
Cell sky130_fd_sc_hd__dfrtp_2 (0) disconnected node: D
Cell sky130_fd_sc_hd__dfrtp_2 (0) disconnected node: RESET_B
Cell sky130_fd_sc_hd__dfrtp_2 (0) disconnected node: VGND
Cell sky130_fd_sc_hd__dfrtp_2 (0) disconnected node: VNB
Cell sky130_fd_sc_hd__dfrtp_2 (0) disconnected node: VPB
Cell sky130_fd_sc_hd__dfrtp_2 (0) disconnected node: VPWR
Cell sky130_fd_sc_hd__dfrtp_2 (0) disconnected node: Q

Subcircuit pins:
Circuit 1: sky130_fd_sc_hd__dfrtp_2        |Circuit 2: sky130_fd_sc_hd__dfrtp_2        
-------------------------------------------|-------------------------------------------
CLK                                        |CLK                                        
D                                          |D                                          
RESET_B                                    |RESET_B                                    
VGND                                       |VGND                                       
VNB                                        |VNB                                        
VPB                                        |VPB                                        
VPWR                                       |VPWR                                       
Q                                          |Q                                          
---------------------------------------------------------------------------------------
Cell pin lists are equivalent.
Device classes sky130_fd_sc_hd__dfrtp_2 and sky130_fd_sc_hd__dfrtp_2 are equivalent.

Cell sky130_fd_sc_hd__nand3_1 (0) disconnected node: A
Cell sky130_fd_sc_hd__nand3_1 (0) disconnected node: B
Cell sky130_fd_sc_hd__nand3_1 (0) disconnected node: C
Cell sky130_fd_sc_hd__nand3_1 (0) disconnected node: VGND
Cell sky130_fd_sc_hd__nand3_1 (0) disconnected node: VNB
Cell sky130_fd_sc_hd__nand3_1 (0) disconnected node: VPB
Cell sky130_fd_sc_hd__nand3_1 (0) disconnected node: VPWR
Cell sky130_fd_sc_hd__nand3_1 (0) disconnected node: Y

Subcircuit pins:
Circuit 1: sky130_fd_sc_hd__nand3_1        |Circuit 2: sky130_fd_sc_hd__nand3_1        
-------------------------------------------|-------------------------------------------
A                                          |A                                          
B                                          |B                                          
C                                          |C                                          
VGND                                       |VGND                                       
VNB                                        |VNB                                        
VPB                                        |VPB                                        
VPWR                                       |VPWR                                       
Y                                          |Y                                          
---------------------------------------------------------------------------------------
Cell pin lists are equivalent.
Device classes sky130_fd_sc_hd__nand3_1 and sky130_fd_sc_hd__nand3_1 are equivalent.

Cell sky130_fd_sc_hd__xnor2_1 (0) disconnected node: A
Cell sky130_fd_sc_hd__xnor2_1 (0) disconnected node: B
Cell sky130_fd_sc_hd__xnor2_1 (0) disconnected node: VGND
Cell sky130_fd_sc_hd__xnor2_1 (0) disconnected node: VNB
Cell sky130_fd_sc_hd__xnor2_1 (0) disconnected node: VPB
Cell sky130_fd_sc_hd__xnor2_1 (0) disconnected node: VPWR
Cell sky130_fd_sc_hd__xnor2_1 (0) disconnected node: Y

Subcircuit pins:
Circuit 1: sky130_fd_sc_hd__xnor2_1        |Circuit 2: sky130_fd_sc_hd__xnor2_1        
-------------------------------------------|-------------------------------------------
A                                          |A                                          
B                                          |B                                          
VGND                                       |VGND                                       
VNB                                        |VNB                                        
VPB                                        |VPB                                        
VPWR                                       |VPWR                                       
Y                                          |Y                                          
---------------------------------------------------------------------------------------
Cell pin lists are equivalent.
Device classes sky130_fd_sc_hd__xnor2_1 and sky130_fd_sc_hd__xnor2_1 are equivalent.

Cell sky130_fd_sc_hd__clkbuf_4 (0) disconnected node: A
Cell sky130_fd_sc_hd__clkbuf_4 (0) disconnected node: VGND
Cell sky130_fd_sc_hd__clkbuf_4 (0) disconnected node: VNB
Cell sky130_fd_sc_hd__clkbuf_4 (0) disconnected node: VPB
Cell sky130_fd_sc_hd__clkbuf_4 (0) disconnected node: VPWR
Cell sky130_fd_sc_hd__clkbuf_4 (0) disconnected node: X

Subcircuit pins:
Circuit 1: sky130_fd_sc_hd__clkbuf_4       |Circuit 2: sky130_fd_sc_hd__clkbuf_4       
-------------------------------------------|-------------------------------------------
A                                          |A                                          
VGND                                       |VGND                                       
VNB                                        |VNB                                        
VPB                                        |VPB                                        
VPWR                                       |VPWR                                       
X                                          |X                                          
---------------------------------------------------------------------------------------
Cell pin lists are equivalent.
Device classes sky130_fd_sc_hd__clkbuf_4 and sky130_fd_sc_hd__clkbuf_4 are equivalent.

Cell sky130_fd_sc_hd__inv_6 (0) disconnected node: A
Cell sky130_fd_sc_hd__inv_6 (0) disconnected node: VGND
Cell sky130_fd_sc_hd__inv_6 (0) disconnected node: VNB
Cell sky130_fd_sc_hd__inv_6 (0) disconnected node: VPB
Cell sky130_fd_sc_hd__inv_6 (0) disconnected node: VPWR
Cell sky130_fd_sc_hd__inv_6 (0) disconnected node: Y

Subcircuit pins:
Circuit 1: sky130_fd_sc_hd__inv_6          |Circuit 2: sky130_fd_sc_hd__inv_6          
-------------------------------------------|-------------------------------------------
A                                          |A                                          
VGND                                       |VGND                                       
VNB                                        |VNB                                        
VPB                                        |VPB                                        
VPWR                                       |VPWR                                       
Y                                          |Y                                          
---------------------------------------------------------------------------------------
Cell pin lists are equivalent.
Device classes sky130_fd_sc_hd__inv_6 and sky130_fd_sc_hd__inv_6 are equivalent.

Cell sky130_fd_sc_hd__inv_8 (0) disconnected node: A
Cell sky130_fd_sc_hd__inv_8 (0) disconnected node: VGND
Cell sky130_fd_sc_hd__inv_8 (0) disconnected node: VNB
Cell sky130_fd_sc_hd__inv_8 (0) disconnected node: VPB
Cell sky130_fd_sc_hd__inv_8 (0) disconnected node: VPWR
Cell sky130_fd_sc_hd__inv_8 (0) disconnected node: Y

Subcircuit pins:
Circuit 1: sky130_fd_sc_hd__inv_8          |Circuit 2: sky130_fd_sc_hd__inv_8          
-------------------------------------------|-------------------------------------------
A                                          |A                                          
VGND                                       |VGND                                       
VNB                                        |VNB                                        
VPB                                        |VPB                                        
VPWR                                       |VPWR                                       
Y                                          |Y                                          
---------------------------------------------------------------------------------------
Cell pin lists are equivalent.
Device classes sky130_fd_sc_hd__inv_8 and sky130_fd_sc_hd__inv_8 are equivalent.

Cell sky130_fd_sc_hd__o31ai_1 (0) disconnected node: A1
Cell sky130_fd_sc_hd__o31ai_1 (0) disconnected node: A2
Cell sky130_fd_sc_hd__o31ai_1 (0) disconnected node: A3
Cell sky130_fd_sc_hd__o31ai_1 (0) disconnected node: B1
Cell sky130_fd_sc_hd__o31ai_1 (0) disconnected node: VGND
Cell sky130_fd_sc_hd__o31ai_1 (0) disconnected node: VNB
Cell sky130_fd_sc_hd__o31ai_1 (0) disconnected node: VPB
Cell sky130_fd_sc_hd__o31ai_1 (0) disconnected node: VPWR
Cell sky130_fd_sc_hd__o31ai_1 (0) disconnected node: Y

Subcircuit pins:
Circuit 1: sky130_fd_sc_hd__o31ai_1        |Circuit 2: sky130_fd_sc_hd__o31ai_1        
-------------------------------------------|-------------------------------------------
A1                                         |A1                                         
A2                                         |A2                                         
A3                                         |A3                                         
B1                                         |B1                                         
VGND                                       |VGND                                       
VNB                                        |VNB                                        
VPB                                        |VPB                                        
VPWR                                       |VPWR                                       
Y                                          |Y                                          
---------------------------------------------------------------------------------------
Cell pin lists are equivalent.
Device classes sky130_fd_sc_hd__o31ai_1 and sky130_fd_sc_hd__o31ai_1 are equivalent.

Cell sky130_fd_sc_hd__bufinv_16 (0) disconnected node: A
Cell sky130_fd_sc_hd__bufinv_16 (0) disconnected node: VGND
Cell sky130_fd_sc_hd__bufinv_16 (0) disconnected node: VNB
Cell sky130_fd_sc_hd__bufinv_16 (0) disconnected node: VPB
Cell sky130_fd_sc_hd__bufinv_16 (0) disconnected node: VPWR
Cell sky130_fd_sc_hd__bufinv_16 (0) disconnected node: Y

Subcircuit pins:
Circuit 1: sky130_fd_sc_hd__bufinv_16      |Circuit 2: sky130_fd_sc_hd__bufinv_16      
-------------------------------------------|-------------------------------------------
A                                          |A                                          
VGND                                       |VGND                                       
VNB                                        |VNB                                        
VPB                                        |VPB                                        
VPWR                                       |VPWR                                       
Y                                          |Y                                          
---------------------------------------------------------------------------------------
Cell pin lists are equivalent.
Device classes sky130_fd_sc_hd__bufinv_16 and sky130_fd_sc_hd__bufinv_16 are equivalent.

Cell sky130_fd_sc_hd__clkinv_8 (0) disconnected node: A
Cell sky130_fd_sc_hd__clkinv_8 (0) disconnected node: VGND
Cell sky130_fd_sc_hd__clkinv_8 (0) disconnected node: VNB
Cell sky130_fd_sc_hd__clkinv_8 (0) disconnected node: VPB
Cell sky130_fd_sc_hd__clkinv_8 (0) disconnected node: VPWR
Cell sky130_fd_sc_hd__clkinv_8 (0) disconnected node: Y

Subcircuit pins:
Circuit 1: sky130_fd_sc_hd__clkinv_8       |Circuit 2: sky130_fd_sc_hd__clkinv_8       
-------------------------------------------|-------------------------------------------
A                                          |A                                          
VGND                                       |VGND                                       
VNB                                        |VNB                                        
VPB                                        |VPB                                        
VPWR                                       |VPWR                                       
Y                                          |Y                                          
---------------------------------------------------------------------------------------
Cell pin lists are equivalent.
Device classes sky130_fd_sc_hd__clkinv_8 and sky130_fd_sc_hd__clkinv_8 are equivalent.

Cell sky130_fd_sc_hd__a211o_1 (0) disconnected node: A1
Cell sky130_fd_sc_hd__a211o_1 (0) disconnected node: A2
Cell sky130_fd_sc_hd__a211o_1 (0) disconnected node: B1
Cell sky130_fd_sc_hd__a211o_1 (0) disconnected node: C1
Cell sky130_fd_sc_hd__a211o_1 (0) disconnected node: VGND
Cell sky130_fd_sc_hd__a211o_1 (0) disconnected node: VNB
Cell sky130_fd_sc_hd__a211o_1 (0) disconnected node: VPB
Cell sky130_fd_sc_hd__a211o_1 (0) disconnected node: VPWR
Cell sky130_fd_sc_hd__a211o_1 (0) disconnected node: X

Subcircuit pins:
Circuit 1: sky130_fd_sc_hd__a211o_1        |Circuit 2: sky130_fd_sc_hd__a211o_1        
-------------------------------------------|-------------------------------------------
A1                                         |A1                                         
A2                                         |A2                                         
B1                                         |B1                                         
C1                                         |C1                                         
VGND                                       |VGND                                       
VNB                                        |VNB                                        
VPB                                        |VPB                                        
VPWR                                       |VPWR                                       
X                                          |X                                          
---------------------------------------------------------------------------------------
Cell pin lists are equivalent.
Device classes sky130_fd_sc_hd__a211o_1 and sky130_fd_sc_hd__a211o_1 are equivalent.

Cell sky130_fd_sc_hd__clkbuf_2 (0) disconnected node: A
Cell sky130_fd_sc_hd__clkbuf_2 (0) disconnected node: VGND
Cell sky130_fd_sc_hd__clkbuf_2 (0) disconnected node: VNB
Cell sky130_fd_sc_hd__clkbuf_2 (0) disconnected node: VPB
Cell sky130_fd_sc_hd__clkbuf_2 (0) disconnected node: VPWR
Cell sky130_fd_sc_hd__clkbuf_2 (0) disconnected node: X

Subcircuit pins:
Circuit 1: sky130_fd_sc_hd__clkbuf_2       |Circuit 2: sky130_fd_sc_hd__clkbuf_2       
-------------------------------------------|-------------------------------------------
A                                          |A                                          
VGND                                       |VGND                                       
VNB                                        |VNB                                        
VPB                                        |VPB                                        
VPWR                                       |VPWR                                       
X                                          |X                                          
---------------------------------------------------------------------------------------
Cell pin lists are equivalent.
Device classes sky130_fd_sc_hd__clkbuf_2 and sky130_fd_sc_hd__clkbuf_2 are equivalent.

Cell sky130_fd_sc_hd__o21ai_1 (0) disconnected node: A1
Cell sky130_fd_sc_hd__o21ai_1 (0) disconnected node: A2
Cell sky130_fd_sc_hd__o21ai_1 (0) disconnected node: B1
Cell sky130_fd_sc_hd__o21ai_1 (0) disconnected node: VGND
Cell sky130_fd_sc_hd__o21ai_1 (0) disconnected node: VNB
Cell sky130_fd_sc_hd__o21ai_1 (0) disconnected node: VPB
Cell sky130_fd_sc_hd__o21ai_1 (0) disconnected node: VPWR
Cell sky130_fd_sc_hd__o21ai_1 (0) disconnected node: Y

Subcircuit pins:
Circuit 1: sky130_fd_sc_hd__o21ai_1        |Circuit 2: sky130_fd_sc_hd__o21ai_1        
-------------------------------------------|-------------------------------------------
A1                                         |A1                                         
A2                                         |A2                                         
B1                                         |B1                                         
VGND                                       |VGND                                       
VNB                                        |VNB                                        
VPB                                        |VPB                                        
VPWR                                       |VPWR                                       
Y                                          |Y                                          
---------------------------------------------------------------------------------------
Cell pin lists are equivalent.
Device classes sky130_fd_sc_hd__o21ai_1 and sky130_fd_sc_hd__o21ai_1 are equivalent.

Cell sky130_fd_sc_hd__mux4_1 (0) disconnected node: A0
Cell sky130_fd_sc_hd__mux4_1 (0) disconnected node: A1
Cell sky130_fd_sc_hd__mux4_1 (0) disconnected node: A2
Cell sky130_fd_sc_hd__mux4_1 (0) disconnected node: A3
Cell sky130_fd_sc_hd__mux4_1 (0) disconnected node: S0
Cell sky130_fd_sc_hd__mux4_1 (0) disconnected node: S1
Cell sky130_fd_sc_hd__mux4_1 (0) disconnected node: VGND
Cell sky130_fd_sc_hd__mux4_1 (0) disconnected node: VNB
Cell sky130_fd_sc_hd__mux4_1 (0) disconnected node: VPB
Cell sky130_fd_sc_hd__mux4_1 (0) disconnected node: VPWR
Cell sky130_fd_sc_hd__mux4_1 (0) disconnected node: X

Subcircuit pins:
Circuit 1: sky130_fd_sc_hd__mux4_1         |Circuit 2: sky130_fd_sc_hd__mux4_1         
-------------------------------------------|-------------------------------------------
A0                                         |A0                                         
A1                                         |A1                                         
A2                                         |A2                                         
A3                                         |A3                                         
S0                                         |S0                                         
S1                                         |S1                                         
VGND                                       |VGND                                       
VNB                                        |VNB                                        
VPB                                        |VPB                                        
VPWR                                       |VPWR                                       
X                                          |X                                          
---------------------------------------------------------------------------------------
Cell pin lists are equivalent.
Device classes sky130_fd_sc_hd__mux4_1 and sky130_fd_sc_hd__mux4_1 are equivalent.

Cell sky130_fd_sc_hd__clkinv_2 (0) disconnected node: A
Cell sky130_fd_sc_hd__clkinv_2 (0) disconnected node: VGND
Cell sky130_fd_sc_hd__clkinv_2 (0) disconnected node: VNB
Cell sky130_fd_sc_hd__clkinv_2 (0) disconnected node: VPB
Cell sky130_fd_sc_hd__clkinv_2 (0) disconnected node: VPWR
Cell sky130_fd_sc_hd__clkinv_2 (0) disconnected node: Y

Subcircuit pins:
Circuit 1: sky130_fd_sc_hd__clkinv_2       |Circuit 2: sky130_fd_sc_hd__clkinv_2       
-------------------------------------------|-------------------------------------------
A                                          |A                                          
VGND                                       |VGND                                       
VNB                                        |VNB                                        
VPB                                        |VPB                                        
VPWR                                       |VPWR                                       
Y                                          |Y                                          
---------------------------------------------------------------------------------------
Cell pin lists are equivalent.
Device classes sky130_fd_sc_hd__clkinv_2 and sky130_fd_sc_hd__clkinv_2 are equivalent.

Cell sky130_fd_sc_hd__nor2_2 (0) disconnected node: A
Cell sky130_fd_sc_hd__nor2_2 (0) disconnected node: B
Cell sky130_fd_sc_hd__nor2_2 (0) disconnected node: VGND
Cell sky130_fd_sc_hd__nor2_2 (0) disconnected node: VNB
Cell sky130_fd_sc_hd__nor2_2 (0) disconnected node: VPB
Cell sky130_fd_sc_hd__nor2_2 (0) disconnected node: VPWR
Cell sky130_fd_sc_hd__nor2_2 (0) disconnected node: Y

Subcircuit pins:
Circuit 1: sky130_fd_sc_hd__nor2_2         |Circuit 2: sky130_fd_sc_hd__nor2_2         
-------------------------------------------|-------------------------------------------
A                                          |A                                          
B                                          |B                                          
VGND                                       |VGND                                       
VNB                                        |VNB                                        
VPB                                        |VPB                                        
VPWR                                       |VPWR                                       
Y                                          |Y                                          
---------------------------------------------------------------------------------------
Cell pin lists are equivalent.
Device classes sky130_fd_sc_hd__nor2_2 and sky130_fd_sc_hd__nor2_2 are equivalent.

Cell sky130_fd_sc_hd__or3b_2 (0) disconnected node: A
Cell sky130_fd_sc_hd__or3b_2 (0) disconnected node: B
Cell sky130_fd_sc_hd__or3b_2 (0) disconnected node: C_N
Cell sky130_fd_sc_hd__or3b_2 (0) disconnected node: VGND
Cell sky130_fd_sc_hd__or3b_2 (0) disconnected node: VNB
Cell sky130_fd_sc_hd__or3b_2 (0) disconnected node: VPB
Cell sky130_fd_sc_hd__or3b_2 (0) disconnected node: VPWR
Cell sky130_fd_sc_hd__or3b_2 (0) disconnected node: X

Subcircuit pins:
Circuit 1: sky130_fd_sc_hd__or3b_2         |Circuit 2: sky130_fd_sc_hd__or3b_2         
-------------------------------------------|-------------------------------------------
A                                          |A                                          
B                                          |B                                          
C_N                                        |C_N                                        
VGND                                       |VGND                                       
VNB                                        |VNB                                        
VPB                                        |VPB                                        
VPWR                                       |VPWR                                       
X                                          |X                                          
---------------------------------------------------------------------------------------
Cell pin lists are equivalent.
Device classes sky130_fd_sc_hd__or3b_2 and sky130_fd_sc_hd__or3b_2 are equivalent.

Cell sky130_fd_sc_hd__clkinvlp_4 (0) disconnected node: A
Cell sky130_fd_sc_hd__clkinvlp_4 (0) disconnected node: VGND
Cell sky130_fd_sc_hd__clkinvlp_4 (0) disconnected node: VNB
Cell sky130_fd_sc_hd__clkinvlp_4 (0) disconnected node: VPB
Cell sky130_fd_sc_hd__clkinvlp_4 (0) disconnected node: VPWR
Cell sky130_fd_sc_hd__clkinvlp_4 (0) disconnected node: Y

Subcircuit pins:
Circuit 1: sky130_fd_sc_hd__clkinvlp_4     |Circuit 2: sky130_fd_sc_hd__clkinvlp_4     
-------------------------------------------|-------------------------------------------
A                                          |A                                          
VGND                                       |VGND                                       
VNB                                        |VNB                                        
VPB                                        |VPB                                        
VPWR                                       |VPWR                                       
Y                                          |Y                                          
---------------------------------------------------------------------------------------
Cell pin lists are equivalent.
Device classes sky130_fd_sc_hd__clkinvlp_4 and sky130_fd_sc_hd__clkinvlp_4 are equivalent.

Cell sky130_fd_sc_hd__and2b_2 (0) disconnected node: A_N
Cell sky130_fd_sc_hd__and2b_2 (0) disconnected node: B
Cell sky130_fd_sc_hd__and2b_2 (0) disconnected node: VGND
Cell sky130_fd_sc_hd__and2b_2 (0) disconnected node: VNB
Cell sky130_fd_sc_hd__and2b_2 (0) disconnected node: VPB
Cell sky130_fd_sc_hd__and2b_2 (0) disconnected node: VPWR
Cell sky130_fd_sc_hd__and2b_2 (0) disconnected node: X

Subcircuit pins:
Circuit 1: sky130_fd_sc_hd__and2b_2        |Circuit 2: sky130_fd_sc_hd__and2b_2        
-------------------------------------------|-------------------------------------------
A_N                                        |A_N                                        
B                                          |B                                          
VGND                                       |VGND                                       
VNB                                        |VNB                                        
VPB                                        |VPB                                        
VPWR                                       |VPWR                                       
X                                          |X                                          
---------------------------------------------------------------------------------------
Cell pin lists are equivalent.
Device classes sky130_fd_sc_hd__and2b_2 and sky130_fd_sc_hd__and2b_2 are equivalent.

Cell sky130_fd_sc_hd__nand2_4 (0) disconnected node: A
Cell sky130_fd_sc_hd__nand2_4 (0) disconnected node: B
Cell sky130_fd_sc_hd__nand2_4 (0) disconnected node: VGND
Cell sky130_fd_sc_hd__nand2_4 (0) disconnected node: VNB
Cell sky130_fd_sc_hd__nand2_4 (0) disconnected node: VPB
Cell sky130_fd_sc_hd__nand2_4 (0) disconnected node: VPWR
Cell sky130_fd_sc_hd__nand2_4 (0) disconnected node: Y

Subcircuit pins:
Circuit 1: sky130_fd_sc_hd__nand2_4        |Circuit 2: sky130_fd_sc_hd__nand2_4        
-------------------------------------------|-------------------------------------------
A                                          |A                                          
B                                          |B                                          
VGND                                       |VGND                                       
VNB                                        |VNB                                        
VPB                                        |VPB                                        
VPWR                                       |VPWR                                       
Y                                          |Y                                          
---------------------------------------------------------------------------------------
Cell pin lists are equivalent.
Device classes sky130_fd_sc_hd__nand2_4 and sky130_fd_sc_hd__nand2_4 are equivalent.

Cell sky130_fd_sc_hd__o21bai_1 (0) disconnected node: A1
Cell sky130_fd_sc_hd__o21bai_1 (0) disconnected node: A2
Cell sky130_fd_sc_hd__o21bai_1 (0) disconnected node: B1_N
Cell sky130_fd_sc_hd__o21bai_1 (0) disconnected node: VGND
Cell sky130_fd_sc_hd__o21bai_1 (0) disconnected node: VNB
Cell sky130_fd_sc_hd__o21bai_1 (0) disconnected node: VPB
Cell sky130_fd_sc_hd__o21bai_1 (0) disconnected node: VPWR
Cell sky130_fd_sc_hd__o21bai_1 (0) disconnected node: Y

Subcircuit pins:
Circuit 1: sky130_fd_sc_hd__o21bai_1       |Circuit 2: sky130_fd_sc_hd__o21bai_1       
-------------------------------------------|-------------------------------------------
A1                                         |A1                                         
A2                                         |A2                                         
B1_N                                       |B1_N                                       
VGND                                       |VGND                                       
VNB                                        |VNB                                        
VPB                                        |VPB                                        
VPWR                                       |VPWR                                       
Y                                          |Y                                          
---------------------------------------------------------------------------------------
Cell pin lists are equivalent.
Device classes sky130_fd_sc_hd__o21bai_1 and sky130_fd_sc_hd__o21bai_1 are equivalent.

Cell sky130_fd_sc_hd__or3_2 (0) disconnected node: A
Cell sky130_fd_sc_hd__or3_2 (0) disconnected node: B
Cell sky130_fd_sc_hd__or3_2 (0) disconnected node: C
Cell sky130_fd_sc_hd__or3_2 (0) disconnected node: VGND
Cell sky130_fd_sc_hd__or3_2 (0) disconnected node: VNB
Cell sky130_fd_sc_hd__or3_2 (0) disconnected node: VPB
Cell sky130_fd_sc_hd__or3_2 (0) disconnected node: VPWR
Cell sky130_fd_sc_hd__or3_2 (0) disconnected node: X

Subcircuit pins:
Circuit 1: sky130_fd_sc_hd__or3_2          |Circuit 2: sky130_fd_sc_hd__or3_2          
-------------------------------------------|-------------------------------------------
A                                          |A                                          
B                                          |B                                          
C                                          |C                                          
VGND                                       |VGND                                       
VNB                                        |VNB                                        
VPB                                        |VPB                                        
VPWR                                       |VPWR                                       
X                                          |X                                          
---------------------------------------------------------------------------------------
Cell pin lists are equivalent.
Device classes sky130_fd_sc_hd__or3_2 and sky130_fd_sc_hd__or3_2 are equivalent.

Cell sky130_fd_sc_hd__nor3b_1 (0) disconnected node: A
Cell sky130_fd_sc_hd__nor3b_1 (0) disconnected node: B
Cell sky130_fd_sc_hd__nor3b_1 (0) disconnected node: C_N
Cell sky130_fd_sc_hd__nor3b_1 (0) disconnected node: VGND
Cell sky130_fd_sc_hd__nor3b_1 (0) disconnected node: VNB
Cell sky130_fd_sc_hd__nor3b_1 (0) disconnected node: VPB
Cell sky130_fd_sc_hd__nor3b_1 (0) disconnected node: VPWR
Cell sky130_fd_sc_hd__nor3b_1 (0) disconnected node: Y

Subcircuit pins:
Circuit 1: sky130_fd_sc_hd__nor3b_1        |Circuit 2: sky130_fd_sc_hd__nor3b_1        
-------------------------------------------|-------------------------------------------
A                                          |A                                          
B                                          |B                                          
C_N                                        |C_N                                        
VGND                                       |VGND                                       
VNB                                        |VNB                                        
VPB                                        |VPB                                        
VPWR                                       |VPWR                                       
Y                                          |Y                                          
---------------------------------------------------------------------------------------
Cell pin lists are equivalent.
Device classes sky130_fd_sc_hd__nor3b_1 and sky130_fd_sc_hd__nor3b_1 are equivalent.

Cell sky130_fd_sc_hd__clkinv_4 (0) disconnected node: A
Cell sky130_fd_sc_hd__clkinv_4 (0) disconnected node: VGND
Cell sky130_fd_sc_hd__clkinv_4 (0) disconnected node: VNB
Cell sky130_fd_sc_hd__clkinv_4 (0) disconnected node: VPB
Cell sky130_fd_sc_hd__clkinv_4 (0) disconnected node: VPWR
Cell sky130_fd_sc_hd__clkinv_4 (0) disconnected node: Y

Subcircuit pins:
Circuit 1: sky130_fd_sc_hd__clkinv_4       |Circuit 2: sky130_fd_sc_hd__clkinv_4       
-------------------------------------------|-------------------------------------------
A                                          |A                                          
VGND                                       |VGND                                       
VNB                                        |VNB                                        
VPB                                        |VPB                                        
VPWR                                       |VPWR                                       
Y                                          |Y                                          
---------------------------------------------------------------------------------------
Cell pin lists are equivalent.
Device classes sky130_fd_sc_hd__clkinv_4 and sky130_fd_sc_hd__clkinv_4 are equivalent.

Cell sky130_fd_sc_hd__buf_1 (0) disconnected node: A
Cell sky130_fd_sc_hd__buf_1 (0) disconnected node: VGND
Cell sky130_fd_sc_hd__buf_1 (0) disconnected node: VNB
Cell sky130_fd_sc_hd__buf_1 (0) disconnected node: VPB
Cell sky130_fd_sc_hd__buf_1 (0) disconnected node: VPWR
Cell sky130_fd_sc_hd__buf_1 (0) disconnected node: X

Subcircuit pins:
Circuit 1: sky130_fd_sc_hd__buf_1          |Circuit 2: sky130_fd_sc_hd__buf_1          
-------------------------------------------|-------------------------------------------
A                                          |A                                          
VGND                                       |VGND                                       
VNB                                        |VNB                                        
VPB                                        |VPB                                        
VPWR                                       |VPWR                                       
X                                          |X                                          
---------------------------------------------------------------------------------------
Cell pin lists are equivalent.
Device classes sky130_fd_sc_hd__buf_1 and sky130_fd_sc_hd__buf_1 are equivalent.

Cell sky130_fd_sc_hd__dfstp_1 (0) disconnected node: CLK
Cell sky130_fd_sc_hd__dfstp_1 (0) disconnected node: D
Cell sky130_fd_sc_hd__dfstp_1 (0) disconnected node: SET_B
Cell sky130_fd_sc_hd__dfstp_1 (0) disconnected node: VGND
Cell sky130_fd_sc_hd__dfstp_1 (0) disconnected node: VNB
Cell sky130_fd_sc_hd__dfstp_1 (0) disconnected node: VPB
Cell sky130_fd_sc_hd__dfstp_1 (0) disconnected node: VPWR
Cell sky130_fd_sc_hd__dfstp_1 (0) disconnected node: Q

Subcircuit pins:
Circuit 1: sky130_fd_sc_hd__dfstp_1        |Circuit 2: sky130_fd_sc_hd__dfstp_1        
-------------------------------------------|-------------------------------------------
CLK                                        |CLK                                        
D                                          |D                                          
SET_B                                      |SET_B                                      
VGND                                       |VGND                                       
VNB                                        |VNB                                        
VPB                                        |VPB                                        
VPWR                                       |VPWR                                       
Q                                          |Q                                          
---------------------------------------------------------------------------------------
Cell pin lists are equivalent.
Device classes sky130_fd_sc_hd__dfstp_1 and sky130_fd_sc_hd__dfstp_1 are equivalent.

Cell sky130_fd_sc_hd__or3_1 (0) disconnected node: A
Cell sky130_fd_sc_hd__or3_1 (0) disconnected node: B
Cell sky130_fd_sc_hd__or3_1 (0) disconnected node: C
Cell sky130_fd_sc_hd__or3_1 (0) disconnected node: VGND
Cell sky130_fd_sc_hd__or3_1 (0) disconnected node: VNB
Cell sky130_fd_sc_hd__or3_1 (0) disconnected node: VPB
Cell sky130_fd_sc_hd__or3_1 (0) disconnected node: VPWR
Cell sky130_fd_sc_hd__or3_1 (0) disconnected node: X

Subcircuit pins:
Circuit 1: sky130_fd_sc_hd__or3_1          |Circuit 2: sky130_fd_sc_hd__or3_1          
-------------------------------------------|-------------------------------------------
A                                          |A                                          
B                                          |B                                          
C                                          |C                                          
VGND                                       |VGND                                       
VNB                                        |VNB                                        
VPB                                        |VPB                                        
VPWR                                       |VPWR                                       
X                                          |X                                          
---------------------------------------------------------------------------------------
Cell pin lists are equivalent.
Device classes sky130_fd_sc_hd__or3_1 and sky130_fd_sc_hd__or3_1 are equivalent.

Cell sky130_fd_sc_hd__and2b_1 (0) disconnected node: A_N
Cell sky130_fd_sc_hd__and2b_1 (0) disconnected node: B
Cell sky130_fd_sc_hd__and2b_1 (0) disconnected node: VGND
Cell sky130_fd_sc_hd__and2b_1 (0) disconnected node: VNB
Cell sky130_fd_sc_hd__and2b_1 (0) disconnected node: VPB
Cell sky130_fd_sc_hd__and2b_1 (0) disconnected node: VPWR
Cell sky130_fd_sc_hd__and2b_1 (0) disconnected node: X

Subcircuit pins:
Circuit 1: sky130_fd_sc_hd__and2b_1        |Circuit 2: sky130_fd_sc_hd__and2b_1        
-------------------------------------------|-------------------------------------------
A_N                                        |A_N                                        
B                                          |B                                          
VGND                                       |VGND                                       
VNB                                        |VNB                                        
VPB                                        |VPB                                        
VPWR                                       |VPWR                                       
X                                          |X                                          
---------------------------------------------------------------------------------------
Cell pin lists are equivalent.
Device classes sky130_fd_sc_hd__and2b_1 and sky130_fd_sc_hd__and2b_1 are equivalent.

Cell sky130_fd_sc_hd__a2bb2o_1 (0) disconnected node: A1_N
Cell sky130_fd_sc_hd__a2bb2o_1 (0) disconnected node: A2_N
Cell sky130_fd_sc_hd__a2bb2o_1 (0) disconnected node: B1
Cell sky130_fd_sc_hd__a2bb2o_1 (0) disconnected node: B2
Cell sky130_fd_sc_hd__a2bb2o_1 (0) disconnected node: VGND
Cell sky130_fd_sc_hd__a2bb2o_1 (0) disconnected node: VNB
Cell sky130_fd_sc_hd__a2bb2o_1 (0) disconnected node: VPB
Cell sky130_fd_sc_hd__a2bb2o_1 (0) disconnected node: VPWR
Cell sky130_fd_sc_hd__a2bb2o_1 (0) disconnected node: X

Subcircuit pins:
Circuit 1: sky130_fd_sc_hd__a2bb2o_1       |Circuit 2: sky130_fd_sc_hd__a2bb2o_1       
-------------------------------------------|-------------------------------------------
A1_N                                       |A1_N                                       
A2_N                                       |A2_N                                       
B1                                         |B1                                         
B2                                         |B2                                         
VGND                                       |VGND                                       
VNB                                        |VNB                                        
VPB                                        |VPB                                        
VPWR                                       |VPWR                                       
X                                          |X                                          
---------------------------------------------------------------------------------------
Cell pin lists are equivalent.
Device classes sky130_fd_sc_hd__a2bb2o_1 and sky130_fd_sc_hd__a2bb2o_1 are equivalent.

Cell sky130_fd_sc_hd__or4_2 (0) disconnected node: A
Cell sky130_fd_sc_hd__or4_2 (0) disconnected node: B
Cell sky130_fd_sc_hd__or4_2 (0) disconnected node: C
Cell sky130_fd_sc_hd__or4_2 (0) disconnected node: D
Cell sky130_fd_sc_hd__or4_2 (0) disconnected node: VGND
Cell sky130_fd_sc_hd__or4_2 (0) disconnected node: VNB
Cell sky130_fd_sc_hd__or4_2 (0) disconnected node: VPB
Cell sky130_fd_sc_hd__or4_2 (0) disconnected node: VPWR
Cell sky130_fd_sc_hd__or4_2 (0) disconnected node: X

Subcircuit pins:
Circuit 1: sky130_fd_sc_hd__or4_2          |Circuit 2: sky130_fd_sc_hd__or4_2          
-------------------------------------------|-------------------------------------------
A                                          |A                                          
B                                          |B                                          
C                                          |C                                          
D                                          |D                                          
VGND                                       |VGND                                       
VNB                                        |VNB                                        
VPB                                        |VPB                                        
VPWR                                       |VPWR                                       
X                                          |X                                          
---------------------------------------------------------------------------------------
Cell pin lists are equivalent.
Device classes sky130_fd_sc_hd__or4_2 and sky130_fd_sc_hd__or4_2 are equivalent.

Cell sky130_fd_sc_hd__and3_2 (0) disconnected node: A
Cell sky130_fd_sc_hd__and3_2 (0) disconnected node: B
Cell sky130_fd_sc_hd__and3_2 (0) disconnected node: C
Cell sky130_fd_sc_hd__and3_2 (0) disconnected node: VGND
Cell sky130_fd_sc_hd__and3_2 (0) disconnected node: VNB
Cell sky130_fd_sc_hd__and3_2 (0) disconnected node: VPB
Cell sky130_fd_sc_hd__and3_2 (0) disconnected node: VPWR
Cell sky130_fd_sc_hd__and3_2 (0) disconnected node: X

Subcircuit pins:
Circuit 1: sky130_fd_sc_hd__and3_2         |Circuit 2: sky130_fd_sc_hd__and3_2         
-------------------------------------------|-------------------------------------------
A                                          |A                                          
B                                          |B                                          
C                                          |C                                          
VGND                                       |VGND                                       
VNB                                        |VNB                                        
VPB                                        |VPB                                        
VPWR                                       |VPWR                                       
X                                          |X                                          
---------------------------------------------------------------------------------------
Cell pin lists are equivalent.
Device classes sky130_fd_sc_hd__and3_2 and sky130_fd_sc_hd__and3_2 are equivalent.

Cell sky130_fd_sc_hd__and3b_2 (0) disconnected node: A_N
Cell sky130_fd_sc_hd__and3b_2 (0) disconnected node: B
Cell sky130_fd_sc_hd__and3b_2 (0) disconnected node: C
Cell sky130_fd_sc_hd__and3b_2 (0) disconnected node: VGND
Cell sky130_fd_sc_hd__and3b_2 (0) disconnected node: VNB
Cell sky130_fd_sc_hd__and3b_2 (0) disconnected node: VPB
Cell sky130_fd_sc_hd__and3b_2 (0) disconnected node: VPWR
Cell sky130_fd_sc_hd__and3b_2 (0) disconnected node: X

Subcircuit pins:
Circuit 1: sky130_fd_sc_hd__and3b_2        |Circuit 2: sky130_fd_sc_hd__and3b_2        
-------------------------------------------|-------------------------------------------
A_N                                        |A_N                                        
B                                          |B                                          
C                                          |C                                          
VGND                                       |VGND                                       
VNB                                        |VNB                                        
VPB                                        |VPB                                        
VPWR                                       |VPWR                                       
X                                          |X                                          
---------------------------------------------------------------------------------------
Cell pin lists are equivalent.
Device classes sky130_fd_sc_hd__and3b_2 and sky130_fd_sc_hd__and3b_2 are equivalent.

Cell sky130_fd_sc_hd__a41oi_2 (0) disconnected node: A1
Cell sky130_fd_sc_hd__a41oi_2 (0) disconnected node: A2
Cell sky130_fd_sc_hd__a41oi_2 (0) disconnected node: A3
Cell sky130_fd_sc_hd__a41oi_2 (0) disconnected node: A4
Cell sky130_fd_sc_hd__a41oi_2 (0) disconnected node: B1
Cell sky130_fd_sc_hd__a41oi_2 (0) disconnected node: VGND
Cell sky130_fd_sc_hd__a41oi_2 (0) disconnected node: VNB
Cell sky130_fd_sc_hd__a41oi_2 (0) disconnected node: VPB
Cell sky130_fd_sc_hd__a41oi_2 (0) disconnected node: VPWR
Cell sky130_fd_sc_hd__a41oi_2 (0) disconnected node: Y

Subcircuit pins:
Circuit 1: sky130_fd_sc_hd__a41oi_2        |Circuit 2: sky130_fd_sc_hd__a41oi_2        
-------------------------------------------|-------------------------------------------
A1                                         |A1                                         
A2                                         |A2                                         
A3                                         |A3                                         
A4                                         |A4                                         
B1                                         |B1                                         
VGND                                       |VGND                                       
VNB                                        |VNB                                        
VPB                                        |VPB                                        
VPWR                                       |VPWR                                       
Y                                          |Y                                          
---------------------------------------------------------------------------------------
Cell pin lists are equivalent.
Device classes sky130_fd_sc_hd__a41oi_2 and sky130_fd_sc_hd__a41oi_2 are equivalent.

Cell sky130_fd_sc_hd__o21a_2 (0) disconnected node: A1
Cell sky130_fd_sc_hd__o21a_2 (0) disconnected node: A2
Cell sky130_fd_sc_hd__o21a_2 (0) disconnected node: B1
Cell sky130_fd_sc_hd__o21a_2 (0) disconnected node: VGND
Cell sky130_fd_sc_hd__o21a_2 (0) disconnected node: VNB
Cell sky130_fd_sc_hd__o21a_2 (0) disconnected node: VPB
Cell sky130_fd_sc_hd__o21a_2 (0) disconnected node: VPWR
Cell sky130_fd_sc_hd__o21a_2 (0) disconnected node: X

Subcircuit pins:
Circuit 1: sky130_fd_sc_hd__o21a_2         |Circuit 2: sky130_fd_sc_hd__o21a_2         
-------------------------------------------|-------------------------------------------
A1                                         |A1                                         
A2                                         |A2                                         
B1                                         |B1                                         
VGND                                       |VGND                                       
VNB                                        |VNB                                        
VPB                                        |VPB                                        
VPWR                                       |VPWR                                       
X                                          |X                                          
---------------------------------------------------------------------------------------
Cell pin lists are equivalent.
Device classes sky130_fd_sc_hd__o21a_2 and sky130_fd_sc_hd__o21a_2 are equivalent.

Cell sky130_fd_sc_hd__a21boi_1 (0) disconnected node: A1
Cell sky130_fd_sc_hd__a21boi_1 (0) disconnected node: A2
Cell sky130_fd_sc_hd__a21boi_1 (0) disconnected node: B1_N
Cell sky130_fd_sc_hd__a21boi_1 (0) disconnected node: VGND
Cell sky130_fd_sc_hd__a21boi_1 (0) disconnected node: VNB
Cell sky130_fd_sc_hd__a21boi_1 (0) disconnected node: VPB
Cell sky130_fd_sc_hd__a21boi_1 (0) disconnected node: VPWR
Cell sky130_fd_sc_hd__a21boi_1 (0) disconnected node: Y

Subcircuit pins:
Circuit 1: sky130_fd_sc_hd__a21boi_1       |Circuit 2: sky130_fd_sc_hd__a21boi_1       
-------------------------------------------|-------------------------------------------
A1                                         |A1                                         
A2                                         |A2                                         
B1_N                                       |B1_N                                       
VGND                                       |VGND                                       
VNB                                        |VNB                                        
VPB                                        |VPB                                        
VPWR                                       |VPWR                                       
Y                                          |Y                                          
---------------------------------------------------------------------------------------
Cell pin lists are equivalent.
Device classes sky130_fd_sc_hd__a21boi_1 and sky130_fd_sc_hd__a21boi_1 are equivalent.

Cell sky130_fd_sc_hd__or2_4 (0) disconnected node: A
Cell sky130_fd_sc_hd__or2_4 (0) disconnected node: B
Cell sky130_fd_sc_hd__or2_4 (0) disconnected node: VGND
Cell sky130_fd_sc_hd__or2_4 (0) disconnected node: VNB
Cell sky130_fd_sc_hd__or2_4 (0) disconnected node: VPB
Cell sky130_fd_sc_hd__or2_4 (0) disconnected node: VPWR
Cell sky130_fd_sc_hd__or2_4 (0) disconnected node: X

Subcircuit pins:
Circuit 1: sky130_fd_sc_hd__or2_4          |Circuit 2: sky130_fd_sc_hd__or2_4          
-------------------------------------------|-------------------------------------------
A                                          |A                                          
B                                          |B                                          
VGND                                       |VGND                                       
VNB                                        |VNB                                        
VPB                                        |VPB                                        
VPWR                                       |VPWR                                       
X                                          |X                                          
---------------------------------------------------------------------------------------
Cell pin lists are equivalent.
Device classes sky130_fd_sc_hd__or2_4 and sky130_fd_sc_hd__or2_4 are equivalent.

Cell sky130_fd_sc_hd__or3_4 (0) disconnected node: A
Cell sky130_fd_sc_hd__or3_4 (0) disconnected node: B
Cell sky130_fd_sc_hd__or3_4 (0) disconnected node: C
Cell sky130_fd_sc_hd__or3_4 (0) disconnected node: VGND
Cell sky130_fd_sc_hd__or3_4 (0) disconnected node: VNB
Cell sky130_fd_sc_hd__or3_4 (0) disconnected node: VPB
Cell sky130_fd_sc_hd__or3_4 (0) disconnected node: VPWR
Cell sky130_fd_sc_hd__or3_4 (0) disconnected node: X

Subcircuit pins:
Circuit 1: sky130_fd_sc_hd__or3_4          |Circuit 2: sky130_fd_sc_hd__or3_4          
-------------------------------------------|-------------------------------------------
A                                          |A                                          
B                                          |B                                          
C                                          |C                                          
VGND                                       |VGND                                       
VNB                                        |VNB                                        
VPB                                        |VPB                                        
VPWR                                       |VPWR                                       
X                                          |X                                          
---------------------------------------------------------------------------------------
Cell pin lists are equivalent.
Device classes sky130_fd_sc_hd__or3_4 and sky130_fd_sc_hd__or3_4 are equivalent.

Class dual_sensor_top (0):  Merged 2350 parallel devices.
Class dual_sensor_top (1):  Merged 2350 parallel devices.
Subcircuit summary:
Circuit 1: dual_sensor_top                 |Circuit 2: dual_sensor_top                 
-------------------------------------------|-------------------------------------------
sky130_fd_sc_hd__fill_2 (207->1)           |sky130_fd_sc_hd__fill_2 (207->1)           
sky130_fd_sc_hd__decap_3 (300->1)          |sky130_fd_sc_hd__decap_3 (300->1)          
sky130_fd_sc_hd__tapvpwrvgnd_1 (429->1)    |sky130_fd_sc_hd__tapvpwrvgnd_1 (429->1)    
sky130_ef_sc_hd__decap_12 (522->1)         |sky130_ef_sc_hd__decap_12 (522->1)         
sky130_fd_sc_hd__decap_4 (207->1)          |sky130_fd_sc_hd__decap_4 (207->1)          
sky130_fd_sc_hd__nor2_4 (4)                |sky130_fd_sc_hd__nor2_4 (4)                
sky130_fd_sc_hd__dfxtp_1 (136)             |sky130_fd_sc_hd__dfxtp_1 (136)             
sky130_fd_sc_hd__xor2_1 (16)               |sky130_fd_sc_hd__xor2_1 (16)               
sky130_fd_sc_hd__a21oi_1 (20)              |sky130_fd_sc_hd__a21oi_1 (20)              
sky130_fd_sc_hd__and3b_1 (4)               |sky130_fd_sc_hd__and3b_1 (4)               
sky130_fd_sc_hd__dfrtp_1 (116)             |sky130_fd_sc_hd__dfrtp_1 (116)             
sky130_fd_sc_hd__decap_8 (172->1)          |sky130_fd_sc_hd__decap_8 (172->1)          
sky130_fd_sc_hd__dlygate4sd3_1 (213)       |sky130_fd_sc_hd__dlygate4sd3_1 (213)       
sky130_fd_sc_hd__decap_6 (149->1)          |sky130_fd_sc_hd__decap_6 (149->1)          
sky130_fd_sc_hd__a2111o_1 (5)              |sky130_fd_sc_hd__a2111o_1 (5)              
sky130_fd_sc_hd__nand2_1 (39)              |sky130_fd_sc_hd__nand2_1 (39)              
sky130_fd_sc_hd__clkbuf_8 (33)             |sky130_fd_sc_hd__clkbuf_8 (33)             
sky130_fd_sc_hd__mux2_1 (155)              |sky130_fd_sc_hd__mux2_1 (155)              
sky130_fd_sc_hd__inv_2 (33)                |sky130_fd_sc_hd__inv_2 (33)                
sky130_fd_sc_hd__a22o_1 (42)               |sky130_fd_sc_hd__a22o_1 (42)               
sky130_fd_sc_hd__or2_1 (37)                |sky130_fd_sc_hd__or2_1 (37)                
sky130_fd_sc_hd__nand2b_1 (3)              |sky130_fd_sc_hd__nand2b_1 (3)              
sky130_fd_sc_hd__fill_1 (372->1)           |sky130_fd_sc_hd__fill_1 (372->1)           
sky130_fd_sc_hd__a32o_1 (30)               |sky130_fd_sc_hd__a32o_1 (30)               
sky130_fd_sc_hd__buf_2 (28)                |sky130_fd_sc_hd__buf_2 (28)                
sky130_fd_sc_hd__o21a_1 (11)               |sky130_fd_sc_hd__o21a_1 (11)               
sky130_fd_sc_hd__a311o_1 (3)               |sky130_fd_sc_hd__a311o_1 (3)               
sky130_fd_sc_hd__a221o_1 (23)              |sky130_fd_sc_hd__a221o_1 (23)              
sky130_fd_sc_hd__and4_4 (6)                |sky130_fd_sc_hd__and4_4 (6)                
sky130_fd_sc_hd__o2bb2a_1 (1)              |sky130_fd_sc_hd__o2bb2a_1 (1)              
sky130_fd_sc_hd__and3_1 (33)               |sky130_fd_sc_hd__and3_1 (33)               
sky130_fd_sc_hd__and3_4 (4)                |sky130_fd_sc_hd__and3_4 (4)                
sky130_fd_sc_hd__o21ba_1 (12)              |sky130_fd_sc_hd__o21ba_1 (12)              
sky130_fd_sc_hd__a21o_1 (27)               |sky130_fd_sc_hd__a21o_1 (27)               
sky130_fd_sc_hd__a21bo_1 (3)               |sky130_fd_sc_hd__a21bo_1 (3)               
sky130_fd_sc_hd__nor2_1 (32)               |sky130_fd_sc_hd__nor2_1 (32)               
sky130_fd_sc_hd__o32a_1 (2)                |sky130_fd_sc_hd__o32a_1 (2)                
sky130_fd_sc_hd__a31oi_1 (1)               |sky130_fd_sc_hd__a31oi_1 (1)               
sky130_fd_sc_hd__a31o_1 (9)                |sky130_fd_sc_hd__a31o_1 (9)                
sky130_fd_sc_hd__o22a_1 (12)               |sky130_fd_sc_hd__o22a_1 (12)               
sky130_fd_sc_hd__or3b_1 (1)                |sky130_fd_sc_hd__or3b_1 (1)                
sky130_fd_sc_hd__ebufn_8 (2)               |sky130_fd_sc_hd__ebufn_8 (2)               
sky130_fd_sc_hd__clkbuf_16 (5)             |sky130_fd_sc_hd__clkbuf_16 (5)             
sky130_fd_sc_hd__and4b_4 (12)              |sky130_fd_sc_hd__and4b_4 (12)              
sky130_fd_sc_hd__dfrtp_4 (8)               |sky130_fd_sc_hd__dfrtp_4 (8)               
sky130_fd_sc_hd__nor3_1 (6)                |sky130_fd_sc_hd__nor3_1 (6)                
sky130_fd_sc_hd__and4_2 (2)                |sky130_fd_sc_hd__and4_2 (2)                
sky130_fd_sc_hd__and4_1 (13)               |sky130_fd_sc_hd__and4_1 (13)               
sky130_fd_sc_hd__and2_1 (33)               |sky130_fd_sc_hd__and2_1 (33)               
sky130_fd_sc_hd__o211a_1 (6)               |sky130_fd_sc_hd__o211a_1 (6)               
sky130_fd_sc_hd__a21oi_2 (2)               |sky130_fd_sc_hd__a21oi_2 (2)               
sky130_fd_sc_hd__clkbuf_1 (4)              |sky130_fd_sc_hd__clkbuf_1 (4)              
sky130_fd_sc_hd__conb_1 (3)                |sky130_fd_sc_hd__conb_1 (3)                
sky130_fd_sc_hd__or4_1 (20)                |sky130_fd_sc_hd__or4_1 (20)                
sky130_fd_sc_hd__nand4_2 (1)               |sky130_fd_sc_hd__nand4_2 (1)               
sky130_fd_sc_hd__o31a_1 (3)                |sky130_fd_sc_hd__o31a_1 (3)                
sky130_fd_sc_hd__dfrtp_2 (19)              |sky130_fd_sc_hd__dfrtp_2 (19)              
sky130_fd_sc_hd__nand3_1 (4)               |sky130_fd_sc_hd__nand3_1 (4)               
sky130_fd_sc_hd__xnor2_1 (20)              |sky130_fd_sc_hd__xnor2_1 (20)              
sky130_fd_sc_hd__clkbuf_4 (19)             |sky130_fd_sc_hd__clkbuf_4 (19)             
sky130_fd_sc_hd__inv_6 (6)                 |sky130_fd_sc_hd__inv_6 (6)                 
sky130_fd_sc_hd__inv_8 (3)                 |sky130_fd_sc_hd__inv_8 (3)                 
sky130_fd_sc_hd__o31ai_1 (4)               |sky130_fd_sc_hd__o31ai_1 (4)               
sky130_fd_sc_hd__bufinv_16 (6)             |sky130_fd_sc_hd__bufinv_16 (6)             
sky130_fd_sc_hd__clkinv_8 (2)              |sky130_fd_sc_hd__clkinv_8 (2)              
sky130_fd_sc_hd__a211o_1 (5)               |sky130_fd_sc_hd__a211o_1 (5)               
sky130_fd_sc_hd__clkbuf_2 (16)             |sky130_fd_sc_hd__clkbuf_2 (16)             
sky130_fd_sc_hd__o21ai_1 (11)              |sky130_fd_sc_hd__o21ai_1 (11)              
sky130_fd_sc_hd__mux4_1 (1)                |sky130_fd_sc_hd__mux4_1 (1)                
sky130_fd_sc_hd__clkinv_2 (1)              |sky130_fd_sc_hd__clkinv_2 (1)              
sky130_fd_sc_hd__nor2_2 (4)                |sky130_fd_sc_hd__nor2_2 (4)                
sky130_fd_sc_hd__or3b_2 (1)                |sky130_fd_sc_hd__or3b_2 (1)                
sky130_fd_sc_hd__clkinvlp_4 (2)            |sky130_fd_sc_hd__clkinvlp_4 (2)            
sky130_fd_sc_hd__and2b_2 (1)               |sky130_fd_sc_hd__and2b_2 (1)               
sky130_fd_sc_hd__nand2_4 (5)               |sky130_fd_sc_hd__nand2_4 (5)               
sky130_fd_sc_hd__o21bai_1 (1)              |sky130_fd_sc_hd__o21bai_1 (1)              
sky130_fd_sc_hd__or3_2 (1)                 |sky130_fd_sc_hd__or3_2 (1)                 
sky130_fd_sc_hd__nor3b_1 (1)               |sky130_fd_sc_hd__nor3b_1 (1)               
sky130_fd_sc_hd__clkinv_4 (3)              |sky130_fd_sc_hd__clkinv_4 (3)              
sky130_fd_sc_hd__buf_1 (2)                 |sky130_fd_sc_hd__buf_1 (2)                 
sky130_fd_sc_hd__dfstp_1 (3)               |sky130_fd_sc_hd__dfstp_1 (3)               
sky130_fd_sc_hd__or3_1 (4)                 |sky130_fd_sc_hd__or3_1 (4)                 
sky130_fd_sc_hd__and2b_1 (3)               |sky130_fd_sc_hd__and2b_1 (3)               
sky130_fd_sc_hd__a2bb2o_1 (3)              |sky130_fd_sc_hd__a2bb2o_1 (3)              
sky130_fd_sc_hd__or4_2 (1)                 |sky130_fd_sc_hd__or4_2 (1)                 
sky130_fd_sc_hd__and3_2 (3)                |sky130_fd_sc_hd__and3_2 (3)                
sky130_fd_sc_hd__and3b_2 (2)               |sky130_fd_sc_hd__and3b_2 (2)               
sky130_fd_sc_hd__a41oi_2 (1)               |sky130_fd_sc_hd__a41oi_2 (1)               
sky130_fd_sc_hd__o21a_2 (1)                |sky130_fd_sc_hd__o21a_2 (1)                
sky130_fd_sc_hd__a21boi_1 (1)              |sky130_fd_sc_hd__a21boi_1 (1)              
sky130_fd_sc_hd__or2_4 (1)                 |sky130_fd_sc_hd__or2_4 (1)                 
sky130_fd_sc_hd__or3_4 (1)                 |sky130_fd_sc_hd__or3_4 (1)                 
Number of devices: 1384                    |Number of devices: 1384                    
Number of nets: 1384                       |Number of nets: 1384                       
---------------------------------------------------------------------------------------
Netlists match uniquely.

Subcircuit pins:
Circuit 1: dual_sensor_top                 |Circuit 2: dual_sensor_top                 
-------------------------------------------|-------------------------------------------
i2c_sda                                    |i2c_sda                                    
i2c_scl                                    |i2c_scl                                    
srf_echo                                   |srf_echo                                   
rst_n                                      |rst_n                                      
led_status[1]                              |led_status[1]                              
pwr_ctrl                                   |pwr_ctrl                                   
srf_trig                                   |srf_trig                                   
led_status[0]                              |led_status[0]                              
led_status[2]                              |led_status[2]                              
uart_tx_pin                                |uart_tx_pin                                
clk_10mhz                                  |clk_10mhz                                  
VGND                                       |VGND                                       
VPWR                                       |VPWR                                       
---------------------------------------------------------------------------------------
Cell pin lists are equivalent.
Device classes dual_sensor_top and dual_sensor_top are equivalent.

Final result: Circuits match uniquely.
.
